"lon","lat","ff.xco2","time","obs","uncert","qf","lat1","lat2","lat3","lat4","lon1","lon2","lon3","lon4","obs_enhance","uncert_bg","ver_0.8","ver_0.9","ver_1.1","ver_1.2","wind_ff.xco2","uncert_ver","uncert_ver_percent","uncert_wind","uncert_wind_percent","uncert_trans","uncert_trans_percent","uncert_total","uncert_total_percent"
18.809406,51.519547,0.013729,"2021-06-18 09:25:07",414.982483,0.577167,0,51.512417,51.512516,51.526768,51.526623,18.801331,18.833923,18.817596,18.784729,1.07248299999998,0.78,0.00998136032708276,0.0125861468899805,0.00921076096542976,0.0113966949745044,0.00438134806106535,0.00184625687709091,0.134478612942742,0.00660978807419227,0.481447161059966,0.00686279555588973,0.499875850818685,0.970344703624357,70.6784691983653
18.811485,51.489449,0.003498,"2021-06-18 09:25:07",415.101318,0.53554,0,51.482433,51.482433,51.496338,51.496357,18.802948,18.835754,18.819885,18.787109,1.19131799999997,0.78,0.00579672594578687,0.000940581795268565,0.00345088916420014,0.00620063687738541,0.0036958354674303,0.00212026130071608,0.606135306093791,0.000139890800579176,0.0399916525383578,0.00212487115359989,0.607453159977099,0.946154113597473,270.484309204538
18.824522,51.534943,0.029397,"2021-06-18 09:25:07",413.654419,0.540459,0,51.527588,51.527767,51.542282,51.542099,18.816559,18.849426,18.832581,18.799561,-0.255581000000006,0.78,0.020756878267111,0.0184626962667014,0.0200413843219215,0.0139275026140697,0.0195237730694222,0.00562982662791454,0.191510243491327,0.00698142571480521,0.237487693125326,0.0089685702802464,0.305084541968446,0.94898702095122,32.2817641579488
18.82686,51.504467,0.012386,"2021-06-18 09:25:07",414.054382,0.522775,0,51.496891,51.49696,51.512127,51.512028,18.819427,18.85202,18.834351,18.801788,0.14438199999995,0.78,0.0132299767941759,0.00169618923190094,0.00766039350000398,0.0163410548375015,0.011233474787095,0.00571000520689552,0.461004780146578,0.000814958393533594,0.0657967377307924,0.00576786933329499,0.465676516494024,0.939003178344805,75.8116565755535
18.828365,51.474567,0.001856,"2021-06-18 09:25:06",413.71283,0.541524,0,51.467209,51.467236,51.481812,51.4818,18.820343,18.85321,18.836304,18.803497,-0.197170000000028,0.78,0.00677650583357672,0.00908150774322134,0.00576213047557218,0.00815768833509073,0.00975385168049155,0.00280400189412769,1.5107768826119,0.00558462448008114,3.00895715521613,0.00624903650219722,3.3669377705804,0.94957216315202,511.622932732769
18.842375,51.519756,0.011397,"2021-06-18 09:25:07",414.283112,0.493038,0,51.512516,51.512714,51.526947,51.526768,18.833984,18.867065,18.850525,18.817657,0.373111999999992,0.78,0.0197215851366764,0.0205282991978805,0.0264821989973922,0.0192060614514232,0.0179866503956724,0.00537580634589342,0.471686088084006,0.00465958648042857,0.408843246505973,0.0071141436615478,0.624211955913644,0.922787668146924,80.9675939411182
18.844196,51.489376,0.005813,"2021-06-18 09:25:07",413.540955,0.553995,0,51.482433,51.482471,51.496399,51.496338,18.835815,18.868561,18.85257,18.819946,-0.369045000000028,0.78,0.0130182341657055,0.0166316051308998,0.01344182095249,0.0207216436044904,0.0117065084380084,0.00548589795638014,0.943729220089478,0.00416733978149588,0.71690001401959,0.00688925229921607,1.1851457593697,0.956743393926628,164.586855999764
18.857641,51.53503,0.035751,"2021-06-18 09:25:08",413.524261,0.437751,0,51.527771,51.527668,51.542164,51.542282,18.849548,18.882568,18.865967,18.832703,-0.385739000000001,0.78,0.0371649605579194,0.0277787430677074,0.0382414526890151,0.0243863702284178,0.0322595051167743,0.00619033686674968,0.173151432596282,0.00246885970840702,0.0690570811559684,0.00666449838949908,0.186414320984003,0.894466518959644,25.0193426466293
18.859888,51.504665,0.019441,"2021-06-18 09:25:07",414.287567,0.429121,0,51.49696,51.497166,51.512325,51.512127,18.852081,18.885193,18.867523,18.834412,0.377566999999999,0.78,0.0166897911011261,0.019720262201937,0.0215084255494548,0.0205416342822896,0.027401827385538,0.00180526087514194,0.0928584370732956,0.00562915502816949,0.289550693285813,0.00591154405874507,0.304076130792916,0.89026949795787,45.793400440197
18.861206,51.474499,0.007808,"2021-06-18 09:25:07",414.094208,0.570389,0,51.467236,51.467251,51.481842,51.481812,18.853271,18.886169,18.86908,18.836365,0.184207999999956,0.78,0.00992759354964098,0.00814727262483197,0.00617946110906405,0.0116331003066176,0.00490526527491433,0.00209503656263933,0.268319231895406,0.00205254340809375,0.262876973372662,0.00293293583988888,0.375632151625113,0.966308549808828,123.758779432483
18.861481,51.42831,0.001308,"2021-06-18 09:24:50",413.5224,0.479019,0,51.421093,51.421062,51.435513,51.435547,18.848663,18.881744,18.874146,18.841095,-0.38760000000002,0.78,0.00017247116244702,0.00167859942488979,0.00366686766564573,0.00423088191456892,0.00411163978184846,0.00169218292007588,1.29371782880419,0.00198247270174942,1.51565191265246,0.00260646907677382,1.99271336144788,0.915350204043266,699.80902449791
18.862925,51.444332,0.004653,"2021-06-18 09:25:06",414.129761,0.51298,0,51.437038,51.437099,51.45158,51.451519,18.854645,18.88797,18.871002,18.837708,0.219760999999949,0.78,0.00294757328313181,0.00279355037447082,0.004834269202574,0.00332325689667491,0.00450055599398668,0.000964880088173311,0.207367308870258,0.000107794190403261,0.02316660012965,0.000970882676762765,0.208657355848434,0.933568113751306,200.637892488998
18.875418,51.519863,0.032681,"2021-06-18 09:25:08",413.374573,0.436787,0,51.512714,51.512653,51.526855,51.526951,18.867126,18.900085,18.883636,18.850647,-0.535427000000027,0.78,0.0338393223266937,0.0363566267754649,0.0303114333799581,0.0396247095098604,0.0240190192966785,0.00356999480193156,0.109237624366805,0.00612494529382565,0.187416091729924,0.00708941589541588,0.216927752988461,0.893998402228292,27.3552951937912
18.877342,51.489574,0.021212,"2021-06-18 09:25:07",414.444092,0.510196,0,51.482471,51.482685,51.496609,51.496399,18.868622,18.901764,18.885742,18.852631,0.534091999999987,0.78,0.0235731270721613,0.0304269802468618,0.0139771528820046,0.0212906082218386,0.0105359250171371,0.00589349061887696,0.277837573961765,0.00754912501683841,0.355889355875844,0.00957718748874879,0.451498561604223,0.932089953242816,43.9416346050733
18.87859,51.459484,0.008414,"2021-06-18 09:25:07",416.010193,0.604953,0,51.452381,51.452351,51.466675,51.466663,18.870453,18.903107,18.886627,18.853729,2.10019299999999,0.78,0.00942057448185003,0.0106798889310471,0.0141258176964025,0.00404863039611183,0.0146423243673371,0.00365929943130774,0.434906041277363,0.00440409039557348,0.523424102159909,0.00572594835292388,0.680526307692403,0.987117479681897,117.318454918219
18.879871,51.429268,0.004486,"2021-06-18 09:25:06",414.38797,0.472635,0,51.422028,51.422047,51.436535,51.436474,18.871704,18.904663,18.888153,18.854828,0.477969999999971,0.78,0.00218254784996698,0.00235996051981941,0.00377527756262731,0.00443905400679544,0.00607077539391709,0.00111264775297356,0.248026694822461,0.00112060542769636,0.249800585754872,0.00157915849324241,0.352019280704952,0.912023210760859,203.304326964079
18.890957,51.534771,0.063459,"2021-06-18 09:25:08",414.541931,0.429606,0,51.527668,51.527374,51.541866,51.542164,18.882629,18.915924,18.89917,18.866028,0.631930999999952,0.78,0.0641899127280586,0.0401162425579522,0.0537391715688881,0.051629708580656,0.0536226795437681,0.0098715196446127,0.15555744094002,0.00695532889652553,0.109603506146103,0.0120757401492752,0.19029200191108,0.890565628539611,14.0337167074743
18.892921,51.504784,0.035532,"2021-06-18 09:25:08",413.483276,0.41204,0,51.497166,51.497131,51.512264,51.512325,18.885254,18.918213,18.900513,18.867554,-0.426724000000036,0.78,0.0408794047758861,0.0308829993180798,0.0236263186372181,0.0339302524286741,0.0441347649550964,0.00635815550495838,0.178941672434943,0.00608307343670265,0.17119986031472,0.00879942747350928,0.247647964468909,0.882187276899787,24.8279656900762
18.894373,51.428242,0.00478,"2021-06-18 09:24:50",415.07608,0.495905,0,51.421062,51.420994,51.435471,51.435513,18.881805,18.914551,18.907074,18.874207,1.16607999999997,0.78,0.00571754643516925,0.00899009894410153,0.00846585678885894,0.00793619147706341,0.00367814281825945,0.00183033197835609,0.382914639823451,0.000779130685107841,0.162998051277791,0.00198926111294358,0.416163412749704,0.924297423011,193.367661717782
18.894396,51.474686,0.016249,"2021-06-18 09:25:07",415.085693,0.524466,0,51.467251,51.467449,51.482059,51.481846,18.88623,18.919159,18.902344,18.869171,1.17569299999997,0.78,0.00668976775296106,0.0161369221686567,0.01722992874052,0.0168120007818508,0.0176027472472485,0.00445701163132328,0.274294518513341,0.000957243858542037,0.0589109396604122,0.00455864765982933,0.280549428262006,0.939939022716094,57.8459611493688
18.895874,51.444263,0.006272,"2021-06-18 09:25:07",414.943024,0.442979,0,51.437099,51.437038,51.45155,51.45158,18.888031,18.920624,18.903748,18.871063,1.03302399999995,0.78,0.00823277008734203,0.010011877972552,0.00714822779572122,0.00555204612169181,0.0106603756398876,0.00175047909957731,0.27909424419281,0.00310305017335838,0.494746519986986,0.0035627373543999,0.568038481249985,0.897019000656316,143.01961107403
18.902428,51.413082,0.004576,"2021-06-18 09:24:50",414.723694,0.507428,0,51.406017,51.405945,51.420166,51.420231,18.889648,18.922424,18.9151,18.882355,0.813693999999998,0.78,0.00494944040758819,0.000798388458771919,0.00237561762690561,0.0014868809222823,0.00520212313050269,0.00184919964832443,0.404108314756213,0.000442735911436201,0.0967517288977713,0.00190146112940508,0.415529092964397,0.930530381416118,203.350170764012
18.910307,51.4897,0.030489,"2021-06-18 09:25:08",414.018677,0.486689,0,51.482685,51.482677,51.496571,51.496609,18.901825,18.934875,18.918793,18.885803,0.108677,0.78,0.0394091933765796,0.0220623656438128,0.0276718084758912,0.0259742160527166,0.0253423953136744,0.00651047369073761,0.213535166477668,0.0036391990737873,0.119361050667037,0.00745855465733415,0.244631003225234,0.91941384194419,30.1555919165663
18.910316,51.397999,0.000927,"2021-06-18 09:24:50",413.738342,0.561319,0,51.390457,51.390377,51.405548,51.405624,18.897858,18.930634,18.922607,18.889862,-0.171658000000036,0.78,0.00203369717153381,0.000357887840031308,0.00173595697567574,0.0037495848167518,0.00334308307845372,0.00129361316230968,1.39548345448725,0.00170842872868469,1.84296518736213,0.0021429334414993,2.31168656040917,0.960980547110468,1036.65646937483
18.911484,51.459629,0.014458,"2021-06-18 09:25:07",413.68399,0.505235,0,51.452351,51.452557,51.466877,51.466675,18.903168,18.936218,18.919617,18.886688,-0.226010000000031,0.78,0.022087288173716,0.0115792763863945,0.017141941861681,0.0174553932965271,0.0191681904156634,0.00390243807847962,0.269915484747518,0.00333060758359547,0.230364336948089,0.005130494111903,0.35485503609787,0.929348549896556,64.279191443945
18.912798,51.429203,0.006646,"2021-06-18 09:25:07",414.596649,0.439233,0,51.422047,51.42197,51.436466,51.436535,18.904724,18.937408,18.920776,18.888214,0.686648999999989,0.78,0.00400251560950947,0.00259821431999399,0.00643392618885509,0.00781127678676776,0.00589353327880651,0.00213250680703062,0.320870720287484,0.000532074321173124,0.0800593321054956,0.0021978827005288,0.330707598635088,0.89517063120802,134.693143425823
18.918135,51.382881,0.000896,"2021-06-18 09:24:50",414.818634,0.566807,0,51.375961,51.375866,51.38982,51.389904,18.905365,18.938049,18.930847,18.898071,0.90863399999995,0.78,0.000612473057586251,0.00301650653021065,0.00388816215985567,0.00219649583608128,0.000890240529790363,0.00138805330415414,1.5491666341006,4.07256044127623e-06,0.00454526834963865,0.00138805927860512,1.54917330201464,0.964195053896026,1076.11055122324
18.924223,51.534569,0.095999,"2021-06-18 09:25:08",415.330872,0.423366,0,51.527374,51.527191,51.541687,51.541866,18.916016,18.949158,18.932434,18.899231,1.42087199999997,0.78,0.0853597131490919,0.106707672096164,0.0788744155208813,0.0749674592977309,0.0606762227290743,0.0129742748242458,0.135150103899476,0.0249769753386136,0.260179536647399,0.0281457120052197,0.293187554091394,0.887936344036148,9.24943326530639
18.92577,51.367962,0.000307,"2021-06-18 09:24:50",413.921265,0.628682,0,51.360668,51.36058,51.375256,51.375351,18.913147,18.945923,18.938232,18.905518,0.0112649999999803,0.78,0.00025696676744338,0.000405428166438791,0.0004524088758447,0.000314011250074419,0.00237058195881505,7.95597094357336e-05,0.259152147999132,0.00145917279661234,4.75300585215746,0.00146134013759254,4.76006559476397,1.00181994022828,3263.25713429408
18.926079,51.504536,0.060183,"2021-06-18 09:25:08",413.389404,0.41071,0,51.497131,51.496826,51.511959,51.512264,18.918304,18.951538,18.933838,18.900574,-0.520596000000012,0.78,0.062466479000122,0.0527216804400161,0.0372675416431341,0.0705425640724349,0.0451679516623167,0.0125541556375847,0.208599698213527,0.0106172424994197,0.176415972939529,0.0164417961933659,0.27319668666178,0.881676265282254,14.6499221587866
18.927277,51.474808,0.028244,"2021-06-18 09:25:07",414.181549,0.467849,0,51.467449,51.467464,51.482056,51.482059,18.91922,18.95224,18.935333,18.902344,0.271548999999993,0.78,0.0424417857689396,0.0266943197507762,0.0270595913806766,0.0268072904108761,0.0239103286653183,0.00684356436603906,0.242301528325983,0.00306436838818719,0.10849626073457,0.00749831493407956,0.265483463180837,0.9095817233915,32.2044230063553
18.927608,51.428268,0.013491,"2021-06-18 09:24:51",413.097595,0.635238,0,51.421001,51.42099,51.43544,51.435474,18.914612,18.947723,18.940094,18.907166,-0.812405000000012,0.78,0.0110526670214884,0.0115405223830176,0.00548933416092532,0.00816302192106386,0.00805283143136114,0.00313747952936977,0.232560931685551,0.00384536587212008,0.285031937745169,0.00496292418717838,0.367869260038424,1.0059582234171,74.5651340461863
18.928896,51.444397,0.011269,"2021-06-18 09:25:07",414.46698,0.513727,0,51.437031,51.437214,51.451752,51.45155,18.920685,18.953644,18.936829,18.903809,0.556979999999953,0.78,0.014693122799759,0.0108111891487644,0.0249413864373634,0.0225765266226991,0.0179609263482801,0.00652936096591549,0.579409083850874,0.00473190650006979,0.419904738669784,0.00806371463710266,0.715566122735172,0.934013090926861,82.8834049983904
18.933544,51.352859,0.000186,"2021-06-18 09:24:50",414.364075,0.506305,0,51.345692,51.345592,51.36002,51.360107,18.920868,18.953583,18.946075,18.9133,0.454074999999989,0.78,0.000139192434045244,0.00187596370659975,0.00037796211442959,0.000249233967243502,0.00236577702479585,0.000737947835867923,3.96746148316088,0.00154133511570778,8.28674793391281,0.00170888295309424,9.18754275857116,0.929918100321715,4999.55967914901
18.93486,51.312172,6e-05,"2021-06-18 09:24:21",414.605713,0.472628,0,51.304913,51.30479,51.319504,51.319599,18.915802,18.948517,18.953857,18.921143,0.695712999999955,0.78,5.53044073283906e-05,4.75122909688908e-05,0.000435956803022205,0.000158085800578337,5.31657050896114e-05,0.000165377030701848,2.75628384503081,4.83257627576449e-06,0.0805429379294081,0.000165447623365285,2.75746038942142,0.912018231044159,15200.303850736
18.935621,51.413109,0.005744,"2021-06-18 09:24:51",414.977386,0.592924,0,51.405945,51.405949,51.420166,51.420166,18.922485,18.955627,18.948273,18.915161,1.067386,0.78,0.00340457267998883,0.00638819260877672,0.00774122100520475,0.00563603529298597,0.00593961925511802,0.00157169681786659,0.273624097818,0.000138323701824613,0.024081424412363,0.00157777195239947,0.274681746587652,0.979776178083716,170.573847159421
18.941324,51.337536,0.000197,"2021-06-18 09:24:50",414.688171,0.522632,0,51.33025,51.330154,51.344814,51.34491,18.928741,18.961487,18.953766,18.921051,0.778170999999986,0.78,0.000116259057908885,0.000155721096641088,0.000428373286635136,0.00118354635722764,0.00198637132702759,0.000445766499046173,2.26277410683336,0.00126527659940198,6.42272385483239,0.0013415038742643,6.80966433636699,0.938906814895198,4766.02444109237
18.941912,51.519371,0.07974,"2021-06-18 09:25:08",414.626556,0.420831,0,51.512348,51.512157,51.526371,51.526554,18.933502,18.966522,18.950226,18.917084,0.716555999999969,0.78,0.0833950152017219,0.0755729077613819,0.0733768964524831,0.0742092312826882,0.0788239495622079,0.00421369100656991,0.0528428769321534,0.000647745476471706,0.00812321891737781,0.00426318731715341,0.0534635981584326,0.886293915880675,11.1147970388848
18.943459,51.39801,0.001525,"2021-06-18 09:24:51",413.851074,0.594655,0,51.390377,51.390396,51.405552,51.405548,18.930695,18.963867,18.955811,18.922668,-0.0589260000000422,0.78,0.00160482941318061,0.0024235054692646,0.00392213515699965,0.00349645288609907,0.0016392644286777,0.00108727311451606,0.712965976731841,8.07971523664082e-05,0.0529817392566611,0.00109027106967945,0.71493184897013,0.980824019748704,643.163291638494
18.943537,51.489468,0.050125,"2021-06-18 09:25:08",412.663208,0.437671,0,51.482677,51.482376,51.496265,51.496571,18.934937,18.968109,18.952057,18.918854,-1.24679200000003,0.78,0.0579375049353091,0.0537251734221788,0.049257537396765,0.0571679934001454,0.0518193519861596,0.00395233188082436,0.0788495138319075,0.00119808777913035,0.023902000581154,0.0041299323992872,0.0823926663199441,0.894412075378359,17.8436324265009
18.944439,51.459766,0.031428,"2021-06-18 09:25:07",413.953552,0.451266,0,51.452557,51.452579,51.4669,51.466877,18.93631,18.969116,18.952728,18.919678,0.0435519999999769,0.78,0.0276642823663567,0.0313134729307119,0.0351369748953775,0.0225448439813478,0.0226166560931712,0.00475542742121731,0.151311805435195,0.00623056102788541,0.198248728136866,0.00783798320237228,0.249394909073828,0.901167263462605,28.674025183359
18.94565,51.429295,0.017229,"2021-06-18 09:25:07",414.796417,0.516421,0,51.42197,51.422153,51.436649,51.436466,18.937469,18.97052,18.953796,18.920868,0.886416999999994,0.78,0.00376685952329238,0.0126727653328015,0.0269172494370549,0.0179749767982233,0.0132041109050373,0.00843953932631433,0.489844989628785,0.00284602637257191,0.165188134689878,0.0089064970753816,0.51694799903544,0.935505197703975,54.2982876373542
18.948927,51.32235,0.000119,"2021-06-18 09:24:50",414.616516,0.48186,0,51.315067,51.314968,51.329624,51.329723,18.93631,18.969086,18.961395,18.92865,0.706515999999965,0.78,8.92152897588605e-05,0.000114431242038292,0.000271062256634555,0.000146181509688722,8.50249085446369e-05,7.17131912156461e-05,0.602631858955009,2.40240175595204e-05,0.201882500500171,7.56302532987426e-05,0.635548347048257,0.916836444149083,7704.50793402591
18.951277,51.382889,0.001875,"2021-06-18 09:24:51",413.7453,0.513114,0,51.375866,51.375896,51.389847,51.38982,18.93811,18.971313,18.964111,18.930908,-0.164700000000039,0.78,0.000917963488893569,0.00461842199083839,0.00287427480984298,0.0031571232910487,0.000458832425254806,0.00139421131205822,0.743579366431053,0.00100138169539883,0.534070237546045,0.0017165635678736,0.915500569532589,0.933642824417605,497.942839689389
18.956533,51.281315,4.5e-05,"2021-06-18 09:24:21",413.311127,0.615774,0,51.273548,51.273609,51.28912,51.289032,18.937378,18.970215,18.975708,18.942871,-0.598873000000026,0.78,3.73446479185349e-05,3.71642783202232e-05,5.66514362901462e-05,6.56810756569699e-05,5.14700572525206e-05,1.25173779168506e-05,0.278163953707792,4.57502135792252e-06,0.101667141287167,1.33272491662273e-05,0.29616109258283,0.993769399435108,22083.7644318913
18.957369,51.534233,0.125449,"2021-06-18 09:25:09",417.015472,0.428964,0,51.527191,51.52684,51.541386,51.541687,18.949219,18.982361,18.965759,18.932495,3.10547199999996,0.78,0.144179281899778,0.129554346007862,0.118049060796856,0.11227416016099,0.163543006911438,0.0121962139962029,0.097220495948177,0.026936530609645,0.21472096716311,0.0295689755846481,0.23570515177202,0.890665165824467,7.09981877754679
18.958817,51.367947,0.003357,"2021-06-18 09:24:50",414.32132,0.63125,0,51.36058,51.360607,51.375286,51.375256,18.945984,18.979187,18.971497,18.938293,0.411319999999989,0.78,0.000629140581421475,0.000792790628885369,0.00456469521697053,0.00353291399709689,0.00327399967174548,0.0017642738539586,0.525550745891747,5.86900949494806e-05,0.0174828998955855,0.00176524977241383,0.525841457376775,1.00343394332002,298.90793664582
18.959379,51.50428,0.09416,"2021-06-18 09:25:08",414.391815,0.516997,0,51.496826,51.496624,51.511765,51.511959,18.951599,18.984558,18.96698,18.933899,0.481814999999983,0.78,0.0818762510993093,0.0880262063000264,0.0922642011781719,0.0844992683234571,0.0817435441210316,0.00514170910979019,0.0546060865525721,0.00877976015032212,0.0932429922506598,0.010174544749859,0.108055912806489,0.935836213965813,9.93878731909317
18.960487,51.428204,0.019363,"2021-06-18 09:24:51",413.902191,0.563255,0,51.42099,51.420929,51.435375,51.43544,18.947784,18.980743,18.973145,18.940155,-0.00780900000000884,0.78,0.0163110475133151,0.0243410482102956,0.0186771186856282,0.0194984691772651,0.0218533124246231,0.00292428033772274,0.151024135605162,0.00176091680272411,0.0909423541147606,0.00341353826398767,0.176291807260635,0.962116337699594,49.6883921757783
18.960535,51.474609,0.050828,"2021-06-18 09:25:08",413.8526,0.587961,0,51.467464,51.467152,51.48175,51.482052,18.952301,18.985229,18.968628,18.935425,-0.0574000000000296,0.78,0.0495113808843665,0.0632174254461337,0.0566279485243363,0.0642679874660457,0.055647713247096,0.00681416805910546,0.134063273375019,0.00340805192039622,0.0670506791610179,0.00761890439826157,0.149895813297032,0.97680918567816,19.217934714688
18.961811,51.444538,0.038252,"2021-06-18 09:25:07",413.732452,0.587652,0,51.437214,51.437271,51.451778,51.451752,18.953674,18.986572,18.969757,18.936951,-0.177548000000002,0.78,0.0257418649807077,0.036627148018942,0.0388995589160742,0.0357369082170339,0.0333172371852851,0.00535426262354365,0.139973403313386,0.00348940424983212,0.0912214851467145,0.0063909365714755,0.16707457313279,0.976614415813253,25.5310680699899
18.962128,51.296711,7.1e-05,"2021-06-18 09:24:21",414.554626,0.496318,0,51.289448,51.289532,51.304028,51.303921,18.943054,18.975891,18.981232,18.948364,0.64462599999996,0.78,6.21691011116618e-05,8.53756559991815e-05,9.47781658626608e-05,0.00012121862416618,8.48468917964635e-05,2.29487695816365e-05,0.323222106783613,9.79123108763572e-06,0.137904663206137,2.49502350995442e-05,0.351411761965412,0.924516932103742,13021.3652408978
18.966541,51.352825,0.002597,"2021-06-18 09:24:50",413.526642,0.580333,0,51.345592,51.345638,51.360046,51.36002,18.953644,18.986908,18.979309,18.946136,-0.383358000000044,0.78,0.000414914378475256,0.00272789253893034,0.00113939439346264,0.00307953349905017,0.000357996263177161,0.00115156708425817,0.443422057858365,0.00158321472540945,0.60963216226779,0.00195772204776372,0.753839833563236,0.972208940282189,374.358467571116
18.967688,51.312187,0.000135,"2021-06-18 09:24:21",414.202728,0.499113,0,51.30479,51.304901,51.319626,51.319504,18.948608,18.981476,18.986847,18.953949,0.292727999999954,0.78,0.000113922199930771,0.000133875281417236,0.000144780280038878,0.000131645398448944,0.000111084576645464,1.12100863036471e-05,0.083037676323312,1.69107580289395e-05,0.125264874288441,2.02889076110213e-05,0.150288204526084,0.926020403220491,6859.41039422586
18.968485,51.413036,0.016515,"2021-06-18 09:24:51",414.464905,0.596595,0,51.405949,51.405888,51.420094,51.420166,18.955688,18.988617,18.981262,18.948364,0.554904999999962,0.78,0.00715721016614743,0.00966071841576973,0.0174487446704319,0.0120158965256577,0.00509741480936155,0.00439982580779368,0.266413915094985,0.00807345191307555,0.488855701669727,0.00919451428470643,0.556737165286493,0.982043854987104,59.4637514373057
18.974197,51.337471,0.002057,"2021-06-18 09:24:50",414.411163,0.579498,0,51.330154,51.330173,51.34486,51.344814,18.961548,18.994659,18.987122,18.953827,0.501162999999963,0.78,0.000276952779514143,0.000311981804524175,0.000592284379823308,0.000319577362997673,0.000313727495917048,0.000762665068243474,0.37076571134831,0.00123267980909311,0.599260966987413,0.00144953700127477,0.704684978743203,0.971709850295611,472.391759988143
18.974958,51.519058,0.116751,"2021-06-18 09:25:09",415.688843,0.431082,0,51.512157,51.511761,51.526016,51.526371,18.966614,18.999847,18.983429,18.950287,1.77884299999999,0.78,0.154343402536781,0.12929451998771,0.132162956556378,0.1432001468001,0.132772008777307,0.014273435460057,0.122255359355012,0.011328563947883,0.0970318365400123,0.0182227144233148,0.156081870162267,0.891383059096904,7.63490727357285
18.976362,51.397945,0.007125,"2021-06-18 09:24:51",414.249115,0.502487,0,51.390396,51.390331,51.405491,51.405552,18.963959,18.996826,18.9888,18.955872,0.339114999999993,0.78,0.00619415985574478,0.0129207320714662,0.00723390028522728,0.0054333917985299,0.0113280845132285,0.00296546053849193,0.416204987858517,0.00297202956120403,0.41712695595846,0.00419844208225188,0.589255029087983,0.92785279656038,130.224953903211
18.976746,51.489182,0.084273,"2021-06-18 09:25:08",414.981354,0.527746,0,51.482376,51.482178,51.496063,51.496265,18.96817,19.001129,18.985077,18.952148,1.07135399999999,0.78,0.0882732529966689,0.0832858228088233,0.0799331754916269,0.0843033567910629,0.0738635772934556,0.00297806206888691,0.0353382704886134,0.00736057338403477,0.0873420120802009,0.00794020744237227,0.0942200638682884,0.941795565614018,11.1755314942392
18.977551,51.459583,0.074831,"2021-06-18 09:25:08",413.905029,0.570447,0,51.452579,51.452274,51.466579,51.4669,18.969208,19.002228,18.985687,18.952789,-0.00497100000001183,0.78,0.045953797299493,0.0619756593698678,0.0446902607684026,0.0530637101733129,0.0550854757089572,0.0125271737323707,0.167406205080391,0.0139621941242801,0.186583022066791,0.0187582767461481,0.250675211425052,0.966520384035166,12.9160426031346
18.978222,51.250778,2.7e-05,"2021-06-18 09:24:21",413.560822,0.581269,0,51.24316,51.243229,51.25824,51.258183,18.958923,18.991974,18.997406,18.964355,-0.349178000000052,0.78,2.00790020728097e-05,2.65907211014665e-05,3.04796864273483e-05,4.49771992622519e-05,2.26078157338729e-05,9.26611322067874e-06,0.343189378543657,3.10574327879933e-06,0.11502752884442,9.77274247753641e-06,0.361953425093941,0.972765979286132,36028.3696031901
18.978662,51.429451,0.026465,"2021-06-18 09:25:07",414.110535,0.580046,0,51.42215,51.42223,51.436707,51.436649,18.970581,19.00354,18.986755,18.953857,0.200535000000002,0.78,0.0309895002939257,0.0217815655722186,0.0240915346054007,0.0408372845023039,0.0215434503689657,0.0075260378936196,0.284377022241436,0.0034800611180505,0.13149673599284,0.00829168690687034,0.313307648096367,0.972071043796574,36.7304380803542
18.981747,51.322269,0.000318,"2021-06-18 09:24:50",413.745178,0.581252,0,51.314968,51.314983,51.329639,51.329624,18.969147,19.002228,18.994598,18.961456,-0.164822000000015,0.78,0.000200657701621849,0.000229100869629442,0.00071075321390912,0.000276251275421092,0.0018097828326554,0.000208254078391896,0.654887038968227,0.00105484975702831,3.31713760071796,0.0010752105705719,3.38116531626382,0.972756415338275,3058.98243817068
18.983942,51.266022,5.6e-05,"2021-06-18 09:24:21",413.599335,0.449401,0,51.258778,51.258839,51.273071,51.273056,18.964691,18.997742,19.003052,18.970001,-0.310665000000029,0.78,5.37965503240365e-05,4.16938268277511e-05,5.8783887784797e-05,6.26734879152346e-05,4.95642382646344e-05,7.93505537936247e-06,0.141697417488616,4.55077076517792e-06,0.0812637636638914,9.14738314660249e-06,0.163346127617902,0.900200677007452,16075.0120894188
18.984205,51.382832,0.00871,"2021-06-18 09:24:51",414.289917,0.500486,0,51.375896,51.375839,51.389782,51.389847,18.971375,19.004303,18.99704,18.964172,0.379916999999978,0.78,0.00661619336001387,0.0104329080190062,0.00309037457766651,0.00769163180086579,0.00454623648145789,0.00274521346486489,0.3151795022807,0.00294422541921829,0.338028176718517,0.00402550124665819,0.462170062762134,0.926769896390839,106.402973179201
18.989624,51.281441,0.000104,"2021-06-18 09:24:21",414.425629,0.514372,0,51.273609,51.273624,51.289112,51.289124,18.970276,19.003296,19.00882,18.975769,0.51562899999999,0.78,8.44774259854056e-05,8.08299416340546e-05,0.000111819259227615,0.000122436393433335,8.53827758903963e-05,1.77833423325984e-05,0.170993676274985,1.31643654147705e-05,0.126580436680485,2.21257266839305e-05,0.21274737196087,0.934333214048151,8983.97321200145
18.990627,51.534218,0.176211,"2021-06-18 09:25:09",416.435059,0.43545,0,51.52684,51.526989,51.541531,51.541386,18.982422,19.01532,18.998749,18.96582,2.525059,0.78,0.275571860622931,0.183368093354603,0.207282344598762,0.178352099100908,0.197892990224866,0.0417998222560367,0.237214602130609,0.0153314823176232,0.087006386193956,0.0445227974266201,0.252667526014949,0.894426621915231,5.07588414977062
18.991831,51.367901,0.001807,"2021-06-18 09:24:51",414.129211,0.497804,0,51.360607,51.360546,51.375229,51.375286,18.979248,19.012085,19.004486,18.971588,0.219210999999973,0.78,0.00487410246662747,0.00168198756978804,0.00219276090010246,0.00227028539208912,0.00085662792988308,0.0013145006221617,0.727449154489041,0.000672014535429971,0.371895149656874,0.00147631819791421,0.816999556122969,0.925316703583925,512.073438618664
18.992405,51.50399,0.123039,"2021-06-18 09:25:09",415.382202,0.438632,0,51.496624,51.496227,51.511372,51.511765,18.984619,19.018005,19.000275,18.967041,1.47220199999998,0.78,0.146509578157777,0.137144872239754,0.133402742808069,0.119159926414001,0.156795988188166,0.0110002453967562,0.0894045416230314,0.0238697952602864,0.19400186331396,0.0262825517131964,0.213611551729098,0.895259070855223,7.2762219365829
18.993549,51.428123,0.028379,"2021-06-18 09:24:51",413.336029,0.745108,0,51.420929,51.420898,51.435345,51.435375,18.980804,19.013916,19.006317,18.973206,-0.573971000000029,0.78,0.0400812645274208,0.0326551376740356,0.0395763894517315,0.0356761685005943,0.0404800724412991,0.00490360965983224,0.172790079278066,0.00855675038287224,0.301516980262597,0.00986221906118417,0.347518202233488,1.07874148665415,38.0119626010132
18.993637,51.474297,0.080066,"2021-06-18 09:25:08",415.187408,0.51221,0,51.467152,51.466969,51.481552,51.48175,18.985291,19.018555,19.001648,18.968689,1.27740799999998,0.78,0.11292055506906,0.084536969612595,0.105939983037193,0.089151762887586,0.0785394034684353,0.0141985331477582,0.177335362672772,0.00107946675960526,0.0134822116704377,0.0142395081387343,0.1778471278537,0.933253367361743,11.6560508500705
18.99478,51.444378,0.042153,"2021-06-18 09:25:08",413.955078,0.58588,0,51.437271,51.436962,51.451473,51.451771,18.986633,19.019623,19.002838,18.969788,0.0450779999999895,0.78,0.0508545258563676,0.0434351934725506,0.0444759092675883,0.0451140298663035,0.0426308325108357,0.00335051856722476,0.0794847001927445,0.000337878608683316,0.00801552934982839,0.00336751193368689,0.0798878355914619,0.975534066312717,23.1426960432879
18.995237,51.296833,0.00017,"2021-06-18 09:24:21",414.944305,0.596479,0,51.289536,51.289524,51.304035,51.304028,18.975952,19.009003,19.014313,18.981323,1.03430499999996,0.78,0.000193872197086452,0.000171668897444941,0.000179094286332249,0.000229532208834555,0.000187221858906415,2.46269666987052e-05,0.144864509992384,1.2177693217364e-05,0.0716334895139057,2.74733270805588e-05,0.161607806356228,0.981930342843006,5776.06084025298
18.999508,51.352776,0.001423,"2021-06-18 09:24:51",414.950195,0.533814,0,51.345638,51.345547,51.359985,51.360046,18.986969,19.019684,19.012207,18.97937,1.04019499999998,0.78,0.00153127020421573,0.00160565820609488,0.00512152544577356,0.00245277859930792,0.00381391070643422,0.0015609357774865,1.09693308326529,0.00169062917373116,1.18807390986026,0.00230103183474464,1.61702869623657,0.945178650490744,664.215495777052
18.99959,51.219646,1.6e-05,"2021-06-18 09:24:21",413.597351,0.573938,0,51.212109,51.212223,51.227268,51.227188,18.980469,19.013184,19.018616,18.98587,-0.312649000000022,0.78,8.29166352949355e-06,1.62968972845258e-05,1.90066484385851e-05,2.3015273484207e-05,1.4186669402417e-05,5.3943876391979e-06,0.337149227449869,1.28221836208399e-06,0.0801386476302496,5.54468231100723e-06,0.346542644437952,0.968403236195926,60525.2022622454
19.001575,51.412956,0.024285,"2021-06-18 09:24:51",414.130188,0.56814,0,51.405888,51.405853,51.420063,51.420094,18.988678,19.021759,19.014435,18.981323,0.220187999999951,0.78,0.0182685576048881,0.0215900352853121,0.0285060254039096,0.0259131331667582,0.0320082572737743,0.00394619416768576,0.16249512734963,0.00546116759113413,0.224878220759075,0.00673771473628343,0.277443472772635,0.965001790879099,39.7365365813917
19.005424,51.235336,3.4e-05,"2021-06-18 09:24:21",414.102051,0.488238,0,51.227932,51.228001,51.242764,51.242687,18.986298,19.019043,19.024445,18.99173,0.192050999999992,0.78,3.04817483521417e-05,2.68838334603725e-05,3.92409539038366e-05,5.67119277509958e-05,3.10148204409971e-05,1.16868659773696e-05,0.343731352275578,2.11084070923042e-06,0.0620835502714829,1.18759624819526e-05,0.349293014175075,0.92020451247809,27064.8386022967
19.007244,51.33744,0.005892,"2021-06-18 09:24:51",414.650818,0.543655,0,51.330173,51.330097,51.344769,51.344852,18.99472,19.027527,19.019867,18.987152,0.74081799999999,0.78,0.000593374511689207,0.00191912903969064,0.00131241478571298,0.0037863165963337,0.000665040387842481,0.00214137623889838,0.363437922419956,0.00369601858674479,0.627294396935639,0.00427153901891128,0.724972678022959,0.950778105064789,161.367634939713
19.008356,51.51899,0.215005,"2021-06-18 09:25:09",415.972717,0.471701,0,51.511761,51.511929,51.526165,51.526016,18.999908,19.033051,19.016388,18.98349,2.06271699999996,0.78,0.263839275716819,0.234793619316423,0.192557047461766,0.190920105584125,0.235494822070973,0.0306707295584551,0.142651238615172,0.0144884921316908,0.0673867683620883,0.0339206435065427,0.157766765919596,0.912169087097835,4.24254825282126
19.009403,51.397854,0.011302,"2021-06-18 09:24:51",413.295166,0.50608,0,51.390331,51.390289,51.40546,51.405491,18.996887,19.029938,19.021912,18.988861,-0.61483400000003,0.78,0.0257859259408757,0.0200785665374586,0.0134082326590135,0.0229741029472131,0.019262229600425,0.00618691112138995,0.547417370499907,0.0056287323302624,0.498029758473049,0.0083642391686106,0.740067171174182,0.929831665892741,82.27142681762
19.00988,51.488922,0.16882,"2021-06-18 09:25:09",415.903351,0.525487,0,51.482174,51.48177,51.495667,51.496063,19.00119,19.034454,19.018555,18.985138,1.99335099999996,0.78,0.149498596678119,0.166488280910185,0.153968362956314,0.14076074260953,0.188749738099189,0.0117573820871011,0.0696444857665032,0.0140924529572084,0.0834762051724229,0.0183530178415763,0.108713528264283,0.940677107424696,5.57207148101348
19.010672,51.459259,0.093315,"2021-06-18 09:25:08",414.516235,0.517195,0,51.452274,51.452068,51.466396,51.466579,19.002289,19.035522,19.018982,18.985748,0.60623499999997,0.78,0.0808272899202698,0.103916384523678,0.0956429713116276,0.0849261090473427,0.0920398176665799,0.00910348089267374,0.0975564581543561,0.000901690075210635,0.00966286315394776,0.00914802762102352,0.0980338383006324,0.935935016138597,10.0298453211016
19.011162,51.25079,7.6e-05,"2021-06-18 09:24:21",412.677826,0.458615,0,51.243229,51.243301,51.258305,51.25824,18.992035,19.02478,19.030212,18.997467,-1.23217400000004,0.78,5.76391620661301e-05,6.78542621976876e-05,8.13351908234048e-05,8.4788725267041e-05,5.77717604534103e-05,1.09374735992721e-05,0.143914126306212,1.28893117924864e-05,0.169596207795873,1.69045167697483e-05,0.22242785223353,0.904835741176686,11905.7334365353
19.011759,51.429337,0.062233,"2021-06-18 09:25:08",413.977203,0.583453,0,51.42223,51.421921,51.436401,51.436707,19.003632,19.036469,19.019806,18.986816,0.0672029999999495,0.78,0.0513915911280987,0.0353640003181308,0.0508256713072755,0.0537468822835297,0.0450796988437845,0.00972085143795035,0.156200913308861,0.012129215567295,0.194900062142192,0.0155438998631815,0.249769412742138,0.974196600297885,15.6540195763965
19.014841,51.32225,0.001576,"2021-06-18 09:24:51",413.748535,0.608331,0,51.314983,51.314899,51.329571,51.329651,19.002319,19.035095,19.027466,18.994659,-0.161465000000021,0.78,0.000446260054966044,0.000526579303798275,0.000679288552176555,0.000584803225878007,0.00163782578305086,0.000462587499598139,0.293519987054656,4.37174304474314e-05,0.0277394863245123,0.000464648693648636,0.294827851299896,0.98917481845193,627.648996479651
19.017183,51.382721,0.010321,"2021-06-18 09:24:51",413.530701,0.548282,0,51.375839,51.375767,51.389729,51.389774,19.004364,19.037323,19.030121,18.997101,-0.379299000000003,0.78,0.0190453445963474,0.0146168647208009,0.0151537656822307,0.00990315024537155,0.00713693681799411,0.00378490906205156,0.366719219266695,0.00225147266772278,0.218144818110918,0.00440393753151685,0.426696786311099,0.953431982990807,92.3778687133811
19.022509,51.281506,0.000214,"2021-06-18 09:24:22",414.392914,0.438537,0,51.273624,51.273682,51.289143,51.289112,19.003387,19.036133,19.041656,19.008881,0.482913999999994,0.78,0.000209861293532658,0.000223640330220627,0.00024378880796154,0.000253878874946201,0.000211681379800853,1.90897726017751e-05,0.0892045448681078,1.63951206581294e-06,0.00766127133557449,1.91600474373481e-05,0.0895329319502246,0.894826631664541,4181.43285824552
19.023741,51.53421,0.29106,"2021-06-18 09:25:09",414.454651,0.456139,0,51.526981,51.527004,51.54155,51.541531,19.015381,19.048767,19.03186,18.99881,0.544650999999988,0.78,0.323432451700252,0.289542084115824,0.299943292885161,0.269227151002381,0.29828440447836,0.0196325509417114,0.0674519031873545,0.00510842539668284,0.0175511076639966,0.0202862777885044,0.0696979240998571,0.903810998155871,3.10523946318928
19.024757,51.36779,0.009686,"2021-06-18 09:24:51",413.168732,0.549489,0,51.360546,51.360462,51.375153,51.375229,19.012146,19.045135,19.037506,19.004547,-0.741268000000048,0.78,0.00344474777655006,0.00253797603544174,0.00658516961570713,0.0146033950199348,0.0066257664332065,0.00492589758912011,0.508558495676245,0.00216391190709438,0.223406143619077,0.00538023993890274,0.55546561417538,0.954131598943668,98.5062563435544
19.025883,51.503876,0.222788,"2021-06-18 09:25:09",415.490387,0.492748,0,51.496227,51.49638,51.511536,51.511372,19.018066,19.051453,19.033508,19.000336,1.58038699999997,0.78,0.258742030852242,0.194016362829935,0.216896880105087,0.208765024103871,0.234956236011677,0.0240802270486166,0.108085835182401,0.00860424219893515,0.0386207614365906,0.0255712791727529,0.114778530139652,0.922959631740485,4.14277084825253
19.026459,51.204128,1.8e-05,"2021-06-18 09:24:22",414.27887,0.579439,0,51.196716,51.196491,51.211563,51.211773,19.007355,19.040131,19.045563,19.012787,0.368869999999959,0.78,1.07901866112363e-05,1.39837175416885e-05,2.32848603480863e-05,1.88057859483613e-05,1.33294704769676e-05,4.78059633732237e-06,0.265588685406798,3.30256309746818e-06,0.183475727637121,5.81042376709123e-06,0.322801320393957,0.971673584468962,53981.8658038312
19.026653,51.428036,0.058343,"2021-06-18 09:24:52",414.89566,0.556608,0,51.420898,51.420818,51.435291,51.435345,19.013977,19.046875,19.039398,19.006378,0.985659999999996,0.78,0.0491547980862029,0.0563491681855686,0.0682087541519914,0.0482676401049629,0.0692886796528025,0.00808224151684269,0.138529755357844,0.00773976430719226,0.132659690231772,0.0111904682416538,0.191804813630664,0.958299375061608,16.425267385318
19.028002,51.44405,0.068935,"2021-06-18 09:25:08",414.345795,0.53306,0,51.436962,51.436722,51.451263,51.451473,19.019684,19.052856,19.036163,19.002899,0.435794999999985,0.78,0.112891258070459,0.130741160125691,0.0982683140476462,0.088090045390244,0.0828263250678441,0.0235629616656007,0.341814196933353,0.00982265015513924,0.142491479729299,0.025528368896677,0.370325217910742,0.945095054065211,13.7099449345791
19.030926,51.189827,8e-06,"2021-06-18 09:24:04",413.440765,0.535784,0,51.182598,51.182495,51.197006,51.197094,19.008759,19.041626,19.052917,19.020142,-0.469235000000026,0.78,4.89879554779495e-06,6.80741404321397e-06,8.71151368536809e-06,1.25138041133959e-05,5.71456040803151e-06,2.81721764165001e-06,0.352152205206251,1.61604983347313e-06,0.202006229184142,3.24781962317684e-06,0.405977452897105,0.946289857636944,118286.232204618
19.032368,51.219608,4.2e-05,"2021-06-18 09:24:22",413.738647,0.511669,0,51.212223,51.212017,51.227066,51.227268,19.013245,19.046021,19.051453,19.018677,-0.171353000000011,0.78,3.29912596495469e-05,3.08942228398526e-05,4.46431180783494e-05,4.94610846422265e-05,3.37805548071247e-05,7.85983883117558e-06,0.187139019789895,5.81202543347329e-06,0.13838155793984,9.77531104831943e-06,0.232745501150463,0.93284787916174,22210.6637895652
19.032463,51.35268,0.002347,"2021-06-18 09:24:51",413.898132,0.484822,0,51.345547,51.345459,51.359905,51.359982,19.019745,19.052734,19.045258,19.012268,-0.0118680000000495,0.78,0.00496184431382968,0.00446573334996629,0.00598712545972682,0.00464278162746234,0.00435636506156821,0.00133041229202369,0.566856536865656,0.00142083566091421,0.605383749856926,0.00194647651978986,0.829346621129042,0.918398693626489,391.307496219211
19.033693,51.312382,0.001632,"2021-06-18 09:24:22",414.433197,0.605835,0,51.304913,51.304886,51.319576,51.319653,19.014618,19.047394,19.052795,19.019958,0.523196999999982,0.78,0.000585989027811393,0.00129004201452258,0.00115421461587063,0.00103957880250731,0.000594376810175509,0.000381375985710361,0.233686265753898,0.000733710393841314,0.449577447206687,0.000826909054556379,0.506684469703664,0.987642005487608,605.172797480152
19.034693,51.412872,0.05051,"2021-06-18 09:24:52",414.886261,0.665051,0,51.405853,51.405758,51.419987,51.420063,19.02182,19.054749,19.047424,19.014496,0.976260999999965,0.78,0.0307068869372905,0.0422961603816321,0.0376403603512322,0.0518611280577531,0.0575805756247772,0.00886669375988501,0.17554333319907,0.00499965197117227,0.0989834086551627,0.010179134445739,0.20152711236862,1.02508362945618,20.2946669858678
19.03824,51.235245,8.9e-05,"2021-06-18 09:24:22",415.271271,0.472948,0,51.228001,51.227802,51.242573,51.242764,19.019135,19.05191,19.057312,19.024506,1.36127099999999,0.78,6.89332902647002e-05,8.87043926714235e-05,9.5004664788282e-05,0.000111171566135234,8.27346470686873e-05,1.51507682762377e-05,0.170233351418401,4.43027354425822e-06,0.0497783544298677,1.57852178647367e-05,0.177361998480188,0.912184088302999,10249.2594191348
19.040266,51.337364,0.002204,"2021-06-18 09:24:51",415.703339,0.517816,0,51.330097,51.329998,51.344677,51.344769,19.027618,19.060547,19.052917,19.019928,1.793339,0.78,0.002002572778381,0.00421651651468035,0.00599089994588964,0.00209740549142727,0.00425109098396498,0.00176151114245283,0.799233730695476,0.00144751191646748,0.656765842317368,0.0022799588271065,1.03446407763453,0.936236406079284,424.78965793071
19.041502,51.519005,0.309572,"2021-06-18 09:25:09",414.824829,0.486498,0,51.511921,51.511913,51.52618,51.526165,19.033112,19.066406,19.049866,19.016449,0.914828999999997,0.78,0.344689309303778,0.34384432678393,0.317784810302791,0.284443249225917,0.298653079741443,0.0252785700650197,0.0816565130729515,0.00772084255806083,0.0249403775472615,0.0264313736748296,0.0853803757278746,0.919662395402975,2.97075444614815
19.04253,51.397785,0.034607,"2021-06-18 09:24:52",413.333374,0.713507,0,51.390285,51.390186,51.405361,51.405457,19.029999,19.062988,19.054932,19.021973,-0.576626000000033,0.78,0.0358200796039903,0.0277567084744912,0.0382295488963597,0.0404857648137636,0.0361501321895094,0.0048242754851272,0.139401724654758,0.00109115923546934,0.0315300151839034,0.00494613611150657,0.142922995680254,1.05712662595899,30.5466127072265
19.043461,51.488762,0.221578,"2021-06-18 09:25:09",415.818329,0.573774,0,51.481766,51.481884,51.495815,51.495667,19.034546,19.067993,19.051941,19.018616,1.90832899999998,0.78,0.260442670920302,0.243380758362116,0.229560469206109,0.216805048299307,0.239499013143694,0.0177219562571169,0.0799806671109807,0.0126720699196393,0.0571901087636827,0.021786442794256,0.0983240339485691,0.968551109733311,4.37115196334163
19.043974,51.459045,0.162273,"2021-06-18 09:25:08",415.048981,0.523784,0,51.452068,51.451691,51.466003,51.466396,19.035583,19.068787,19.052429,19.019043,1.138981,0.78,0.164313441414042,0.181789881873235,0.177552313035341,0.170545989407115,0.181511153839361,0.00836654308966384,0.0515584421910228,0.0136034290373222,0.0838305142403369,0.0159703576930719,0.0984166046913038,0.939683314197312,5.79075578930144
19.044865,51.428989,0.083896,"2021-06-18 09:25:08",413.595703,0.531541,0,51.421921,51.421661,51.436161,51.436401,19.03653,19.069763,19.05307,19.019867,-0.31429700000001,0.78,0.123117591938284,0.0772218940632789,0.0692968589849565,0.110858460420816,0.0849680847861198,0.0230195029598921,0.274381412223373,0.000758078422272237,0.00903593046476872,0.0230319820991333,0.274530157565716,0.944174934469463,11.2541114531022
19.047844,51.322182,0.00377,"2021-06-18 09:24:51",414.259064,0.500674,0,51.314899,51.3148,51.329468,51.329571,19.035156,19.068085,19.060455,19.027557,0.349063999999998,0.78,0.0024539786099819,0.00100090538654422,0.00110013300681263,0.00142131957304778,0.00102376182919258,0.00116928923287047,0.310156295191107,0.00194188363333127,0.515088496904845,0.00226674863086022,0.60125958378255,0.926865466195259,245.852908805109
19.050259,51.382664,0.019396,"2021-06-18 09:24:52",413.898682,0.525043,0,51.375767,51.375671,51.389629,51.389729,19.037384,19.070404,19.063171,19.030182,-0.011318000000017,0.78,0.0311588531434256,0.0272220187007921,0.0283919660420533,0.0386672884546892,0.0264456311043651,0.00696203060967433,0.35894156576997,0.00498484195876017,0.257003606865342,0.00856262340429955,0.441463363801791,0.940289035546286,48.4785025544589
19.055408,51.281311,0.000518,"2021-06-18 09:24:22",413.779175,0.520858,0,51.273682,51.273544,51.289021,51.289143,19.036194,19.069,19.074554,19.041718,-0.130825000000016,0.78,0.000514808295629317,0.000501661574807529,0.000552060457093114,0.000601198456628156,0.000511859871356176,4.01529761868722e-05,0.0775153980441548,4.34172660140569e-06,0.00838171158572526,4.03870286917084e-05,0.07796723685658,0.937919536951391,1810.65547674014
19.056866,51.534332,0.396587,"2021-06-18 09:25:10",414.412354,0.594511,0,51.527004,51.526989,51.541504,51.54155,19.048828,19.082123,19.065094,19.031921,0.502353999999968,0.78,0.465424627990882,0.415508308467584,0.366619462757208,0.386942127057322,0.407464135673655,0.0374969805637194,0.0945491923933951,0.00769129639472756,0.0193937178846698,0.0382776643961919,0.0965176982508048,0.981482811216084,2.47482345920588
19.057863,51.367744,0.021666,"2021-06-18 09:24:51",414.318268,0.609954,0,51.360462,51.360355,51.375061,51.375153,19.045197,19.078125,19.070587,19.037567,0.408267999999964,0.78,0.0123641112240818,0.0118188827387743,0.025293919620701,0.0211837455810884,0.0210044753519304,0.00603456377205934,0.2785268979996,0.00046776856457206,0.0215899826720234,0.00605266613560114,0.279362417409819,0.990192161594581,45.7025829223014
19.059214,51.503918,0.33695,"2021-06-18 09:25:09",415.944672,0.584903,0,51.49638,51.496326,51.51152,51.511536,19.051514,19.084534,19.066864,19.033569,2.034672,0.78,0.343409416380527,0.36509825827773,0.335888556115539,0.330700424390831,0.366445888691636,0.0134648699012104,0.0399610325009953,0.0208567429109794,0.0618986286124927,0.0248255200612436,0.0736771629655547,0.975257825323802,2.89436956617837
19.059303,51.204014,5e-05,"2021-06-18 09:24:22",414.123596,0.605887,0,51.196491,51.196518,51.21159,51.211559,19.040192,19.072937,19.07843,19.045624,0.213595999999995,0.78,3.79382396740488e-05,4.35042206359073e-05,4.90955242037092e-05,5.08476991535971e-05,4.38165314326915e-05,5.47538417651455e-06,0.109507683530291,4.37237255519771e-06,0.0874474511039541,7.00695894392654e-06,0.140139178878531,0.987673557820648,19753.471156413
19.05969,51.427944,0.102167,"2021-06-18 09:24:52",413.966278,0.651818,0,51.420818,51.420666,51.43515,51.435299,19.046967,19.079895,19.072449,19.03949,0.0562779999999634,0.78,0.156504617082664,0.122448043647628,0.104239653414738,0.115561852330762,0.127217814802065,0.0219346292693707,0.214693876392286,0.0177136010207885,0.173378889668763,0.0281939642886277,0.275959598389183,1.01688819677795,9.95319620599557
19.061033,51.296696,0.000806,"2021-06-18 09:24:22",413.65686,0.5021,0,51.289555,51.289429,51.303909,51.304016,19.041901,19.074738,19.080078,19.047241,-0.25314000000003,0.78,0.000809568805563546,0.000857910740026092,0.00110105403626835,0.00184843416048442,0.000805587455135128,0.000443948617050726,0.550804735794945,2.91713271494646e-07,0.000361927135849436,0.000443948712891348,0.550804854703906,0.927633875562153,1150.9105155858
19.061178,51.443832,0.183117,"2021-06-18 09:25:08",415.782288,0.504958,0,51.436722,51.436367,51.450886,51.451263,19.052917,19.085999,19.069397,19.036224,1.87228799999997,0.78,0.190952707893343,0.213199561876146,0.16538747844488,0.171924195570037,0.175167451867073,0.0186399319465521,0.101792471188104,0.00562117939216154,0.0306972012001155,0.0194690708748763,0.106320390105104,0.929387769709033,5.07537677937621
19.063736,51.189667,2.6e-05,"2021-06-18 09:24:04",413.415222,0.497313,0,51.182495,51.182354,51.196899,51.197006,19.041687,19.074463,19.085663,19.052979,-0.494777999999997,0.78,1.74964651656161e-05,1.88195549663339e-05,2.54910445588291e-05,3.15326836545361e-05,2.01955997253075e-05,5.74478734495688e-06,0.220953359421419,4.10433079495613e-06,0.157858876729082,7.06031960418237e-06,0.271550754007014,0.925051468848544,35578.9026480209
19.06521,51.219528,0.000117,"2021-06-18 09:24:22",414.133789,0.552544,0,51.212009,51.212036,51.227116,51.227066,19.046082,19.078888,19.084351,19.051544,0.223788999999954,0.78,9.97184595868058e-05,0.000109569797431088,0.000126234823865687,0.000129829585710007,0.000119472759462684,1.22712888051303e-05,0.104882810300259,1.74850498430706e-06,0.0149444870453595,1.2395232898944e-05,0.105942161529436,0.955879109558129,8169.90691930025
19.065563,51.352631,0.015933,"2021-06-18 09:24:51",413.619629,0.560525,0,51.345459,51.345337,51.359791,51.359898,19.052795,19.085663,19.078278,19.045319,-0.29037100000005,0.78,0.00759507136594713,0.00492294849473194,0.0234105852760007,0.0139625663872031,0.0145734532489636,0.00728398022472016,0.457163134671447,0.000961344726997977,0.0603367053911992,0.00734714581305157,0.461127585078238,0.960542688367674,60.2863671855692
19.067707,51.412792,0.127964,"2021-06-18 09:24:52",414.205353,0.618901,0,51.405762,51.405609,51.419834,51.419994,19.05484,19.087738,19.080414,19.047516,0.295352999999977,0.78,0.129985720706287,0.113809825380151,0.115540538911699,0.107230756317344,0.0813371787669028,0.00972646150881736,0.0760093581696208,0.0329701414790959,0.257651694844612,0.0343749077472814,0.268629518827806,0.996303207905924,7.78580857042546
19.071091,51.23518,0.00024,"2021-06-18 09:24:22",414.475708,0.539083,0,51.227798,51.227856,51.242664,51.242573,19.051971,19.084808,19.09021,19.057404,0.565707999999972,0.78,0.000221188808047327,0.00022616119763683,0.000267624424243615,0.000265128387267667,0.000238462047029789,2.15586027095543e-05,0.0898275112898097,1.0874969743822e-06,0.00453123739325916,2.15860140011465e-05,0.0899417250047772,0.948161632505216,3950.67346877173
19.073343,51.337315,0.007411,"2021-06-18 09:24:51",413.983398,0.467526,0,51.329998,51.32988,51.344555,51.344677,19.060608,19.093506,19.085846,19.052979,0.0733979999999974,0.78,0.00405721875648052,0.00491305964962862,0.00812928427456041,0.0138824604207761,0.00754807820266727,0.00385762963930405,0.520527545446506,9.69289266588904e-05,0.0130790617539995,0.00385884719195518,0.520691835373793,0.909392902643104,122.708528220632
19.074577,51.519131,0.4309,"2021-06-18 09:25:10",413.937317,0.536281,0,51.511913,51.511902,51.526157,51.52618,19.066467,19.099487,19.08316,19.049927,0.0273169999999823,0.78,0.46224651134611,0.3980740163109,0.402280029994252,0.426358318234741,0.446651663087581,0.0257869978823602,0.0598445065731264,0.0111381077841943,0.0258484747834633,0.0280896191643315,0.0651882551968705,0.94698803459484,2.1976979220117
19.07559,51.397717,0.072965,"2021-06-18 09:24:52",413.237885,0.591325,0,51.390186,51.39003,51.405212,51.405365,19.063049,19.095886,19.087921,19.054993,-0.672115000000019,0.78,0.0849709970531994,0.0655160437153853,0.0773061491071119,0.0551814955979201,0.073611443119139,0.0113901246318242,0.156103948904601,0.000457104313194571,0.00626470654690017,0.011399293113243,0.156229604786446,0.978874455437714,13.41567128675
19.075668,51.205189,8.7e-05,"2021-06-18 09:24:04",415.283844,0.571883,0,51.197891,51.197788,51.212521,51.212646,19.053558,19.086243,19.097809,19.065002,1.37384399999996,0.78,7.54958432001504e-05,8.01604159251107e-05,9.59480665255622e-05,9.67925027144669e-05,7.63270558393743e-05,9.42145216250438e-06,0.108292553592004,7.54691119120379e-06,0.0867461056460206,1.20714385794849e-05,0.138752167580286,0.967186727490984,11117.0888217355
19.07654,51.488808,0.375241,"2021-06-18 09:25:09",415.363403,0.577423,0,51.481884,51.481815,51.49577,51.495815,19.068054,19.101074,19.085083,19.052002,1.45340299999998,0.78,0.422841510068124,0.407813472827568,0.339248912548655,0.361668173245449,0.371368994055632,0.0339818177717095,0.0905599808435366,0.00273792166005722,0.00729643525109789,0.0340919367898963,0.0908534429603809,0.971071357359018,2.58786048795046
19.076838,51.250633,0.000437,"2021-06-18 09:24:22",412.765717,0.433098,0,51.243114,51.243206,51.258209,51.258129,19.057709,19.090546,19.096039,19.063171,-1.14428300000003,0.78,0.000402066892909218,0.000407325286810182,0.000460653913082756,0.000479445173020619,0.000439738406118931,3.33974778839661e-05,0.0764244345170849,1.93634553633883e-06,0.00443099665066094,3.34535642801497e-05,0.0765527786731114,0.892173681926978,2041.58737283061
19.077517,51.458771,0.290131,"2021-06-18 09:25:09",417.849243,0.511458,0,51.451691,51.451672,51.466038,51.466003,19.068848,19.101898,19.085571,19.05249,3.93924299999998,0.78,0.310767120640248,0.318768992533197,0.312924871095378,0.275706761671016,0.300398032705609,0.0180903497278177,0.062352350241159,0.00725988844880017,0.0250227946989469,0.0194927354048573,0.0671859794536167,0.932935824426077,3.21556753475525
19.078066,51.42878,0.157026,"2021-06-18 09:25:08",415.203552,0.53786,0,51.421661,51.421314,51.435802,51.436161,19.069824,19.102692,19.086121,19.053131,1.29355199999998,0.78,0.156583209201402,0.19186638285278,0.179315501280352,0.159006000195427,0.157573500571278,0.016018934393942,0.10201453513394,0.000387141366654185,0.0024654602846292,0.0160236118760782,0.102044323080752,0.947602308849844,6.03468412141839
19.080885,51.322124,0.00872,"2021-06-18 09:24:51",414.575958,0.493024,0,51.314793,51.314682,51.329357,51.329468,19.068146,19.101044,19.093445,19.060516,0.665957999999989,0.78,0.00314327021442232,0.0026238847550509,0.00535151501651056,0.00341405018112647,0.00288295878721587,0.00249799776950779,0.286467634117866,0.00412741142362501,0.473326998122134,0.00482447073950461,0.553264993062455,0.922765376514483,105.821717490193
19.082573,51.265865,0.000705,"2021-06-18 09:24:22",412.117767,0.486048,0,51.258717,51.258801,51.273075,51.272995,19.063507,19.096375,19.101715,19.068787,-1.79223300000001,0.78,0.000714168273406701,0.00075378236747442,0.000791869234707194,0.000739226985026682,0.000699795412123231,3.45324897635633e-05,0.0489822549837777,3.68019938094469e-06,0.00522014096587899,3.47280393450898e-05,0.0492596302767232,0.919044427386422,1303.60911686017
19.083393,51.38261,0.056124,"2021-06-18 09:24:52",415.546204,0.68529,0,51.375675,51.3755,51.389477,51.389633,19.070496,19.10321,19.0961,19.063232,1.63620399999996,0.78,0.0540070956604541,0.0493503656653415,0.0756865000469276,0.0730487804074215,0.0408845668506553,0.0119078437871003,0.212170262046546,0.0107759065213407,0.192001755422648,0.0160597915619929,0.286148377913065,1.03840276434773,18.5019379293659
19.084675,51.17416,1.8e-05,"2021-06-18 09:24:05",413.942108,0.461529,0,51.166443,51.166409,51.181904,51.181934,19.062225,19.095032,19.106995,19.074158,0.0321079999999938,0.78,1.36939719863293e-05,1.38899961145523e-05,1.95157267861175e-05,1.85308950072095e-05,1.68158038346876e-05,2.7340176193925e-06,0.151889867744028,8.37353138747505e-07,0.0465196188193058,2.8593727672549e-06,0.158854042625272,0.906316179845189,50350.8988802883
19.088301,51.281292,0.001085,"2021-06-18 09:24:22",414.218811,0.553678,0,51.273544,51.273624,51.289112,51.289021,19.069061,19.10199,19.107574,19.074615,0.308810999999992,0.78,0.00106138056323762,0.00109582020009098,0.00110194417758113,0.00246721148692885,0.00110645064475358,0.000617874142781739,0.569469256020036,1.51678963660801e-05,0.0139796279871706,0.000618060289452769,0.569640819772138,0.956535263167293,881.599320891514
19.090393,51.534195,0.513242,"2021-06-18 09:25:10",413.870605,0.493119,0,51.526989,51.526932,51.541492,51.541504,19.082184,19.114929,19.098236,19.065155,-0.0393950000000132,0.78,0.581731388884746,0.496119794873707,0.531610536991642,0.494477843190623,0.582780272024009,0.0358951353391392,0.0699380318429498,0.0491709837001715,0.0958046763518409,0.0608789485705663,0.11861645884508,0.924809490943977,1.80189752776269
19.090944,51.367683,0.036799,"2021-06-18 09:24:52",413.945953,0.569256,0,51.360355,51.36021,51.374889,51.375061,19.078217,19.111084,19.103424,19.070648,0.0359529999999495,0.78,0.0479223264084596,0.036774344856006,0.0479653658020008,0.0328384001709373,0.0329008789366729,0.00701948342080303,0.190752015565723,0.00275638783776471,0.0749038788490096,0.00754127452139927,0.20493150687245,0.965665192681919,26.241615062418
19.092257,51.204124,0.00015,"2021-06-18 09:24:22",415.046997,0.478724,0,51.196518,51.196609,51.21167,51.211594,19.072998,19.105896,19.111359,19.078491,1.13699699999995,0.78,0.000135979449256759,0.000145110909638277,0.0001539222626131,0.000163726967585891,0.000148073350735923,1.02953278686103e-05,0.0686355191240684,1.36234675959691e-06,0.00908231173064605,1.03850741266284e-05,0.0692338275108563,0.91519214828573,6101.28098857154
19.092281,51.504028,0.483962,"2021-06-18 09:25:10",415.073578,0.508135,0,51.496326,51.496326,51.511509,51.51152,19.084595,19.117401,19.099915,19.066925,1.16357799999997,0.78,0.57785064249613,0.475679887828154,0.495790420007344,0.499242748346221,0.48731736031317,0.0409759612943879,0.0846677245204952,0.00237259803076674,0.00490244694989842,0.0410445931325281,0.0848095369730022,0.931818564340942,1.92539613511173
19.092722,51.427837,0.277171,"2021-06-18 09:24:52",416.33606,0.502213,0,51.420666,51.420521,51.434998,51.43515,19.079956,19.112946,19.105499,19.07254,2.42605999999995,0.78,0.252066601014952,0.286126437364794,0.232489622419674,0.273958758644616,0.219293754872882,0.0217766174998707,0.0785674457279827,0.0409253925057812,0.147653948305491,0.0463584816564124,0.16725588772423,0.928852521227395,3.35118941457582
19.093433,51.473911,0.400684,"2021-06-18 09:25:09",417.392822,0.54458,0,51.466618,51.466553,51.481197,51.481262,19.085144,19.118317,19.101593,19.068573,3.482822,0.78,0.503306707731652,0.378011628771162,0.421597275702804,0.417399429656311,0.428548711864579,0.0474269465375356,0.118364962258377,0.0197033267152531,0.0491742288567876,0.0513569502747414,0.128173199515682,0.952683007480202,2.37764175130577
19.093943,51.296711,0.003667,"2021-06-18 09:24:22",413.887085,0.632917,0,51.289429,51.28952,51.304028,51.303909,19.074799,19.107758,19.113098,19.080139,-0.0229150000000118,0.78,0.00160077239192743,0.00160138578116417,0.00165933396861719,0.00333086348489989,0.00168019486781723,0.00103597481504658,0.282512902930619,0.00140488338186267,0.38311518458213,0.00174554894919756,0.476015530187498,1.00448343731001,273.925126073087
19.094444,51.443481,0.337426,"2021-06-18 09:25:09",417.708771,0.433632,0,51.436367,51.436298,51.450863,51.450886,19.08606,19.119263,19.102509,19.069458,3.79877099999999,0.78,0.338055342282563,0.307892679717482,0.314884448038148,0.287098470433035,0.345525969037519,0.021459518555944,0.0635977030695443,0.00572754303383074,0.0169742196328402,0.0222107110614967,0.0658239467660958,0.892709374382199,2.64564489512426
19.096613,51.189602,0.000103,"2021-06-18 09:24:05",413.521393,0.531202,0,51.182354,51.182323,51.196865,51.196899,19.074524,19.107361,19.118652,19.085724,-0.388607000000036,0.78,8.19099926172698e-05,7.82130508000319e-05,9.43829893749187e-05,0.000107726720994009,8.54673059299661e-05,1.2849321639419e-05,0.12475069552834,1.23974868693901e-05,0.120363950188254,1.78550482292808e-05,0.173349982808551,0.943703112807626,9162.16614376336
19.098576,51.352558,0.045155,"2021-06-18 09:24:52",414.036743,0.546001,0,51.345337,51.345211,51.35965,51.359798,19.085754,19.118622,19.111237,19.078369,0.126742999999976,0.78,0.0233744631163818,0.0246079691301136,0.0433041614518461,0.0443316245661459,0.0309845238987632,0.0111315289051974,0.24651819079166,0.0100200397438265,0.221903216561321,0.0149770535231436,0.331680955002626,0.952229701350066,21.0880235045967
19.099562,51.312195,0.004794,"2021-06-18 09:24:22",414.684204,0.501468,0,51.304779,51.304897,51.319595,51.319504,19.080383,19.113312,19.118744,19.085754,0.774203999999997,0.78,0.00236846230422715,0.00269452007005061,0.0043104836268376,0.00514710798214522,0.00275240026263977,0.00125647564049003,0.262093375154365,0.00144362901875609,0.301132461150624,0.00191384319601672,0.399216352944665,0.927293814181772,193.427996283223
19.100672,51.41267,0.213451,"2021-06-18 09:24:52",415.208771,0.607957,0,51.405609,51.405472,51.419689,51.419834,19.087799,19.12085,19.113495,19.080475,1.29877099999999,0.78,0.225883328679795,0.213210503404789,0.224299262538287,0.212027002036628,0.205483234541803,0.00672462040481634,0.0315042815672746,0.00563406098639503,0.0263951023251005,0.00877286514129169,0.0411001360560114,0.988983658617162,4.63330534229009
19.106283,51.337231,0.019565,"2021-06-18 09:24:52",413.889771,0.511674,0,51.32988,51.329762,51.344425,51.344555,19.093567,19.126404,19.118805,19.085938,-0.0202290000000289,0.78,0.0163351950322748,0.0162306100060906,0.0206081937007859,0.029849636689584,0.0257716112032241,0.005564920421613,0.284432426353846,0.00438873686998816,0.224315710196175,0.00708726679425002,0.362242105507284,0.932877543746559,47.6809375796861
19.10787,51.51897,0.594244,"2021-06-18 09:25:10",414.113617,0.482924,0,51.511902,51.511841,51.526112,51.526157,19.099548,19.132446,19.116028,19.083221,0.203616999999952,0.78,0.570129081506803,0.595781983894741,0.553857069565895,0.566781120188936,0.582105593370628,0.018260677487414,0.0307292584988893,0.00858314964042872,0.0144438137203383,0.0201772842585255,0.0339545443597671,0.917617955674391,1.5441770647653
19.108553,51.397594,0.170741,"2021-06-18 09:24:52",414.38562,0.634606,0,51.39003,51.389893,51.405075,51.405212,19.095947,19.128967,19.121033,19.087982,0.475619999999992,0.78,0.171073989533963,0.169950030049132,0.174555607350617,0.189289725408414,0.181011287735499,0.00811440180731907,0.0475246238883401,0.00726219010250836,0.0425333698555611,0.0108895785857669,0.063778346066656,1.00560596565343,5.88965723319785
19.108561,51.205128,0.000296,"2021-06-18 09:24:05",415.425781,0.54043,0,51.197788,51.197754,51.212513,51.212521,19.086304,19.119232,19.130798,19.0979,1.51578099999995,0.78,0.000267486340312336,0.000278314791686387,0.000290537538654233,0.000287970730398129,0.000274998122156918,1.12639859241443e-05,0.0380540065004876,1.48505702404948e-05,0.050170845407077,1.86391205631379e-05,0.062970001902493,0.948928124384253,3205.83825805491
19.109428,51.488884,0.54003,"2021-06-18 09:25:10",414.405121,0.566292,0,51.481815,51.481853,51.49577,51.49577,19.101135,19.133942,19.11792,19.085175,0.495120999999983,0.78,0.614704493282947,0.540511582224068,0.541508111097949,0.496380276629626,0.580402014864496,0.0426215909729349,0.0789244874783529,0.0285473254808492,0.052862480752642,0.0512986335994802,0.0949921922846511,0.965255499374738,1.78741088342266
19.110292,51.458843,0.475983,"2021-06-18 09:25:09",415.63504,0.468182,0,51.451664,51.45163,51.465977,51.466038,19.101959,19.135162,19.118774,19.085632,1.72503999999998,0.78,0.553684960841456,0.501135724446018,0.484209012824598,0.457372876520627,0.468014762134593,0.0366541157784229,0.0770071951696235,0.00563439502873672,0.0118373871099109,0.0370846411717558,0.0779116925851465,0.910477707434311,1.91283660852239
19.111242,51.428375,0.326871,"2021-06-18 09:25:09",418.186554,0.478767,0,51.421314,51.421192,51.43573,51.435802,19.102753,19.136017,19.119385,19.086182,4.27655399999998,0.78,0.374876565211994,0.347194258091905,0.314885908460252,0.328480703443152,0.333152688191036,0.0234098405842437,0.0716179795217186,0.00444182431718099,0.013588921370146,0.0238275143362543,0.0728957733670294,0.915524762487856,2.80087484814455
19.113792,51.322014,0.009932,"2021-06-18 09:24:52",414.047791,0.464258,0,51.314686,51.314575,51.329235,51.329346,19.101135,19.133942,19.126343,19.093475,0.137790999999993,0.78,0.00589861831223972,0.00978497418733033,0.00883798657979183,0.0138349112193572,0.00968061875221121,0.00284355226813178,0.286302080963731,0.000177753384974589,0.0178970383582953,0.00284910262494479,0.286860916728231,0.907713395268445,91.392810639191
19.115595,51.265968,0.001487,"2021-06-18 09:24:23",414.219543,0.556068,0,51.258801,51.258778,51.273029,51.273075,19.096466,19.129364,19.134705,19.101776,0.309542999999962,0.78,0.00143644557649437,0.00145820307057735,0.0035622368728136,0.0015169648283014,0.00143025721949485,0.000934087396265843,0.628169062720809,4.01232048785715e-05,0.0269826529109425,0.000934948734119914,0.628748308083332,0.957920923016684,644.1969892513
19.121302,51.281403,0.002137,"2021-06-18 09:24:23",413.939117,0.552999,0,51.273624,51.273586,51.289047,51.289112,19.102051,19.134979,19.140564,19.107635,0.0291169999999852,0.78,0.00220133603473163,0.00205544389693957,0.00411928106207713,0.00391628267234121,0.00226339285098921,0.00103706962911341,0.485292292519145,8.93732420279712e-05,0.0418218259372818,0.00104091353724506,0.487091032870875,0.956142760000823,447.422910622753
19.12315,51.534107,0.613414,"2021-06-18 09:25:10",414.008575,0.443735,0,51.526932,51.526794,51.541321,51.541492,19.11499,19.148224,19.131348,19.098297,0.0985749999999825,0.78,0.650497744119959,0.623784003785299,0.636193859465091,0.638320182309256,0.627783437031376,0.0142448679783019,0.0232222739916303,0.010160726366719,0.0165642231294346,0.0174973319114255,0.0285245069584743,0.897556074487282,1.46321419870965
19.125221,51.204044,0.000497,"2021-06-18 09:24:23",415.101715,0.503385,0,51.196609,51.196514,51.211578,51.21167,19.105957,19.138947,19.144409,19.11142,1.19171499999999,0.78,0.000475605741956591,0.000492424776117594,0.000495227481056682,0.000501487885274021,0.000473695753110218,9.92193416145687e-06,0.0199636502242593,1.64785910062104e-05,0.0331561187247694,1.92350913450974e-05,0.0387023970726307,0.928329929817513,1867.86706200707
19.125364,51.50386,0.61248,"2021-06-18 09:25:10",414.648041,0.439926,0,51.496326,51.496246,51.511444,51.511505,19.117462,19.150543,19.132904,19.099976,0.738040999999953,0.78,0.672386882506544,0.649323727648414,0.631020538465671,0.585476746403955,0.625854408234601,0.0333926325275439,0.0545203639752218,0.00945713475704358,0.0154407241984123,0.0347059837050106,0.0566646808140847,0.896180445435478,1.46319952559345
19.125784,51.427711,0.39868,"2021-06-18 09:24:53",418.458313,0.470854,0,51.420521,51.420349,51.434811,51.434998,19.113007,19.146057,19.13858,19.10556,4.54831299999995,0.78,0.537041528222152,0.434869543757335,0.432581584682123,0.434232533666938,0.494971318225561,0.052343072803326,0.131290942117302,0.068088244086686,0.170784198070347,0.0858825142465125,0.215417162251712,0.915138948777344,2.29542226541924
19.126596,51.473972,0.621565,"2021-06-18 09:25:09",414.655396,0.52572,0,51.466553,51.46661,51.481228,51.481197,19.118378,19.151215,19.13446,19.101685,0.745395999999971,0.78,0.676669236261844,0.626698408638139,0.618223560232825,0.555196841521707,0.603604527319236,0.0431879116123045,0.0694825345897927,0.012699972025884,0.0204322508923186,0.045016496963785,0.0724244398635461,0.941704838789145,1.51505448149292
19.126944,51.296803,0.003077,"2021-06-18 09:24:23",413.988647,0.56947,0,51.28952,51.289463,51.303936,51.304028,19.107819,19.140747,19.146118,19.113159,0.0786469999999895,0.78,0.00370177887827926,0.00304215344597076,0.00317089720539391,0.00316290428610396,0.00308325686748824,0.000268915010366779,0.0873951934893658,4.42427342992025e-06,0.00143785291840112,0.000268951402665886,0.0874070206908956,0.965761954746022,313.86478867274
19.127451,51.443596,0.563146,"2021-06-18 09:25:09",417.052429,0.424222,0,51.436298,51.43626,51.450825,51.450863,19.119324,19.152283,19.135773,19.10257,3.14242899999999,0.78,0.603610043869518,0.529353830256869,0.491387697313594,0.517335196208136,0.511889391625502,0.043495672491789,0.0772369376534486,0.0362438953622308,0.0643596782401558,0.0566170776050946,0.100537121110857,0.889702084273461,1.57987819193151
19.129606,51.189701,0.000351,"2021-06-18 09:24:05",414.782806,0.498226,0,51.182323,51.182434,51.196918,51.196865,19.107422,19.140289,19.151672,19.118713,0.872805999999969,0.78,0.000343286275302179,0.000350234604529798,0.000376088521858291,0.000376586602155103,0.000358438561746671,1.57169889746202e-05,0.0447777463664394,5.25985745334588e-06,0.0149853488699313,1.65737697238091e-05,0.0472187171618493,0.925542623195004,2636.87357035614
19.131449,51.35239,0.07356,"2021-06-18 09:24:52",414.092041,0.479327,0,51.345203,51.345093,51.359516,51.35965,19.118683,19.151611,19.144165,19.111298,0.18204099999997,0.78,0.0723231636085714,0.0663274774933469,0.0756151970195469,0.0930027043444155,0.0567537017325128,0.0100266289116141,0.136305450130697,0.0118838474715839,0.161553119515823,0.0155486050197144,0.211373097059739,0.915639739224472,12.4475222841826
19.133724,51.412544,0.34638,"2021-06-18 09:24:53",417.044708,0.488226,0,51.405472,51.405331,51.419514,51.419689,19.120941,19.154022,19.146576,19.113556,3.13470799999999,0.78,0.451592579694989,0.421774872485117,0.39397389718034,0.413001679657937,0.416627718667593,0.038966579540884,0.112496620881356,0.0496726382327398,0.143405041378659,0.063132917801387,0.182264905021615,0.92236131336159,2.66285961476295
19.139149,51.337044,0.030169,"2021-06-18 09:24:52",413.276276,0.562859,0,51.329762,51.329639,51.344315,51.344425,19.126495,19.159393,19.151825,19.118866,-0.633724000000029,0.78,0.0311634389582512,0.0240808062773373,0.0296647773619451,0.0539204949190784,0.0223795049521332,0.0115815880102957,0.383890351363842,0.00550800477036565,0.182571671926999,0.0128246363453549,0.425093186560869,0.96196399370163,31.8858428751908
19.140907,51.518902,0.693649,"2021-06-18 09:25:10",412.828308,0.447664,0,51.511841,51.511719,51.52597,51.526112,19.132507,19.16571,19.149323,19.116089,-1.08169200000003,0.78,0.729306308057166,0.701431798995395,0.660068471615638,0.666266967841376,0.698007212180253,0.0280536801263684,0.0404436251279371,0.00308172138650671,0.00444276772042735,0.0282224374449949,0.0406869143399543,0.899777507426884,1.29716543587158
19.141588,51.205227,0.000833,"2021-06-18 09:24:05",413.502441,0.542621,0,51.197754,51.197803,51.212555,51.212513,19.119293,19.152283,19.163788,19.130859,-0.407559000000049,0.78,0.000846851488401472,0.000862293328267877,0.000866820223765396,0.000826402396772934,0.000840805403350669,1.76563265714703e-05,0.0211960703138899,5.51925363915425e-06,0.00662575466885264,1.84988656066183e-05,0.0222075217366366,0.950177641277255,1140.66943730763
19.141653,51.397461,0.368796,"2021-06-18 09:24:53",416.519684,0.602667,0,51.389893,51.389751,51.404934,51.405075,19.129028,19.162048,19.154175,19.121094,2.60968399999996,0.78,0.367838762876051,0.372990939098483,0.316363958497334,0.360543312670167,0.400163261130404,0.0233222397203226,0.0632388630037273,0.0221800030525579,0.0601416584034476,0.0321850804097748,0.0872706873441545,0.986226846263061,2.6741798887815
19.14267,51.488739,0.726609,"2021-06-18 09:25:10",414.40094,0.500907,0,51.481853,51.481731,51.495686,51.49577,19.134033,19.167114,19.151093,19.117981,0.490939999999966,0.78,0.689357503307925,0.709034613045347,0.701912928742093,0.755576021439755,0.760306520730229,0.0256629942220832,0.0353188499207734,0.0238277454175192,0.0327930777316538,0.0350192907427433,0.0481955091978537,0.927649811821856,1.276683624648
19.143545,51.458874,0.662006,"2021-06-18 09:25:09",414.777435,0.430441,0,51.45163,51.451694,51.466034,51.465977,19.135223,19.16806,19.151672,19.118835,0.867435,0.78,0.733169679881773,0.70848036864769,0.648001745537169,0.656102356137142,0.764456446453651,0.0372319485713063,0.0562411044179453,0.0724434054229659,0.10943013420266,0.0814509974382917,0.123036645345045,0.894602548322266,1.35135111815039
19.144232,51.42849,0.563121,"2021-06-18 09:25:09",416.661133,0.438644,0,51.421192,51.421177,51.435696,51.435734,19.136047,19.169067,19.152466,19.119476,2.75113299999998,0.78,0.640543227854045,0.591084894398261,0.580663180179923,0.596103243206728,0.650225460569979,0.0287668105632426,0.0510845991594037,0.0615921547406284,0.109376412424023,0.0679788416757376,0.120718001416636,0.897457342524744,1.5937202528848
19.146654,51.321835,0.024282,"2021-06-18 09:24:52",413.594879,0.58003,0,51.314575,51.314453,51.329113,51.329235,19.134003,19.166901,19.159302,19.126404,-0.315121000000033,0.78,0.016376960613853,0.0123208972804544,0.0204132855847645,0.0236175495039305,0.026797149909498,0.00504729717449084,0.20786167426451,0.00177847955670677,0.0732427129852058,0.0053514669298471,0.220388227075492,0.972040862874757,40.0313344401102
19.149237,51.382301,0.327274,"2021-06-18 09:24:53",415.815491,0.594182,0,51.375366,51.375233,51.389191,51.389343,19.136292,19.169342,19.162231,19.129242,1.90549099999998,0.78,0.338128417521343,0.324048982850131,0.328932282898901,0.288246835722048,0.315255365036926,0.0192171877688673,0.0587189564978194,0.00849845828299534,0.0259674104358896,0.0210124748407159,0.0642045345512196,0.980761833078211,2.99676061366992
19.154392,51.281307,0.004904,"2021-06-18 09:24:23",413.956055,0.46426,0,51.273586,51.273548,51.289013,51.289047,19.13504,19.16803,19.173615,19.140625,0.0460549999999671,0.78,0.0039863945204237,0.00393120516315313,0.00441809505716693,0.00486768613058402,0.00466770463811437,0.000464113593131824,0.0946398028409103,0.000167086052752258,0.0340713810669368,0.000493273936422819,0.100586039237932,0.90771008087339,185.095856621817
19.156349,51.533947,0.733156,"2021-06-18 09:25:11",412.581482,0.419182,0,51.526794,51.526485,51.540974,51.541321,19.148285,19.181274,19.164459,19.131439,-1.32851800000003,0.78,0.619407449314194,0.630662298492524,0.610784800660293,0.709410892187529,0.717246704443565,0.0563947849949481,0.0769205803334462,0.0112495707718562,0.0153440342462671,0.0575058659371149,0.0784360571789835,0.887367158362973,1.2103388069701
19.156834,51.367367,0.251593,"2021-06-18 09:24:52",415.031219,0.460514,0,51.360081,51.359951,51.374622,51.374756,19.144104,19.177124,19.169495,19.136475,1.121219,0.78,0.293105269959032,0.230779533051659,0.257254267325624,0.271242600961513,0.276212057239297,0.0231907727267402,0.0921757470467788,0.0174083023203267,0.0691923158447439,0.0289976021308523,0.115255997308559,0.90626376134398,3.60210244857361
19.158213,51.204014,0.001289,"2021-06-18 09:24:23",413.946594,0.540938,0,51.196514,51.196453,51.211483,51.211578,19.139008,19.171844,19.177399,19.144501,0.0365939999999796,0.78,0.00128683032423203,0.00130644198866334,0.00128704772567115,0.00128997054920804,0.00130487000562128,8.25892884250175e-06,0.00640723727114178,1.12217885922757e-05,0.00870580961386789,1.39333572707814e-05,0.0108094315521966,0.949217530410252,736.398394422228
19.15831,51.503792,0.701813,"2021-06-18 09:25:10",413.551666,0.477715,0,51.496246,51.496128,51.511326,51.511444,19.150604,19.183716,19.166168,19.132965,-0.358334000000013,0.78,0.728461979712812,0.733267079986793,0.686420366093776,0.706359050908566,0.729906065622582,0.0194325249705707,0.0276890353563851,0.0198647972060464,0.0283049718458427,0.0277890840937445,0.0395961375661956,0.915086801576642,1.30388978485244
19.159538,51.473827,0.821102,"2021-06-18 09:25:10",414.320435,0.489011,0,51.46661,51.466461,51.481106,51.481228,19.151276,19.184509,19.167633,19.134552,0.41043499999995,0.78,0.886957440805011,0.836793110060893,0.759293482108629,0.78191729349536,0.770992001025312,0.0496569469059234,0.0604759785092758,0.0354331200802529,0.0431531284545073,0.0610026095723725,0.0742935829804001,0.922633771599349,1.12365305601417
19.160067,51.296703,0.009314,"2021-06-18 09:24:23",414.845367,0.60861,0,51.289459,51.289429,51.303898,51.303936,19.140808,19.173798,19.179199,19.14621,0.935366999999985,0.78,0.00583219038130486,0.00609370559258294,0.0117153910479635,0.0112022274041693,0.0078317815859742,0.00276863498214567,0.297255205298011,0.00104808669175721,0.112528096602664,0.00296037588454563,0.317841516485466,0.989350744642858,106.221896568913
19.160664,51.443584,0.833596,"2021-06-18 09:25:09",414.518677,0.436637,0,51.43626,51.436352,51.450893,51.450821,19.152374,19.185364,19.168671,19.135834,0.608677,0.78,0.890832839014956,0.83390100910203,0.79743034295498,0.870895344680863,0.852775354628874,0.0363551266498957,0.0436124053497086,0.0135618517168584,0.0162690940417881,0.0388023073504658,0.0465480968604286,0.894738782452577,1.07334821958428
19.162373,51.189674,0.001116,"2021-06-18 09:24:05",414.481384,0.492688,0,51.182434,51.182423,51.19688,51.196918,19.14035,19.172943,19.184479,19.151764,0.571383999999966,0.78,0.00108311135960224,0.00112479631219176,0.0011097983060256,0.00108962995711148,0.0011197466500288,1.76827224392598e-05,0.0158447333685124,2.64928164209717e-06,0.00237390828144908,1.78800829439646e-05,0.016021579698893,0.922573284711679,826.678570530179
19.164188,51.219498,0.001903,"2021-06-18 09:24:23",414.750122,0.430447,0,51.212025,51.211933,51.22699,51.227062,19.144958,19.177856,19.18335,19.150452,0.840121999999951,0.78,0.00189051335520394,0.00187793416496165,0.00186688087268625,0.00189925284323932,0.00189934929746624,1.50342269928836e-05,0.00790027692742173,2.58143651771654e-06,0.00135650894257306,1.52542386164813e-05,0.00801588997187666,0.890889791187267,468.150179289158
19.164524,51.352242,0.173578,"2021-06-18 09:24:52",413.358459,0.53491,0,51.345093,51.344959,51.359386,51.359516,19.151703,19.184692,19.177246,19.144257,-0.551541000000043,0.78,0.167760013451359,0.165587404731728,0.171938295446047,0.194819222908154,0.179948725751466,0.0116711732393816,0.0672387816392723,0.00450478337994137,0.0259525019296303,0.01251037002186,0.0720734771794813,0.94587801404731,5.44929665076974
19.166826,51.41238,0.708209,"2021-06-18 09:24:53",415.987518,0.679266,0,51.405331,51.405209,51.419437,51.419514,19.154083,19.18692,19.179688,19.146637,2.077518,0.78,0.860012272540569,0.806829612263435,0.768033067096043,0.705016474590637,0.766469196059228,0.066149004059334,0.0934032242732499,0.0411961797067379,0.0581695229893124,0.0779282744610173,0.110035701976418,1.03724399960495,1.46460155067918
19.170088,51.235165,0.00263,"2021-06-18 09:24:23",414.807526,0.402186,0,51.227802,51.227726,51.242512,51.242599,19.150909,19.183777,19.18924,19.156311,0.897525999999971,0.78,0.00256777152762285,0.00264721785171738,0.00263251672242058,0.00264494336631782,0.00257591132275348,3.25832354093948e-05,0.012389062893306,3.82464704664248e-05,0.0145423842077661,5.02440019592702e-05,0.0191041832544754,0.877583945341105,333.682108494717
19.172249,51.336903,0.11433,"2021-06-18 09:24:52",414.717773,0.592787,0,51.329639,51.329525,51.344181,51.344315,19.159454,19.192505,19.184906,19.151886,0.807772999999997,0.78,0.0793677263510157,0.077475136359631,0.105737203123994,0.0853448730738436,0.0747079633740455,0.0165918610732119,0.145122549402711,0.0280170107826342,0.245053885967237,0.0325613689372392,0.284801617574033,0.98023296726649,8.57371614857421
19.174109,51.518738,0.689244,"2021-06-18 09:25:11",412.991302,0.505931,0,51.511719,51.511456,51.525665,51.52597,19.165771,19.19873,19.182373,19.149384,-0.918698000000006,0.78,0.642118817547747,0.737543752820747,0.697137686374954,0.733776388991431,0.651538940187134,0.0388087846142289,0.0563063075111701,0.0266615034787219,0.0386822423970639,0.047084578483613,0.0683133672307819,0.930904471088188,1.35061672076679
19.174528,51.205151,0.002146,"2021-06-18 09:24:05",413.228851,0.649309,0,51.197803,51.197758,51.212494,51.212555,19.152344,19.185059,19.196625,19.163849,-0.681149000000005,0.78,0.00211362451751019,0.00213798994345912,0.00215785399872918,0.00220718302213648,0.00214436644646555,3.4579576713201e-05,0.0161135026622558,1.15509678164089e-06,0.000538255723038626,3.45988637709262e-05,0.0161224901076077,1.01489022986631,472.921821932109
19.174652,51.397278,0.728397,"2021-06-18 09:24:53",417.062347,0.600107,0,51.389751,51.389637,51.404816,51.404934,19.162109,19.195038,19.187073,19.154236,3.15234699999996,0.78,0.78481354169316,0.753215042391334,0.73841076192048,0.681718611514499,0.709784152040772,0.0376849192698485,0.0517367853929224,0.0131612710091642,0.0180688155074283,0.0399170664622498,0.0548012505024729,0.984947604517089,1.35221260455094
19.175611,51.48867,0.768482,"2021-06-18 09:25:10",413.036133,0.516212,0,51.481731,51.481617,51.495571,51.495686,19.167175,19.200165,19.184265,19.151184,-0.873867000000018,0.78,0.794033111618344,0.750448717711158,0.797859376841533,0.785142268778644,0.773714403129874,0.0196533433637327,0.0255742403383979,0.00369986773503566,0.00481451450396451,0.0199985731148383,0.0260234763011213,0.93556120690772,1.21741460035202
19.175865,51.250622,0.003899,"2021-06-18 09:24:23",413.410522,0.44164,0,51.243145,51.243046,51.258045,51.258163,19.156647,19.189575,19.195068,19.162109,-0.499478000000011,0.78,0.003753989435253,0.00382773082075836,0.00395565384348078,0.00392765993058784,0.00380508270797855,8.17129003662322e-05,0.0209573994270921,6.64095540590447e-05,0.0170324580813144,0.000105295901898331,0.0270058737877228,0.896351438157616,229.892648924754
19.17664,51.458767,0.936825,"2021-06-18 09:25:10",413.012756,0.517004,0,51.451694,51.451538,51.465893,51.466034,19.168121,19.201385,19.184998,19.151733,-0.897244000000001,0.78,1.03205591079993,0.923755987815104,0.955207272468702,0.908247843713207,0.9346883572237,0.0483695074661452,0.0516313158446297,0.00151083459609497,0.00161271805950415,0.0483930973765292,0.0516564965458108,0.937035233003378,1.00022441011222
19.177599,51.428467,0.910417,"2021-06-18 09:25:09",413.499725,0.45683,0,51.421177,51.421265,51.435791,51.435696,19.169159,19.202118,19.185516,19.152527,-0.410275000000013,0.78,1.06956211191295,0.946954287426505,0.97238585643858,0.932964958473469,0.92375993625597,0.0618634982935555,0.0679507283954007,0.00943488070753619,0.0103632519027393,0.0625788254530411,0.0687364421501807,0.906095888024597,0.995253700254495
19.179699,51.321678,0.045323,"2021-06-18 09:24:52",415.371979,0.626781,0,51.314453,51.314301,51.328991,51.329113,19.166992,19.19989,19.192413,19.159363,1.46197899999999,0.78,0.0394684031089085,0.0374268211316997,0.0434898769176349,0.0460483473068861,0.0319804793592049,0.00375356842501888,0.0828181811667118,0.00943458682322769,0.208163334801926,0.0101538517049601,0.224033089269467,1.00067853113048,22.0788238009504
19.181639,51.265831,0.005496,"2021-06-18 09:24:23",414.488739,0.512306,0,51.258759,51.258636,51.272888,51.272995,19.162476,19.195435,19.200775,19.167816,0.578738999999985,0.78,0.00530849953369316,0.00669967447406416,0.00544854371007119,0.00547607144369965,0.00544160070829317,0.000571532531134991,0.10399063521379,3.84661080576445e-05,0.0069989279580867,0.000572825519346573,0.104225895077615,0.93319760274289,169.795779247251
19.182381,51.38213,0.705292,"2021-06-18 09:24:53",417.571533,0.672821,0,51.375233,51.375111,51.389084,51.389191,19.169403,19.202332,19.195251,19.162292,3.66153299999996,0.78,0.741116010027922,0.679997891172011,0.693422108449232,0.682322856074203,0.787007084435249,0.0248668490773254,0.0352575232348097,0.0577812903293959,0.0819253448633982,0.0629049894298093,0.0891899942574271,1.03201024013145,1.46323826178582
19.187403,51.281231,0.008195,"2021-06-18 09:24:23",414.513153,0.488632,0,51.273548,51.273438,51.288898,51.289013,19.168091,19.20105,19.206635,19.173676,0.603152999999963,0.78,0.00726094104174436,0.00720776173760578,0.00802472230771385,0.00779861049601342,0.0093577092490106,0.000445878702008517,0.054408627456805,0.000822159594523715,0.100324538685017,0.000935282960270419,0.1141284881355,0.920414094947603,112.314105545772
19.189894,51.367176,0.59237,"2021-06-18 09:24:53",416.905121,0.6093,0,51.359951,51.359814,51.3745,51.374619,19.177185,19.210083,19.202484,19.169586,2.99512099999998,0.78,0.722154721115293,0.645339191996423,0.673181815279766,0.60304818774401,0.609406244147935,0.0530387528383009,0.0895365275728023,0.0120464437629545,0.0203360125647053,0.0543895772182171,0.0918169002789086,0.991264200962577,1.67338690508057
19.191135,51.203888,0.00211,"2021-06-18 09:24:23",414.157471,0.703822,0,51.196453,51.196186,51.211216,51.211483,19.171936,19.204712,19.210205,19.17746,0.247470999999962,0.78,0.00207384841668882,0.0020907475674799,0.00213545311636681,0.0021786582462144,0.00209788588180938,4.10480124408658e-05,0.0194540343321639,8.56597512068254e-06,0.00405970384866471,4.1932269854059e-05,0.0198731136749095,1.05060240312038,497.915830862739
19.191513,51.50362,0.730466,"2021-06-18 09:25:11",412.52713,0.458807,0,51.496128,51.495895,51.511066,51.511326,19.183777,19.216705,19.199158,19.166229,-1.38287000000003,0.78,0.597358016681125,0.693263928190778,0.667892824908612,0.656265763565116,0.728782539828132,0.0491496581870963,0.0672853468704858,0.00119038610338529,0.00162962561349233,0.0491640714239935,0.0673050784348532,0.906267603507917,1.24067048090933
19.192007,51.427456,1.111157,"2021-06-18 09:24:53",413.425232,0.594904,0,51.420269,51.420227,51.434723,51.434727,19.179199,19.212189,19.204742,19.171692,-0.484768000000031,0.78,1.12397013907374,1.08435311251169,1.10654702179835,1.13275868302109,1.13739787813969,0.0184980294754842,0.0166475389845757,0.0185551028768647,0.0166989029244875,0.0262005522317167,0.023579523174238,0.981324226824777,0.883155329827178
19.19252,51.47377,0.914241,"2021-06-18 09:25:10",413.671265,0.478294,0,51.466461,51.466343,51.480988,51.481106,19.18457,19.217438,19.200684,19.167694,-0.23873500000002,0.78,0.860248158998942,0.85025646804804,0.936450294648148,0.829664440462648,0.908221335452122,0.0451410476194671,0.0493754356011895,0.00425654562227275,0.00465582447327646,0.0453412875954961,0.0495944587865738,0.916090051685323,1.00202249919367
19.193735,51.443501,1.024434,"2021-06-18 09:25:10",413.52478,0.55275,0,51.436352,51.436169,51.450733,51.450893,19.185425,19.218628,19.202026,19.168732,-0.385220000000004,0.78,1.08046139519298,0.990069148828803,0.986942193737314,0.984498694706604,1.00929244837639,0.0409223006299344,0.0399462538630448,0.0107066938307408,0.0104513261281262,0.0422997397348016,0.0412908393657391,0.956933555938777,0.934109523833431
19.195221,51.189556,0.00171,"2021-06-18 09:24:06",414.512451,0.589692,0,51.182423,51.182156,51.196629,51.19688,19.173004,19.205811,19.217285,19.18454,0.602450999999974,0.78,0.00165872403976453,0.00168349959858793,0.00175979091570887,0.00177658754984881,0.00168851781357284,4.98660906072655e-05,0.0291614564954769,1.51901996973584e-05,0.00888315771775344,5.21283911059764e-05,0.030484439243261,0.977822405951801,571.825968392866
19.197115,51.219345,0.002648,"2021-06-18 09:24:23",413.255249,0.612618,0,51.211933,51.21167,51.226715,51.22699,19.177917,19.210693,19.216156,19.183411,-0.654751000000033,0.78,0.00255555885709173,0.00260001142207846,0.00266930417569724,0.00271536707096282,0.00259985020078773,6.18560238289112e-05,0.0233595256151477,3.40470495357669e-05,0.0128576471056521,7.0607147414506e-05,0.026664330594602,0.991816928122004,374.553220589881
19.198723,51.312088,0.055711,"2021-06-18 09:24:23",414.294586,0.665285,0,51.304768,51.304638,51.319317,51.319485,19.179504,19.212433,19.217865,19.184906,0.384585999999956,0.78,0.0339862017437111,0.0371903482455516,0.0721740266428663,0.0470264352199379,0.0345594998788342,0.0154160083068642,0.276713904020107,0.0149563691679444,0.268463484194224,0.0214789732251135,0.385542769383309,1.02540990706927,18.4058786787038
19.199949,51.41227,1.133901,"2021-06-18 09:24:53",414.162811,0.530328,0,51.405209,51.40514,51.419392,51.419437,19.186981,19.21991,19.212738,19.179749,0.252810999999951,0.78,1.1867552954301,1.15708806081336,1.19369075799454,1.06692810320352,1.13244665185065,0.0510957668967979,0.045061929477792,0.00102837943861155,0.000906939352387509,0.05110611469327,0.0450710553154728,0.944594951576093,0.833048874263355
19.205345,51.336716,0.336624,"2021-06-18 09:24:53",415.887512,0.501654,0,51.329525,51.329327,51.344013,51.344181,19.192566,19.225403,19.217834,19.184967,1.97751199999999,0.78,0.382848342513711,0.293085659755961,0.368784268540116,0.374062579536481,0.332406369976494,0.036821145773848,0.109383602398664,0.00298231479015707,0.00885948354887671,0.0369417240746362,0.109741801162829,0.928127915049217,2.75716501214773
19.20734,51.205013,0.002129,"2021-06-18 09:24:06",414.641022,0.591027,0,51.197758,51.19751,51.212265,51.212494,19.18512,19.217865,19.22937,19.196686,0.731021999999996,0.78,0.00203288981638502,0.00207728785427966,0.00213300284634805,0.0021618800357634,0.00209891585931718,5.13491011365532e-05,0.024118882638118,2.12726998829919e-05,0.00999187406434564,5.55810934387208e-05,0.0261066667161676,0.97862807941437,459.665607991719
19.207716,51.397152,1.130916,"2021-06-18 09:24:53",415.313995,0.602068,0,51.389637,51.389542,51.404743,51.404816,19.195129,19.227997,19.220093,19.187164,1.40399499999995,0.78,1.26009456650902,1.11393076911959,1.16853470462298,1.14333744172685,1.25667471179656,0.0576218680938515,0.050951501343912,0.0889248379046322,0.0786308071551134,0.105961816136712,0.0936955672540771,0.9910165402772,0.876295445707019
19.208796,51.488495,0.661591,"2021-06-18 09:25:11",414.456238,0.545235,0,51.481617,51.481403,51.495342,51.495571,19.200226,19.233276,19.217255,19.184326,0.54623799999996,0.78,0.563147956497224,0.670171942152059,0.70439475865806,0.607576276405715,0.691114709086112,0.0558374080630583,0.0843986814558516,0.0208764149005686,0.0315548653179511,0.0596124218456286,0.0901046444791851,0.953538067443194,1.44128028864237
19.209549,51.45871,0.891206,"2021-06-18 09:25:10",414.127045,0.524145,0,51.451538,51.451427,51.465771,51.465893,19.201477,19.234344,19.217896,19.185059,0.217044999999985,0.78,0.795144592378432,0.883085073549803,0.837967159337441,0.853965008887927,0.815031100063424,0.0385238150121044,0.0432266109206002,0.0538637883013596,0.0604392119233484,0.066222292419249,0.0743063808134696,0.942079281715855,1.05708363915397
19.212723,51.321499,0.186091,"2021-06-18 09:24:53",414.351562,0.613136,0,51.314301,51.314117,51.328796,51.328991,19.199951,19.23291,19.225311,19.192474,0.441561999999976,0.78,0.151380299598569,0.216144247208625,0.212255440005997,0.250714551302262,0.180714064336441,0.037030790481276,0.198992914656141,0.00380206766970637,0.0204312281072506,0.0372254638954733,0.200039034104139,0.992835076766647,5.33521275487072
19.215439,51.382004,1.225504,"2021-06-18 09:24:53",415.221375,0.582086,0,51.375111,51.375,51.388988,51.389084,19.202393,19.235321,19.22821,19.195312,1.311375,0.78,1.19695330741227,1.22375241342457,1.22399543243287,1.12292646939562,1.21064711416242,0.0439618825553407,0.035872492097407,0.0105054047230672,0.00857231369548133,0.0451996752887121,0.0368825195908884,0.974303403484872,0.79502262210884
19.216005,51.173946,0.001286,"2021-06-18 09:24:06",415.188843,0.50357,0,51.166256,51.16626,51.181767,51.181736,19.193604,19.22641,19.238373,19.205536,1.27884299999999,0.78,0.00124026642402414,0.0012631816419535,0.00130782763970871,0.0013132865641097,0.00126083527814453,3.06499380119591e-05,0.0238335443327831,1.77941454706761e-05,0.0138368160736206,3.54408001203206e-05,0.0275589425507936,0.928430259177312,721.951990029014
19.220308,51.280987,0.023941,"2021-06-18 09:24:24",412.979858,0.566763,0,51.273438,51.273151,51.288605,51.288898,19.201111,19.233856,19.239471,19.206696,-0.930142000000046,0.78,0.011076151242766,0.0116803184029571,0.018406803977483,0.0158091563906914,0.0146392439784624,0.00528265256464804,0.220652962058729,0.00657733475977204,0.27473099535408,0.00843609807084342,0.352370330013091,0.964205095360764,40.2742197636174
19.222721,51.533379,0.283748,"2021-06-18 09:25:11",414.104462,0.636668,0,51.526134,51.526012,51.540569,51.540699,19.214508,19.24765,19.230988,19.197662,0.194461999999987,0.78,0.191105221024737,0.222554106149883,0.289156949864556,0.256514268338822,0.241816377695033,0.0416140622015131,0.1466585216513,0.0296501344779953,0.104494602527578,0.0510965815634922,0.180077327641048,1.00814532824959,3.55296012042231
19.22299,51.367069,1.284211,"2021-06-18 09:24:53",415.876404,0.542802,0,51.359814,51.359692,51.374386,51.3745,19.210144,19.243103,19.235474,19.202576,1.96640399999995,0.78,1.34612288241615,1.41919364905643,1.11238485710627,1.32248001249298,1.35344769034309,0.114280151551593,0.0889886097779827,0.0489577332485122,0.0381228110088702,0.124325430558223,0.0968107503815362,0.958379269333121,0.746278663968087
19.223919,51.203613,0.002206,"2021-06-18 09:24:24",414.568146,0.582885,0,51.196178,51.196033,51.21109,51.211216,19.204773,19.237549,19.243042,19.210266,0.658145999999988,0.78,0.00209075763954729,0.0021809010952299,0.00223512519840359,0.00223161579942481,0.00212997859912064,5.90544703430497e-05,0.0267699321591341,5.37552480770964e-05,0.0243677461818207,7.98564785307261e-05,0.0361996729513718,0.973732473322143,441.401846474226
19.224585,51.503067,0.384226,"2021-06-18 09:25:11",413.235168,0.523836,0,51.495895,51.495388,51.510609,51.511063,19.216766,19.249817,19.232239,19.199249,-0.674832000000038,0.78,0.336892238081865,0.368926504775272,0.410290551539021,0.397887791162746,0.42617142412514,0.0284412535338924,0.0740221992626537,0.0296598938386323,0.0771938750595542,0.0410927512476116,0.106949428845553,0.940474757290752,2.44771243302315
19.225239,51.427513,1.026142,"2021-06-18 09:24:54",413.258118,0.479514,0,51.420227,51.42017,51.43462,51.434723,19.21225,19.245422,19.237823,19.204803,-0.651882000000001,0.78,1.02744485559939,1.02189210214395,0.938780068642083,0.841873614951759,1.05796682566103,0.0814373358253479,0.0793626377493055,0.0225035500349939,0.0219302494537733,0.0844893450708902,0.0823368939882494,0.919495582168021,0.896070506974689
19.225666,51.473579,0.60134,"2021-06-18 09:25:10",413.571625,0.533005,0,51.466343,51.466156,51.480778,51.480988,19.217499,19.250671,19.233795,19.200745,-0.338375000000042,0.78,0.525256979729879,0.616216590315269,0.601124638032404,0.525327914490036,0.55743221751658,0.0447498835304678,0.0744169413816938,0.0310474907408902,0.0516305097630129,0.0544655740564266,0.0905736755519783,0.946287920657501,1.57363208942944
19.226746,51.443451,0.83802,"2021-06-18 09:25:10",413.4104,0.469509,0,51.436169,51.436062,51.450619,51.450733,19.218689,19.251587,19.234924,19.202087,-0.499600000000044,0.78,0.762525485659407,0.784991569681212,0.832565033511195,0.677761586555355,0.863042448692757,0.0650172071739585,0.0775843144244272,0.017693543152541,0.021113509406149,0.0673817386091533,0.0804058836413849,0.912895941375025,1.08934863293838
19.228018,51.189358,0.001642,"2021-06-18 09:24:06",413.714478,0.543603,0,51.182156,51.18219,51.196674,51.196629,19.205902,19.238739,19.250214,19.217346,-0.195522000000039,0.78,0.00161500433506669,0.00160573500529149,0.00168635588945133,0.00171288717466944,0.00163150963045644,4.60866524954662e-05,0.0280673888522937,7.41781144140408e-06,0.00451754655383927,4.66797971805586e-05,0.0284286219126423,0.950738777892226,579.012654014754
19.229897,51.219097,0.003597,"2021-06-18 09:24:24",414.403656,0.495864,0,51.21167,51.211536,51.226589,51.226715,19.210754,19.24353,19.249023,19.216248,0.493655999999987,0.78,0.00344664185496685,0.0034856107185156,0.00354864163387663,0.00360261478710282,0.00344061784240609,6.86335317556802e-05,0.0190807705742786,0.000110578884091237,0.030741975004514,0.000130147037185336,0.0361821065291453,0.924273294775009,256.956712475677
19.23163,51.311806,0.254808,"2021-06-18 09:24:24",414.540405,0.615603,0,51.30463,51.304348,51.319065,51.319317,19.212494,19.2453,19.250702,19.217926,0.630404999999996,0.78,0.248736000454235,0.212338295024177,0.303349629660916,0.310058586321355,0.344657180924605,0.0407398401901469,0.159884462772546,0.0635329651158452,0.249336618614193,0.0754729901032807,0.296195528018275,0.996525577114873,3.91088810835952
19.233145,51.412331,1.114863,"2021-06-18 09:24:54",413.713959,0.510948,0,51.40514,51.405117,51.419342,51.419399,19.219971,19.253235,19.245972,19.212799,-0.196041000000037,0.78,1.15817556317083,1.16365227835304,1.06275105427972,0.985170969349789,1.14574520870098,0.0744693811448,0.0667968899719517,0.0218370191904813,0.019587177250013,0.0776050522531551,0.0696094966405335,0.935676441318907,0.839274817909382
19.24012,51.204861,0.002535,"2021-06-18 09:24:06",414.103302,0.641856,0,51.19751,51.197567,51.212337,51.212265,19.217926,19.250793,19.262299,19.229431,0.19330199999996,0.78,0.00246421151871292,0.00251910810358392,0.00259906102374644,0.00261635924467999,0.00250295703881766,6.183976867788e-05,0.0243943860662248,2.26577951413298e-05,0.00893798624904528,6.58599473944534e-05,0.0259802553824274,1.01013817325826,398.476596946059
19.240259,51.518135,0.210498,"2021-06-18 09:25:11",414.003418,0.480792,0,51.511005,51.510921,51.525192,51.525311,19.231873,19.265076,19.248749,19.215607,0.0934179999999856,0.78,0.105594619571965,0.181187612535633,0.235513183055192,0.236317379850908,0.146513952793423,0.0542351349055228,0.257651544934027,0.0452435536675308,0.214935788784363,0.0706288114489193,0.335531983434139,0.918993675860007,4.36580716139824
19.240995,51.397224,1.446435,"2021-06-18 09:24:54",413.625671,0.665145,0,51.389542,51.389538,51.404724,51.404743,19.228088,19.261353,19.253418,19.220154,-0.284329000000014,0.78,1.40229931776149,1.48726394663156,1.26099176855901,1.25293837276353,1.46660099358869,0.107497216708691,0.0743187330980593,0.0142595108159271,0.00985838341572703,0.108438854885253,0.0749697393144198,1.03081368649908,0.71265814675328
19.241924,51.487991,0.311962,"2021-06-18 09:25:11",414.382721,0.519057,0,51.481403,51.480846,51.494827,51.495342,19.233337,19.266327,19.250366,19.217316,0.472720999999979,0.78,0.21748727373887,0.325183935269235,0.323787123998677,0.321771452989991,0.272231758075222,0.0464367476028934,0.148853859133142,0.0280935234831926,0.0900543126508761,0.0542735441042459,0.1739748562461,0.938491228962016,3.00835110994934
19.242853,51.458523,0.499588,"2021-06-18 09:25:10",412.755035,0.554821,0,51.451427,51.451221,51.46558,51.465771,19.234406,19.267456,19.251129,19.217957,-1.154965,0.78,0.387690511103067,0.486464329441658,0.466948721731171,0.489372421475148,0.461934750937895,0.045349994251782,0.0907747869279927,0.0266248677455204,0.0532936494581944,0.0525880743239674,0.105262885265393,0.958640624844422,1.9188623923001
19.243547,51.428322,0.764059,"2021-06-18 09:25:10",413.900513,0.459136,0,51.421082,51.420986,51.435497,51.435604,19.235443,19.268433,19.25174,19.218842,-0.00948700000003555,0.78,0.692698112341192,0.728179235015086,0.728628449194785,0.658459352114606,0.740302224178436,0.0401828951864195,0.0525913511736914,0.0167985772825565,0.0219859687308919,0.0435529248648216,0.0570020441678216,0.906147186587411,1.1859649406491
19.245777,51.321407,0.951231,"2021-06-18 09:24:53",419.207428,0.535482,0,51.314117,51.313992,51.328678,51.328796,19.232971,19.265961,19.258392,19.225372,5.29742799999997,0.78,1.0045070866609,1.10843415589193,0.97909894065273,0.89856536133254,1.04478190102775,0.0777912881503238,0.0817795973326393,0.0661504765028335,0.0695419687781764,0.10211449482634,0.107349839130916,0.951613546760259,1.00040215968598
19.248564,51.38205,1.428757,"2021-06-18 09:24:54",413.952667,0.50872,0,51.375,51.375011,51.388988,51.388988,19.235382,19.268585,19.261566,19.228271,0.0426669999999945,0.78,1.47381860708142,1.35304232460108,1.40642975999527,1.35340073327117,1.44784019254239,0.0515904007202218,0.0361085899983144,0.0134938548534125,0.00944447156053305,0.0533259183256887,0.0373232945320224,0.932759182192959,0.652846622758775
19.248938,51.174019,0.001276,"2021-06-18 09:24:06",415.9104,0.502053,0,51.16626,51.166233,51.181705,51.181767,19.226501,19.259277,19.271301,19.238434,2.00039999999996,0.78,0.00121926561590506,0.00122359771486881,0.0012848891582322,0.00130454034474568,0.00124099620120712,3.81771354989188e-05,0.0299193851872404,2.47514234937349e-05,0.0193976673148393,4.54986443739703e-05,0.0356572448071868,0.927608331613686,726.965777126713
19.253189,51.280827,0.02493,"2021-06-18 09:24:24",414.140259,0.664777,0,51.273151,51.273022,51.288422,51.288605,19.233948,19.266693,19.272339,19.239532,0.23025899999999,0.78,0.0242676589607848,0.0382741540001649,0.0239354648363182,0.0350007150425799,0.0288041209290394,0.00682333299805192,0.273699679023342,0.00273941718006049,0.109884363419995,0.00735270560329425,0.294934039442208,1.02488171122754,41.1103775061187
19.255884,51.533165,0.102513,"2021-06-18 09:25:12",414.493195,0.574494,0,51.526012,51.525837,51.540421,51.540569,19.247711,19.28067,19.264038,19.231049,0.583194999999989,0.78,0.047943273328014,0.0718171403544767,0.109715629567324,0.130649708935689,0.0773023809394651,0.0326539319480893,0.318534546331581,0.0178265996956151,0.173895990709618,0.037203049987577,0.362910557564182,0.969446967587386,9.45681979443959
19.256014,51.367077,1.531968,"2021-06-18 09:24:53",414.372833,0.574533,0,51.359692,51.359715,51.374393,51.374386,19.243164,19.276367,19.268768,19.235565,0.462832999999989,0.78,1.73302445315991,1.53621851010703,1.5619262368232,1.4341828687728,1.46928022104165,0.108536904057073,0.0708480229724595,0.0443269535989726,0.0289346471982265,0.117239662050262,0.0765287930624284,0.975824423985514,0.636974417210747
19.256687,51.203415,0.00283,"2021-06-18 09:24:24",414.545898,0.584713,0,51.196041,51.195755,51.210846,51.21109,19.23761,19.270203,19.275696,19.243134,0.635897999999997,0.78,0.00276330488347754,0.00278331334695665,0.0028697562013257,0.0029101064840953,0.00277738169915538,6.04505707670125e-05,0.0213606257127253,3.72067573417446e-05,0.013147264078355,7.0983197293057e-05,0.0250824018703382,0.974827829623064,344.462130608857
19.257595,51.503002,0.158428,"2021-06-18 09:25:11",413.490295,0.487026,0,51.495388,51.495327,51.510529,51.510609,19.249908,19.28302,19.265503,19.2323,-0.419705000000022,0.78,0.059714714009579,0.124506443937263,0.149152066110715,0.17595186304182,0.10790335933585,0.0452595092272924,0.285678726155051,0.0357263160306341,0.225505062429836,0.0576610165763326,0.363957233420435,0.921368068422504,5.81568957774196
19.258045,51.427219,0.499796,"2021-06-18 09:24:54",413.817169,0.564045,0,51.42017,51.419819,51.434296,51.43462,19.245514,19.278259,19.270874,19.237885,-0.0928310000000465,0.78,0.43254210045268,0.470143874917962,0.485685402788618,0.511722373895286,0.503019365841293,0.0307404758688587,0.0615060462045689,0.00227926384462337,0.00456038832768444,0.0308248584800854,0.0616748803113379,0.963066422384935,1.92691902773318
19.258804,51.473125,0.209245,"2021-06-18 09:25:11",413.362671,0.517789,0,51.466156,51.465549,51.480221,51.480778,19.250732,19.28363,19.266846,19.233887,-0.547329000000047,0.78,0.113381092215723,0.171877597778398,0.248491918498575,0.248044524491108,0.196390925282801,0.0570588761002926,0.272689316830952,0.00908920339840996,0.0434380912251665,0.0577782741196569,0.276127382349193,0.937999881386584,4.48278277323991
19.261011,51.189415,0.001892,"2021-06-18 09:24:06",413.843567,0.630647,0,51.18219,51.182125,51.196606,51.196674,19.2388,19.271637,19.283081,19.250305,-0.0664330000000177,0.78,0.00183961018172408,0.00187430428281227,0.00193485551323814,0.00198482604804032,0.00186596314681372,5.62372962430645e-05,0.0297237295153618,1.84108354487771e-05,0.00973088554375113,5.91742541199477e-05,0.0312760328329533,1.00305316016181,530.1549472314
19.263674,51.351936,2.19459,"2021-06-18 09:24:53",415.381592,0.612381,0,51.344685,51.344738,51.359158,51.359119,19.250793,19.284027,19.27655,19.243286,1.47159199999999,0.78,2.16652512313923,2.19010751591647,1.91788537775166,1.92475837063731,2.01686331353715,0.144148118344347,0.0656833934103168,0.125671745195697,0.0572643387583542,0.191238248169,0.0871407634997881,1.00994185809073,0.460196145107162
19.264547,51.311676,1.829752,"2021-06-18 09:24:24",419.749207,0.670035,0,51.30434,51.304153,51.318859,51.319073,19.245361,19.278107,19.283539,19.250763,5.83920699999999,0.78,1.67150784906436,1.80025998570083,1.57162099763751,1.57330402211132,1.62727388740254,0.122125813447467,0.0667444623355882,0.143173646459517,0.0782475693206059,0.188184503481876,0.102846999747439,1.0453517630806,0.571307894775139
19.266043,51.412064,0.458824,"2021-06-18 09:24:54",413.57666,0.518746,0,51.405117,51.404789,51.418991,51.419342,19.253296,19.286133,19.278778,19.246063,-0.333340000000021,0.78,0.461441446681014,0.443845711098412,0.565618345645406,0.554151484838758,0.461063226244953,0.0581414552185156,0.126718426277866,0.00158337206241715,0.00345093557097524,0.0581630112873697,0.126765407405388,0.938552261942836,2.04556052417231
19.268679,51.234402,0.008861,"2021-06-18 09:24:24",412.713959,0.348523,0,51.227322,51.227066,51.241657,51.242065,19.249542,19.282166,19.287842,19.255035,-1.19604100000004,0.78,0.00877301972503828,0.00886388104886757,0.00891990366851467,0.00896636877726207,0.00877986102828655,7.2573016452614e-05,0.00819016098099696,5.73739171170845e-05,0.00647488061359716,9.25127509178571e-05,0.0104404413630354,0.854323293658559,96.4138690507346
19.271284,51.336567,2.797491,"2021-06-18 09:24:53",414.872772,0.696212,0,51.329208,51.329285,51.34396,51.343903,19.258575,19.291809,19.284241,19.250977,0.962771999999973,0.78,2.48267911078439,2.81140590690958,2.71074659512084,2.52230452817534,2.57931208331977,0.1538539747155,0.0549971294690494,0.154275791496525,0.0551479134326171,0.217880851333102,0.0778843797292295,1.0679809054106,0.381763839601484
19.273064,51.204914,0.003417,"2021-06-18 09:24:06",414.709869,0.581606,0,51.197567,51.197491,51.212234,51.212337,19.250885,19.283661,19.295166,19.26236,0.799869000000001,0.78,0.00328957939974411,0.00335085084294663,0.00343984921108964,0.00346331980840756,0.00335327260709557,7.10355944811081e-05,0.0207888775186152,4.50620716700618e-05,0.0131876124290494,8.41228030113252e-05,0.0246189063539143,0.97296739221448,284.743164241873
19.273397,51.517918,0.064164,"2021-06-18 09:25:12",413.868317,0.506281,0,51.510921,51.510715,51.525009,51.525192,19.265137,19.298126,19.281738,19.24881,-0.0416830000000346,0.78,0.0238020802847758,0.0444759047152037,0.0565647615621167,0.0853567382968854,0.0339143746414816,0.0228688908814352,0.3564131114244,0.0213897152193609,0.333360065135604,0.0313130338247885,0.48801561350272,0.930430522418688,14.5008185652186
19.274855,51.487865,0.076687,"2021-06-18 09:25:11",412.866943,0.490878,0,51.48085,51.480808,51.494766,51.494823,19.266418,19.2995,19.283569,19.250427,-1.04305700000003,0.78,0.0516983880672947,0.0842765146197229,0.113440834076121,0.11784219625194,0.0698953570627469,0.0273602611355374,0.356778347510496,0.0048024167763294,0.0626236099512224,0.0277785366118946,0.362232668012761,0.922026495270227,12.0232437736543
19.275875,51.458107,0.154632,"2021-06-18 09:25:11",413.635345,0.506712,0,51.451221,51.450611,51.464977,51.46558,19.267517,19.300598,19.284088,19.251221,-0.274655000000052,0.78,0.0323561895996756,0.0973050691359752,0.152523403526713,0.147092316838131,0.113652048277887,0.0527632780215376,0.341218363738021,0.0289772017554034,0.187394599794373,0.0601966920116997,0.389290004731878,0.932084058802183,6.02775660149376
19.276863,51.428162,0.232874,"2021-06-18 09:25:10",413.593079,0.555379,0,51.420986,51.420792,51.435322,51.435497,19.268524,19.301666,19.285126,19.251801,-0.316921000000036,0.78,0.175066640968232,0.210107893573246,0.303485659862279,0.316431737475968,0.229767319278585,0.06071370546018,0.260714830595859,0.00219675500509405,0.00943323430307398,0.0607534341684311,0.260885432330063,0.95944609718538,4.12002240346874
19.278732,51.321335,3.08558,"2021-06-18 09:24:53",415.961945,0.696658,0,51.313992,51.314053,51.328754,51.328678,19.266022,19.299194,19.291748,19.258484,2.05194499999999,0.78,3.19026357043898,3.16157480346825,3.27368712808947,3.06924555580367,3.00381294133771,0.082976828317281,0.0268918090982185,0.0578180416577837,0.0187381437712792,0.10113397044879,0.0327763242076984,1.05069522171881,0.340517899947112
19.281548,51.381847,0.507446,"2021-06-18 09:24:54",413.801392,0.568569,0,51.375011,51.374699,51.38866,51.388988,19.268646,19.301453,19.294373,19.261627,-0.108608000000004,0.78,0.359238680645949,0.475760995643636,0.489430926173555,0.552329133923067,0.496375343202913,0.0718072116085773,0.141507099491527,0.00782813649340914,0.0154265409391524,0.0722326474660761,0.142345485955306,0.967929885436419,1.90745396640513
19.281794,51.173901,0.00154,"2021-06-18 09:24:07",414.185211,0.479005,0,51.166233,51.16605,51.18153,51.181705,19.259338,19.292114,19.304047,19.271362,0.275210999999956,0.78,0.00150869748403403,0.00154323217080878,0.00153544151302522,0.00157978204838932,0.00152235219221477,2.54138343767794e-05,0.0165024898550515,1.24788845580129e-05,0.00810317179091744,2.83122859822831e-05,0.0183846012871968,0.915339167099598,594.376082532207
19.285913,51.280556,0.312654,"2021-06-18 09:24:24",420.842377,0.540494,0,51.273022,51.272808,51.288288,51.288418,19.266754,19.29953,19.305176,19.2724,6.93237699999997,0.78,0.271025092888274,0.357355207983927,0.322925277241009,0.407778771536684,0.351704532911703,0.0513135182565293,0.164122378912566,0.0276128966308137,0.08831774623326,0.0582713412940458,0.186376445828442,0.950751972520808,3.04090775272604
19.288935,51.533188,0.024859,"2021-06-18 09:25:12",414.110474,0.530131,0,51.525837,51.526028,51.54063,51.540421,19.280731,19.313812,19.297211,19.264099,0.200473999999986,0.78,0.00451270224280299,0.0110438696928898,0.0334942073024719,0.0475099599018905,0.0131654407953798,0.0172540504118462,0.694076608546049,0.00826859500979331,0.332619775927966,0.0191330060118767,0.769661129244004,0.943294730760249,37.9458035625025
19.289127,51.366928,0.57337,"2021-06-18 09:24:54",414.275726,0.767561,0,51.359715,51.359402,51.374088,51.374393,19.276459,19.309174,19.301636,19.268829,0.365725999999995,0.78,0.414328121787914,0.484859790843416,0.585333986638766,0.580885255792687,0.546665886232542,0.0757042727931211,0.13203389223908,0.0188826599305466,0.0329327658066286,0.0780236615725509,0.136079079080787,1.09710417941333,1.91343143068756
19.289553,51.203327,0.003509,"2021-06-18 09:24:24",414.361786,0.509839,0,51.195755,51.19595,51.211018,51.210846,19.270264,19.303345,19.308868,19.275757,0.45178599999997,0.78,0.00350718956121829,0.00346935021886919,0.00357422079764358,0.00360309988628609,0.00349910292563568,5.45566358955437e-05,0.0155476306342387,6.99828839691811e-06,0.00199438255825537,5.50036595212116e-05,0.0156750240869796,0.931845378239546,265.558671484624
19.290865,51.502792,0.040817,"2021-06-18 09:25:12",412.990417,0.468098,0,51.495327,51.495102,51.510326,51.510529,19.283081,19.31601,19.298523,19.265564,-0.919583000000046,0.78,0.00706495933213912,0.0188375327687787,0.0592323547261266,0.071528751294843,0.0396534614155587,0.0269068325963179,0.659206521702181,0.000822746023230639,0.0201569449795585,0.0269194084516176,0.659514625073316,0.910077135277766,22.2965219216936
19.291258,51.426956,0.145914,"2021-06-18 09:24:54",413.32132,0.551345,0,51.419819,51.419689,51.434162,51.434296,19.27832,19.311646,19.304138,19.270935,-0.588680000000011,0.78,0.0604159180705679,0.112375419239274,0.146371685116997,0.147962090917944,0.140669182567118,0.0378261584627619,0.259235977786655,0.00370864597287628,0.0254166562007503,0.0380075297671673,0.26047897917381,0.955942404825731,6.55140976757358
19.291735,51.472927,0.062567,"2021-06-18 09:25:11",413.490112,0.520103,0,51.465549,51.465534,51.480183,51.480221,19.283661,19.316803,19.300049,19.266937,-0.419888000000014,0.78,0.0163641004436335,0.0315728163950215,0.0617048085613113,0.0624840372055949,0.0353308317365651,0.0216498022430648,0.346025896128387,0.0192588792726127,0.307812093797252,0.0289761689669439,0.463122236433645,0.937948159002938,14.9911000847562
19.293074,51.44289,0.082676,"2021-06-18 09:25:11",413.647552,0.532112,0,51.435886,51.43523,51.449802,51.450424,19.285034,19.317871,19.301147,19.268188,-0.262448000000006,0.78,0.0297806366085464,0.0543702529354012,0.10316024966602,0.0830765258798624,0.0337899715835996,0.0286848724903916,0.34695525291973,0.034567642198515,0.418109756138601,0.0449193031663958,0.543317325056798,0.94528351532276,11.4335903445106
19.293888,51.189274,0.002378,"2021-06-18 09:24:07",414.101501,0.613756,0,51.182125,51.181946,51.19643,51.196606,19.271698,19.304413,19.315796,19.283142,0.19150099999996,0.78,0.00237837592473145,0.00238022355858018,0.00240730934300995,0.00241653620352226,0.00241945231100581,1.84164441180109e-05,0.00774450972161938,2.93112102080621e-05,0.0123259925181085,3.46166500085294e-05,0.0145570437378172,0.99252024096958,417.376047506131
19.29558,51.218876,0.006126,"2021-06-18 09:24:24",414.567383,0.460664,0,51.211292,51.211472,51.22633,51.226334,19.276245,19.309357,19.315002,19.281769,0.657382999999982,0.78,0.00616210013420283,0.00620976162673661,0.00627390651413567,0.00625243123562267,0.00620241832481017,6.14446360982631e-05,0.0100301397483289,5.40359156801874e-05,0.00882075019265221,8.18249563925597e-05,0.0133569958198759,0.905876000118848,147.873979777807
19.296753,51.351807,0.555027,"2021-06-18 09:24:54",414.496185,0.570522,0,51.344738,51.344418,51.358841,51.359158,19.284088,19.316772,19.309296,19.276611,0.586185,0.78,0.366758474197436,0.450051164851173,0.54862307115817,0.591106135030381,0.453020752174316,0.0920786867219235,0.165899472857939,0.0721293095609367,0.129956397726483,0.116966327830584,0.210739888024517,0.973435398128798,1.75385233174025
19.297285,51.311417,3.039041,"2021-06-18 09:24:24",415.362183,0.669743,0,51.304153,51.304092,51.318848,51.318851,19.278198,19.311066,19.316559,19.2836,1.45218299999999,0.78,3.0275922906602,3.12430818048322,2.97877503455056,2.73622571261555,3.44088825992737,0.146625422850306,0.0482472670985043,0.284148922495876,0.0934995357074408,0.319749315529523,0.105213886725952,1.07665932905009,0.35427601307455
19.29917,51.411774,0.100811,"2021-06-18 09:24:54",414.097809,0.527217,0,51.404789,51.404606,51.418858,51.418991,19.286194,19.319336,19.312195,19.278839,0.187808999999959,0.78,0.0570488579977697,0.0789367540662572,0.12423110986912,0.169191053173952,0.0861506889816701,0.0432464804943027,0.428985730667315,0.0103664053353649,0.102830101232653,0.0444715688358437,0.441138058702361,0.942515509434047,9.34933201172538
19.305864,51.204781,0.003872,"2021-06-18 09:24:07",413.19577,0.518957,0,51.197491,51.197323,51.21204,51.212234,19.283752,19.316376,19.328003,19.295258,-0.714230000000043,0.78,0.00385649724310994,0.00383439916542771,0.00388681167508227,0.00384725609340588,0.00386263640319991,2.0561504495047e-05,0.00531030591297701,6.62106279364022e-06,0.00170998522563022,2.16012485661631e-05,0.00557883485696361,0.936865181504582,241.958982826597
19.306589,51.517914,0.020683,"2021-06-18 09:25:12",413.694275,0.49711,0,51.510715,51.510883,51.525196,51.525009,19.298187,19.331238,19.31488,19.281799,-0.21572500000002,0.78,0.00261368343580779,0.0066685049518648,0.0235321854155565,0.026326879144774,0.00724497985529123,0.0106251215591866,0.51371278630695,0.009502115170045,0.459416678917227,0.0142542415039276,0.689176691192168,0.925052179880061,44.7252419803733
19.30686,51.396652,0.109363,"2021-06-18 09:24:54",413.138611,0.52452,0,51.389206,51.389011,51.404209,51.4044,19.29422,19.327423,19.319519,19.286377,-0.771388999999999,0.78,0.0635663991637335,0.0676498107019806,0.105372371792521,0.123675954599469,0.0858403649560484,0.026769963021229,0.244780803573686,0.0166330147509545,0.152089964164795,0.031516473468068,0.288182232272963,0.940486320208786,8.59967557774372
19.308031,51.487648,0.029177,"2021-06-18 09:25:12",413.143341,0.521699,0,51.480808,51.480579,51.494537,51.494766,19.299591,19.33255,19.316559,19.28363,-0.766659000000004,0.78,0.0133705542254378,0.0188113884013902,0.025769305070362,0.0391489009513203,0.0231222866863269,0.00989251305570795,0.3390517550025,0.00428132884223872,0.146736430826977,0.0107792203434542,0.369442380760675,0.938448740311485,32.1639901398871
19.308817,51.457836,0.022533,"2021-06-18 09:25:11",413.935791,0.538325,0,51.450611,51.450596,51.464966,51.464977,19.300659,19.333679,19.317261,19.28418,0.0257909999999697,0.78,0.00930911111804022,0.0257374688660615,0.0431851045819687,0.0385852457466622,0.0337993548147909,0.0134806043437665,0.598260522068366,0.00796651588879235,0.35354883454455,0.0156586100557986,0.694919010153935,0.947860220546194,42.0654249565612
19.309963,51.427845,0.032859,"2021-06-18 09:25:11",413.835846,0.54148,0,51.420792,51.420166,51.434666,51.435318,19.301727,19.334625,19.318024,19.285187,-0.0741540000000214,0.78,0.0372894286111859,0.0371598216861338,0.0436189898514114,0.075885500567084,0.0323747525873195,0.0174892060759237,0.532250101218045,0.000342414629278423,0.0104207258065803,0.0174925577587862,0.532352103192009,0.949687622314277,28.9019027454967
19.31193,51.321274,0.438209,"2021-06-18 09:24:54",414.421295,0.633256,0,51.314053,51.31374,51.328426,51.328754,19.299255,19.331848,19.324371,19.291809,0.511294999999961,0.78,0.393236933038087,0.436533371209013,0.542766514425619,0.607304453537427,0.329794987124403,0.0883806568858864,0.201686083320713,0.0766602836799803,0.174940002784015,0.116995468311708,0.26698554413923,1.01148460252318,2.30822416363694
19.313288,51.265285,0.335444,"2021-06-18 09:24:25",414.71405,0.595538,0,51.257992,51.258087,51.272312,51.272259,19.293945,19.326935,19.332306,19.299316,0.804049999999961,0.78,0.244486349381242,0.262618530849679,0.397182497931296,0.478260166024456,0.310098309428138,0.0967632146075057,0.2884630955018,0.0179221096772196,0.053428022791344,0.0984089514041304,0.293369240183549,0.986280807458231,2.9402249181927
19.314522,51.381504,0.095701,"2021-06-18 09:24:54",414.624451,0.522384,0,51.374699,51.374462,51.388458,51.388657,19.301544,19.334595,19.327637,19.294464,0.714450999999997,0.78,0.0417754750443298,0.0772279765939037,0.11645145732298,0.11274825788023,0.058708943785327,0.0305407996981146,0.31912727869212,0.0261573337994292,0.273323515944758,0.0402112740123354,0.420176111141319,0.939628644738811,9.81837854085967
19.314573,51.173725,0.002016,"2021-06-18 09:24:07",414.516052,0.517153,0,51.16605,51.16592,51.181381,51.18153,19.292175,19.324982,19.337006,19.304108,0.606051999999977,0.78,0.001991030008085,0.00199662818895183,0.0020322578161599,0.00206061465188019,0.00197071630109275,2.82794038596279e-05,0.0140274820732281,3.20204105745263e-05,0.0158831401659356,4.27203859535137e-05,0.0211906676356715,0.935867099130016,464.219791235127
19.319103,51.28072,5.825327,"2021-06-18 09:24:25",413.750214,0.706752,0,51.272808,51.272873,51.288319,51.288288,19.299591,19.332581,19.338165,19.305267,-0.159785999999997,0.78,6.1452536275868,6.25818737195496,5.86711565159232,5.93664870065395,6.0158554852059,0.186902353309909,0.0320844397764982,0.134723983898293,0.0231272826226395,0.230397572709023,0.039551011077837,1.07748848300769,0.184966180097304
19.321981,51.366562,0.060886,"2021-06-18 09:24:54",415.18808,0.577617,0,51.359402,51.35915,51.373852,51.374084,19.309235,19.342316,19.334778,19.301697,1.27807999999999,0.78,0.0331257015429758,0.0532441407307479,0.112106090675239,0.0999511838096198,0.0712442198885082,0.0330763781169657,0.543250962733071,0.00732436752418551,0.120296415008138,0.0338776201786051,0.556410672052773,0.971179227453906,15.95078059741
19.322145,51.533333,0.005048,"2021-06-18 09:25:12",414.370819,0.474204,0,51.526031,51.52597,51.540558,51.54063,19.313904,19.346924,19.330475,19.297272,0.460818999999958,0.78,0.00119078040687188,0.0017933581903332,0.00213657171295824,0.00408225970329714,0.00346007339941011,0.00163769268187687,0.324424065348033,0.00112283366730361,0.222431392096595,0.00198564668677576,0.393353147142583,0.912838088824499,180.831634077753
19.32242,51.203316,0.003686,"2021-06-18 09:24:25",413.923004,0.507249,0,51.19595,51.195675,51.210712,51.211018,19.303406,19.335938,19.341492,19.308929,0.0130039999999667,0.78,0.00370886275203512,0.00364503888068489,0.00367284165831746,0.00366170044217645,0.00370398964537692,2.42220428359138e-05,0.00657136267930379,1.27206002371612e-05,0.003451058121856,2.73591123675186e-05,0.0074224396005205,0.930430840390365,252.422908407587
19.323883,51.502743,0.013897,"2021-06-18 09:25:12",413.621796,0.51132,0,51.495102,51.495239,51.510487,51.510326,19.316071,19.349182,19.331665,19.298584,-0.288204000000007,0.78,0.0037237608135154,0.00560542638077944,0.0290838422301864,0.0194927201461949,0.00309129314136874,0.0104058019500302,0.748780452617847,0.00764078859525215,0.54981568649724,0.0129097778672055,0.928961492926924,0.93274584146196,67.1185033792876
19.324436,51.426861,0.017009,"2021-06-18 09:24:55",414.439362,0.575208,0,51.419689,51.419537,51.434017,51.434162,19.311707,19.344574,19.337128,19.304199,0.529361999999992,0.78,0.00802927434709236,0.0120675563498912,0.021225211726607,0.0301588770196135,0.0117694670775698,0.00856410461036635,0.503504298334197,0.00370490925970056,0.217820522058943,0.00933114357407028,0.548600362988435,0.969201379231582,56.9816790658817
19.325071,51.472736,0.006197,"2021-06-18 09:25:11",413.072662,0.55557,0,51.465534,51.465317,51.479954,51.480183,19.316864,19.350037,19.333069,19.30011,-0.837338000000045,0.78,0.00491904051172098,0.00682685795611593,0.00953391279705634,0.0241395112453419,0.00533600351464882,0.00790519298623817,1.27564837602681,0.000608816453369604,0.0982437394496698,0.00792860224904508,1.27942589140634,0.957664287542155,154.536757712144
19.326065,51.442551,0.02549,"2021-06-18 09:25:11",414.20105,0.509758,0,51.43523,51.435215,51.449795,51.449802,19.317932,19.350891,19.33429,19.301208,0.291049999999984,0.78,0.00768199327519287,0.0240916874397869,0.0372564583725203,0.0291145027547735,0.0200396400906836,0.0108138285635118,0.424238076246049,0.00385398645178492,0.151196016154763,0.0114800740316239,0.450375599514472,0.931871778016574,36.5583278939417
19.328407,51.218781,0.004599,"2021-06-18 09:24:25",411.17337,0.515324,0,51.211472,51.211163,51.226181,51.22633,19.309418,19.341949,19.347504,19.315063,-2.73663000000005,0.78,0.00470809318328073,0.00462591215286222,0.00453848993363874,0.00452020067520073,0.00458953084915471,7.49903410012843e-05,0.0163057927813186,6.69570077478292e-06,0.00145590362574101,7.52886688177864e-05,0.0163706607562049,0.934857652610484,203.274114505432
19.329575,51.35144,0.039546,"2021-06-18 09:24:54",414.397583,0.541709,0,51.344418,51.34412,51.358582,51.358837,19.316833,19.349762,19.342438,19.309357,0.487582999999972,0.78,0.0228935500509327,0.0373414855801553,0.0727392608149633,0.0619497484734195,0.0317947773112998,0.0200992431585556,0.50824971320881,0.00548094212566693,0.138596624833534,0.0208331539170538,0.526808120089359,0.94988560415617,24.0197644301869
19.330494,51.311592,0.064473,"2021-06-18 09:24:25",413.480164,0.629919,0,51.304092,51.304031,51.31871,51.318848,19.311127,19.343994,19.349457,19.31662,-0.429836000000023,0.78,0.0298656448542277,0.027945380221536,0.055955031749188,0.124803067431017,0.0399721390693151,0.0392731910812411,0.609141672967615,0.0173247249089958,0.268712870643461,0.0429246972135629,0.665777879322552,1.00351406377383,15.5648731061659
19.332285,51.411667,0.014994,"2021-06-18 09:24:55",414.480255,0.506921,0,51.404606,51.404461,51.418701,51.418858,19.319397,19.352295,19.345093,19.312256,0.570254999999975,0.78,0.00863756184365274,0.0184509793879656,0.0144453648960223,0.0183837529892472,0.00921193089732994,0.00400455233446839,0.267076986425796,0.00408854027178722,0.27267842282161,0.00572298881298243,0.381685261636817,0.930269666732154,62.0427949001037
19.337166,51.336098,0.021261,"2021-06-18 09:24:54",414.84845,0.563864,0,51.328953,51.328632,51.343342,51.343632,19.324524,19.357391,19.349945,19.316986,0.938449999999989,0.78,0.0171163575815886,0.0302008277182649,0.0419201691595308,0.0349034069276027,0.0253443605275079,0.010053653158914,0.472868310940876,0.00288737191903031,0.135806026011491,0.0104600601546332,0.491983451137446,0.96252377807223,45.2718018001143
19.338734,51.204609,0.003499,"2021-06-18 09:24:07",414.200745,0.638109,0,51.197315,51.197186,51.211918,51.21204,19.316467,19.349304,19.36087,19.328064,0.290744999999959,0.78,0.00351717527905356,0.00354713233019386,0.00349621935268834,0.00346989838247567,0.0035293893507977,2.85686771351101e-05,0.00816481198488429,2.14885160249104e-05,0.00614133067302385,3.57480857417988e-05,0.0102166578284649,1.00776142869179,288.014126519518
19.339697,51.518066,0.003898,"2021-06-18 09:25:12",413.159119,0.505681,0,51.510883,51.510845,51.525143,51.525196,19.331299,19.364227,19.347961,19.314941,-0.750881000000049,0.78,0.00189502391374896,0.00148080518752197,0.00604567010970065,0.00330778547245938,0.00166045808124348,0.00181497632597798,0.465617323237038,0.00158218106394189,0.405895603884529,0.0024077865318497,0.617697930182068,0.929580050989146,238.476154691931
19.339994,51.396545,0.015143,"2021-06-18 09:24:55",413.308899,0.522279,0,51.389011,51.388866,51.404064,51.404209,19.327484,19.360352,19.352448,19.31958,-0.601101000000028,0.78,0.00925971396550697,0.0100547912211812,0.0150690797976599,0.0125548954788767,0.00947311493540296,0.00274007761555927,0.180946814736794,0.00400921417772489,0.264756929124011,0.00485611199028186,0.320683615550542,0.93872196930969,61.990488629049
19.340191,51.249844,0.00546,"2021-06-18 09:24:25",413.751404,0.515326,0,51.242268,51.242233,51.257275,51.257504,19.321411,19.35376,19.359283,19.32666,-0.158596000000045,0.78,0.00538615906198924,0.00542291042673963,0.00555128171766708,0.00552325568163526,0.00549584719385992,6.85227000226674e-05,0.0125499450590966,2.53477938648586e-05,0.00464245308880195,7.30607355028118e-05,0.0133810870884271,0.934858754900371,171.219552179555
19.341169,51.487572,0.006318,"2021-06-18 09:25:12",413.776428,0.506931,0,51.480579,51.480686,51.494678,51.494537,19.332611,19.365753,19.349701,19.31662,-0.133572000000015,0.78,0.00189253596232453,0.00435254660490013,0.00632295319142112,0.0106845572722153,0.00500854816295049,0.00322873756448665,0.511037917772499,0.000925922273614891,0.146553066415779,0.00335888051545501,0.531636675443972,0.930263576003767,147.240198797684
19.342125,51.457657,0.011693,"2021-06-18 09:25:11",412.41803,0.527791,0,51.450596,51.450359,51.464741,51.464966,19.333771,19.366821,19.350525,19.317352,-1.49197000000004,0.78,0.00484299670391776,0.0062739263765463,0.0197321494049762,0.0132810461734073,0.00809214369187422,0.00595908572041479,0.5096284717707,0.0025461899135541,0.21775334931618,0.00648026123695149,0.554200054472889,0.941809605741362,80.5447366579459
19.342896,51.42741,0.010272,"2021-06-18 09:25:11",413.562775,0.501354,0,51.420166,51.420109,51.43465,51.434666,19.334686,19.367645,19.351074,19.318115,-0.347225000000037,0.78,0.00579756618293322,0.00618181617953339,0.0177536561163651,0.0156391386495729,0.00821490906707838,0.00542818299392833,0.52844460610673,0.00145458294818624,0.141606595423115,0.0056196959142579,0.547088776699562,0.92724722393662,90.2693948536429
19.344501,51.320877,0.006407,"2021-06-18 09:24:54",414.211761,0.526524,0,51.31374,51.3134,51.328106,51.328419,19.331909,19.364746,19.3573,19.324432,0.301760999999999,0.78,0.00636160205597998,0.00641714014525991,0.0140141203878545,0.00646119235153469,0.014313918247307,0.00340007494074193,0.530681276844378,0.00559103551095843,0.872644843289906,0.00654371360065975,1.02133816148896,0.941100601829415,146.886312131952
19.345974,51.265076,0.005721,"2021-06-18 09:24:25",413.627075,0.629233,0,51.258087,51.257862,51.272091,51.272312,19.326996,19.359619,19.365051,19.332367,-0.282925000000034,0.78,0.00558641368864017,0.00567606040549869,0.00567731007716604,0.00572057808746752,0.00568401379285666,5.48617851207352e-05,0.00958954468112834,2.61531978814266e-05,0.00457143818937714,6.07766832433194e-05,0.0106234370290717,1.00216474293541,175.173001736657
19.347496,51.173584,0.002531,"2021-06-18 09:24:07",415.446716,0.591131,0,51.16592,51.165771,51.181255,51.181381,19.325043,19.35791,19.369873,19.337097,1.53671599999996,0.78,0.00254514756042965,0.00255973208845211,0.00249599966294353,0.00250697281654476,0.00250722923175281,2.63432380325259e-05,0.0104082331222939,1.68084714216019e-05,0.00664103967665031,3.12488544041078e-05,0.0123464458333101,0.97869089100568,386.681505731205
19.347673,51.381397,0.008906,"2021-06-18 09:24:55",413.281036,0.551376,0,51.374462,51.374325,51.388309,51.388458,19.334686,19.367554,19.360535,19.327698,-0.628964000000053,0.78,0.00852686051865737,0.00900314032599655,0.00919260927326195,0.00964267407077184,0.00871175389022947,0.000408691846516141,0.0458894954543163,0.000137352741437849,0.0154224951086739,0.000431155193624368,0.0484117666319748,0.955204522220661,107.25404471375
19.351786,51.280457,0.005388,"2021-06-18 09:24:25",414.490173,0.62635,0,51.272869,51.272644,51.288116,51.288319,19.332642,19.365326,19.370941,19.338226,0.580173000000002,0.78,0.00528260086388205,0.00537997316883451,0.00537599548100475,0.00533048763640395,0.00531696677388668,4.45296841770259e-05,0.00826460359632998,5.02280758742864e-05,0.00932221155795961,6.71249013328045e-05,0.0124582222221241,1.00035709974276,185.663901214321
19.35512,51.36644,0.008248,"2021-06-18 09:24:54",414.028046,0.511548,0,51.359146,51.359009,51.373707,51.373852,19.342377,19.375275,19.367737,19.334869,0.118045999999993,0.78,0.00721351043504573,0.00756115847402288,0.0086442325876054,0.0163791001864254,0.0116332159179167,0.00382587828690691,0.463855272418394,0.00239370913133954,0.29021691699073,0.00451300211297137,0.547163204773445,0.932792433230497,113.093166007577
19.355177,51.203125,0.003184,"2021-06-18 09:24:25",414.708679,0.572676,0,51.195675,51.195469,51.210545,51.210712,19.335999,19.368713,19.374237,19.341553,0.798678999999993,0.78,0.00321696020508553,0.00323275430848664,0.00316513128240296,0.00316756905305714,0.00325757266760281,3.02427453877327e-05,0.00949834968207684,5.20237321719307e-05,0.0163391118630436,6.01755129407635e-05,0.0188993445165715,0.967655829619753,303.912006790123
19.355412,51.533085,0.00091,"2021-06-18 09:25:13",414.065155,0.51439,0,51.525967,51.525494,51.540039,51.540558,19.346985,19.38028,19.363617,19.330536,0.155154999999979,0.78,0.000449129301770386,0.00149889122920235,0.000786302628550899,0.00144886930922705,0.000623000568982518,0.000448849707816232,0.493241437160695,0.000202939243869142,0.223010158097959,0.000492595571345192,0.541313814665046,0.934343253173263,1026.75082766293
19.357006,51.502907,0.00597,"2021-06-18 09:25:12",412.356049,0.481291,0,51.495239,51.495235,51.510452,51.510487,19.349243,19.382233,19.364655,19.331726,-1.55395100000004,0.78,0.00108684185038732,0.00153274770805388,0.00483108360384815,0.00522385726197965,0.00148051432226109,0.00225143239277283,0.377124353898297,0.00317454576676907,0.531749709676561,0.00389187469537988,0.651905309108857,0.916545783564381,153.525256878456
19.35738,51.42664,0.009813,"2021-06-18 09:24:55",412.547272,0.52549,0,51.419537,51.419338,51.433842,51.434017,19.344635,19.377655,19.370331,19.337189,-1.362728,0.78,0.00441140023629605,0.00474114893141419,0.00781548642286297,0.0121801897404347,0.00467614352125126,0.00331953869215567,0.338279699598051,0.00363230605010529,0.370152455936542,0.00492066909783111,0.501443910917264,0.940512601236353,95.8435342134263
19.357487,51.295845,0.005292,"2021-06-18 09:24:25",413.646423,0.624777,0,51.288731,51.288532,51.30299,51.303162,19.338409,19.371155,19.376587,19.343842,-0.263576999999998,0.78,0.00527751697063835,0.00526086102872088,0.00533361746724457,0.00535748475046372,0.00528306563269475,4.01363188920798e-05,0.00758433841498106,6.31755170715362e-06,0.00119379283959819,4.06304756774921e-05,0.00767771649234545,0.999372954096635,188.845985279032
19.358084,51.472614,0.006244,"2021-06-18 09:25:12",413.547577,0.516405,0,51.465317,51.465363,51.480061,51.479954,19.350128,19.382965,19.366272,19.33313,-0.362423000000035,0.78,0.00301156060682755,0.00226107715670454,0.00583557477004755,0.00621988085852898,0.00223298469694579,0.00192234470185625,0.307870708176849,0.00283621612023265,0.45423064065225,0.00342629990418561,0.548734770048945,0.935460241568841,149.817463415894
19.359304,51.44239,0.006509,"2021-06-18 09:25:11",413.224335,0.554551,0,51.435215,51.434967,51.449554,51.449795,19.350983,19.384064,19.367432,19.334381,-0.685665000000029,0.78,0.00609878771676616,0.00544053070454791,0.00712616682091324,0.0164597181425922,0.00464098853150989,0.00458761549055352,0.704811106245741,0.0013208835767036,0.20293187535775,0.0047739867314826,0.733443959361285,0.957052559972707,147.035268086143
19.361195,51.218624,0.003303,"2021-06-18 09:24:25",413.626709,0.608293,0,51.211163,51.210987,51.225986,51.226181,19.34201,19.374695,19.380249,19.347565,-0.28329100000002,0.78,0.00330198900431919,0.00334854865116376,0.00330368215295119,0.00331884111779891,0.00331108717595412,1.98835405447865e-05,0.00601984273229987,5.71849695780714e-06,0.00173130395331733,2.06895237270609e-05,0.00626385822799302,0.989151340431309,299.470584447868
19.362692,51.351292,0.005535,"2021-06-18 09:24:54",413.971832,0.506425,0,51.34412,51.343994,51.358448,51.358582,19.349823,19.382782,19.375397,19.342499,0.0618319999999812,0.78,0.0125413436472159,0.00543693616178121,0.00552122290003368,0.0211272711570079,0.00587249729952103,0.00691170343838841,1.24872690847126,0.000238646629123468,0.0431159221541947,0.00691582219506995,1.24947103795302,0.930007585572093,168.023050690532
19.365257,51.411457,0.005517,"2021-06-18 09:24:55",412.601807,0.554788,0,51.404461,51.404266,51.418507,51.418701,19.352356,19.385437,19.378174,19.345154,-1.30819300000002,0.78,0.0050927016691911,0.00552785495307553,0.00861592731012092,0.0059445744934963,0.0076548257218237,0.0014166942835208,0.256787073322604,0.00151167106489656,0.274002368116107,0.00207175580158619,0.375522168132353,0.957180242752691,173.496509471215
19.36713,51.234299,0.003654,"2021-06-18 09:24:25",413.957092,0.609775,0,51.226917,51.226719,51.24147,51.241688,19.348022,19.380707,19.38623,19.353516,0.0470919999999637,0.78,0.00363183424620868,0.00370516672103612,0.00375470114529581,0.00369899983284805,0.00374694654195381,4.78824228147693e-05,0.0131041113340912,6.5723130103379e-05,0.0179866256440555,8.13157810341757e-05,0.0222539083290027,0.990063410715322,270.953314372009
19.370247,51.335918,0.004596,"2021-06-18 09:24:54",413.701904,0.516695,0,51.328632,51.328533,51.343212,51.343342,19.357452,19.390533,19.382965,19.350006,-0.208096000000012,0.78,0.00446464685154816,0.00458301592119768,0.0047055683448692,0.00466357901858608,0.00455139074006946,9.18954308623155e-05,0.0199946542346204,3.15435102005981e-05,0.0068632528721928,9.71584440444877e-05,0.0211397832994969,0.93561409377198,203.571386808525
19.372904,51.517864,0.000644,"2021-06-18 09:25:13",413.932465,0.475138,0,51.510845,51.510395,51.52467,51.525135,19.364288,19.397644,19.381348,19.348022,0.0224649999999542,0.78,0.000414611316656533,0.000531992368040898,0.000740317097578408,0.000791959058520176,0.000562134204728819,0.000153661380055692,0.23860462741567,5.78878589834817e-05,0.089887979788015,0.000164203605131895,0.254974542130271,0.913321491046184,1418.20107305308
19.372948,51.396347,0.006007,"2021-06-18 09:24:55",412.953003,0.485635,0,51.388866,51.388645,51.40387,51.404064,19.360413,19.393372,19.38562,19.352509,-0.956997000000001,0.78,0.00563232270752128,0.00586721230408244,0.00609134920633591,0.00854120278517668,0.0058884947851523,0.00119412999659787,0.198789744730792,8.37958410247774e-05,0.0139496988554649,0.00119706649428838,0.199278590692255,0.918826853217292,152.959356287214
19.373032,51.249668,0.004264,"2021-06-18 09:24:25",413.805603,0.629218,0,51.242233,51.242016,51.257008,51.257275,19.353821,19.386536,19.39209,19.359344,-0.104397000000006,0.78,0.00414554154591861,0.00415516556456205,0.00423543299071132,0.00423536144886031,0.00423701300519772,5.32111518081512e-05,0.0124791631820242,1.90826870285384e-05,0.00447530183596116,5.65294226131778e-05,0.013257369280764,1.00215532464762,235.02704611811
19.375315,51.457516,0.001988,"2021-06-18 09:25:12",414.04718,0.496814,0,51.450359,51.450378,51.464787,51.464741,19.366913,19.399872,19.383423,19.350586,0.137180000000001,0.78,0.00164668128285742,0.0019451606798421,0.00455384817191012,0.00259171513270415,0.00484250652944857,0.00117416842660434,0.590627981189307,0.00201844092391436,1.01531233597302,0.00233511782515718,1.17460655188993,0.924786247395179,465.184229072022
19.376167,51.42728,0.003316,"2021-06-18 09:25:11",413.680084,0.426196,0,51.420109,51.419861,51.434402,51.43465,19.367706,19.400787,19.384216,19.351166,-0.229916000000003,0.78,0.00287954851234194,0.00313089412043709,0.00407090988611252,0.00343368175689831,0.00310448753992226,0.000446062881850899,0.134518360027412,0.000149561894826419,0.045103104591803,0.000470468760864308,0.141878395918066,0.888843772412709,268.046975999007
19.377676,51.32069,0.003794,"2021-06-18 09:24:54",413.677612,0.518021,0,51.3134,51.313313,51.327999,51.328106,19.364807,19.39798,19.390442,19.357361,-0.232388000000014,0.78,0.00369964380206654,0.00376417646540945,0.00384667675718311,0.00371178076414952,0.00372696120257584,6.04178681194224e-05,0.0159245830573069,4.74035882612147e-05,0.0124943564209844,7.6794654554433e-05,0.0202410792183534,0.936347030933734,246.796792549745
19.378851,51.26487,0.004283,"2021-06-18 09:24:25",414.543762,0.602819,0,51.257862,51.257599,51.271835,51.272091,19.35968,19.392426,19.397827,19.365112,0.63376199999999,0.78,0.00425192114850072,0.00429559956085738,0.00430756379799047,0.00438426212755331,0.00428098630157622,4.91868442464573e-05,0.0114842036531537,1.42389981071958e-06,0.000332453843268638,4.92074500212744e-05,0.0114890147142831,0.985794476137076,230.164481937211
19.380339,51.173458,0.00266,"2021-06-18 09:24:08",415.202942,0.577635,0,51.165771,51.165638,51.18111,51.181255,19.357971,19.390747,19.40274,19.369934,1.29294199999998,0.78,0.00267897681357344,0.00267840381391613,0.00264459109054508,0.00259921286353113,0.0026360442406077,3.29013788810244e-05,0.0123689394289565,1.69392799147686e-05,0.00636815034389796,3.70059446076384e-05,0.0139120092509919,0.970598884500925,364.886798684558
19.380592,51.381207,0.005304,"2021-06-18 09:24:55",412.775574,0.522456,0,51.374325,51.374084,51.388092,51.388309,19.367645,19.400513,19.393555,19.360596,-1.13442600000002,0.78,0.00511048422112944,0.00514350189025028,0.00542586795872293,0.00545934215345057,0.0052326615071186,0.00015891131165824,0.0299606545358673,5.04439320760659e-05,0.00951054526321,0.000166725508714885,0.0314339194409662,0.938807914183405,176.999983820401
19.384604,51.280293,0.003927,"2021-06-18 09:24:25",413.988007,0.558612,0,51.272644,51.272388,51.287872,51.288116,19.365387,19.398132,19.403748,19.371033,0.0780069999999569,0.78,0.00389279878432572,0.00386375377009579,0.00390106792961274,0.00391225341869973,0.00387851000124548,2.36853273996883e-05,0.00603140499100797,3.42876069390484e-05,0.00873124699237291,4.16729495432842e-05,0.0106119046456033,0.959399483156331,244.308500931075
19.38793,51.202881,0.002386,"2021-06-18 09:24:25",412.53537,0.558898,0,51.195469,51.195312,51.210434,51.210541,19.368774,19.401611,19.407135,19.374298,-1.37463000000002,0.78,0.00234863484297056,0.00237163826581176,0.00240563171027306,0.00237820559226967,0.00240387498403382,2.07986499075603e-05,0.00871695302077128,1.26395224239153e-05,0.00529736899577339,2.43380641194388e-05,0.0102003621623801,0.959566034724209,402.165144477875
19.388056,51.366257,0.004306,"2021-06-18 09:24:55",412.941467,0.524961,0,51.359009,51.358761,51.373474,51.373707,19.375336,19.408203,19.400696,19.367798,-0.968533000000036,0.78,0.00411747100194848,0.00424465486521439,0.00437073381740585,0.0045011595499898,0.00423961153879459,0.000142797101444762,0.0331623551892154,4.69437311108857e-05,0.0109019347679716,0.000150315421935464,0.0349083655214734,0.940204272547049,218.347485496296
19.390245,51.502739,0.000475,"2021-06-18 09:25:13",414.110779,0.493369,0,51.495235,51.494812,51.51001,51.510452,19.382294,19.415527,19.398071,19.364716,0.200778999999955,0.78,0.000307044710145398,0.00039093142487478,0.000526221333645524,0.000585022149198648,0.000394329606610121,0.00010995088391221,0.231475545078336,5.70425822069699e-05,0.120089646751516,0.000123867078184299,0.260772796177471,0.922937151437763,1943.02558197424
19.390306,51.29567,0.003364,"2021-06-18 09:24:25",413.296814,0.673201,0,51.288532,51.288284,51.302769,51.30299,19.371216,19.403961,19.409393,19.376648,-0.613186000000042,0.78,0.00332801127780856,0.00334674540292955,0.00339454324963075,0.00345721319648562,0.00337603889801109,5.0547203509072e-05,0.0150259225651225,8.51278642165513e-06,0.00253055482213292,5.12590217937121e-05,0.0152375213417694,1.03033955035633,306.284051830063
19.390661,51.426537,0.00232,"2021-06-18 09:24:55",413.997467,0.452948,0,51.419338,51.419224,51.433712,51.433838,19.377716,19.410797,19.40332,19.370392,0.0874669999999469,0.78,0.00209470476283963,0.00215066779895682,0.00242333271448819,0.00245165816862927,0.00222289742031331,0.000159957881568583,0.0689473627450789,6.86618925671657e-05,0.0295956433479162,0.00017407176499023,0.0750309331854439,0.901976674313133,388.783049272902
19.391087,51.472782,0.001186,"2021-06-18 09:25:12",413.6297,0.517895,0,51.465363,51.465424,51.480072,51.480061,19.383026,19.415924,19.399109,19.366333,-0.280300000000011,0.78,0.000714364228207519,0.000796835316330426,0.00203268322614798,0.00114143060385573,0.000825635896085028,0.000522508264231631,0.440563460566299,0.00025481590157449,0.214853205374781,0.000581331256587475,0.49016126187814,0.936277506389548,789.441405050209
19.392479,51.188831,0.002237,"2021-06-18 09:24:08",413.64859,0.611652,0,51.181671,51.181522,51.196117,51.196167,19.3703,19.403107,19.414124,19.381653,-0.261410000000012,0.78,0.0022886008758215,0.00227214848526,0.00226007115576282,0.00224052535863005,0.00227738257502588,2.1640906207405e-05,0.00967407519329684,2.85547926425743e-05,0.0127647709622594,3.58288292348231e-05,0.0160164636722499,0.991220545785702,443.102613225616
19.39566,51.351128,0.002904,"2021-06-18 09:24:55",414.176117,0.523766,0,51.343994,51.34375,51.358196,51.358448,19.382843,19.41568,19.408325,19.375488,0.266116999999952,0.78,0.00273509666687459,0.00279607411864828,0.0028923132239256,0.00292799646734264,0.00276470062362651,8.19979075260866e-05,0.0282361940516827,9.84995336487519e-05,0.0339185721930964,0.000128163235632057,0.0441333456033255,0.939537566668739,323.532219927252
19.398512,51.411343,0.002683,"2021-06-18 09:24:55",412.335815,0.550303,0,51.404266,51.404133,51.418396,51.418507,19.385529,19.418488,19.411316,19.378265,-1.574185,0.78,0.00246467424760976,0.00256753198018302,0.00273805004912172,0.0027943288368559,0.00258970250734206,0.000133058320629486,0.0495931124224696,6.59712897261315e-05,0.0245886282989681,0.000148515075857195,0.0553541095256036,0.954585467030442,355.790334338592
19.399982,51.234032,0.003347,"2021-06-18 09:24:25",412.694794,0.585252,0,51.226719,51.226746,51.241455,51.24147,19.380798,19.413574,19.419189,19.386292,-1.21520600000002,0.78,0.00327613506019343,0.00326982444861457,0.00333989833450383,0.0033832891285201,0.00327076957032439,4.87853242944478e-05,0.0145758363592614,5.39030537563882e-05,0.0161048860939314,7.27017680031134e-05,0.0217214723642406,0.975151223549223,291.350828667231
19.403296,51.335781,0.002182,"2021-06-18 09:24:55",413.744202,0.520645,0,51.328522,51.328297,51.342972,51.343212,19.390594,19.423431,19.415863,19.383026,-0.165798000000052,0.78,0.00211491365973628,0.00213592199367051,0.00217798421802148,0.00222728764274672,0.00214176135508421,4.37525739360379e-05,0.0200515920880101,2.84530186857125e-05,0.0130398802409315,5.21906313274516e-05,0.0239187127990154,0.937801268259359,429.78976547175
19.406227,51.396225,0.002713,"2021-06-18 09:24:55",413.497803,0.632002,0,51.388645,51.388531,51.403736,51.40387,19.393433,19.426483,19.418671,19.385681,-0.412197000000049,0.78,0.0025501494587951,0.00263419583873356,0.00271060437762526,0.00277106170742301,0.0025899810668106,8.54238583723607e-05,0.0314868626510729,8.69875218725597e-05,0.0320632222162034,0.000121918269921904,0.0449385440183943,1.00390564440492,370.035254111656
19.4074,51.487598,0.000629,"2021-06-18 09:25:13",413.731842,0.509193,0,51.480701,51.480316,51.494251,51.494675,19.398712,19.431946,19.416046,19.382812,-0.178158000000053,0.78,0.000169983504208265,0.000251949150876374,0.000332770947451613,0.000382389385060755,0.000246365625999458,0.000174036650908199,0.276687839281715,0.000270563360570853,0.430148426980688,0.000321703726964323,0.511452666080005,0.93149214421931,1480.90960925169
19.408144,51.457672,0.000704,"2021-06-18 09:25:12",413.97168,0.516156,0,51.450378,51.450451,51.464844,51.464787,19.399933,19.432739,19.416382,19.383484,0.0616799999999671,0.78,0.000570035947362973,0.000649105307745568,0.000764612951307548,0.000759741573760411,0.000645890287550504,8.1684568875799e-05,0.116029217153124,4.10897717258389e-05,0.0583661530196576,9.14370719834505e-05,0.129882204521947,0.935316537166289,1328.57462665666
19.40913,51.427059,0.001449,"2021-06-18 09:25:12",413.489838,0.427032,0,51.419861,51.419811,51.434376,51.434402,19.400848,19.433868,19.417236,19.384277,-0.420162000000005,0.78,0.00134161663178508,0.00137904883509057,0.00156070890039521,0.00152533483224085,0.00138105530172035,9.31494778451236e-05,0.0642853539303821,4.80441568992144e-05,0.0331567680463868,0.000104809666705774,0.0723324131854896,0.889244814440358,613.695524113428
19.410801,51.320576,0.001818,"2021-06-18 09:24:55",413.096191,0.597501,0,51.313313,51.313099,51.32777,51.327999,19.398041,19.430939,19.42337,19.390503,-0.813809000000049,0.78,0.00173970640365589,0.00178536120541139,0.00182637757800024,0.00183537970390551,0.00180674607667019,3.9103887984873e-05,0.0215092893206122,7.95772550146205e-06,0.00437718674447858,3.99053812247185e-05,0.0219501546890641,0.982551498188995,540.457369740922
19.413265,51.173298,0.001873,"2021-06-18 09:24:08",413.044983,0.602177,0,51.165638,51.165508,51.181004,51.18111,19.390808,19.423553,19.435486,19.402802,-0.865017000000023,0.78,0.00188459843084216,0.00189515285742793,0.0018955907167618,0.00188307923728719,0.00191124621072266,9.41870362740972e-06,0.0050286725186384,2.70441549566824e-05,0.0144389508578123,2.86373583862414e-05,0.0152895666771177,0.985402019558058,526.108926619358
19.413845,51.381069,0.002336,"2021-06-18 09:24:55",413.220825,0.482756,0,51.374084,51.373993,51.38797,51.388092,19.400574,19.433746,19.426697,19.393646,-0.689175000000034,0.78,0.00219176646795697,0.00223663776233061,0.00235431799390531,0.00244426125919114,0.00225718328609935,9.9992052372245e-05,0.0428048169401734,5.57318328699898e-05,0.0238578051669477,0.000114474659783999,0.0490045632636981,0.917307673924321,392.683079590891
19.417519,51.280121,0.002341,"2021-06-18 09:24:26",414.491608,0.584072,0,51.272388,51.272442,51.287903,51.287872,19.398193,19.431152,19.436859,19.403839,0.58160799999996,0.78,0.00227561409360994,0.00223520243858611,0.00237105127526193,0.0023698898906523,0.0022996251233857,6.05938916386071e-05,0.0258837640489565,2.92564558247283e-05,0.0124974181224811,6.72871452161224e-05,0.0287429069697233,0.97444348512962,416.250954775574
19.423283,51.295502,0.001699,"2021-06-18 09:24:26",413.973755,0.599981,0,51.288284,51.288319,51.30283,51.302769,19.404022,19.437042,19.442505,19.409454,0.0637549999999578,0.78,0.00162907824386699,0.00166291612786879,0.00172113262575548,0.00176432830180169,0.00166824565684348,5.21535156124869e-05,0.0306965954164137,2.17466045969133e-05,0.0127996495567471,5.65057873340104e-05,0.0332582621153681,0.984061585244493,579.200462180396
19.423708,51.426434,0.000999,"2021-06-18 09:24:56",413.503784,0.558224,0,51.419224,51.419064,51.433552,51.433712,19.410858,19.443787,19.436401,19.403381,-0.406216000000029,0.78,0.00090377061339418,0.000966372776144023,0.00102100595798274,0.00104935724768389,0.000940795510462668,5.59852275063509e-05,0.056041268775126,4.1156789247349e-05,0.0411979872345835,6.94854445196155e-05,0.0695549995191347,0.959173622971476,960.133756728204
19.424236,51.472652,0.000167,"2021-06-18 09:25:12",413.634674,0.536767,0,51.465424,51.465069,51.479694,51.480072,19.415985,19.44928,19.432495,19.39917,-0.275326000000007,0.78,0.000108495952773723,0.000131286723343664,0.000204199174795695,0.000233022738331976,0.000137995311071026,5.10507730799085e-05,0.3056932519755,2.05094122278839e-05,0.122810851663975,5.50165195372225e-05,0.329440236749835,0.946846774993619,5669.74116762646
19.425266,51.188713,0.001537,"2021-06-18 09:24:08",413.863373,0.487935,0,51.181522,51.181427,51.195866,51.196117,19.403198,19.435822,19.447388,19.414185,-0.0466270000000009,0.78,0.00148318666147897,0.00153423074406771,0.0015471480321346,0.00157975595635532,0.00153633614164954,3.47559063789653e-05,0.0226128213265877,4.69418741357482e-07,0.000305412323589773,3.4759076256111e-05,0.0226148837059928,0.920043784519625,598.597127208604
19.428844,51.350956,0.001419,"2021-06-18 09:24:55",413.693634,0.500791,0,51.34375,51.343658,51.358112,51.358196,19.415741,19.449005,19.441589,19.408386,-0.21636600000005,0.78,0.00133149933939277,0.00140604904406594,0.00144580501184104,0.00149373002091957,0.00138459635519844,5.94284081786742e-05,0.0418804849744004,2.43270505367163e-05,0.017143798827848,6.42148042624678e-05,0.0452535618481098,0.926925903082086,653.2247379014
19.428993,51.310997,0.001287,"2021-06-18 09:24:26",414.327423,0.672526,0,51.303638,51.303699,51.318409,51.31834,19.409698,19.442749,19.448273,19.415222,0.417422999999985,0.78,0.00122778984874809,0.00126526915904986,0.00130960873281511,0.00138186189149959,0.00127989822587542,5.74915687592586e-05,0.0446709935969375,5.02171264194568e-06,0.00390187462466642,5.77104676489355e-05,0.0448410782043011,1.02989864744377,800.232049295855
19.433044,51.23407,0.002454,"2021-06-18 09:24:26",414.93454,0.472301,0,51.226746,51.226406,51.241146,51.241455,19.413635,19.446594,19.452118,19.41925,1.02454,0.78,0.002321189118011,0.00237184235107862,0.0024445317774328,0.0024901532953002,0.00238985339745844,6.83651693590817e-05,0.0278586672204897,4.53584976472155e-05,0.0184834953737634,8.20438278623589e-05,0.0334326926904478,0.911848803986818,371.576529741979
19.439219,51.396107,0.001045,"2021-06-18 09:24:56",413.58252,0.449482,0,51.388531,51.388397,51.403606,51.403736,19.426544,19.459564,19.451752,19.418732,-0.327480000000037,0.78,0.000980056120405026,0.00101050892301813,0.00108898238437847,0.00110631483026604,0.00101902934483852,5.26650434834487e-05,0.0503971707975585,1.83640263765399e-05,0.0175732309823348,5.57749430288529e-05,0.0533731512237827,0.900241118498175,861.474754543708
19.441282,51.457554,9.2e-05,"2021-06-18 09:25:12",413.110779,0.564516,0,51.450451,51.450146,51.464497,51.464844,19.4328,19.466064,19.449738,19.416443,-0.799221000000045,0.78,5.07050771898221e-05,6.92876054675473e-05,0.000106446590911058,0.000124916081303358,6.85633741200314e-05,2.94019007477758e-05,0.319585877693215,1.65721970878579e-05,0.180132577041934,3.3750696050613e-05,0.366855391854489,0.962849061584997,10465.7506694021
19.442219,51.427204,0.000521,"2021-06-18 09:25:12",413.989502,0.43181,0,51.419811,51.419926,51.43449,51.434376,19.433929,19.466827,19.450226,19.417297,0.0795019999999909,0.78,0.000471825070044917,0.000488063580503168,0.000544774043616905,0.000566273792909236,0.000500035044322807,3.89992687933157e-05,0.0748546425975348,1.48244623266186e-05,0.0284538624311298,4.17217886683519e-05,0.0800802085764912,0.891549144938577,1711.22676571704
19.443796,51.320354,0.000944,"2021-06-18 09:24:55",414.087067,0.55756,0,51.313099,51.312962,51.327652,51.32777,19.431,19.464111,19.456573,19.423431,0.177066999999965,0.78,0.000902460253998701,0.000917472197088112,0.000968171568873661,0.00100049574544805,0.000911198721299897,3.9285996242489e-05,0.0416165214433146,2.31940066004327e-05,0.0245699222462211,4.56218307715262e-05,0.0483282105630574,0.958787336003846,1015.66455085153
19.444738,51.264637,0.001348,"2021-06-18 09:24:26",413.517395,0.486486,0,51.25761,51.257313,51.271603,51.271885,19.425537,19.458374,19.463806,19.430939,-0.392605000000003,0.78,0.00127818766872594,0.0013091729380043,0.00136135807462887,0.00142228341618904,0.0013406033233937,5.47484795180791e-05,0.0406145990490201,5.23024018655868e-06,0.00388000013839665,5.49977401531247e-05,0.0407995104993507,0.919276145247309,681.955597364473
19.44689,51.380951,0.000897,"2021-06-18 09:24:56",413.891876,0.525086,0,51.373989,51.373871,51.387844,51.38797,19.433807,19.466827,19.459747,19.426758,-0.0181240000000003,0.78,0.000848837577542584,0.000862967582688888,0.000920112675927702,0.000961352165671198,0.000849271863813963,4.51322135404916e-05,0.0503146193316518,3.37488887505418e-05,0.0376241792090767,5.63551611741195e-05,0.0628262666378143,0.940274061416087,1048.24310079831
19.453865,51.202629,0.001172,"2021-06-18 09:24:26",415.015533,0.613699,0,51.19524,51.195129,51.210155,51.210453,19.43454,19.467499,19.473145,19.439941,1.10553299999998,0.78,0.00111539977215978,0.00114005378059431,0.00117975969900085,0.00118596977040086,0.0011408268144187,2.99441665181692e-05,0.0255496301349567,2.2042770915724e-05,0.0188078250134164,3.71824805265993e-05,0.031725665978327,0.992484994336709,846.830199945997
19.454279,51.365974,0.000712,"2021-06-18 09:24:55",413.417908,0.519709,0,51.358669,51.35854,51.37326,51.373379,19.441498,19.474426,19.46701,19.43399,-0.492092000000014,0.78,0.000672249065263569,0.00068650210499928,0.000746458969212335,0.00078356186905341,0.000681398829113557,4.52943975221843e-05,0.0636157268570005,2.16382954460521e-05,0.0303908643905227,5.01975923397557e-05,0.0705022364322412,0.937281946481846,1316.40722820484
19.456263,51.295376,0.000705,"2021-06-18 09:24:26",414.133911,0.511999,0,51.288319,51.288036,51.302521,51.30283,19.437134,19.469971,19.475464,19.442566,0.223910999999987,0.78,0.000676971799955207,0.000691000536655876,0.000711707169137897,0.000737076635411878,0.000682409308658035,2.26569917731351e-05,0.0321375769831704,1.59740310395957e-05,0.0226582000561641,2.77219938651945e-05,0.039321977113751,0.933028926009001,1323.44528511915
19.456629,51.426144,0.000213,"2021-06-18 09:24:56",414.341705,0.530872,0,51.419064,51.418728,51.433193,51.433552,19.443848,19.476715,19.469238,19.436462,0.431704999999965,0.78,0.000180987087313152,0.000206832311257865,0.000230001914672184,0.000245761333391988,0.000204443974518744,2.4486759129383e-05,0.114961310466587,6.05002363780101e-06,0.0284038668441362,2.52230878101468e-05,0.118418252629797,0.943517398366455,4429.65914726035
19.458239,51.442242,3e-05,"2021-06-18 09:25:12",414.029144,0.481354,0,51.435047,51.434769,51.449341,51.449642,19.450134,19.483093,19.466644,19.433411,0.119143999999949,0.78,1.47154009947054e-05,1.8384204277475e-05,3.92705783631367e-05,4.29435267861202e-05,1.51775680311495e-05,1.24261007949731e-05,0.414203359832436,1.04810421588505e-05,0.349368071961682,1.6256082729318e-05,0.5418694243106,0.916570604798267,30552.3534932756
19.459948,51.218136,0.001136,"2021-06-18 09:24:26",414.778168,0.516861,0,51.210903,51.210602,51.225643,51.225681,19.440399,19.473602,19.479187,19.446198,0.868167999999969,0.78,0.00112979680673305,0.00114096984464143,0.00115532902902455,0.00119459468318414,0.00113566741424879,2.59511312356752e-05,0.022844305665207,2.35173640006716e-07,0.000207019049301687,2.59521968059005e-05,0.0228452436671659,0.935705773197172,823.684659504552
19.461842,51.350822,0.000533,"2021-06-18 09:24:55",414.831573,0.541717,0,51.343658,51.343506,51.357975,51.358112,19.449066,19.481812,19.474548,19.44165,0.921572999999967,0.78,0.000512700387550522,0.000532850030222622,0.000558891496341469,0.000584761995330998,0.000532647245844249,2.7871639029699e-05,0.0522920056842382,2.49434855623338e-07,0.00046798284357099,2.78727551553311e-05,0.0522940997285763,0.949661681266487,1781.72923314538
19.464575,51.410973,0.000453,"2021-06-18 09:24:56",413.843353,0.498319,0,51.404003,51.403671,51.417896,51.418232,19.45166,19.484497,19.477264,19.444397,-0.0666470000000459,0.78,0.000416068101148994,0.000438748937961815,0.000459942909245529,0.000474547892204717,0.000428102992777533,2.22294104128652e-05,0.0490715461652652,1.76048426382569e-05,0.0388627872809202,2.83562545414832e-05,0.0625965883917951,0.92559268934293,2043.25096985194
19.465967,51.23381,0.000774,"2021-06-18 09:24:26",414.227783,0.634762,0,51.226406,51.226376,51.24115,51.241146,19.446655,19.479675,19.485199,19.452179,0.317782999999963,0.78,0.000768691265403046,0.000770768313479238,0.00080067347142518,0.000812103843025479,0.000774539466207628,1.98083679137218e-05,0.0255922066068757,3.81460213634811e-07,0.00049284265327495,1.98120405637569e-05,0.0255969516327608,1.00564546289262,1299.28354378892
19.469406,51.335449,0.000282,"2021-06-18 09:24:55",414.252167,0.46875,0,51.328175,51.328049,51.342728,51.34288,19.456696,19.489594,19.482025,19.449249,0.342166999999961,0.78,0.000255453955215387,0.000268718596415386,0.00028139597101889,0.000288242089153586,0.000281328859649463,1.31018495816601e-05,0.046460459509433,4.74567892992639e-07,0.00168286486876822,1.31104415312951e-05,0.0464909274159399,0.910014594757625,3227.00210906959
19.470217,51.204052,0.000497,"2021-06-18 09:24:08",413.444275,0.578523,0,51.196751,51.196651,51.21133,51.211487,19.448029,19.480652,19.492432,19.459595,-0.46572500000002,0.78,0.000471109188466556,0.000481464095908368,0.000497624012522184,0.000509028589894328,0.000486756498594616,1.49263599555503e-05,0.0300329174155942,7.243249306841e-06,0.0145739422672857,1.65909879767212e-05,0.0333822695708677,0.971127623849853,1953.97912243431
19.471869,51.249268,0.000235,"2021-06-18 09:24:26",412.223663,0.711554,0,51.241684,51.241684,51.256714,51.256725,19.452515,19.485535,19.491089,19.458069,-1.68633700000004,0.78,0.000223060889635659,0.000227064607199603,0.000237278110783726,0.000246501323214631,0.000233690818608772,9.15905379925039e-06,0.0389746970180868,9.2573103954056e-07,0.00393928101932153,9.20571803039458e-06,0.039173268214445,1.05579784760187,4492.75679830584
19.472181,51.395851,0.000129,"2021-06-18 09:24:56",413.427673,0.501934,0,51.388397,51.388081,51.403275,51.403606,19.459625,19.492523,19.48465,19.451813,-0.482326999999998,0.78,0.000123447275398669,0.000125829554085883,0.000137169045399298,0.000132985076553404,0.000126935746601748,5.50327925222523e-06,0.0426610794746142,1.45964757599135e-06,0.011315097488305,5.6935624677411e-06,0.0441361431607838,0.927543929088222,7190.26301618777
19.475052,51.427101,1e-06,"2021-06-18 09:25:12",413.711975,0.450719,0,51.419926,51.419682,51.434204,51.43449,19.466888,19.499847,19.483246,19.450287,-0.19802500000003,0.78,0,0,3.10678257943575e-06,6.72689930072599e-07,6.63683012938741e-10,1.27827405552148e-06,1.27827405552148,7.0663748642754e-07,0.70663748642754,1.46058929827791e-06,1.46058929827791,0.900859376908035,900859.376908035
19.476873,51.320229,0,"2021-06-18 09:24:55",414.068024,0.563159,0,51.312962,51.312801,51.327515,51.327652,19.464172,19.496887,19.489471,19.456635,0.158023999999955,0.78,2.02796844284264e-07,3.78599014664352e-07,1.47780054867262e-06,5.21040168326945e-06,1.46232243601848e-06,2.17642095284979e-06,Inf,1.0340181107899e-06,Inf,2.40956461159378e-06,Inf,0.962054083348128,Inf
19.47773,51.264507,1e-06,"2021-06-18 09:24:26",414.284363,0.547911,0,51.257313,51.257298,51.271542,51.271603,19.458435,19.491455,19.496887,19.463867,0.37436299999996,0.78,3.00139409579708e-07,3.02102110299532e-06,4.72349286568974e-06,5.53644643588389e-06,3.32363657924441e-06,2.27258563103385e-06,2.27258563103385,1.64305918219683e-06,1.64305918219683,2.80433395418285e-06,2.80433395418285,0.953208510205854,953208.510205854
19.479792,51.380703,3e-06,"2021-06-18 09:24:56",412.51416,0.627955,0,51.373871,51.373547,51.387527,51.387844,19.466919,19.499695,19.492706,19.459839,-1.39584000000002,0.78,0,1.57190590401842e-06,2.13453081237516e-06,5.97509225321964e-06,1.09333805738742e-06,2.21159456010389e-06,0.737198186701296,1.34821358905167e-06,0.44940452968389,2.59014099615922e-06,0.863380332053074,1.00136281238705,333787.604129018
19.483561,51.279926,0,"2021-06-18 09:24:26",414.153046,0.474847,0,51.272156,51.272095,51.287552,51.287617,19.464142,19.497162,19.502869,19.469849,0.243045999999993,0.78,1.20385918067107e-06,4.76898967018993e-07,1.65086779778827e-09,1.95126494936869e-06,4.24713967694786e-07,8.43123639072858e-07,Inf,3.00318126621627e-07,Inf,8.95013099312508e-07,Inf,0.913170122928801,Inf
19.487169,51.365746,0,"2021-06-18 09:24:56",413.872162,0.501423,0,51.35854,51.358231,51.372925,51.37326,19.474518,19.507355,19.499847,19.467072,-0.037838000000022,0.78,6.82642414968965e-11,0,1.50122678296097e-07,1.99966437425535e-06,0,8.79889035082871e-07,Inf,0,NA,8.79889035082871e-07,Inf,0.927267504515161,Inf
19.489349,51.295288,0,"2021-06-18 09:24:26",413.065735,0.538446,0,51.288036,51.287964,51.302418,51.302521,19.470032,19.503052,19.508606,19.475525,-0.844265000000007,0.78,0,0,2.39045654878489e-07,1.17271931922055e-08,0,1.0571535828648e-07,Inf,0,NA,1.0571535828648e-07,Inf,0.947799606940207,Inf
19.49469,51.350601,0,"2021-06-18 09:24:56",413.712067,0.517987,0,51.343506,51.343216,51.357666,51.357975,19.481873,19.514801,19.507477,19.474609,-0.197933000000035,0.78,3.74352281167653e-09,0,1.76542500766387e-07,2.38551156265343e-07,5.25508053853453e-09,1.15111908649353e-07,Inf,3.71590308447922e-09,Inf,1.15171869172251e-07,Inf,0.936328218184742,Inf
