"lon","lat","ff.xco2","time","obs","uncert","qf","lat1","lat2","lat3","lat4","lon1","lon2","lon3","lon4","obs_enhance","uncert_bg","ver_0.8","ver_0.9","ver_1.1","ver_1.2","wind_ff.xco2","uncert_ver","uncert_ver_percent","uncert_wind","uncert_wind_percent","uncert_trans","uncert_trans_percent","uncert_total","uncert_total_percent"
18.847725,51.453976,0.000112,"2022-10-13 10:35:26",416.527679,0.725929,0,51.446331,51.446514,51.4617,51.461536,18.844971,18.878204,18.850464,18.817719,0.647678999999982,0.84,0.000119169633761845,0.000140587279535665,0.000115929369657053,0.000103558905263444,0.000103927601503859,1.37847367441927e-05,0.123078006644578,5.70804771706138e-06,0.0509647117594766,1.49198115218305e-05,0.133212602873486,1.11021300355544,9912.61610317361
18.853458,51.469559,0.000231,"2022-10-13 10:35:26",416.159241,0.787452,0,51.462086,51.462845,51.477192,51.476398,18.849854,18.882843,18.856995,18.824402,0.279241000000013,0.84,0.000266843023915112,0.000256261483160018,0.000196941027811668,0.00017334367059336,0.000207083879269868,3.94326218180091e-05,0.170703990554152,1.69112511479525e-05,0.0732088794283658,4.29059678696479e-05,0.185740120647826,1.15138206262948,4984.33793346096
18.86875,51.423756,7.2e-05,"2022-10-13 10:35:25",415.054413,0.579921,0,51.41634,51.416592,51.431202,51.430927,18.865326,18.898102,18.871948,18.838989,-0.825586999999985,0.84,7.42773217831654e-05,7.60738162689386e-05,6.02941562880684e-05,5.85793731124046e-05,6.6684205155547e-05,8.19175735279222e-06,0.11377440767767,3.75883458190921e-06,0.0522060358598501,9.01297542109052e-06,0.125180214181813,1.02073912745727,14176.9323257954
18.875069,51.438866,0.000143,"2022-10-13 10:35:26",415.178619,0.504723,0,51.431839,51.432007,51.44595,51.44577,18.871094,18.903931,18.879089,18.845947,-0.701380999999969,0.84,0.000164712117137105,0.000148792957045074,0.000103182445992839,0.000102483856369552,0.00012993230004197,2.81682320729337e-05,0.196980643866669,9.24025925483418e-06,0.064617197586253,2.96450955338517e-05,0.207308360376586,0.979972095321,6852.95171553147
18.881023,51.45438,0.00028,"2022-10-13 10:35:26",415.774963,0.654889,0,51.446518,51.447178,51.462452,51.4617,18.878265,18.910828,18.883545,18.850555,-0.105036999999982,0.84,0.00031726169500672,0.000335516996752234,0.000214035327942933,0.000258191697767978,0.000231006333959563,4.8198805502635e-05,0.172138591080839,3.4643753492382e-05,0.123727691044222,5.93575143340906e-05,0.211991122621752,1.06511952655292,3803.99830911757
18.886791,51.470428,0.000441,"2022-10-13 10:35:27",417.499298,0.691871,0,51.462849,51.463406,51.477757,51.4772,18.882904,18.916046,18.890442,18.857056,1.61929800000001,0.84,0.00055782065235847,0.000566065271039899,0.00038265234536626,0.000381710231762177,0.000406669657319905,9.09952942190734e-05,0.206338535644157,2.42752181095531e-05,0.0550458460534084,9.41776501314516e-05,0.213554762202838,1.08824881783094,2467.68439417446
18.891996,51.486057,0.000723,"2022-10-13 10:35:27",418.139557,0.587145,0,51.478577,51.47868,51.493275,51.493225,18.888916,18.921539,18.895294,18.862488,2.25955700000003,0.84,0.000944183293961087,0.000980763238922908,0.000626111934711053,0.000632727216111575,0.000729235492221623,0.000170200347040391,0.235408502130555,4.40915883394559e-06,0.00609842162371451,0.000170257448630868,0.235487480817244,1.02486061491922,1417.51122395466
18.901392,51.423958,0.000183,"2022-10-13 10:35:26",415.532349,0.541312,0,51.416592,51.416748,51.431366,51.431202,18.898193,18.930786,18.904785,18.872009,-0.347650999999985,0.84,0.000212039027042649,0.000217457547129226,0.000166581086084187,0.000157291391098794,0.00020310041149202,2.67851343117562e-05,0.146366854162602,1.42131372706473e-05,0.0776674167794937,3.03225442727533e-05,0.165696963239089,0.999309102462024,5460.70547793456
18.921919,51.393501,0.000127,"2022-10-13 10:35:25",415.602051,0.610783,0,51.386158,51.386356,51.400837,51.400635,18.918304,18.951233,18.925201,18.892609,-0.277948999999978,0.84,0.000110326680845386,0.000128854484494993,0.000111164129541055,9.85411643265293e-05,0.000100565891583751,1.26810554022676e-05,0.0998508299391153,1.86917373157501e-05,0.147179033982284,2.25873905087857e-05,0.177853468573116,1.03858359008757,8177.82354399663
18.927847,51.408905,0.000242,"2022-10-13 10:35:26",416.64386,0.547761,0,51.401669,51.401855,51.416157,51.416004,18.924225,18.957123,18.93158,18.898956,0.763860000000022,0.84,0.000282428135933693,0.000268285012117006,0.000227668556377714,0.00020638032704633,0.000208292710680653,3.05912335271783e-05,0.126410055897431,2.38346528531271e-05,0.09849030104598,3.8780333228886e-05,0.160249310863165,1.00281708931635,4143.87226990227
18.93433,51.424217,0.000442,"2022-10-13 10:35:26",414.250946,0.707578,0,51.416748,51.417309,51.431965,51.431366,18.930847,18.963654,18.937469,18.904846,-1.629054,0.84,0.000534485982751091,0.000488706339710787,0.000435373484628573,0.000359568282832083,0.000442169000942721,6.53286929330474e-05,0.147802472699202,1.19501712624941e-07,0.000270365865667287,6.53288022314792e-05,0.147802719980722,1.0983017027902,2484.84548142579
18.940969,51.440083,0.000725,"2022-10-13 10:35:27",415.584473,0.714037,0,51.432617,51.433258,51.447224,51.446613,18.936676,18.96994,18.94519,18.911774,-0.295526999999993,0.84,0.000984159667556504,0.000796344082449653,0.00064910478483163,0.000653856747008195,0.000768728674771907,0.000138151416561435,0.190553678015773,3.09208424635166e-05,0.0426494378807125,0.000141569461384102,0.195268222598761,1.10247397130767,1520.65375352783
18.946976,51.45562,0.001152,"2022-10-13 10:35:27",415.740234,0.704268,0,51.447784,51.447987,51.463184,51.463017,18.944336,18.976898,18.949554,18.91687,-0.139766000000009,0.84,0.00583284775942867,0.00131803073468352,0.0010498680854809,0.00106948994959368,0.00126138028522499,0.00209808549023703,1.82125476583076,7.73435414107091e-05,0.0671384908079072,0.00209951059719667,1.82249183784433,1.09617417583555,951.540083190582
18.952749,51.470631,0.002114,"2022-10-13 10:35:27",415.605225,0.731751,0,51.463581,51.46349,51.477844,51.477863,18.948944,18.982086,18.956726,18.923279,-0.274774999999977,0.84,0.00213706610619424,0.00204483913634193,0.00228652689346604,0.00325127594666455,0.00338865092474073,0.000502266302500034,0.237590493140981,0.000901314312529874,0.42635492551082,0.00103181341753161,0.488085817186191,1.11402899003569,526.976816478564
18.954685,51.3937,0.00032,"2022-10-13 10:35:26",416.284607,0.551388,0,51.386356,51.386547,51.401031,51.400837,18.951294,18.98407,18.958191,18.925262,0.404606999999999,0.84,0.000341270410964425,0.000388382983973064,0.000279247017972732,0.000262564448043694,0.000322623205344118,5.01840147173107e-05,0.156825045991596,1.85488628727059e-06,0.0057965196477206,5.02182828886647e-05,0.156932134027077,1.00480283094042,3140.0088466888
18.955242,51.359474,0.000107,"2022-10-13 10:35:06",414.037384,0.706149,0,51.352173,51.352489,51.36676,51.366459,18.94458,18.97757,18.96579,18.93277,-1.84261600000002,0.84,0.000134021309183162,0.000116174704792275,9.16150467290523e-05,8.60939822865783e-05,0.000101821622452154,1.92878389044358e-05,0.18026017667697,3.66166587962607e-06,0.0342211764451035,1.96323337027844e-05,0.18347975423163,1.09738161575016,10255.9029509361
18.958475,51.486244,0.006553,"2022-10-13 10:35:28",416.053833,0.755641,0,51.478657,51.479187,51.493855,51.493282,18.955139,18.987976,18.962158,18.928558,0.173833000000002,0.84,0.00737596522357426,0.00301305650958696,0.00315765592122861,0.00281395814985994,0.00323464544335273,0.00219700886100939,0.335267642455271,0.00234643100938656,0.358069740483224,0.00321443407416681,0.49052862416707,1.12986886560672,172.420092416713
18.960979,51.40913,0.000577,"2022-10-13 10:35:26",415.79425,0.752754,0,51.401855,51.402348,51.416718,51.416157,18.957184,18.989929,18.964447,18.931641,-0.0857500000000186,0.84,0.000713139800343046,0.000667947606375817,0.000519985641966131,0.000500355597408254,0.000526335307211282,9.24455669994934e-05,0.160217620449729,3.58253478376357e-05,0.0620889910530948,9.91445329079996e-05,0.171827613358752,1.12793554529753,1954.82763483108
18.974051,51.440456,0.001589,"2022-10-13 10:35:27",414.146301,0.770216,0,51.433258,51.433514,51.447422,51.447224,18.970001,19.00293,18.977783,18.945251,-1.733699,0.84,0.00181644604224101,0.00161644795736388,0.00157984958510853,0.00127947897671456,0.00149286061023801,0.000192066768409282,0.120872730276452,6.79808144398396e-05,0.0427821362113528,0.000203742569580067,0.12822062276908,1.1396634275816,717.220533405662
18.975569,51.374882,0.000327,"2022-10-13 10:35:06",415.915161,0.609901,0,51.367584,51.367783,51.382336,51.382122,18.965057,18.998077,18.985901,18.952972,0.0351610000000164,0.84,0.000366209753746758,0.000379369770300897,0.000285348329517643,0.000292522173830484,0.000319818736481451,4.22960964874131e-05,0.129345860817777,5.07792013145355e-06,0.0155288077414482,4.25998245411173e-05,0.130274692786292,1.03806513842617,3174.51112668554
18.979923,51.455482,0.00263,"2022-10-13 10:35:27",414.766937,0.654762,0,51.447987,51.447876,51.463104,51.463184,18.97699,19.010345,18.982849,18.949615,-1.11306300000001,0.84,0.00277467542334182,0.00239276883967699,0.00202585041956553,0.00215033065375741,0.00221152713668071,0.000314450921827184,0.119563088147218,0.000295904999395621,0.112511406614305,0.000431786001284535,0.164177186800203,1.06504153115414,404.958757092828
18.980291,51.329128,7.3e-05,"2022-10-13 10:35:06",415.382324,0.670587,0,51.321964,51.322292,51.336315,51.335979,18.969513,19.002563,18.991089,18.958008,-0.497676000000013,0.84,8.18138272294643e-05,6.66131969750655e-05,6.60621620882612e-05,6.97793944062536e-05,5.85489047131818e-05,6.42311703358954e-06,0.0879879045697198,1.02184674728821e-05,0.139979006477837,1.20695281565411e-05,0.165336002144398,1.0748427441792,14723.8732079342
18.980848,51.378662,0.000416,"2022-10-13 10:35:26",416.060181,0.59959,0,51.371338,51.371521,51.385952,51.385761,18.977478,19.010223,18.984528,18.951752,0.180181000000005,0.84,0.000492413855507831,0.00044692259199357,0.000373062978961466,0.00034528037870241,0.000388692496010233,5.83783942241493e-05,0.140332678423436,1.93093212484429e-05,0.0464166376164494,6.1488916068392e-05,0.147809894395173,1.03204078014432,2480.8672599623
18.98444,51.283245,4e-06,"2022-10-13 10:35:05",416.925385,0.688118,0,51.275776,51.276104,51.290787,51.290455,18.97406,19.006866,18.994659,18.961945,1.04538500000001,0.84,4.82502114012187e-06,1.73367321409294e-06,5.05105933357119e-06,2.13506366817652e-06,5.02184185197459e-06,1.53153848099032e-06,0.382884620247581,7.22551302831453e-07,0.180637825707863,1.69342567122905e-06,0.423356417807264,1.0858666501587,271466.662539674
18.985632,51.470879,0.00915,"2022-10-13 10:35:28",415.444794,0.638559,0,51.46349,51.464039,51.478367,51.477844,18.982147,19.01532,18.989563,18.956787,-0.435205999999994,0.84,0.0050848929801322,0.0069664575591526,0.0040927133953834,0.00878284380150999,0.0101912012522144,0.00222214353436862,0.242857216870888,0.000736240466020728,0.0804634389093691,0.00234093398265365,0.255839779524989,1.05516021364194,115.318056135731
18.98772,51.393879,0.000699,"2022-10-13 10:35:26",415.431,0.734984,0,51.386547,51.386974,51.401516,51.401031,18.984161,19.016846,18.990967,18.958252,-0.449000000000012,0.84,0.000932549819267036,0.00083767931567209,0.000683710556344276,0.000697329919656225,0.000768484012669022,0.000110420477764726,0.157969209963843,4.91326165423175e-05,0.0702898662980221,0.000120858164465976,0.172901522841167,1.11615478087167,1596.78795546735
18.98838,51.359646,0.000297,"2022-10-13 10:35:06",416.480194,0.612824,0,51.352489,51.352642,51.366959,51.36676,18.977631,19.01059,18.998901,18.965851,0.600193999999988,0.84,0.000350105329347942,0.000350924836356828,0.000256822006848872,0.000257922785325351,0.000287624704076261,4.66772807814701e-05,0.157162561553771,6.62933532330645e-06,0.0223209943545672,4.71456957524336e-05,0.15873971633816,1.03978519762435,3500.96026136146
18.991888,51.486622,0.017839,"2022-10-13 10:35:28",415.894012,0.604147,0,51.479187,51.479359,51.493984,51.493855,18.988037,19.020905,18.994232,18.962219,0.0140119999999797,0.84,0.0092642899914353,0.0156485041410457,0.007623879509934,0.0134492784226873,0.0174801424186687,0.00427827066547236,0.23982682131691,0.000253750629239565,0.0142244873165292,0.0042857892235714,0.2402482887814,1.03470380573296,58.0023435020438
18.992468,51.314133,5.5e-05,"2022-10-13 10:35:05",415.593048,0.692667,0,51.306625,51.306931,51.321667,51.321339,18.982056,19.015015,19.002869,18.969849,-0.286951999999985,0.84,6.89015024081327e-05,4.98204916175002e-05,5.14183937015657e-05,6.09579901951365e-05,5.54603042347492e-05,7.80656500371061e-06,0.141937545522011,3.2548424580004e-07,0.00591789537818255,7.8133473717366e-06,0.142060861304302,1.08875505645212,19795.5464809475
18.993788,51.409977,0.001215,"2022-10-13 10:35:26",415.949066,0.696531,0,51.402348,51.403088,51.417408,51.416718,18.98999,19.023193,18.997681,18.964508,0.0690660000000207,0.84,0.00135320401473464,0.00133693344767949,0.00109932166556349,0.00108914298648755,0.00120757157299381,0.000125618840672431,0.103389992322989,5.25269110962626e-06,0.00432320255936317,0.000125728612080858,0.1034803391612,1.09121741636059,898.121330337935
18.996605,51.268017,3e-06,"2022-10-13 10:35:05",416.71167,0.670285,0,51.260571,51.260864,51.275543,51.275223,18.986298,19.019012,19.006927,18.974121,0.831670000000031,0.84,3.08006992596874e-06,2.22268237933055e-06,2.85427987391198e-06,2.13266259907127e-06,2.36443352183335e-06,4.46965772838918e-07,0.148988590946306,4.4941336660649e-07,0.149804455535497,6.3383813089311e-07,0.21127937696437,1.0746543543044,358218.118101466
19.001629,51.248524,1e-06,"2022-10-13 10:34:30",415.862366,0.693422,0,51.240925,51.241192,51.256039,51.255798,18.982849,19.015625,19.020294,18.987518,-0.0176339999999868,0.84,3.07161980597107e-07,7.10677650596088e-07,3.00265027473583e-07,6.78465603699465e-07,3.35616965340226e-07,2.97489159486764e-07,0.297489159486764,4.69789749113223e-07,0.469789749113223,5.56059536726065e-07,0.556059536726065,1.08923554389503,1089235.54389503
19.007023,51.440353,0.002896,"2022-10-13 10:35:27",414.624451,0.72647,0,51.433514,51.433346,51.447311,51.447422,19.002991,19.036102,19.011292,18.977875,-1.25554899999997,0.84,0.003394075979372,0.00317801435673891,0.00279619190786322,0.0028655123011926,0.0025648475018709,0.000252020010853853,0.0870234844108609,0.000234160177033952,0.0808564147216685,0.000344013189252023,0.118789084686472,1.110566872928,383.483036232044
19.008583,51.375301,0.00079,"2022-10-13 10:35:06",416.623322,0.696653,0,51.367783,51.36821,51.382771,51.382336,18.998138,19.030945,19.018799,18.985962,0.743321999999978,0.84,0.00091411545813989,0.000808217856041417,0.000764039923928917,0.000733845597235562,0.000740647891488789,6.86267405997603e-05,0.0868692918984307,3.48972105941316e-05,0.0441736842963691,7.6989900848085e-05,0.0974555706937785,1.09129528924872,1381.38644208699
19.013853,51.378815,0.000966,"2022-10-13 10:35:26",416.035034,0.702526,0,51.371525,51.371883,51.386368,51.385952,19.010284,19.042999,19.017242,18.984589,0.155034000000001,0.84,0.00109872093245779,0.00103786619462502,0.000848386736935104,0.000835985268618943,0.00091754945909595,0.00011526686711121,0.119323878997111,3.42597060254099e-05,0.035465534187795,0.000120250480708315,0.12448289928397,1.09505378641242,1133.59605218677
19.017303,51.283604,3.3e-05,"2022-10-13 10:35:05",415.143646,0.671256,0,51.276104,51.276413,51.291096,51.290787,19.006958,19.039825,19.027649,18.994751,-0.736354000000006,0.84,3.31382963801191e-05,3.07877137874883e-05,3.52180361446763e-05,3.07929969239571e-05,2.87412346917102e-05,1.86096245057153e-06,0.0563928015324706,3.01140182897374e-06,0.091254600877992,3.54001726238497e-06,0.107273250375302,1.07526025572813,32583.6441129737
19.020569,51.394684,0.001538,"2022-10-13 10:35:26",414.946503,0.759091,0,51.386974,51.387756,51.402264,51.40152,19.016907,19.05011,19.024231,18.991028,-0.933496999999988,0.84,0.00163930433717463,0.00165398810201395,0.00254352965252439,0.00140120923039816,0.00147852506494794,0.000452112983327172,0.293961627650957,4.20551298859411e-05,0.0273440376371529,0.000454064735079393,0.295230646995704,1.13217461217596,736.134338215838
19.024832,51.217682,0,"2022-10-13 10:34:31",416.278198,0.673249,0,51.209671,51.210033,51.225647,51.225292,19.005951,19.038788,19.043549,19.010712,0.398197999999979,0.84,3.67139601181554e-08,9.70926758791462e-08,1.02572308209573e-08,6.1510740480623e-08,3.29237662868933e-07,3.94065372822248e-08,Inf,2.32806184036633e-07,Inf,2.36117755592996e-07,Inf,1.07650555781243,Inf
19.025492,51.31435,0.000222,"2022-10-13 10:35:06",414.300537,0.716987,0,51.306934,51.307056,51.321789,51.321667,19.015076,19.048004,19.035797,19.00293,-1.57946299999998,0.84,0.000270703210640909,0.000255578849922713,0.000209462445577464,0.000200725890536917,0.00020955625793078,3.01639023602117e-05,0.135873434055008,8.79905440048179e-06,0.0396353801823504,3.1421081520836e-05,0.141536403247009,1.104386870239,4974.71563170719
19.029715,51.233208,0,"2022-10-13 10:34:31",416.213287,0.595287,0,51.225708,51.226063,51.240662,51.240322,19.010864,19.043732,19.04834,19.015503,0.333286999999984,0.84,1.38257305995142e-06,9.25462692204997e-07,8.62709079643915e-07,1.40355080674984e-06,1.07887781807069e-06,5.69511888862539e-07,Inf,7.62881821229531e-07,Inf,9.52014949839688e-07,Inf,1.02954679950447,Inf
19.033848,51.344845,0.000767,"2022-10-13 10:35:06",415.310211,0.633118,0,51.337006,51.337444,51.35268,51.352245,19.023743,19.056732,19.043854,19.010956,-0.569789000000014,0.84,0.000916780445787786,0.000834046939171709,0.000669070904291037,0.000654974498880639,0.000714712518755683,0.000110747288495885,0.144390206643917,3.6972832559021e-05,0.0482044753051121,0.000116755951696811,0.152224187349167,1.05187376407816,1371.41299097543
19.037914,51.299221,0.000205,"2022-10-13 10:35:06",415.441803,0.707669,0,51.291901,51.292023,51.306484,51.306362,19.027344,19.060242,19.048279,19.015381,-0.438197000000002,0.84,0.000249413878467579,0.000225431929463369,0.00020265545251628,0.00018784707281427,0.000215224723580777,2.38667231210747e-05,0.116423039614998,7.22997137972542e-06,0.0352681530718313,2.49377817515851e-05,0.121647715861391,1.09836032984758,5357.85526754919
19.041391,51.375679,0.001624,"2022-10-13 10:35:07",414.52536,0.799837,0,51.36821,51.368526,51.383087,51.382771,19.030975,19.063843,19.051788,19.01886,-1.35464000000002,0.84,0.0018034372403195,0.00178880980206683,0.00148969570107389,0.00148994502973788,0.0016000161263695,0.000153473599528228,0.0945034479853624,1.69591596832477e-05,0.0104428323172708,0.000154407768098995,0.0950786749378047,1.15988760249033,714.216503996507
19.046349,51.329639,0.000755,"2022-10-13 10:35:06",414.836334,0.66269,0,51.322407,51.322842,51.336884,51.336445,19.035553,19.068451,19.057098,19.024109,-1.04366599999997,0.84,0.000809930102380235,0.000833307122871488,0.000685732123050751,0.000628604204780511,0.000721336653861809,8.53578426554938e-05,0.113056745239065,2.38035803317448e-05,0.0315279209691984,8.86147377099874e-05,0.117370513523162,1.06993366334207,1417.13067992327
19.046944,51.456154,0.02013,"2022-10-13 10:35:28",416.076477,0.61808,0,51.448395,51.448589,51.463825,51.463654,19.043549,19.07666,19.049042,19.016083,0.196477000000016,0.84,0.0210692958217895,0.0124273206284261,0.0206672656951344,0.0275419693195523,0.0188592443214959,0.00536559039211651,0.266546964337631,0.00089855995750156,0.0446378518381302,0.00544030975710007,0.270258805618483,1.04290578834823,51.8085339467578
19.050316,51.283863,0.000208,"2022-10-13 10:35:06",415.430206,0.588609,0,51.276417,51.276539,51.291225,51.291103,19.039886,19.072845,19.060669,19.02774,-0.449793999999997,0.84,0.000225327747699907,0.000230465387407195,0.000174406285243505,0.000195202994999704,0.000198997281288601,2.28502727291349e-05,0.109857080428533,6.36588344994525e-06,0.0306052088939675,2.37204434168953e-05,0.114040593350458,1.02570003190195,4931.25015337476
19.052704,51.20245,0,"2022-10-13 10:34:31",416.033813,0.646284,0,51.195053,51.195446,51.20985,51.209473,19.034027,19.066772,19.07135,19.038605,0.153813000000014,0.84,7.7561136320868e-08,3.42184989318862e-09,4.55210559718622e-08,2.05467766743494e-07,1.05210338693983e-07,8.40766796541329e-08,Inf,7.43949439414488e-08,Inf,1.12265291812363e-07,Inf,1.05985046523366,Inf
19.05765,51.218021,2e-06,"2022-10-13 10:34:31",415.889771,0.609507,0,51.210037,51.2104,51.226002,51.225643,19.038849,19.071625,19.076416,19.04361,0.00977100000000064,0.84,1.43226355130282e-06,2.67119834538847e-06,2.92045108486305e-06,2.2754258598654e-06,4.03513845331203e-06,5.82723178914154e-07,0.291361589457077,1.43906020099044e-06,0.719530100495219,1.55256580064049e-06,0.776282900320247,1.03783369720366,518916.848601828
19.058208,51.486774,0.135263,"2022-10-13 10:35:29",413.7565,0.722067,0,51.479328,51.479641,51.494328,51.493977,19.05484,19.087921,19.061432,19.028442,-2.12349999999998,0.84,0.138384650141449,0.13801282722087,0.151573520323912,0.141872432217074,0.134958952486279,0.00634890993879468,0.0469375212644602,0.000214994058755018,0.00158945209521464,0.00635254908333858,0.0469644254773188,1.10770984800572,8.18930415565026
19.058517,51.314625,0.000738,"2022-10-13 10:35:06",414.424133,0.688144,0,51.307056,51.307484,51.322208,51.321789,19.048065,19.080963,19.068756,19.035858,-1.45586700000001,0.84,0.000861142964375592,0.00087689933211028,0.000701327402775462,0.000656483057492652,0.000716309179644654,9.78626362736123e-05,0.132605198202727,1.53377261627644e-05,0.0207828267788135,9.90572633493642e-05,0.134223934077729,1.08588313116483,1471.38635659191
19.062462,51.268654,0.000192,"2022-10-13 10:35:06",413.88797,0.676933,0,51.261189,51.261333,51.27599,51.27586,19.052032,19.084991,19.072876,19.039917,-1.99203,0.84,0.000225371496361978,0.000209541307918718,0.000173926584937664,0.000166055574522018,0.000193159255461122,2.4554061239124e-05,0.127885735620437,8.19717397686897e-07,0.00426936144628592,2.45677402287374e-05,0.127956980358007,1.07881336990815,5618.81963493827
19.066675,51.345238,0.001637,"2022-10-13 10:35:07",415.521423,0.602313,0,51.337444,51.337749,51.353001,51.352676,19.056763,19.089417,19.076752,19.043884,-0.358576999999968,0.84,0.00186183160681944,0.00177196856208523,0.00158573756677235,0.00150352645018853,0.00161062628032365,0.00014411739650499,0.0880375055009105,1.86490360282602e-05,0.0113922028272818,0.000145318995730634,0.0887715306845656,1.03362515985565,631.414269917927
19.066685,51.425503,0.010145,"2022-10-13 10:35:27",416.532623,0.728342,0,51.418087,51.418484,51.43317,51.432697,19.063232,19.096039,19.070129,19.036957,0.652623000000006,0.84,0.0152471246004161,0.00996955932079446,0.00953066124325114,0.00653123616421811,0.00648102956390535,0.00313853281265243,0.309367453193931,0.00259081834142956,0.255378840949193,0.00406973314781004,0.40115654488024,1.11179972643093,109.590904527445
19.067377,51.249168,9e-05,"2022-10-13 10:34:31",412.447418,0.743317,0,51.241535,51.241917,51.256741,51.256374,19.048615,19.08139,19.08609,19.053284,-3.43258199999997,0.84,9.31151366528877e-05,0.000105809833490607,0.000100450350907504,9.80332426001561e-05,0.00010196955933798,6.19511108135511e-06,0.0688345675706123,8.46375657570041e-06,0.0940417397300046,1.0488783374779e-05,0.116542037497545,1.12165955735197,12462.8839705774
19.073927,51.440975,0.021105,"2022-10-13 10:35:28",415.999512,0.690888,0,51.433819,51.434025,51.448017,51.44783,19.069275,19.102295,19.077515,19.044495,0.119511999999986,0.84,0.0286652657893136,0.0294911256251681,0.0320401247316655,0.0269132775213764,0.0368308400146646,0.00409491271163142,0.194025714836836,0.0111198481142241,0.526882166037626,0.0118498663367691,0.561471989422843,1.08768867231216,51.5370136134643
19.079153,51.330032,0.001657,"2022-10-13 10:35:07",416.835663,0.643753,0,51.322842,51.32317,51.337189,51.33688,19.068481,19.101288,19.089783,19.057129,0.955663000000015,0.84,0.0017727381861598,0.00171817584721271,0.00154424023832995,0.00147637313736781,0.00163140525281422,0.000122234882998278,0.0737687887738553,1.80982192978204e-05,0.010922280807375,0.0001235674397378,0.0745729871682557,1.0583090003765,638.68980107212
19.079481,51.456161,0.093508,"2022-10-13 10:35:28",415.972748,0.536598,0,51.448589,51.44849,51.463757,51.463825,19.076721,19.109863,19.082581,19.049103,0.0927480000000287,0.84,0.0797053761096395,0.0646248565684237,0.0944307071577043,0.0875894016917321,0.0759410005482615,0.0123077362281172,0.131622280747286,0.0124217444374247,0.132841515564707,0.0174865693013123,0.187006131040257,0.996916843929287,10.6613000377432
19.083256,51.284042,0.000703,"2022-10-13 10:35:06",415.947052,0.608652,0,51.276546,51.276917,51.291626,51.291225,19.072906,19.105682,19.093567,19.06073,0.0670519999999897,0.84,0.000848105407961505,0.000798430990063464,0.000717703529064331,0.000668567996478607,0.000719818478407571,7.3846432032185e-05,0.105044711283336,1.1892460131233e-05,0.0169167284939304,7.47979019214917e-05,0.106398153515635,1.0373317997144,1475.57866246715
19.085533,51.202778,9e-06,"2022-10-13 10:34:31",416.154785,0.660949,0,51.195446,51.19577,51.210178,51.20985,19.066833,19.099579,19.104187,19.071442,0.274785000000008,0.84,1.16168227806344e-05,9.29274517095974e-06,9.51136269145227e-06,1.01287925875406e-05,8.7009831123579e-06,1.04032800275619e-06,0.115592000306243,2.11436868941026e-07,0.0234929854378917,1.06159686457066e-06,0.117955207174518,1.06885620202258,118761.800224731
19.086073,51.47147,0.264618,"2022-10-13 10:35:29",418.41571,0.645666,0,51.464146,51.464397,51.478821,51.478519,19.08194,19.114807,19.0896,19.05661,2.53570999999999,0.84,0.269792411498633,0.2591223301369,0.22298044793043,0.242408968088632,0.212880998494921,0.0191075990389605,0.0722082361704816,0.0365835846025,0.138250552126084,0.0412729815182034,0.15597193508455,1.06027734228333,4.00682244701165
19.087135,51.360645,0.003149,"2022-10-13 10:35:07",413.894562,0.722378,0,51.353397,51.353596,51.367893,51.367695,19.076508,19.109436,19.097656,19.064697,-1.98543799999999,0.84,0.00354105131792496,0.00337353561748857,0.00303714699164766,0.00302550920666212,0.0032611425266029,0.000225173425120575,0.0715063274438156,7.92967410203035e-05,0.0251815627247709,0.0002387279717942,0.0758107246091458,1.10789441368528,351.824202504058
19.090487,51.218342,6.6e-05,"2022-10-13 10:34:31",416.462616,0.584552,0,51.2104,51.210743,51.226353,51.226002,19.071686,19.104431,19.109253,19.076477,0.58261600000003,0.84,6.89656384611668e-05,6.928039956606e-05,7.0631893150398e-05,6.80015362186288e-05,7.44442517261569e-05,1.72049978961879e-06,0.0260681786305878,5.97098765761175e-06,0.0904695099638143,6.21392091464239e-06,0.0941503168885211,1.02337727194941,15505.7162416577
19.091404,51.487423,0.400031,"2022-10-13 10:35:29",415.448914,0.735496,0,51.479641,51.48024,51.494904,51.494328,19.087982,19.121002,19.094543,19.061493,-0.431085999999993,0.84,0.56627319826734,0.471817739823162,0.424446368635104,0.367786769067749,0.404113307105744,0.0771802924556247,0.192935778616219,0.00288662703735759,0.00721600835274665,0.077234255089232,0.193070674745787,1.11916017449478,2.79768361575673
19.091429,51.315037,0.00163,"2022-10-13 10:35:06",416.258484,0.635943,0,51.307484,51.307819,51.322544,51.322216,19.081024,19.113831,19.101624,19.068817,0.378484000000014,0.84,0.0017740443080825,0.00178168064472239,0.00152494331629312,0.00152866884400712,0.00160760254626703,0.000125960774335818,0.0772765486722808,1.5837391415895e-05,0.00971619105269634,0.000126952509381024,0.077884975080383,1.05357653512497,646.365972469308
19.093166,51.410408,0.011439,"2022-10-13 10:35:27",415.504364,0.735986,0,51.403172,51.403522,51.417892,51.4175,19.089294,19.122498,19.096832,19.063995,-0.375635999999986,0.84,0.0182165005894367,0.0134182730634258,0.0148666364623996,0.0168852186544857,0.0104923388909829,0.00269695250639149,0.235768205821443,0.000669390489671568,0.0585182699249557,0.00277878326779799,0.242921869726199,1.11681829938108,97.6325115290743
19.095387,51.268795,0.000793,"2022-10-13 10:35:06",415.829987,0.724666,0,51.261333,51.261669,51.276363,51.27599,19.085052,19.117798,19.105713,19.072937,-0.0500129999999785,0.84,0.000805272776413409,0.00079272902204065,0.000693026779692131,0.000708596765970496,0.000732091408022646,5.32133459884236e-05,0.0671038410951118,4.30688784197116e-05,0.0543113220929528,6.84586625608153e-05,0.086328704364206,1.10938758612245,1398.9755184394
19.099573,51.345467,0.003159,"2022-10-13 10:35:07",415.42038,0.589122,0,51.337749,51.337936,51.353207,51.353008,19.089478,19.122345,19.109741,19.076843,-0.459619999999973,0.84,0.00357606599561323,0.00328777797173227,0.00305315733051199,0.0030399102110043,0.003138163342033,0.000220972860281376,0.0699502564993277,1.47337421457305e-05,0.00466405259440661,0.000221463514237785,0.0701055758904036,1.0259945321151,324.784593895252
19.100233,51.249485,0.00052,"2022-10-13 10:34:31",418.537659,0.59422,0,51.241917,51.242252,51.257095,51.256733,19.081451,19.114258,19.118958,19.086151,2.65765900000002,0.84,0.000585934031179665,0.00057933835151406,0.000507261408117669,0.000492999513963748,0.000509167991494377,4.27096158733433e-05,0.0821338766795063,7.65938666819636e-06,0.0147295897465315,4.3390983996465e-05,0.0834441999932019,1.02893022614888,1978.71197336322
19.103767,51.299854,0.001675,"2022-10-13 10:35:06",416.135254,0.731165,0,51.292419,51.292782,51.307251,51.306904,19.093201,19.126038,19.114136,19.081299,0.255253999999979,0.84,0.00175672800109007,0.00174073627751358,0.00160325342466785,0.0015066608943619,0.00166329219959524,0.00010340527678409,0.0617344936024418,8.27866505898437e-06,0.00494248660237873,0.000103736143951629,0.0619320262397785,1.11364368986951,664.86190439971
19.106138,51.44099,0.085067,"2022-10-13 10:35:28",416.037231,0.529854,0,51.434025,51.433918,51.447926,51.448017,19.102356,19.135376,19.110809,19.077576,0.157231000000024,0.84,0.109672458085193,0.11930237008794,0.159864401535552,0.100110673603372,0.133016718490511,0.0281832878231791,0.331306944210788,0.0339055711006263,0.398574900967782,0.0440895164884327,0.518291658203918,0.994127329259277,11.6864040022485
19.112034,51.330273,0.003213,"2022-10-13 10:35:07",415.763977,0.575172,0,51.323166,51.323345,51.337372,51.337189,19.101318,19.134125,19.122711,19.089844,-0.116022999999984,0.84,0.00343260908450807,0.00332545787395487,0.00311042259390965,0.00295817709755102,0.00309643844360887,0.000184528726449603,0.0574319098816071,8.24214669498262e-05,0.0256524951602322,0.000202099354524634,0.0629005149469762,1.01804855995583,316.852959836861
19.113392,51.187771,4.7e-05,"2022-10-13 10:34:31",415.298248,0.525283,0,51.179989,51.180363,51.195507,51.195171,19.094604,19.127411,19.132141,19.099335,-0.581751999999994,0.84,4.6719021022125e-05,5.68904545177358e-05,4.9265704398204e-05,4.47706457774837e-05,4.19107585199136e-05,4.72744872198401e-06,0.100584015361362,3.59863716166496e-06,0.076566748120531,5.9412928593282e-06,0.126410486368685,0.990718037649613,21079.1071840343
19.116167,51.284458,0.001654,"2022-10-13 10:35:06",415.156738,0.734246,0,51.27692,51.277294,51.291977,51.291615,19.105774,19.13855,19.126434,19.093597,-0.723261999999977,0.84,0.00173320965900857,0.00170350006432823,0.00158899802873549,0.00157418022806329,0.00164535573617358,6.94063384573613e-05,0.0419627197444748,6.11241757002719e-06,0.00369553662033083,6.96749701586456e-05,0.0421251331067991,1.11566894434263,674.527777716222
19.118771,51.472054,0.683188,"2022-10-13 10:35:29",416.843781,0.599198,0,51.464397,51.465031,51.47942,51.478821,19.114899,19.148041,19.12262,19.089661,0.963780999999983,0.84,0.807687750227323,0.736489019257788,0.610456452354829,0.584484934710031,0.66053858001772,0.0913307916193093,0.133683249148564,0.0160155584594123,0.023442388419311,0.0927243851992374,0.135723088226429,1.03597106852198,1.51637772988106
19.120178,51.360855,0.005798,"2022-10-13 10:35:07",415.439087,0.663936,0,51.353596,51.35379,51.368103,51.367893,19.109497,19.142365,19.130585,19.097717,-0.440913000000023,0.84,0.0064175456729719,0.005966821213293,0.00565660330804177,0.00549824745113589,0.00580029002179112,0.000352870386736352,0.0608607083022339,1.61928993756559e-06,0.000279284225175161,0.000352874102103519,0.0608613491037459,1.07070590575383,184.668145180033
19.124187,51.315273,0.003094,"2022-10-13 10:35:07",415.423431,0.63448,0,51.307819,51.307987,51.32272,51.322544,19.113922,19.146637,19.13446,19.101685,-0.456569000000002,0.84,0.00330241582625106,0.00322702103990084,0.00307240781208645,0.0029776025631762,0.00313475047721719,0.000129294415539129,0.0417887574463894,2.88149387768631e-05,0.00931316702548905,0.00013246639795178,0.0428139618460826,1.0526941093914,340.237268710859
19.124283,51.487766,0.98477,"2022-10-13 10:35:29",417.752319,0.622667,0,51.48024,51.480606,51.49527,51.494904,19.121063,19.153778,19.127319,19.094604,1.872319,0.84,1.22089247049661,1.07953492300582,0.894205789338387,0.900641673171205,0.938308617848899,0.137053180120503,0.139172781584027,0.0328531583823432,0.0333612502232432,0.140935815876725,0.14311546439953,1.0550720814645,1.07138934112991
19.126642,51.410923,0.066795,"2022-10-13 10:35:28",414.71167,0.596248,0,51.403522,51.403839,51.418156,51.417892,19.122559,19.156006,19.130157,19.096893,-1.16832999999997,0.84,0.075117870106981,0.0361801675829574,0.0478028038324454,0.0417241920798491,0.0599370303070826,0.0166972358689058,0.249977331670122,0.00484931687503372,0.0725999981291072,0.0173871665263884,0.26030640806031,1.03024948001143,15.4240509021847
19.12826,51.234249,0.000945,"2022-10-13 10:34:32",419.520172,0.72954,0,51.226776,51.227077,51.241684,51.241379,19.109467,19.142365,19.147034,19.114136,3.64017200000001,0.84,0.000938547650089652,0.00093559597130859,0.000883204389467805,0.000859497864058059,0.000901878028129854,3.85211876790528e-05,0.0407631615651352,3.04918387275158e-05,0.0322664960079532,4.91287505356043e-05,0.0519880958048723,1.11257746427547,1177.33065002695
19.128317,51.269211,0.00172,"2022-10-13 10:35:06",414.986633,0.688267,0,51.261669,51.262054,51.27673,51.276367,19.117859,19.150726,19.13855,19.105804,-0.893367000000012,0.84,0.0018026160373433,0.00169485322709746,0.00161434285511205,0.00165640056866638,0.0016560941019541,7.10049454800836e-05,0.0412819450465602,4.5188293866072e-05,0.0262722638756233,8.41646254976289e-05,0.048932921800947,1.08596108142635,631.372721759505
19.132648,51.345676,0.005759,"2022-10-13 10:35:07",413.657715,0.696494,0,51.337936,51.338146,51.353394,51.353199,19.122406,19.155426,19.14267,19.109802,-2.222285,0.84,0.00610257939597806,0.00612110018288356,0.00573131592034168,0.00565905319118837,0.00566911927495459,0.000219710638653666,0.0381508315078427,6.35552701775733e-05,0.011035817012949,0.000228718248298963,0.039714924170683,1.09119381612436,189.476266039999
19.136131,51.156693,1.8e-05,"2022-10-13 10:34:32",416.897125,0.76329,0,51.148941,51.149261,51.164509,51.164127,19.117279,19.150116,19.154846,19.12204,1.01712500000002,0.84,1.47892032655456e-05,1.82128944837461e-05,1.61505156599539e-05,1.41351436994641e-05,1.77778271837668e-05,1.83926690828797e-06,0.102181494904887,1.57099904953808e-07,0.00872777249743376,1.84596401374991e-06,0.102553556319439,1.13499410751925,63055.2281955136
19.136629,51.300121,0.00315,"2022-10-13 10:35:07",416.078857,0.727956,0,51.292782,51.292957,51.307423,51.307251,19.126099,19.158875,19.146973,19.114197,0.198857000000032,0.84,0.00312029792051505,0.00308416142924921,0.00294131667432146,0.00299435995285517,0.00309007638654916,8.7599231838692e-05,0.0278092799487911,4.23723934242903e-05,0.0134515534680287,9.73090188175369e-05,0.0308917520055673,1.11153944932469,352.869666452284
19.139841,51.44104,0.616401,"2022-10-13 10:35:29",416.366455,0.51869,0,51.433926,51.434143,51.448154,51.447933,19.135468,19.168488,19.143799,19.11087,0.486454999999978,0.84,0.61709181099209,0.610682865053296,0.572417712764917,0.475245767287705,0.523574784204159,0.0605390244548302,0.0982137025326536,0.0656380466611249,0.106485950965565,0.0892934860526262,0.144862656051217,0.991268199203137,1.60815475510769
19.141277,51.172508,0.000202,"2022-10-13 10:34:32",415.096588,0.6692,0,51.164875,51.165264,51.18021,51.179821,19.122467,19.155273,19.159973,19.127167,-0.783411999999998,0.84,0.000222539011221153,0.000217933553218234,0.00019664177362465,0.000185558463125889,0.000207878644369338,1.52619265315799e-05,0.0755540917404947,4.156829297743e-06,0.0205783628601139,1.58178895958316e-05,0.0783063841377802,1.07397795147303,5316.7225320447
19.146315,51.188084,0.000531,"2022-10-13 10:34:32",415.451477,0.663593,0,51.180363,51.180759,51.195873,51.195511,19.127472,19.160278,19.165039,19.132233,-0.428522999999984,0.84,0.000565842468791267,0.000541649643560244,0.000509333198384328,0.00050151999027788,0.000514774944916149,2.57853576704627e-05,0.048559995612924,1.14728464749163e-05,0.0216061138887313,2.82225242746053e-05,0.0531497632290119,1.07049319028451,2015.99470863373
19.149063,51.284748,0.00308,"2022-10-13 10:35:07",415.97818,0.616248,0,51.277294,51.277462,51.29216,51.291977,19.138611,19.171356,19.159271,19.126495,0.0981800000000135,0.84,0.00321521956671932,0.00309560883363996,0.00300868977465555,0.00301720299263942,0.00294469392826615,8.29166144297047e-05,0.0269209787109431,9.56758408587186e-05,0.0310635846943892,0.000126605811369412,0.0411057829121468,1.04180689839002,338.248992983772
19.151323,51.203461,9e-04,"2022-10-13 10:34:32",415.591278,0.632624,0,51.196106,51.196472,51.210846,51.210495,19.132538,19.165375,19.170013,19.137177,-0.288722000000007,0.84,0.000971359964673052,0.000928878441941354,0.000915529865613018,0.000895309732735729,0.000916991809250544,3.05029492949011e-05,0.0338921658832234,1.2015023545688e-05,0.0133500261618755,3.27840007700516e-05,0.0364266675222796,1.05157649576756,1168.41832863063
19.151798,51.472412,1.289273,"2022-10-13 10:35:29",417.935272,0.682923,0,51.465031,51.465408,51.479786,51.47942,19.148132,19.180847,19.155365,19.122681,2.055272,0.84,1.54202820482199,1.52486610345277,1.08616333578225,1.15617847381161,1.27514521782296,0.208403110604586,0.16164389590458,0.00998985058051129,0.0077484369722404,0.208642406102614,0.161829500891288,1.10250418482348,0.855136332509469
19.157246,51.315475,0.005822,"2022-10-13 10:35:07",414.458527,0.731523,0,51.307987,51.308197,51.322926,51.32272,19.146698,19.179718,19.167572,19.134521,-1.42147299999999,0.84,0.00588474630601328,0.00609617905413889,0.00557123598397679,0.00566258354844971,0.00580358637710831,0.000203920442361182,0.0350258403231162,1.30203976129256e-05,0.00223641319356332,0.000204335698219325,0.0350971656165106,1.1138787821312,191.3223603798
19.1611,51.269493,0.002934,"2022-10-13 10:35:07",415.927032,0.659638,0,51.262054,51.262249,51.276905,51.27673,19.150787,19.183563,19.171387,19.138641,0.0470320000000015,0.84,0.0030989953806364,0.00308766590288486,0.00291781378911014,0.00291957918402408,0.00287373649849944,9.3155230317041e-05,0.0317502489151469,4.26127305690916e-05,0.0145237663834668,0.000102438965935697,0.0349144396508852,1.06804602032765,364.02386514235
19.16572,51.345947,0.009759,"2022-10-13 10:35:08",413.912537,0.673295,0,51.338146,51.33847,51.35371,51.353394,19.155487,19.188538,19.17572,19.142731,-1.96746300000001,0.84,0.0104440191106293,0.00986454084306915,0.00943898816599575,0.00886093692893691,0.00995301463170177,0.000581541292227892,0.059590254352689,0.000137189061725732,0.0140576966621306,0.000597504069629047,0.0612259524161336,1.07653449272938,110.311967694373
19.166071,51.426056,1.038565,"2022-10-13 10:35:28",416.07724,0.523723,0,51.418629,51.418842,51.433502,51.433277,19.162445,19.195618,19.169342,19.136322,0.197240000000022,0.84,1.00982339974454,1.00766183434005,0.922428552828769,0.906303949557068,0.936326555607144,0.058702082234769,0.0565222997450993,0.0722934973281522,0.0696090252686661,0.0931250998100573,0.0896670885404932,0.994262573440051,0.957342653988967
19.168987,51.157024,0.000587,"2022-10-13 10:34:32",416.385345,0.769389,0,51.149261,51.149548,51.164764,51.164509,19.150177,19.182983,19.187744,19.154907,0.505344999999977,0.84,0.000581985504489462,0.000572503791905324,0.000574705464807706,0.000586391596869914,0.000591795284109251,6.64609147752558e-06,0.0113221319889703,3.3907779113675e-06,0.00577645300062606,7.46109286712449e-06,0.0127105500291729,1.13910466304755,1940.55308866703
19.169498,51.300289,0.005755,"2022-10-13 10:35:07",416.807129,0.706201,0,51.292957,51.293152,51.307621,51.307423,19.158936,19.191895,19.180023,19.147034,0.927128999999979,0.84,0.00582503023825424,0.0059207147211594,0.00564553828249961,0.00555697699204739,0.00571318453972829,0.000143641275012913,0.0249593874913837,2.95679955165624e-05,0.00513779244423325,0.00014665293125677,0.0254826987414022,1.0974150873339,190.68898129173
19.172642,51.441498,1.522758,"2022-10-13 10:35:29",416.911652,0.527109,0,51.434143,51.434769,51.44878,51.448154,19.168549,19.201782,19.17691,19.14386,1.03165200000001,0.84,1.71629087161294,1.61087593121695,1.34697729837565,1.23909282415498,1.41466549320542,0.193818414717377,0.127281166618318,0.0764329445499006,0.0501937566900982,0.208344841299528,0.136820716948805,1.01333680026787,0.665461485191915
19.174141,51.172855,0.001082,"2022-10-13 10:34:32",415.31897,0.574106,0,51.165264,51.165516,51.180462,51.180218,19.155334,19.188141,19.192871,19.160034,-0.561030000000017,0.84,0.0010759097178709,0.00108543979898996,0.0010861099846246,0.00110321991841377,0.00109055602927142,1.01640229143257e-05,0.00939373651970953,6.05002631785166e-06,0.0055915215506947,1.18283633800131e-05,0.0109319439741341,1.0174466567717,940.338869474769
19.178953,51.457184,1.456835,"2022-10-13 10:35:29",416.141388,0.742238,0,51.449352,51.449726,51.465015,51.464642,19.176056,19.208984,19.181549,19.148834,0.261388000000011,0.84,1.51134772130059,1.58222547074371,1.36782462467278,1.28538091050324,1.35946812084422,0.116956973844662,0.0802815513388011,0.0688487805140232,0.0472591477511339,0.135716941864931,0.0931587598217584,1.12913078824075,0.775057428082622
19.17918,51.188461,0.001383,"2022-10-13 10:34:32",415.858429,0.645675,0,51.180759,51.181011,51.196156,51.195877,19.160339,19.193176,19.197937,19.165131,-0.0215709999999945,0.84,0.00138354779875021,0.00140251082189281,0.00141088266083767,0.00142066105463876,0.00138962732581188,1.66674688875848e-05,0.0120516767083043,4.686227022713e-06,0.00338845048641576,1.7313729893556e-05,0.0125189659389414,1.05947921448453,766.073184732129
19.184652,51.47261,1.148864,"2022-10-13 10:35:30",417.705963,0.704063,0,51.465408,51.465496,51.479839,51.479786,19.180908,19.213867,19.188354,19.155457,1.825963,0.84,0.995074738104615,1.11620822170825,1.16311707319608,1.2383400305997,1.27446823056444,0.0888232259194615,0.0773139605031244,0.088815603177834,0.0773073254778929,0.125609620772384,0.109333759933625,1.10321461411621,0.960265631194129
19.185497,51.395737,0.773766,"2022-10-13 10:35:28",416.321808,0.734673,0,51.388485,51.388378,51.402889,51.403011,19.182983,19.21521,19.189545,19.157135,0.44180799999998,0.84,0.824813148855905,0.809456777499862,0.797005762892756,0.676752766692717,0.808419683750785,0.0587317665265909,0.0759037829609868,0.0245038547732742,0.0316683012348361,0.0636385048385307,0.0822451553034519,1.11776306801893,1.44457506276953
19.189207,51.219349,0.002144,"2022-10-13 10:34:32",415.556824,0.692951,0,51.211407,51.211681,51.227329,51.22702,19.170349,19.203186,19.208008,19.175171,-0.323175999999989,0.84,0.00209810604944976,0.00215810969764031,0.00219593075799936,0.00214207499517207,0.00215308932270221,3.51405852264462e-05,0.0163901983332305,6.42712171912545e-06,0.00299772468242791,3.57235023989751e-05,0.0166620813428056,1.08893576012415,507.899141848952
19.190212,51.487934,0.667208,"2022-10-13 10:35:30",416.148743,0.740572,0,51.480656,51.480717,51.495411,51.495312,19.186768,19.219849,19.193665,19.160583,0.268743000000029,0.84,0.453960178005248,0.46757567647343,0.796900687036691,0.92420779735232,0.797587801902589,0.20497538167603,0.307213615058618,0.0921924420550794,0.138176463794018,0.224753984314658,0.336857448224029,1.14217390998451,1.71187082586617
19.194002,51.269661,0.005222,"2022-10-13 10:35:07",416.272552,0.660847,0,51.262249,51.262424,51.2771,51.276905,19.183624,19.216522,19.204407,19.171478,0.392552000000023,0.84,0.00533641434874898,0.00511238166464746,0.00524870648371997,0.0051877804184622,0.00522410575099584,8.21425014363325e-05,0.0157300845339587,1.48899080864866e-06,0.000285138033061788,8.21559957388755e-05,0.0157326686593021,1.06879313440844,204.671224513297
19.194132,51.234898,0.00269,"2022-10-13 10:34:32",416.266937,0.706373,0,51.227444,51.227749,51.242325,51.242065,19.175323,19.20816,19.21286,19.179993,0.386936999999989,0.84,0.00271442529411825,0.00267631358820784,0.00269836575042885,0.00269848808964277,0.00271222900749446,1.39075037359844e-05,0.00517007573828415,1.57182819383791e-05,0.00584322748638629,2.09876879922681e-05,0.00780211449526695,1.09752576988856,408.002144939986
19.198769,51.34621,0.029916,"2022-10-13 10:35:08",416.912994,0.696399,0,51.33847,51.338642,51.353924,51.353714,19.188599,19.221283,19.20874,19.175781,1.03299400000003,0.84,0.0266161747842842,0.0308265241644121,0.0203871177615493,0.0239282148822257,0.0216539991824572,0.00430831542243803,0.144013752588516,0.00584211680425332,0.195284022070241,0.00725891937782453,0.242643380726853,1.09115730264318,36.4740373928057
19.199034,51.250484,0.004038,"2022-10-13 10:34:32",419.278412,0.580502,0,51.242939,51.243198,51.258038,51.257771,19.180206,19.213043,19.217773,19.184906,3.39841200000001,0.84,0.00400372858931965,0.00402516355928115,0.00399214154137889,0.00399430604969287,0.00403018910292501,2.01013554912537e-05,0.00497804742230157,5.52313828887579e-06,0.00136779056188108,2.08463317910802e-05,0.00516253882889555,1.02106932792958,252.865113405048
19.201838,51.157284,0.000824,"2022-10-13 10:34:32",416.68222,0.707297,0,51.149551,51.149776,51.165005,51.164764,19.183044,19.215759,19.22052,19.187805,0.802219999999977,0.84,0.000809037838757152,0.00081988833277175,0.00082489870784341,0.00083621514219202,0.000823082601012644,9.79394178077951e-06,0.0118858516757033,6.48699045013083e-07,0.000787256122588693,9.81540147198775e-06,0.0119118949902764,1.09812068840603,1332.67073835684
19.202494,51.30051,0.009791,"2022-10-13 10:35:07",416.466705,0.740833,0,51.293152,51.293415,51.307911,51.307621,19.191986,19.224792,19.212982,19.180084,0.586704999999995,0.84,0.0104563166821072,0.00990157932785568,0.00970502876016533,0.00925415106391837,0.00957987459926026,0.0004317943571007,0.0441011497396282,0.000149288202543797,0.0152474928550503,0.000456873433505128,0.0466625915131374,1.12001506356939,114.392305542783
19.205896,51.441959,1.343206,"2022-10-13 10:35:29",416.590637,0.716586,0,51.434769,51.435089,51.449158,51.44878,19.201843,19.234375,19.209869,19.176971,0.71063700000002,0.84,0.965784125979074,1.18406807934782,1.33548132579297,1.25663390127436,1.24022412765186,0.154701766206842,0.115173522309193,0.0728191802766572,0.0542129653058854,0.170983243283313,0.127294877541727,1.11728723472511,0.831806316175709
19.206987,51.173115,0.001082,"2022-10-13 10:34:32",415.906586,0.670373,0,51.165516,51.165752,51.180695,51.180466,19.188232,19.220947,19.225677,19.192932,0.0265860000000089,0.84,0.00108228666468542,0.00107352895608796,0.00109151149979216,0.00110106565576544,0.00108641768843913,1.05194528656083e-05,0.00972223000518327,3.12377745247822e-06,0.00288704015940686,1.09734622687813e-05,0.0101418320413875,1.07470924405135,993.261778235995
19.211033,51.330982,0.014045,"2022-10-13 10:35:08",416.176605,0.672466,0,51.323853,51.324062,51.338085,51.33791,19.200287,19.233185,19.221649,19.188995,0.296605,0.84,0.0143318275033247,0.0229393752158058,0.0232903141920999,0.0161876394360759,0.0136106401573893,0.00460002391819568,0.327520392893961,0.000307138790185148,0.021868194388405,0.00461026618368275,0.328249639279655,1.07602591776884,76.6127388941862
19.211769,51.457405,0.700027,"2022-10-13 10:35:30",417.170349,0.673426,0,51.449726,51.449818,51.465103,51.465015,19.209045,19.241852,19.214569,19.18161,1.29034899999999,0.84,0.374759172648583,0.429068149602101,0.782917208616324,0.938447921355147,0.803996623325411,0.238651141240283,0.340917052114109,0.0735176256908092,0.105021128743333,0.249718258248178,0.356726609471031,1.10519762304237,1.57879285090771
19.212034,51.18869,0.001362,"2022-10-13 10:34:32",416.156555,0.623339,0,51.181015,51.181244,51.196384,51.196156,19.193237,19.225983,19.230774,19.198029,0.27655500000003,0.84,0.0013111017183661,0.00134636600443515,0.0013290741397384,0.00133871424515956,0.00132996478788144,1.90274993340655e-05,0.0139702638282419,2.26523157257831e-05,0.0166316561863312,2.95833253480474e-05,0.021720503192399,1.04601697395223,768.00071508974
19.214336,51.142078,0.000555,"2022-10-13 10:34:10",416.662323,0.557616,0,51.13448,51.134945,51.149731,51.149273,19.191956,19.224396,19.236481,19.20401,0.782323000000019,0.84,0.000541536553380521,0.000546594912960466,0.000555851831868817,0.000558710949241504,0.000556118215109,7.1852075573386e-06,0.0129463199231326,7.90697486399146e-07,0.00142468015567414,7.22858285952604e-06,0.0130244736207676,1.00823390317339,1816.63766337548
19.21706,51.204044,0.001751,"2022-10-13 10:34:33",415.913788,0.727398,0,51.196751,51.196987,51.211376,51.211132,19.198334,19.231079,19.235748,19.203003,0.0337880000000155,0.84,0.00173388884013162,0.00175671816701438,0.00173632109086156,0.0017694561146034,0.00176918962983621,1.4747777139988e-05,0.0084224883723518,1.28620106044573e-05,0.00734552290374491,1.95685525105953e-05,0.0111756439238123,1.11117408662501,634.593995788127
19.219116,51.361572,1.01975,"2022-10-13 10:35:08",418.094208,0.763436,0,51.354324,51.354534,51.368835,51.368622,19.208527,19.241425,19.229675,19.196686,2.21420799999999,0.84,0.873995966441349,1.01061854831579,0.910955274934348,0.801267817162802,0.814500444496946,0.0927392358377714,0.0909431094265962,0.145133352531734,0.142322483482946,0.17223314396734,0.168897419923844,1.14808483222141,1.12584930838089
19.21916,51.395653,2.16462,"2022-10-13 10:35:28",417.981567,0.673863,0,51.388378,51.388493,51.403049,51.402889,19.215271,19.248596,19.222839,19.189636,2.10156699999999,0.84,2.40477939973467,2.36690203695778,1.86349249754047,1.95087361881522,2.15524632422501,0.241821502398733,0.111715452318991,0.00662818970513968,0.00306205694539443,0.241912322797223,0.111757409058968,1.10372682974101,0.50989403670899
19.222054,51.219593,0.002668,"2022-10-13 10:34:33",415.759674,0.618792,0,51.211681,51.211929,51.227543,51.227329,19.203247,19.236023,19.240875,19.208069,-0.120325999999977,0.84,0.00263864582930822,0.00262228182061204,0.00269528293758115,0.00271718501192433,0.00266004745613396,3.90990850438148e-05,0.0146548294766922,5.62329769536019e-06,0.00210768279436289,3.95013914721255e-05,0.0148056189925508,1.04331373077534,391.047125478014
19.229433,51.141857,0.000523,"2022-10-13 10:34:33",416.172028,0.695979,0,51.134094,51.134338,51.149551,51.149319,19.210602,19.243408,19.248199,19.215393,0.292028000000016,0.84,0.000518439951304915,0.000523141370216213,0.000521924132751199,0.000533376788699939,0.000525310575301429,5.58753085923815e-06,0.0106836154096332,1.63382346408256e-06,0.00312394543801636,5.82150154296341e-06,0.0111309780936203,1.09086514678712,2085.78421947825
19.231569,51.346378,0.833174,"2022-10-13 10:35:08",417.064087,0.728121,0,51.33865,51.338856,51.354137,51.353924,19.221375,19.254303,19.24173,19.208801,1.18408699999998,0.84,0.82476020146472,0.812316545940677,0.873438616314378,0.841818822417028,0.706871430304454,0.0230470497366058,0.0276617486102613,0.0893094035130071,0.107191779283808,0.0922352213496054,0.110703432115747,1.11546740279508,1.33881686513872
19.232084,51.426937,0.724553,"2022-10-13 10:35:29",415.575165,0.593891,0,51.419422,51.419773,51.434448,51.434124,19.228577,19.26178,19.235291,19.202667,-0.304834999999969,0.84,0.340923535956241,0.413145756370089,0.83173247881049,0.875266459836615,0.8171541120137,0.24501484126576,0.338159998324152,0.0654788742503024,0.0903714072680706,0.253613397543529,0.350027392811195,1.05954059634097,1.46233691164203
19.234661,51.157547,0.000736,"2022-10-13 10:34:33",415.264191,0.68438,0,51.14978,51.150009,51.165218,51.165009,19.21582,19.248627,19.253418,19.220581,-0.615809000000013,0.84,0.000737418263232504,0.00072874705522608,0.000739254378540069,0.000734871199671582,0.000753600928578753,3.99156482007779e-06,0.00542332176641003,1.24457359532163e-05,0.0169099673277396,1.30701542886863e-05,0.0177583618052802,1.08350172338157,1472.14908068148
19.23867,51.442204,0.188922,"2022-10-13 10:35:30",414.848083,0.659032,0,51.435089,51.435246,51.449253,51.449158,19.234467,19.267761,19.242737,19.20993,-1.03191700000002,0.84,0.0647371361988022,0.0750063710978192,0.306528471266817,0.348811945431467,0.290027929909442,0.129888721482977,0.687525653354171,0.0714926886571382,0.378424369089562,0.148264238776277,0.784790753730516,1.07791718676525,5.70562023885651
19.23941,51.377014,2.38346,"2022-10-13 10:35:09",417.459869,0.615754,0,51.369663,51.369843,51.384426,51.384228,19.228912,19.261871,19.249847,19.216827,1.57986900000003,0.84,2.69644761346759,2.5369412393523,1.99849366166802,2.19977855953864,2.19686534198843,0.274484782662596,0.115162319763116,0.131942348013166,0.055357483663735,0.304549961603281,0.12777640975862,1.08512841066325,0.455274437441054
19.239838,51.17337,0.000974,"2022-10-13 10:34:33",416.54953,0.638285,0,51.165752,51.165966,51.180874,51.180695,19.221008,19.253845,19.258575,19.225769,0.669530000000009,0.84,0.00099269930828091,0.000986834706374363,0.000977181586930184,0.000992338138991792,0.00100666912662038,8.62936523056033e-06,0.0088597178958525,2.31005609687126e-05,0.0237172083867686,2.46597214370238e-05,0.0253179891550552,1.05499182074228,1083.15382006394
19.243975,51.331165,0.561879,"2022-10-13 10:35:08",416.612335,0.635342,0,51.324062,51.324268,51.338291,51.338085,19.233246,19.266174,19.254639,19.22171,0.732334999999978,0.84,0.631203292773363,0.653242634433185,0.449296520499974,0.657165389402666,0.577436938990355,0.087742860352322,0.156159707610219,0.0110011241613666,0.0195791694677441,0.0884298268437798,0.157382331149197,1.05691971844583,1.8810450620967
19.244907,51.188938,0.001348,"2022-10-13 10:34:33",416.633575,0.576104,0,51.181244,51.181423,51.196564,51.196392,19.226044,19.258881,19.263672,19.230835,0.753575000000012,0.84,0.00135087169815266,0.00135081469795324,0.00134619144288131,0.00134914369986438,0.00133391631440984,1.98147246963627e-06,0.00146993506649575,9.95866958490138e-06,0.00738773708078737,1.0153882658824e-05,0.00753255390120473,1.01857538695921,755.619723263508
19.244978,51.457371,0.055816,"2022-10-13 10:35:30",414.880615,0.642665,0,51.449818,51.449818,51.465122,51.465103,19.241913,19.275177,19.247864,19.21463,-0.999385000000018,0.84,0.0145593711822762,0.0160040391165122,0.0707603568463186,0.150001123959872,0.109959328860375,0.0552806256878422,0.990408228605457,0.0382851149931845,0.685916493356465,0.0672435692574441,1.20473644219299,1.05978299657594,18.9870824956274
19.245243,51.380531,1.930335,"2022-10-13 10:35:28",417.326263,0.636029,0,51.373322,51.373413,51.387897,51.387775,19.24115,19.27475,19.249023,19.215607,1.44626299999999,0.84,1.67773880181615,1.84819231258986,1.80229459723947,1.72498758293351,1.90024892709211,0.0997941731358924,0.0516978519976545,0.0212740661724419,0.011020919256213,0.102036576203761,0.0528595172360035,1.05855767519979,0.548380294197531
19.247061,51.142403,0.000512,"2022-10-13 10:34:10",416.219086,0.708022,0,51.134945,51.135143,51.149933,51.149731,19.224457,19.257416,19.26944,19.236572,0.339086000000009,0.84,0.000522652926612279,0.00052167374959371,0.000522288614873332,0.00051963240327708,0.000528572930180607,4.43278207472471e-06,0.0086577774896967,1.17188313148384e-05,0.0228883424117937,1.25291884935792e-05,0.0244710712765219,1.09858779924091,2145.6792953924
19.249954,51.204288,0.002201,"2022-10-13 10:34:33",416.278534,0.639168,0,51.196987,51.197163,51.211594,51.211376,19.231171,19.263977,19.268646,19.23584,0.398533999999984,0.84,0.00214193557899822,0.00214132286743466,0.00216457992083524,0.00215261297251734,0.00217219913946612,2.46540116382958e-05,0.0112012774367541,2.03652837875143e-05,0.00925274138460442,3.19775714150906e-05,0.0145286557996777,1.05552628259393,479.566689047675
19.25209,51.36174,2.678978,"2022-10-13 10:35:09",417.424652,0.754991,0,51.354534,51.354702,51.369019,51.368835,19.241516,19.274445,19.262695,19.229736,1.54465199999999,0.84,2.8337902844236,2.62329819680177,2.53404286588242,2.57718828152238,2.81161847657544,0.116273086056885,0.0434020309449667,0.0937909804463093,0.0350099853176507,0.149386005215588,0.0557623113051277,1.13926625010806,0.425261517678778
19.252104,51.395935,0.619724,"2022-10-13 10:35:29",415.621246,0.664085,0,51.388493,51.389099,51.403656,51.403049,19.248657,19.281921,19.256134,19.2229,-0.25875400000001,0.84,0.253719207073407,0.337300679806807,0.858227127423235,0.95149230214438,0.80820579513213,0.307999470330648,0.496994581992383,0.133276755468143,0.215058244425168,0.335598520962287,0.541529004786465,1.12215651960726,1.81073593988172
19.254965,51.219845,0.004205,"2022-10-13 10:34:33",415.54657,0.589682,0,51.211929,51.212154,51.227753,51.227543,19.236084,19.268921,19.273773,19.240936,-0.333430000000021,0.84,0.00408489458400914,0.00409621238420555,0.00410243733216996,0.00420329508383027,0.00417258678454661,6.03797662509565e-05,0.0143590407255545,2.29196044471531e-05,0.00545055991608873,6.45834687867887e-05,0.0153587321728392,1.02631616244461,244.07043102131
19.256367,51.48851,0.020546,"2022-10-13 10:35:31",416.148132,0.563236,0,51.480999,51.48122,51.495922,51.495724,19.25296,19.285858,19.259613,19.226624,0.26813199999998,0.84,0.00836355033648963,0.00815662763222542,0.0144831958275004,0.0424118641284719,0.0166611567579077,0.0141545398929418,0.688919492501792,0.0027469990003302,0.133699941610542,0.0144186338842727,0.701773283572115,1.01145572750323,49.228839068589
19.258814,51.411804,0.156917,"2022-10-13 10:35:29",415.287659,0.695989,0,51.40448,51.404797,51.419178,51.418839,19.255096,19.288055,19.262512,19.229401,-0.592340999999976,0.84,0.0374239556145112,0.0517150277471686,0.307100339341985,0.394245715799594,0.182981141019198,0.15726102487266,1.00219240026677,0.0184301308604774,0.11745146071157,0.158337297146104,1.00905126370058,1.10230276593526,7.02475044727636
19.259937,51.235287,0.007293,"2022-10-13 10:34:33",417.385315,0.633884,0,51.227962,51.228168,51.242599,51.242588,19.241089,19.273926,19.278687,19.245789,1.505315,0.84,0.00742940415670672,0.00728950580221985,0.00729338382069651,0.00729874783918235,0.00739864222505761,6.07967392353088e-05,0.00833631416910858,7.47003337178715e-05,0.0102427442366477,9.63139831966652e-05,0.0132063599611498,1.05233499168867,144.293842271859
19.262262,51.142075,0.000522,"2022-10-13 10:34:33",415.745148,0.66707,0,51.134338,51.134598,51.149811,51.149551,19.243469,19.276184,19.280975,19.24826,-0.134852000000024,0.84,0.000507432910535684,0.000507065766202835,0.000513528260433615,0.000521150066915031,0.000521646127896255,7.181211418865e-06,0.0137571099978257,2.50225364230869e-07,0.000479358935308179,7.18556957904811e-06,0.0137654589636937,1.07265203349065,2054.88895304723
19.264868,51.250839,0.010549,"2022-10-13 10:34:33",418.584076,0.563224,0,51.243465,51.243484,51.258465,51.258312,19.246002,19.27887,19.2836,19.250732,2.70407599999999,0.84,0.0104920511106496,0.0107064085972088,0.0102065458911451,0.0101650140447401,0.0105485545503655,0.000231500751455676,0.0219452793113732,3.14980457231829e-07,2.98587977279201e-05,0.000231500965737145,0.0219452996243384,1.01134629468283,95.8712953533827
19.267494,51.157757,0.000767,"2022-10-13 10:34:33",416.214569,0.66954,0,51.150009,51.15028,51.165482,51.165218,19.248688,19.281433,19.286224,19.253479,0.334568999999988,0.84,0.000775506247622431,0.000771875471971899,0.000772155925680162,0.000781978527115415,0.000759371888246624,5.53171667286634e-06,0.00721214690073839,5.39388954846094e-06,0.00703245051950579,7.72618494535716e-06,0.0100732528622649,1.07418983967439,1400.50826554679
19.272678,51.173569,0.001106,"2022-10-13 10:34:33",416.226501,0.623189,0,51.165966,51.166229,51.181137,51.180874,19.253906,19.286621,19.291382,19.258667,0.346500999999989,0.84,0.00109146335131318,0.00109372115249709,0.00109952243350796,0.00110391003191155,0.0010852613298517,6.28528662862757e-06,0.00568289930255657,1.4664454294654e-05,0.0132590002664141,1.59546559901491e-05,0.0144255479115272,1.04592759308451,945.684984705703
19.277756,51.189148,0.001669,"2022-10-13 10:34:33",415.475616,0.577189,0,51.181423,51.181686,51.196827,51.196568,19.258972,19.291687,19.296478,19.263733,-0.404383999999993,0.84,0.00166805413101122,0.00163117342787543,0.00166568492314616,0.00165809783412659,0.00163460998799699,1.58114662777689e-05,0.00947361670327674,2.43174106924151e-05,0.0145700483477622,2.90058430085493e-05,0.0173791749601853,1.01918945371424,610.658749978576
19.278084,51.457535,0.008094,"2022-10-13 10:35:30",416.245789,0.695564,0,51.449818,51.450008,51.465343,51.465122,19.275238,19.308044,19.28064,19.247955,0.365789000000007,0.84,0.00813212243845026,0.00803863750008653,0.0097909507753739,0.0156357015438731,0.00880594860222011,0.00326934755081228,0.403922356166578,0.000503423684486123,0.0621971441173861,0.00330787980647783,0.408682951133906,1.09060543743593,134.742455823564
19.283852,51.473141,0.007355,"2022-10-13 10:35:31",415.131439,0.682335,0,51.465733,51.466,51.480396,51.480179,19.279938,19.313049,19.287506,19.254608,-0.748560999999995,0.84,0.00680149964939659,0.00690688529111196,0.00775307339476746,0.00767515537667839,0.00738325710542367,0.000433609780109729,0.0589544228565233,1.99807908617797e-05,0.00271662690166957,0.00043406989461407,0.0590169809128579,1.08221127356985,147.139534135941
19.287821,51.220089,0.005157,"2022-10-13 10:34:33",416.041138,0.526583,0,51.212154,51.212391,51.227905,51.227753,19.268982,19.301727,19.30661,19.273834,0.161137999999994,0.84,0.00519630047172973,0.00516574662810234,0.00526080036078385,0.00525011090973252,0.00520941056441737,4.76032203497363e-05,0.00923079704280323,3.70598655053365e-05,0.00718632257229717,6.03282704786005e-05,0.0116983266392477,0.99140791782621,192.245087808069
19.29183,51.412117,0.00968,"2022-10-13 10:35:29",415.724487,0.624269,0,51.404797,51.404938,51.419327,51.419178,19.288147,19.320923,19.295502,19.262573,-0.155512999999985,0.84,0.00965897532659436,0.0107129732992689,0.0121253398367969,0.0123578745415205,0.00980335334140988,0.00129326426474545,0.133601680242299,8.72239841929462e-05,0.00901074216869279,0.00129620233061281,0.133905199443473,1.04657224523751,108.116967483214
19.295031,51.1423,0.00058,"2022-10-13 10:34:33",416.075867,0.684734,0,51.134598,51.134838,51.150051,51.149815,19.276245,19.308929,19.313751,19.281036,0.195867000000021,0.84,0.000562549437058446,0.00056215688327432,0.000579034803960262,0.000578641853535052,0.000577608669088962,9.25563416603924e-06,0.015957989941447,1.69092630325595e-06,0.0029153901780275,9.40882540908246e-06,0.0162221127742801,1.08372535766426,1868.49199597286
19.298256,51.427193,0.008726,"2022-10-13 10:35:30",415.14209,0.587713,0,51.419918,51.419891,51.434582,51.434605,19.2948,19.32782,19.301697,19.268738,-0.737909999999999,0.84,0.00815205751620209,0.00830831909296481,0.00878743736369611,0.0089491084350643,0.00859458870530478,0.000338166931419365,0.0387539458422376,9.29218176034933e-05,0.0106488445568982,0.000350701208569812,0.0401903745782503,1.02518617497523,117.486382646714
19.300268,51.157993,0.001033,"2022-10-13 10:34:33",415.885956,0.557179,0,51.15028,51.150509,51.165707,51.165482,19.281494,19.314178,19.319,19.286285,0.00595600000002605,0.84,0.00100889868041176,0.000998324402459631,0.00100685540097062,0.00102202939366081,0.00101226292220014,1.36757550169073e-05,0.0132388722332113,1.46633283342741e-05,0.0141948967417949,2.00509220017732e-05,0.0194103794789673,1.00799228094417,975.791172259607
19.305462,51.173809,0.001436,"2022-10-13 10:34:33",415.777252,0.625751,0,51.166225,51.166454,51.181393,51.181137,19.286682,19.319427,19.324188,19.291443,-0.10274800000002,0.84,0.00148200896141722,0.00143819829596451,0.00146556891155687,0.0014640301308576,0.00147401609172187,1.96384265349743e-05,0.0136757844951075,2.6881436250744e-05,0.0187196631272591,3.3290830744702e-05,0.0231830297665056,1.04745611607803,729.426264678297
19.305613,51.377506,0.009267,"2022-10-13 10:35:09",415.683502,0.743211,0,51.370087,51.370335,51.384937,51.38467,19.295197,19.327942,19.315979,19.283112,-0.19649800000002,0.84,0.00923335059254413,0.0089527592282241,0.0093087055138033,0.0114904077573221,0.00914899350790408,0.00103802842851871,0.112013427055003,8.34431907850617e-05,0.00900433697907216,0.00104137686958249,0.112374756618375,1.12158979800406,121.0305166725
19.310543,51.189407,0.002033,"2022-10-13 10:34:33",415.534729,0.637449,0,51.181686,51.181942,51.197102,51.196827,19.291748,19.324493,19.329315,19.296539,-0.345270999999968,0.84,0.00205076992170224,0.00201545669620164,0.00202368017064256,0.00200339822985475,0.00203596596619901,1.79387939969698e-05,0.00882380422871117,2.09725481208996e-06,0.00103160590855384,1.80609747193377e-05,0.00888390296081538,1.05448623885151,518.684819897446
19.31167,51.381348,0.009442,"2022-10-13 10:35:29",416.957123,0.601251,0,51.373951,51.374256,51.38879,51.3885,19.307892,19.340729,19.315216,19.282379,1.07712300000003,0.84,0.00936202752582812,0.00940777746564942,0.00996541757972637,0.00979732340663763,0.00946020601388599,0.000269667088326975,0.028560377920671,1.28735958771595e-05,0.00136343951251425,0.000269974198762691,0.0285929039147099,1.03300669789071,109.405496493403
19.312777,51.143047,0.000693,"2022-10-13 10:34:11",416.38266,0.587651,0,51.135387,51.135815,51.150555,51.150177,19.290253,19.322754,19.334961,19.302399,0.502659999999992,0.84,0.000687951446267998,0.000682525255611919,0.000690134344861308,0.000695523446704382,0.0006935206581567,4.98610739402032e-06,0.00719496016453149,3.68160913282648e-07,0.00053125672912359,4.99968093009676e-06,0.00721454679667643,1.0251505732457,1479.29375648731
19.315607,51.204762,0.003099,"2022-10-13 10:34:34",415.238647,0.641817,0,51.19743,51.197697,51.212093,51.211838,19.296875,19.32962,19.33432,19.301544,-0.641352999999981,0.84,0.00308932901651166,0.00308875050074265,0.00312709093817018,0.0030382179662251,0.00303953743608729,3.21268616520811e-05,0.0103668479032208,4.20463821694158e-05,0.0135677257726414,5.29153427008512e-05,0.0170749734433208,1.05713247244091,341.120513856377
19.318249,51.362213,0.008641,"2022-10-13 10:35:09",415.647705,0.723537,0,51.354919,51.355167,51.369507,51.369263,19.307617,19.340393,19.328735,19.29599,-0.232295000000022,0.84,0.00843582444378766,0.00871154183987507,0.00875250815985526,0.00853254806188278,0.00865598487763682,0.000130198430500034,0.0150675188635614,1.05959085922461e-05,0.00122623638378036,0.000130628881123462,0.0151173337719548,1.10865044420363,128.301173961767
19.322565,51.488754,0.002938,"2022-10-13 10:35:31",415.155212,0.74481,0,51.481396,51.481403,51.496113,51.496105,19.31955,19.35202,19.325836,19.293365,-0.72478799999999,0.84,0.00261228616594161,0.0027515518027469,0.00321505049800452,0.00336529554129467,0.00312714281121976,0.000313370368504092,0.106661119300236,0.000133744164426179,0.0455221798591488,0.00034071760942817,0.115969233978274,1.12264956784764,382.113535686739
19.327822,51.142597,0.000871,"2022-10-13 10:34:34",416.030457,0.616228,0,51.134838,51.135101,51.150326,51.150051,19.30899,19.341736,19.346558,19.313812,0.150457000000017,0.84,0.000853905658552892,0.000841312746679812,0.000847305049855282,0.000864685957041168,0.000866475435294992,1.22015208370099e-05,0.0140086347152812,3.19935038482848e-06,0.00367319217546324,1.26139983201557e-05,0.0144822024341626,1.04179506052924,1196.09076983839
19.330679,51.347008,0.00728,"2022-10-13 10:35:09",416.446136,0.69961,0,51.339245,51.339481,51.354778,51.354527,19.320557,19.353302,19.340698,19.307953,0.566136000000029,0.84,0.00712991686311303,0.00728804883010112,0.0074497504025194,0.00741583446860597,0.00747985476413492,0.000126990330578394,0.0174437267278014,0.00014131865897224,0.019411903704978,0.000189993440502882,0.0260980000690771,1.09318534027744,150.162821466682
19.331493,51.427307,0.006349,"2022-10-13 10:35:30",414.093323,0.513806,0,51.419891,51.419998,51.434723,51.434582,19.327881,19.360748,19.334595,19.301758,-1.786677,0.84,0.0060027842331373,0.00613829573578563,0.00643994736601964,0.00681793154966888,0.00652659216951189,0.000313220415539754,0.0493338187966222,0.000125576627347489,0.0197789616234822,0.000337455949787326,0.0531510395002876,0.984681024247201,155.092301818743
19.337921,51.442665,0.004489,"2022-10-13 10:35:31",416.344818,0.64358,0,51.435368,51.435703,51.449726,51.449444,19.333801,19.366974,19.34201,19.30899,0.46481799999998,0.84,0.00429395218628137,0.00439805978546263,0.00472180603142185,0.00480783045231499,0.00473324576477661,0.000216824501306023,0.048301292338165,0.000172707836549635,0.0384735657272522,0.000277201841935188,0.0617513570806834,1.05820380515327,235.732636478786
19.338293,51.17408,0.00196,"2022-10-13 10:34:34",417.217804,0.597428,0,51.166454,51.166718,51.181641,51.181393,19.319489,19.352234,19.357025,19.324249,1.33780400000001,0.84,0.00200152219244333,0.0019379178718865,0.00189402839706722,0.00191231686833741,0.00191479915031783,4.20189405725124e-05,0.0214382349859757,3.19618273256561e-05,0.0163070547579878,5.27934633532542e-05,0.0269354404863542,1.0307862135143,525.911333425664
19.338531,51.377777,0.007989,"2022-10-13 10:35:10",416.267548,0.649056,0,51.370335,51.370571,51.385174,51.384945,19.328003,19.360901,19.34903,19.316071,0.387547999999981,0.84,0.0079258109311999,0.00799228176140119,0.00817638152811799,0.00831922787776684,0.00817945135709546,0.000162993615301535,0.0204022550133352,0.000134669446088381,0.016856858942093,0.0002114303155624,0.0264651790665165,1.06154309184261,132.87559041715
19.343042,51.331776,0.006439,"2022-10-13 10:35:09",416.13028,0.656821,0,51.324619,51.324848,51.338917,51.338688,19.332214,19.36499,19.353668,19.320953,0.250280000000032,0.84,0.00643155040062103,0.00638179136127749,0.00665056193597121,0.00669515567899195,0.00643315539555048,0.000142487839175733,0.022128877026826,4.13275943960898e-06,0.000641832495668424,0.000142547760464888,0.0221381830198615,1.06630851368676,165.601570692151
19.343388,51.189678,0.002557,"2022-10-13 10:34:34",416.052216,0.651486,0,51.181942,51.182194,51.197369,51.197102,19.324554,19.35733,19.362122,19.329376,0.172215999999992,0.84,0.0026573684958968,0.00261401046285743,0.00252234536274871,0.00252899968721357,0.00255638303395248,5.81258584398882e-05,0.0227320525771952,4.36260875963194e-07,0.000170614343356744,5.81274955844978e-05,0.022732692837113,1.06303057885218,415.733507568315
19.344131,51.458054,0.00304,"2022-10-13 10:35:31",414.360168,0.692381,0,51.450302,51.45047,51.465794,51.465607,19.341217,19.374695,19.347565,19.313873,-1.51983200000001,0.84,0.0028436430585504,0.00285961895107548,0.00324410616047902,0.00328338061800061,0.00314463911578754,0.000206752111855428,0.0680105631103383,7.39910283507337e-05,0.0243391540627414,0.000219593050967189,0.072234556239207,1.08857314746512,358.083272192472
19.344339,51.38166,0.00773,"2022-10-13 10:35:29",416.405121,0.657621,0,51.374256,51.374401,51.388912,51.38879,19.34079,19.373352,19.347839,19.315308,0.525121000000013,0.84,0.00742566993990891,0.00748028210674052,0.00800167858313471,0.00790061636578479,0.00776103437862204,0.000252684220766167,0.0326887737084303,2.19446195735554e-05,0.00283888998364235,0.000253635332224106,0.0328118152941923,1.06680150167305,138.00795623196
19.345827,51.143093,0.001146,"2022-10-13 10:34:11",415.502441,0.671302,0,51.135815,51.135983,51.150768,51.150555,19.322815,19.35553,19.367584,19.335022,-0.377559000000019,0.84,0.00113238732183142,0.00113194388615177,0.00114675493232139,0.00115199266988881,0.00114243825629403,9.10799267205769e-06,0.00794763758469257,2.51853312733995e-06,0.002197672885986,9.44979045417227e-06,0.0082458904486669,1.07528897292463,938.297533093042
19.348463,51.205036,0.002836,"2022-10-13 10:34:34",414.91507,0.66067,0,51.197704,51.197968,51.212353,51.212093,19.329681,19.362457,19.367157,19.334381,-0.964929999999981,0.84,0.00287220747647057,0.00288851582674871,0.00288008970186142,0.00284713111883325,0.00283853493030946,2.23199174858765e-05,0.00787021067908197,1.7924664116544e-06,0.000632040342614388,2.23917764461251e-05,0.00789554881739249,1.06868369941784,376.827820669195
19.350376,51.473396,0.002018,"2022-10-13 10:35:31",416.245453,0.653689,0,51.466187,51.466183,51.480579,51.480579,19.346924,19.379425,19.353668,19.321228,0.365453000000002,0.84,0.0018223553693932,0.00195082990523139,0.00213116870115556,0.00229061085241877,0.002014919399778,0.000178106993896521,0.0882591644680483,2.17831330710072e-06,0.00107944167844436,0.000178120314180386,0.0882657652033628,1.06438214023341,527.444073455603
19.351137,51.36248,0.006817,"2022-10-13 10:35:10",416.584991,0.723443,0,51.355175,51.355408,51.369736,51.369511,19.340485,19.373352,19.361694,19.328827,0.704991000000007,0.84,0.00661826076505851,0.00668685418662843,0.00706773792528976,0.00713442382641125,0.00694437324959322,0.000228370280924756,0.0335001145554872,9.00664885291321e-05,0.013212041738174,0.000245489220874604,0.0360113276917419,1.10858911888669,162.621258454846
19.351147,51.396778,0.007519,"2022-10-13 10:35:30",415.244385,0.604138,0,51.389515,51.389439,51.404037,51.404099,19.347534,19.380524,19.354828,19.321991,-0.635614999999973,0.84,0.00723576088979632,0.00732001303656553,0.00768387038137635,0.00783125674490183,0.00761538610342349,0.000247235476168408,0.0328814305317739,6.81552673428981e-05,0.00906440581764838,0.000256457640055431,0.0341079452128516,1.03468970653743,137.61001549906
19.353504,51.2206,0.002924,"2022-10-13 10:34:34",414.833069,0.809582,0,51.21265,51.212906,51.22855,51.228199,19.334625,19.367401,19.372284,19.339539,-1.04693099999997,0.84,0.00287703991355423,0.00297275027072332,0.00302979765050163,0.00305562490190504,0.0029946931957707,7.35791233798297e-05,0.0251638588850307,4.99876381132102e-05,0.0170956354696341,8.89530851712377e-05,0.0304217117548693,1.16662891385249,398.98389666638
19.355017,51.316727,0.005153,"2022-10-13 10:35:09",415.416565,0.650068,0,51.309204,51.309448,51.32423,51.323994,19.344482,19.377289,19.365326,19.33255,-0.463435000000004,0.84,0.00508144603187985,0.00492902778295552,0.0051232462118072,0.00521301020000699,0.00507551560843101,0.000106883611755476,0.0207420166418545,5.47897387145466e-05,0.0106325904743929,0.000120108375770816,0.0233084369824988,1.06216214348376,206.125003586991
19.355515,51.488697,0.001345,"2022-10-13 10:35:32",416.028107,0.733184,0,51.481403,51.481312,51.496048,51.496113,19.352081,19.38501,19.358887,19.325897,0.148106999999982,0.84,0.00119886139486501,0.00123116502580616,0.00144151902372593,0.00149319660314268,0.00138231400926516,0.000128010241154656,0.0951749004867331,2.63849889846522e-05,0.0196170921818976,0.000130701145688144,0.0971755730023374,1.11497031123649,828.97420909776
19.357845,51.412155,0.005412,"2022-10-13 10:35:30",414.632263,0.698151,0,51.404873,51.405018,51.419407,51.4193,19.353882,19.387054,19.361542,19.328674,-1.24773699999997,0.84,0.00524770481006552,0.00523851781097365,0.00552061989976097,0.00556146837127411,0.00547212582251187,0.000149964983576166,0.0277097161079391,4.25153768225618e-05,0.00785576068413928,0.000155875121701201,0.0288017593682929,1.09225218841532,201.820433927443
19.358486,51.236118,0.003258,"2022-10-13 10:34:34",415.44986,0.751674,0,51.228619,51.228973,51.243515,51.243225,19.339722,19.372467,19.377228,19.344452,-0.430139999999994,0.84,0.00314185597366236,0.00309316085959536,0.00330443078845131,0.00327938771496939,0.00325271254433867,9.24483569260167e-05,0.0283758001614539,3.7387957533496e-06,0.00114757389605574,9.25239282132219e-05,0.0283989957683308,1.12721506858127,345.983753401249
19.360613,51.142807,0.001361,"2022-10-13 10:34:34",416.65448,0.603113,0,51.135101,51.135303,51.150532,51.150326,19.341827,19.374512,19.379333,19.346619,0.774479999999983,0.84,0.00133804673670249,0.00133188825247181,0.00136096241871455,0.00135860219862242,0.00132319049232235,1.40181884159826e-05,0.0102999180132128,2.67353592721912e-05,0.0196439083557614,3.01875643581779e-05,0.0221804293594253,1.03409152964343,759.802740369897
19.363541,51.347263,0.00445,"2022-10-13 10:35:10",415.942352,0.648895,0,51.339481,51.339722,51.355011,51.354778,19.353363,19.38623,19.373657,19.34079,0.0623520000000326,0.84,0.00445346087559243,0.00452298527788453,0.00468030676481156,0.00477538329399022,0.00465054726444834,0.000145202517366968,0.0326297791835884,0.000141808330639833,0.0318670405932209,0.000202961507898815,0.0456093276177113,1.0614446581044,238.526889461664
19.364281,51.427628,0.003452,"2022-10-13 10:35:30",415.167938,0.671184,0,51.419998,51.420349,51.435059,51.434723,19.360809,19.39386,19.367798,19.334656,-0.712062000000003,0.84,0.00334607246211443,0.00336958466927417,0.00361469772763845,0.00362175091465535,0.00356708831259245,0.000131477715625567,0.0380874031360274,8.13797262694385e-05,0.023574659985353,0.000154625513916061,0.0447930225712808,1.07521532065212,311.476048856351
19.367294,51.301525,0.004255,"2022-10-13 10:35:09",416.863861,0.736617,0,51.294159,51.294407,51.308872,51.308636,19.35672,19.389679,19.377594,19.344757,0.98386099999999,0.84,0.00416223449460513,0.00417345463861685,0.00430643084633801,0.00435761336911042,0.00418734047558276,8.418368755033e-05,0.0197846504231093,4.78425085272872e-05,0.0112438327913718,9.68287089233102e-05,0.0227564533309777,1.11723077923265,262.568925789107
19.371222,51.442802,0.002105,"2022-10-13 10:35:31",415.019745,0.588608,0,51.435703,51.435852,51.449905,51.449726,19.367035,19.400146,19.375549,19.342102,-0.860254999999995,0.84,0.00204407423145822,0.0020628629264492,0.00223201729979691,0.00224720275272675,0.00214942856014713,9.52901566990891e-05,0.0452684829924414,3.14157361583901e-05,0.0149243402177625,0.000100335250246912,0.0476652020175356,1.0256994626747,487.268153289642
19.371529,51.377945,0.005236,"2022-10-13 10:35:10",414.934937,0.730651,0,51.370571,51.370724,51.385303,51.385174,19.360962,19.393921,19.381866,19.349091,-0.945063000000005,0.84,0.00502665000875152,0.00516524704649743,0.0054321077541291,0.00552218729193676,0.00544463457989109,0.000200635544828123,0.0383184768579304,0.000147526926230996,0.0281755015720008,0.000249035772152604,0.0475622177525982,1.11330631266503,212.625346192711
19.375809,51.332016,0.003536,"2022-10-13 10:35:10",416.313751,0.643814,0,51.324856,51.325115,51.339157,51.338924,19.365051,19.398071,19.386597,19.353729,0.433751000000029,0.84,0.00342488748935989,0.00348573656829828,0.00368061263451868,0.00378567297154717,0.0036781267903818,0.000147709535135348,0.041773058579001,0.00010049881726725,0.0284216112181136,0.000178656427373931,0.0505250077414962,1.05834611470639,299.306027914704
19.377283,51.381672,0.004902,"2022-10-13 10:35:30",415.9534,0.721766,0,51.374401,51.374317,51.38884,51.388912,19.373444,19.406464,19.38092,19.3479,0.0733999999999924,0.84,0.00476757131815273,0.0047812801665019,0.00508872816466812,0.0051253997281306,0.00493004035472423,0.000167791144898195,0.034229119726274,1.98275249723793e-05,0.00404478273610349,0.000168958572001475,0.0344672729501172,1.10749545701235,225.927265812393
19.377634,51.458153,0.001351,"2022-10-13 10:35:31",415.756897,0.603694,0,51.45047,51.450459,51.46579,51.465794,19.374725,19.407227,19.380066,19.347626,-0.123103000000015,0.84,0.00127398448489015,0.00124192593879966,0.00137307186233539,0.0014532424339202,0.00133398158439999,8.36749451001987e-05,0.0619355626204284,1.20338370758181e-05,0.00890735534849597,8.45358484448379e-05,0.0625727967763419,1.034430496835,765.677643845301
19.378519,51.143337,0.001644,"2022-10-13 10:34:11",416.105438,0.585882,0,51.135983,51.136082,51.150879,51.150768,19.355591,19.38855,19.400635,19.367676,0.225437999999997,0.84,0.00166421112332921,0.00167474967622226,0.00164929960918643,0.00165832862343031,0.00166528446962965,1.21538585277471e-05,0.00739285798524761,1.50503928090846e-05,0.00915474015151131,1.93450407293506e-05,0.0117670564047145,1.02413754852472,622.954713214552
19.383011,51.473324,0.000906,"2022-10-13 10:35:32",415.53125,0.627878,0,51.466183,51.466068,51.480495,51.480579,19.379486,19.412292,19.386719,19.35376,-0.348749999999995,0.84,0.000829980019539469,0.000811952240632437,0.000944498642798737,0.000994377596113195,0.000943408942498815,7.67197209215012e-05,0.0846796036661161,2.64521169179297e-05,0.0291965970396575,8.11518950346377e-05,0.0895716280735515,1.04872817711246,1157.53661932943
19.387964,51.31699,0.002655,"2022-10-13 10:35:09",414.583496,0.703796,0,51.309448,51.309742,51.324493,51.32423,19.37735,19.410553,19.398407,19.365387,-1.29650399999997,0.84,0.00248167161423988,0.00253260858176803,0.0027468926503139,0.0027856048878425,0.00270041223361188,0.000131768722041959,0.0496304037822821,3.21112983357881e-05,0.0120946509739315,0.000135624966688958,0.0510828499770088,1.09586898304958,412.756679114721
19.388767,51.488781,0.000486,"2022-10-13 10:35:32",415.010925,0.661609,0,51.481312,51.481506,51.496243,51.496048,19.385071,19.418335,19.39212,19.358978,-0.869075000000009,0.84,0.000428545194668968,0.000431633219053425,0.000537555135610547,0.000561135071074777,0.000494288402000846,6.02407612518044e-05,0.123952183645688,5.86078525999834e-06,0.0120592289300377,6.05251858325169e-05,0.124537419408471,1.0692644539796,2200.13262135721
19.390862,51.412453,0.002628,"2022-10-13 10:35:30",414.557709,0.591617,0,51.405018,51.405354,51.419758,51.419407,19.387115,19.420074,19.394623,19.361603,-1.32229100000001,0.84,0.00252753388754444,0.00254428382087599,0.0027229431200153,0.00273674818398259,0.00264051902693958,9.72960451967342e-05,0.0370228482483768,8.85228884283395e-06,0.00336845085343758,9.76979192648539e-05,0.0371757683656217,1.0274291626355,390.954780302701
19.393394,51.143063,0.001584,"2022-10-13 10:34:34",416.161255,0.69651,0,51.135311,51.13559,51.150776,51.150532,19.374603,19.407318,19.41214,19.379425,0.281254999999987,0.84,0.00161329439721204,0.00158823243915626,0.00161947893574466,0.00162109844172659,0.00160360262401267,1.77447433796698e-05,0.0112024895073673,1.38611483684093e-05,0.0087507249800564,2.25168237480643e-05,0.0142151665076164,1.09120400503618,688.891417320823
19.396526,51.347443,0.002255,"2022-10-13 10:35:10",415.569092,0.657424,0,51.339722,51.339874,51.355164,51.355011,19.386292,19.41925,19.406708,19.373718,-0.310907999999984,0.84,0.00210859937670023,0.00211449297935759,0.00232521201689679,0.00231879814386055,0.00228555872543673,0.000106653372844325,0.0472963959398338,2.16082819807295e-05,0.0095823866876849,0.000108820309635791,0.0482573435191977,1.06668004932025,473.028846705212
19.397476,51.427765,0.001505,"2022-10-13 10:35:31",415.198853,0.593416,0,51.420349,51.420498,51.435207,51.435059,19.393921,19.427032,19.401001,19.367859,-0.68114700000001,0.84,0.00143714419384559,0.00143078581882979,0.00156937361644133,0.0015805057494013,0.00150521315525886,7.06333420516146e-05,0.0469324531904416,1.5072352898549e-07,0.000100148524242851,7.06335028648769e-05,0.0469325600431076,1.02846611711086,683.366190771336
19.398678,51.158733,0.001842,"2022-10-13 10:34:34",415.087555,0.718063,0,51.151001,51.151234,51.166416,51.166214,19.379852,19.412598,19.417419,19.384674,-0.792444999999987,0.84,0.00180069189713563,0.00182728310381991,0.00183282559101275,0.00187183911747006,0.00184779705055426,2.57265382308106e-05,0.0139666331329048,4.09913375779839e-06,0.0022253712040165,2.60510588442328e-05,0.0141428115332426,1.10508573090401,599.937964660159
19.400179,51.301773,0.002206,"2022-10-13 10:35:09",417.244873,0.721364,0,51.294415,51.294647,51.30917,51.30888,19.38974,19.422485,19.410828,19.377655,1.36487299999999,0.84,0.00210970854736697,0.00216244471061784,0.00231032726746948,0.00234390371166196,0.00221910159515746,9.8709438643375e-05,0.0447458924040685,9.26422678020076e-06,0.00419955883055338,9.91432255634504e-05,0.0449425319870582,1.10723350307213,501.919085708128
19.40391,51.174553,0.00181,"2022-10-13 10:34:34",417.004974,0.748408,0,51.166958,51.167171,51.182098,51.181896,19.385101,19.417847,19.422638,19.389893,1.12497400000001,0.84,0.00176414563687053,0.00182743843578495,0.00187054298804006,0.00183004706701205,0.00180636366567285,3.85020520129447e-05,0.0212718519408534,2.57127666138915e-06,0.00142059484054649,3.85878150829625e-05,0.0213192348524654,1.12503979305313,621.568946438191
19.404394,51.442898,0.000947,"2022-10-13 10:35:31",416.437134,0.493239,0,51.435852,51.435848,51.449886,51.449905,19.400208,19.432953,19.408081,19.37561,0.557134000000019,0.84,0.000888546999332903,0.000902799366069528,0.000952732891082038,0.000993334712099898,0.000969926371956894,4.19476805005518e-05,0.0442953331579216,1.62113930787248e-05,0.017118683293268,4.49712926757648e-05,0.0474881654443134,0.974107136378446,1028.6242200406
19.40452,51.378101,0.002574,"2022-10-13 10:35:10",415.366211,0.58368,0,51.370724,51.370907,51.385517,51.385303,19.393982,19.427032,19.415222,19.381927,-0.513788999999974,0.84,0.0025309252710836,0.00258327290421834,0.00263949843822105,0.00264847185221097,0.00259905966543051,4.87933719416186e-05,0.0189562439555628,1.77198593601799e-05,0.00688417224560212,5.19113336486136e-05,0.0201675732900597,1.02287943820119,397.389059130222
19.409012,51.33223,0.001525,"2022-10-13 10:35:10",414.88205,0.603162,0,51.325115,51.325268,51.339314,51.339161,19.398132,19.431091,19.419647,19.386658,-0.997950000000003,0.84,0.00146281916609026,0.00146664428788645,0.00157960095482011,0.0015995568083422,0.00153292972562731,6.28429831055978e-05,0.0412085135118674,5.60716276401952e-06,0.00367682804198001,6.30926366533581e-05,0.0413722207563004,1.03412011015388,678.111547641891
19.409031,51.190155,0.001604,"2022-10-13 10:34:34",415.107788,0.740173,0,51.182446,51.182644,51.197979,51.19759,19.390198,19.422943,19.427734,19.39502,-0.772211999999968,0.84,0.00157612662494266,0.001575645465714,0.0016036940838848,0.00161593419597145,0.00158364126227384,1.82043805150056e-05,0.0113493644108514,1.43958015025661e-05,0.00897493859262225,2.32085882990845e-05,0.0144691947001773,1.11957852358271,697.991598243584
19.410416,51.381668,0.002164,"2022-10-13 10:35:30",416.066986,0.613293,0,51.374317,51.374462,51.388996,51.38884,19.406525,19.439667,19.414185,19.380981,0.18698599999999,0.84,0.00214179363831434,0.00218890657838131,0.00225209596779857,0.00228760244533905,0.0022478060362065,6.11526158215278e-05,0.028259064612536,5.92598165059812e-05,0.027384388403873,8.51549662329681e-05,0.0393507237675453,1.04006168619961,480.620002864883
19.412476,51.28635,0.001972,"2022-10-13 10:35:09",414.810974,0.675933,0,51.27887,51.279133,51.293842,51.29361,19.402039,19.434998,19.422882,19.390137,-1.06902600000001,0.84,0.00186580492032968,0.00191929255694877,0.00202125343875196,0.00207555934536467,0.00201032942020594,8.24598262143164e-05,0.0418153276948866,2.71029929465689e-05,0.0137439112305116,8.67997417389995e-05,0.0440160962165312,1.07818617502878,546.747553260032
19.416279,51.473373,0.000174,"2022-10-13 10:35:32",415.5849,0.740332,0,51.466068,51.466248,51.480682,51.480495,19.412354,19.445557,19.419983,19.38678,-0.295099999999991,0.84,0.000138614553103762,0.000159593104524433,0.000216226751297352,0.00022853508165604,0.000197680609193751,3.79988010881627e-05,0.218383914299785,1.67447193435298e-05,0.0962340192156887,4.15246253448641e-05,0.23864727209692,1.11968364815616,6434.96349515036
19.417007,51.362785,0.001812,"2022-10-13 10:35:10",415.338898,0.61725,0,51.35556,51.355755,51.370075,51.369892,19.406464,19.439606,19.427826,19.394775,-0.541102000000024,0.84,0.00175433550282808,0.00178474806999044,0.00185777448498216,0.00186708063863579,0.00177534728713879,4.78179718893065e-05,0.026389609210434,2.5917381813045e-05,0.0143031908460513,5.43899725652593e-05,0.0300165411508054,1.04239990668566,575.275886691864
19.417397,51.397083,0.001629,"2022-10-13 10:35:30",416.713348,0.670333,0,51.389599,51.389919,51.404514,51.404186,19.413849,19.446655,19.421021,19.388153,0.833348000000001,0.84,0.00155372477027447,0.00156026901245255,0.00166630294344606,0.00169426653740165,0.00162838395409209,6.26461066797141e-05,0.0384567874031394,4.35610239005392e-07,0.000267409600371634,6.26476211711702e-05,0.038457717109374,1.07468429541597,659.720255012874
19.421177,51.317215,0.001122,"2022-10-13 10:35:10",416.308197,0.727725,0,51.309742,51.309906,51.324646,51.324493,19.410614,19.443634,19.431458,19.398468,0.428197000000011,0.84,0.00109109758024238,0.00108832869474145,0.00118008790692717,0.00121746939260463,0.00114980019976397,5.69949798084257e-05,0.0507976647133919,1.96577097714439e-05,0.017520240438007,6.0289744375152e-05,0.0537341750224171,1.11138817667809,990.542046950171
19.423906,51.412594,0.001195,"2022-10-13 10:35:31",415.828766,0.637306,0,51.405354,51.405491,51.419907,51.419758,19.420135,19.453094,19.427795,19.394714,-0.0512340000000222,0.84,0.00112981248553842,0.00119015914151265,0.00121436794413461,0.00123998467189887,0.00120413460847499,4.08201576280364e-05,0.0341591277222062,6.45914359614943e-06,0.00540514108464387,4.13280268676526e-05,0.0345841229018014,1.0543998005235,882.342929308372
19.424488,51.271065,0.001843,"2022-10-13 10:35:09",416.188385,0.710477,0,51.263584,51.26384,51.278576,51.278309,19.413971,19.446869,19.435028,19.4021,0.308384999999987,0.84,0.00175231058329142,0.00176893326802682,0.00187802749816991,0.00186104514923789,0.00184273831709347,5.64985912121444e-05,0.0306557738535781,1.85037757727993e-07,0.000100400302619638,5.64988942186375e-05,0.0306559382629612,1.10017160966875,596.94607144262
19.426144,51.14325,0.001247,"2022-10-13 10:34:35",416.226624,0.80995,0,51.13559,51.135792,51.150951,51.150776,19.407379,19.440063,19.444916,19.412231,0.34662400000002,0.84,0.00122283220136623,0.00121769161611883,0.00125927020136612,0.0012636784164042,0.00125773728878495,2.09252896358999e-05,0.0167805049205292,7.59240971139639e-06,0.00608854026575493,2.22601085256116e-05,0.0178509290502098,1.16688431431548,935.753259274645
19.429499,51.347584,0.001151,"2022-10-13 10:35:10",416.416962,0.703624,0,51.339874,51.340069,51.355358,51.355164,19.419312,19.452545,19.439911,19.406769,0.536962000000017,0.84,0.00114599093384745,0.00114509500947901,0.00118957586968514,0.00118059897947293,0.00118916845038944,2.10261580738503e-05,0.0182677307331454,2.69891700977554e-05,0.0234484536036102,3.42127845390011e-05,0.0297244001207655,1.09575852017975,952.005664795612
19.430906,51.128464,0.000879,"2022-10-13 10:34:12",414.70108,0.804488,0,51.120911,51.121277,51.135773,51.135426,19.409058,19.441742,19.453827,19.42099,-1.17892000000001,0.84,0.000848689394680194,0.000851833610732716,0.00087410237262962,0.000888471700879586,0.000885779124905764,1.73975685109409e-05,0.0197924556438463,4.79356519137631e-06,0.00545343025185018,1.80458764635264e-05,0.0205300073532724,1.16309971303825,1323.2078646624
19.431437,51.158871,0.001337,"2022-10-13 10:34:35",415.750488,0.846794,0,51.151234,51.151409,51.166676,51.166416,19.412659,19.445374,19.450226,19.417511,-0.129511999999977,0.84,0.00132976234604013,0.00131163133482073,0.00130718359851609,0.00134531452400144,0.00132331518000823,1.63444373282809e-05,0.0122247100435908,9.67662901549791e-06,0.00723756844839036,1.89941512229864e-05,0.0142065454173421,1.19275315082241,892.111556336878
19.436672,51.174721,0.001173,"2022-10-13 10:34:35",415.53653,0.682105,0,51.167171,51.167419,51.182354,51.182098,19.417908,19.450623,19.455444,19.422699,-0.343469999999968,0.84,0.00113565027812262,0.00114303922097789,0.00120313382612238,0.00117892475258237,0.00116728148841939,2.75701996986432e-05,0.0235040065632082,4.0435983169431e-06,0.00344722789168209,2.78651502556841e-05,0.0237554563134562,1.08206618642367,922.477567283607
19.437052,51.442848,0.000267,"2022-10-13 10:35:32",414.2995,0.501661,0,51.435848,51.435734,51.44978,51.449886,19.433014,19.465881,19.441071,19.408142,-1.58049999999997,0.84,0.000254554430410054,0.000265817608158195,0.000284525783880136,0.000291601984234889,0.000277148741896162,1.50520196784013e-05,0.0563746055370835,7.17624421528816e-06,0.0268773191583826,1.66751844798322e-05,0.0624538744563004,0.978398568682039,3664.414114914
19.441816,51.190289,0.001116,"2022-10-13 10:34:35",416.774811,0.544115,0,51.182644,51.182903,51.198009,51.197979,19.423004,19.45575,19.460602,19.427795,0.894811000000004,0.84,0.00111016100912183,0.00112525035476035,0.00117414689519768,0.00118307780314841,0.00116055220962457,3.42443742565674e-05,0.0306849231689672,3.15031695423779e-05,0.0282286465433494,4.6530923689947e-05,0.0416943760662607,1.0008302230599,896.801275143279
19.441921,51.332363,0.000865,"2022-10-13 10:35:10",414.506622,0.732002,0,51.325268,51.325451,51.339508,51.339314,19.431152,19.464264,19.452911,19.419708,-1.373378,0.84,0.000829562194106867,0.000844427368058769,0.000859708549649168,0.000878447968201714,0.000869921729120947,1.89071351314871e-05,0.0218579596895805,3.4801880365849e-06,0.00402333877061838,1.92247618359839e-05,0.0222251581918889,1.11419339810178,1288.08485329686
19.443335,51.381878,0.000817,"2022-10-13 10:35:30",415.963928,0.5723,0,51.374462,51.374786,51.389324,51.388996,19.439728,19.472626,19.447083,19.414246,0.0839280000000144,0.84,0.000782072716304121,0.000799754582713175,0.000847262509389783,0.000840259856902078,0.000818493806830296,2.72662596543404e-05,0.033373634827834,1.0562809394851e-06,0.00129287752690955,2.72867118752155e-05,0.0333986681459187,1.01642869437288,1244.09876912226
19.445541,51.286575,0.000769,"2022-10-13 10:35:10",413.825928,0.759934,0,51.279133,51.279301,51.294025,51.293842,19.435059,19.468079,19.456085,19.422943,-2.05407200000002,0.84,0.000732681674086184,0.000750853540454838,0.000789287937111373,0.000806442093457925,0.000778228888562489,2.94095782901901e-05,0.0382439249547335,6.52580968535095e-06,0.00848609842048238,3.0124898128562e-05,0.0391741198030716,1.13273990185899,1473.00377354875
19.446896,51.205791,0.001156,"2022-10-13 10:34:35",419.271759,0.736964,0,51.198589,51.198597,51.212978,51.212994,19.428101,19.460938,19.465668,19.432831,3.39175899999998,0.84,0.00113799802760884,0.00113678741172885,0.00116409924316604,0.00118801893381545,0.0011696923539321,2.1108755428991e-05,0.0182601690562206,9.68195631579422e-06,0.00837539473684621,2.32232606208066e-05,0.0200893257965455,1.11745959114203,966.660545970617
19.449001,51.473572,0,"2022-10-13 10:35:32",416.108398,0.637004,0,51.466248,51.466427,51.480869,51.480682,19.445618,19.478241,19.452789,19.420044,0.228398000000027,0.84,3.05358202727304e-07,0,9.38269719138448e-07,4.66039501190322e-07,0,3.89292298601859e-07,Inf,0,NA,3.89292298601859e-07,Inf,1.05421729070252,Inf
19.450216,51.362991,0.000709,"2022-10-13 10:35:11",415.772156,0.668227,0,51.355755,51.355957,51.370312,51.370075,19.439667,19.472504,19.460876,19.427917,-0.107844,0.84,0.000682741507028583,0.000691917217400287,0.000721506208017681,0.000735691312089576,0.000712749797850808,2.14867817079175e-05,0.0303057569928314,2.65150748838511e-06,0.0037397848919395,2.16497639738788e-05,0.0305356332494764,1.07337194112652,1513.92375335193
19.450432,51.39724,0.000671,"2022-10-13 10:35:31",415.672424,0.586353,0,51.389919,51.390041,51.404659,51.404514,19.446747,19.479553,19.454132,19.421082,-0.207576000000017,0.84,0.000662733894202465,0.000648839921928155,0.000686892418752789,0.00068902740770161,0.000665777341821321,1.68412652416468e-05,0.025098755948803,3.69297701396332e-06,0.00550369152602581,1.72414121859308e-05,0.0256951001280637,1.02440706796969,1526.68713557331
19.453922,51.317314,0.000613,"2022-10-13 10:35:10",415.989349,0.755474,0,51.309906,51.310047,51.324825,51.324646,19.443695,19.476593,19.4646,19.431519,0.109349000000009,0.84,0.000600769436270173,0.000599574729351029,0.000632062049123776,0.000635774435875233,0.000625417161871161,1.70257050990639e-05,0.0277743965726981,8.78025936218893e-06,0.0143234247344028,1.91563981110124e-05,0.0312502416166596,1.1297526123196,1842.98957964046
19.455214,51.489132,0,"2022-10-13 10:35:33",415.459869,0.629701,0,51.481689,51.481945,51.496723,51.496441,19.451172,19.484711,19.458679,19.425201,-0.420130999999969,0.84,0,0,1.88430196212187e-09,0,0,8.42685455488147e-10,Inf,0,NA,8.42685455488147e-10,Inf,1.04982062725067,Inf
19.457033,51.236759,0.001045,"2022-10-13 10:34:35",415.02475,0.764797,0,51.229366,51.229568,51.24416,51.243958,19.438202,19.471008,19.475769,19.442963,-0.855250000000012,0.84,0.00101094272208656,0.00101951874295293,0.00108059558929964,0.00108522616949202,0.00105171709826695,3.40637441185436e-05,0.0325968843239652,4.74970573445688e-06,0.00454517295163338,3.43932895771478e-05,0.0329122388298065,1.13600812162233,1087.08911160032
19.457527,51.41272,0.000545,"2022-10-13 10:35:31",415.471375,0.542986,0,51.405491,51.405483,51.419895,51.419907,19.453186,19.486023,19.460571,19.427826,-0.408624999999972,0.84,0.000528818288678145,0.000533214168564731,0.000559768179187915,0.000557591537066811,0.000559377013080566,1.39402800863564e-05,0.0255784955712962,1.01660834424759e-05,0.0186533641146347,1.72534246294888e-05,0.0316576598706216,1.00021687472952,1835.26032060462
19.457636,51.271313,0.000563,"2022-10-13 10:35:10",416.218079,0.777395,0,51.26384,51.264011,51.278736,51.278576,19.44693,19.47995,19.468109,19.435089,0.338078999999993,0.84,0.000541379284553099,0.000549336460890344,0.000576704477971789,0.000568809633051007,0.000572992027153976,1.43698704299002e-05,0.0255237485433396,7.06543015837656e-06,0.0125496095175427,1.60129160209819e-05,0.0284421243711933,1.14452740739635,2032.90836127238
19.462017,51.252373,0.000612,"2022-10-13 10:34:35",415.684845,0.771573,0,51.244839,51.245029,51.259884,51.25964,19.443146,19.475983,19.480774,19.447937,-0.195155,0.84,0.000593491342043024,0.00060888279566371,0.000621653745154605,0.000629657795497351,0.000614323565556992,1.37004975447896e-05,0.0223864338967151,1.64300896188055e-06,0.00268465516647148,1.37986633926481e-05,0.0225468356089021,1.14058094606188,1863.69435631025
19.462637,51.347775,0.000433,"2022-10-13 10:35:11",416.968658,0.716995,0,51.340069,51.34024,51.355564,51.355358,19.452606,19.48526,19.472839,19.439972,1.08865800000001,0.84,0.000431128416966994,0.000430977756293318,0.000453835027277894,0.00045283730352141,0.00044824284178623,1.18814729006671e-05,0.0274398912255591,1.07783167915969e-05,0.0248921865856741,1.60418674458214e-05,0.0370481927155229,1.10439206366324,2550.55903848322
19.463301,51.427818,3.2e-05,"2022-10-13 10:35:31",415.222565,0.529392,0,51.420486,51.42038,51.435093,51.435207,19.459869,19.492737,19.466736,19.433929,-0.657435000000021,0.84,2.92132694833918e-05,3.30517749052175e-05,3.63335276331025e-05,3.9557953081879e-05,3.1669229939749e-05,4.00447292169063e-06,0.125139778802832,2.33889752616963e-07,0.00730905476928008,4.01129752037077e-06,0.125353047511587,0.992902759428178,31028.2112321306
19.469513,51.174911,0.000316,"2022-10-13 10:34:35",414.860321,0.759554,0,51.167419,51.167553,51.182495,51.182354,19.450714,19.483459,19.488281,19.455505,-1.019679,0.84,0.000301673438791855,0.000300222150113405,0.000314286222082355,0.000326388529457985,0.000310614075704832,1.08766196543501e-05,0.0344196824504751,3.80842359207065e-06,0.0120519733926286,1.15241028007405e-05,0.0364686797491789,1.13248500168824,3583.81329648176
19.470135,51.442799,0,"2022-10-13 10:35:32",414.835693,0.609679,0,51.435734,51.435863,51.44994,51.44978,19.465942,19.499115,19.474426,19.441132,-1.044307,0.84,0,0,0,0,0,0,NA,0,NA,0,NA,1.03793472002867,Inf
19.470633,51.378445,0.000189,"2022-10-13 10:35:11",415.102905,0.761203,0,51.371143,51.371166,51.385784,51.385761,19.460144,19.49292,19.48111,19.448273,-0.777094999999974,0.84,0.000183074928856948,0.000186672299314411,0.000188473567722891,0.000187229660194483,0.000191248993631426,2.32794529328704e-06,0.0123171708639526,1.59027864762668e-06,0.0084141727387655,2.81927569876282e-06,0.0149168026389567,1.1335916404142,5997.83936727088
19.474644,51.190517,2e-06,"2022-10-13 10:34:35",415.504974,0.690354,0,51.182903,51.183041,51.198193,51.198009,19.455811,19.488586,19.493469,19.460693,-0.375025999999991,0.84,2.80044936533353e-06,1.51199283736946e-06,3.03133969171925e-06,4.750412520573e-06,3.10486790115336e-06,1.24044499966002e-06,0.620222499830011,7.81259585220889e-07,0.390629792610445,1.46597078302436e-06,0.732985391512182,1.08728498808645,543642.494043224
19.475008,51.332542,1e-06,"2022-10-13 10:35:11",416.41571,0.692269,0,51.325451,51.325603,51.33968,51.339508,19.464325,19.496948,19.485657,19.452972,0.535709999999995,0.84,0,0,0,0,5.45299746385054e-07,4.47213595499958e-07,0.447213595499958,3.21521632738371e-07,0.321521632738371,5.50795933462429e-07,0.550795933462429,1.08850189175826,1088501.89175826
19.476175,51.38205,0,"2022-10-13 10:35:31",415.612854,0.667433,0,51.374786,51.374874,51.389439,51.389324,19.472687,19.505341,19.47995,19.447144,-0.267145999999968,0.84,0,0,0,0,0,0,NA,0,NA,0,NA,1.07287781666367,Inf
19.476402,51.45829,0,"2022-10-13 10:35:32",415.189728,0.565414,0,51.450516,51.45068,51.466034,51.465862,19.473663,19.506073,19.478912,19.44632,-0.690271999999993,0.84,0,0,0,0,0,0,NA,0,NA,0,NA,1.01256752436368,Inf
19.476826,51.144173,0,"2022-10-13 10:34:12",417.601837,0.753186,0,51.136662,51.136841,51.151562,51.151398,19.454529,19.486908,19.499176,19.466797,1.72183699999999,0.84,0,0,0,0,0,0,NA,0,NA,0,NA,1.12822389205157,Inf
19.482676,51.473698,0,"2022-10-13 10:35:33",415.440948,0.583767,0,51.466427,51.466656,51.481121,51.480869,19.478302,19.511963,19.48645,19.45285,-0.439052000000004,0.84,0,0,0,0,0,0,NA,0,NA,0,NA,1.02292908370473,Inf
19.483084,51.363136,0,"2022-10-13 10:35:11",416.406036,0.779219,0,51.355957,51.355984,51.370335,51.370312,19.472565,19.505249,19.493713,19.460938,0.526035999999976,0.84,0,0,0,0,0,0,NA,0,NA,0,NA,1.14576710109908,Inf
19.483826,51.397354,0,"2022-10-13 10:35:31",416.637268,0.558825,0,51.390041,51.390041,51.404652,51.404659,19.479614,19.512634,19.48703,19.454193,0.75726800000001,0.84,0,0,0,0,0,0,NA,0,NA,0,NA,1.00890305809082,Inf
19.484867,51.221409,0,"2022-10-13 10:34:35",415.978241,0.625704,0,51.213535,51.213715,51.229321,51.229156,19.466003,19.49881,19.503754,19.470917,0.09824100000003,0.84,0,0,0,0,0,0,NA,0,NA,0,NA,1.047428038395,Inf
19.487213,51.317524,0,"2022-10-13 10:35:10",416.692993,0.615802,0,51.310047,51.310192,51.324978,51.324825,19.476654,19.509277,19.497284,19.464661,0.812993000000006,0.84,0,0,0,0,0,0,NA,0,NA,0,NA,1.04154313554648,Inf
19.489862,51.412663,0,"2022-10-13 10:35:31",415.118774,0.690116,0,51.405483,51.405376,51.419788,51.419895,19.486084,19.51886,19.4935,19.460632,-0.761226000000022,0.84,0,0,0,0,0,0,NA,0,NA,0,NA,1.08713388938805,Inf
19.490467,51.27142,0,"2022-10-13 10:35:10",416.658386,0.73622,0,51.264011,51.264126,51.278858,51.278736,19.480042,19.512787,19.500946,19.46817,0.778386000000012,0.84,0,0,0,0,0,0,NA,0,NA,0,NA,1.11696906331375,Inf
19.491791,51.143639,0,"2022-10-13 10:34:35",416.742401,0.729978,0,51.135937,51.136063,51.151287,51.151123,19.472931,19.505707,19.510559,19.477783,0.862400999999977,0.84,0,0,0,0,0,0,NA,0,NA,0,NA,1.11286471796171,Inf
19.494902,51.252537,0,"2022-10-13 10:34:35",416.26712,0.640296,0,51.245029,51.245205,51.26004,51.259884,19.476044,19.508881,19.513702,19.480835,0.387119999999982,0.84,0,0,0,0,0,0,NA,0,NA,0,NA,1.05620971762998,Inf
19.495417,51.347923,0,"2022-10-13 10:35:11",416.233948,0.623573,0,51.34024,51.340298,51.355587,51.355564,19.485352,19.518188,19.505554,19.4729,0.353948000000003,0.84,0,0,0,0,0,0,NA,0,NA,0,NA,1.04615643492214,Inf
19.496286,51.427738,0,"2022-10-13 10:35:32",415.091187,0.60416,0,51.42038,51.42046,51.435215,51.435093,19.492798,19.525818,19.499939,19.466827,-0.788813000000005,0.84,0,0,0,0,0,0,NA,0,NA,0,NA,1.03470252034099,Inf
19.497107,51.159306,0,"2022-10-13 10:34:35",416.583923,0.833702,0,51.151585,51.151752,51.166973,51.166809,19.478241,19.511017,19.515869,19.483093,0.703923000000032,0.84,0,0,0,0,0,0,NA,0,NA,0,NA,1.18349441266277,Inf
19.499149,51.302269,0,"2022-10-13 10:35:10",416.351288,0.630577,0,51.294964,51.295101,51.309616,51.309475,19.488678,19.521393,19.509583,19.476959,0.471288000000015,0.84,0,0,0,0,0,0,NA,0,NA,0,NA,1.05034630143063,Inf
19.502373,51.175114,0,"2022-10-13 10:34:35",415.889679,0.666119,0,51.167553,51.167713,51.182636,51.182495,19.483521,19.516296,19.521149,19.488342,0.00967900000000554,0.84,0,0,0,0,0,0,NA,0,NA,0,NA,1.0720608761451,Inf
19.507534,51.190662,0,"2022-10-13 10:34:35",415.958252,0.636801,0,51.183041,51.183178,51.198334,51.198193,19.488647,19.521454,19.526306,19.49353,0.0782520000000204,0.84,0,0,0,0,0,0,NA,0,NA,0,NA,1.0540946416717,Inf
19.509802,51.382183,0,"2022-10-13 10:35:31",416.241272,0.647979,0,51.374874,51.374882,51.389446,51.389439,19.505371,19.538391,19.513031,19.480011,0.361271999999985,0.84,0,0,0,0,0,0,NA,0,NA,0,NA,1.06088490631218,Inf
19.511532,51.286861,0,"2022-10-13 10:35:10",416.356445,0.648014,0,51.279408,51.279556,51.2943,51.294159,19.500977,19.533783,19.52182,19.489075,0.476445000000012,0.84,0,0,0,0,0,0,NA,0,NA,0,NA,1.06090628436069,Inf
19.512665,51.206017,0,"2022-10-13 10:34:36",415.011993,0.674983,0,51.198788,51.198933,51.213314,51.213154,19.493866,19.526642,19.531403,19.498596,-0.868006999999977,0.84,0,0,0,0,0,0,NA,0,NA,0,NA,1.07759085477235,Inf
19.515999,51.363216,0,"2022-10-13 10:35:11",414.907623,0.630305,0,51.355984,51.356144,51.370495,51.370335,19.50531,19.538269,19.526581,19.493774,-0.972376999999994,0.84,0,0,0,0,0,0,NA,0,NA,0,NA,1.05018302834554,Inf
19.517761,51.221584,0,"2022-10-13 10:34:36",415.451843,0.658828,0,51.213715,51.213879,51.229477,51.229321,19.498871,19.531647,19.536591,19.503815,-0.428156999999999,0.84,0,0,0,0,0,0,NA,0,NA,0,NA,1.06754593980025,Inf
19.519838,51.317673,0,"2022-10-13 10:35:11",415.782959,0.591062,0,51.310192,51.310272,51.325031,51.324978,19.509338,19.542206,19.530121,19.497345,-0.0970409999999902,0.84,0,0,0,0,0,0,NA,0,NA,0,NA,1.02710967663828,Inf
19.522753,51.412552,0,"2022-10-13 10:35:32",415.697876,0.60394,0,51.405376,51.405426,51.419876,51.419788,19.518921,19.551971,19.526611,19.493561,-0.182123999999988,0.84,0,0,0,0,0,0,NA,0,NA,0,NA,1.03457407835302,Inf
19.522804,51.237076,0,"2022-10-13 10:34:36",415.484192,0.806724,0,51.229736,51.2299,51.244492,51.244339,19.503967,19.536774,19.541565,19.508759,-0.395807999999988,0.84,0,0,0,0,0,0,NA,0,NA,0,NA,1.16464741968374,Inf
19.523476,51.271572,0,"2022-10-13 10:35:10",416.268585,0.655009,0,51.264126,51.264267,51.279003,51.278858,19.512878,19.545715,19.533813,19.501007,0.388584999999978,0.84,0,0,0,0,0,0,NA,0,NA,0,NA,1.0651933111323,Inf
19.527811,51.252666,0,"2022-10-13 10:34:36",415.410431,0.781447,0,51.245205,51.245373,51.260197,51.26004,19.508972,19.541748,19.5466,19.513794,-0.469568999999979,0.84,0,0,0,0,0,0,NA,0,NA,0,NA,1.14728349321735,Inf
19.528391,51.347988,0,"2022-10-13 10:35:11",415.884155,0.579617,0,51.340298,51.340424,51.355743,51.355587,19.51825,19.551025,19.538574,19.505615,0.00415500000002567,0.84,0,0,0,0,0,0,NA,0,NA,0,NA,1.02056644403439,Inf
19.532089,51.302479,0,"2022-10-13 10:35:11",416.011078,0.592188,0,51.295101,51.295208,51.309692,51.309616,19.521454,19.554321,19.54248,19.509644,0.131078000000002,0.84,0,0,0,0,0,0,NA,0,NA,0,NA,1.02775805875897,Inf
19.53665,51.37878,0,"2022-10-13 10:35:12",415.416412,0.632166,0,51.371326,51.371552,51.386139,51.385975,19.525848,19.559204,19.54718,19.514221,-0.463588000000016,0.84,0,0,0,0,0,0,NA,0,NA,0,NA,1.05130102803907,Inf
19.54207,51.382111,0,"2022-10-13 10:35:31",415.930237,0.63755,0,51.374882,51.37479,51.389328,51.389446,19.538452,19.571289,19.545776,19.513092,0.0502369999999814,0.84,0,0,0,0,0,0,NA,0,NA,0,NA,1.05454729742198,Inf
19.544468,51.287075,0,"2022-10-13 10:35:11",415.703674,0.645335,0,51.27956,51.279663,51.294403,51.2943,19.533844,19.566589,19.554688,19.521881,-0.176326000000017,0.84,0,0,0,0,0,0,NA,0,NA,0,NA,1.05927204353981,Inf
