"lon","lat","ff.xco2","time","obs","uncert","qf","lat1","lat2","lat3","lat4","lon1","lon2","lon3","lon4","obs_enhance","uncert_bg","ver_0.8","ver_0.9","ver_1.1","ver_1.2","wind_ff.xco2","uncert_ver","uncert_ver_percent","uncert_wind","uncert_wind_percent","uncert_trans","uncert_trans_percent","uncert_total","uncert_total_percent"
18.705273,51.400799,0.00068,"2021-06-19 08:37:29",413.922211,0.474902,0,51.393005,51.394764,51.40863,51.406857,18.695526,18.72818,18.715118,18.682434,0.0122109999999793,0.79,0.00183742596830558,0.000768131847333731,0.00158831744914783,0.00097898188217003,0.00328084001335814,0.000514424730217926,0.756506956202833,0.00183907161022685,2.70451707386302,0.00190966415649511,2.80832964190457,0.921756777258074,1355.52467243834
18.719046,51.386284,0.000727,"2021-06-19 08:37:29",412.935028,0.485951,0,51.378613,51.380371,51.393982,51.392223,18.709167,18.74176,18.729004,18.696411,-0.974972000000037,0.79,0.001205687389314,0.00059700633283193,0.000657626804392949,0.00131511067879594,0.0032122718688844,0.000334005764088319,0.459430211950921,0.00175735259158032,2.41726628828105,0.00178881189105459,2.46053905234469,0.92749747937608,1275.78745443752
18.73271,51.371857,0.000381,"2021-06-19 08:37:29",413.950348,0.594168,0,51.363758,51.36549,51.379993,51.378246,18.723419,18.75589,18.742126,18.709534,0.0403479999999945,0.79,0.000439861238736249,0.000453405426988158,0.000428451127678667,0.000545123782419299,0.00145796129242361,5.99736349032309e-05,0.157411115231577,0.000761526632948163,1.99875756679308,0.000763884578698165,2.00494640078258,0.988501995821784,2594.49342735376
18.738184,51.40258,0.001157,"2021-06-19 08:37:29",412.236603,0.455,0,51.394772,51.396427,51.410275,51.40863,18.728241,18.761169,18.748138,18.715179,-1.67339700000002,0.79,0.00418670545411969,0.00115250492016529,0.00101465305551789,0.00243546522715326,0.00671340490546408,0.00135743693185613,1.17323848907185,0.00392897158767185,3.39582678277601,0.00415685611498638,3.59278834484561,0.911670049663123,787.960284929233
18.751884,51.388069,0.002501,"2021-06-19 08:37:29",412.995911,0.557583,0,51.380371,51.382046,51.395645,51.393986,18.741821,18.774719,18.762024,18.729065,-0.914089000000047,0.79,0.000941098419938615,0.000845681773350104,0.00104866397618191,0.00796790648962861,0.00904645047164394,0.00304310390753175,1.21675486106827,0.00462833241442012,1.85059272867658,0.00553912830059089,2.21476541407073,0.966969225896735,386.633037143836
18.765503,51.373634,0.000618,"2021-06-19 08:37:29",414.683533,0.590518,0,51.36549,51.367184,51.381668,51.380001,18.755951,18.788849,18.775055,18.742218,0.773532999999986,0.79,0.000635918849541405,0.000676976758489662,0.000595839968495684,0.000693485897790905,0.00568873837379001,4.06109729559447e-05,0.0657135484724024,0.00358555348972976,5.80186648823586,0.00358578346792409,5.80223862123639,0.986318592629724,1595.984777718
18.77117,51.404232,0.001602,"2021-06-19 08:37:29",413.302063,0.627003,0,51.396435,51.398174,51.412048,51.410275,18.76123,18.793945,18.780975,18.748199,-0.607937000000049,0.79,0.00365941790534171,0.00230525104274782,0.00260258212248906,0.00719174371437895,0.0123187502510349,0.00220713100817383,1.37773471171899,0.00757788677478941,4.73026640124183,0.00789276854207513,4.92682181153254,1.00861045890089,629.594543633513
18.779131,51.359188,0.00049,"2021-06-19 08:37:29",412.403748,0.486195,0,51.351624,51.353321,51.36665,51.36496,18.76886,18.801697,18.789246,18.756378,-1.50625200000002,0.79,0.000542391327996093,0.000689697340926678,0.000499747130903634,0.000534332570406272,0.000653465023953593,8.05239846192937e-05,0.164334662488355,0.000115587226924407,0.235892299845729,0.000140870575802907,0.287490971026341,0.927623629426029,1893.10944780822
18.784883,51.389702,0.001623,"2021-06-19 08:37:29",413.429169,0.488613,0,51.38205,51.383774,51.397388,51.395649,18.774811,18.807617,18.7948,18.762115,-0.480831000000023,0.79,0.00126233980256581,0.0013250183775581,0.00339934296614886,0.00215040103439113,0.00816421646248346,0.000881921591302866,0.543389766668432,0.00462533851783113,2.84986969675363,0.00470866670064239,2.90121176872606,0.928905181012087,572.338374006215
18.792259,51.344898,0.000379,"2021-06-19 08:37:29",412.407257,0.461575,0,51.337025,51.338734,51.352722,51.351025,18.782532,18.815277,18.802094,18.769257,-1.50274300000001,0.79,0.000432596389834179,0.000400871667487968,0.000417853412100271,0.000394041746029633,0.00191239038058889,2.08555525879574e-05,0.0550278432399932,0.00108427073632062,2.86087265519954,0.00108447129225029,2.86140182651792,0.914960467289699,2414.14371316543
18.798489,51.375259,0.001753,"2021-06-19 08:37:29",414.156006,0.477034,0,51.367188,51.368896,51.383396,51.381668,18.78891,18.821777,18.807953,18.775146,0.246005999999966,0.79,0.00100598489548599,0.0010643863591462,0.00113135349089272,0.00235977156449131,0.00989565051779889,0.000584389475343968,0.33336535958013,0.00575772339796775,3.28449708954235,0.00578730418989689,3.30137147170387,0.922873192830839,526.453618272013
18.803934,51.405994,0.006749,"2021-06-19 08:37:30",412.750458,0.600612,0,51.398174,51.399979,51.413837,51.412048,18.794006,18.826965,18.813782,18.781036,-1.15954200000004,0.79,0.0036483258996798,0.0167221932499804,0.0067241602505546,0.00875400151452286,0.0187220609978522,0.00493521579286586,0.731251413967382,0.00846623262314146,1.25444252824736,0.0097996657979391,1.45201745413233,0.992436803022616,147.049459626999
18.812006,51.360798,0.000857,"2021-06-19 08:37:29",414.676575,0.423341,0,51.353321,51.355015,51.368359,51.36665,18.801788,18.834686,18.822174,18.789307,0.766574999999989,0.79,0.000902656090628849,0.000795327300654226,0.000831486338797664,0.00972879650849885,0.0010084888312128,0.00397242343748551,4.63526655482556,0.000107118779824595,0.124992741919014,0.0039738674360974,4.63695150069708,0.896288677772625,1045.84443147331
18.817801,51.391479,0.005644,"2021-06-19 08:37:30",412.085419,0.446533,0,51.383778,51.385586,51.399197,51.397388,18.807678,18.840729,18.82782,18.794861,-1.82458100000002,0.79,0.00234759850722287,0.00228774719928425,0.00525568652497766,0.00240818845521652,0.010273362268858,0.00170510415820301,0.302109170482461,0.00327345345287863,0.579988209227256,0.0036909182730703,0.653954336121598,0.907471951614318,160.785250108844
18.825329,51.346535,0.000691,"2021-06-19 08:37:29",413.018555,0.416456,0,51.338734,51.340412,51.35442,51.352734,18.815338,18.848297,18.835083,18.802185,-0.891445000000033,0.79,0.00065233651291967,0.000573252038855014,0.000690990291988089,0.00195789834575548,0.00129443562788006,0.000586037317171688,0.848100314286089,0.000426693424483553,0.617501337892261,0.000724918626892212,1.04908629072679,0.893048781110537,1292.40055153479
18.831503,51.377052,0.003442,"2021-06-19 08:37:30",413.285492,0.465453,0,51.3689,51.370697,51.385204,51.383404,18.821838,18.854889,18.841064,18.808014,-0.624508000000048,0.79,0.00151156291964133,0.00362311034406334,0.00181513150698239,0.00469191383939439,0.00686838644519172,0.00132892432700386,0.38609073997788,0.00242282109036073,0.703899212771858,0.00276334976121363,0.80283258605858,0.916926459052689,266.393509312228
18.836954,51.407871,0.011414,"2021-06-19 08:37:30",413.078217,0.430188,0,51.399982,51.401882,51.41576,51.413849,18.827026,18.859863,18.846802,18.813873,-0.83178300000003,0.79,0.0231453888411334,0.0119070260984852,0.013192143518823,0.0216462383793715,0.041544088932218,0.00566268443292263,0.496117437613687,0.0213051902017251,1.8665840372985,0.0220448888524879,1.93139029722165,0.899804252306311,78.833384642221
18.838923,51.332127,0.000493,"2021-06-19 08:37:29",413.821533,0.544191,0,51.324467,51.326099,51.339863,51.338196,18.828735,18.861572,18.848663,18.815735,-0.0884670000000369,0.79,0.000588157268401713,0.000476425339046203,0.000552010741462783,0.000567823195168222,0.000763120716404204,4.84413191885084e-05,0.0982582539320657,0.000191004190308381,0.387432434702598,0.00019705116624898,0.399698105981704,0.959293429202015,1945.82845679922
18.845037,51.362587,0.002553,"2021-06-19 08:37:30",412.448975,0.438841,0,51.355022,51.356796,51.370159,51.368366,18.834747,18.867645,18.855286,18.822235,-1.46102500000001,0.79,0.0013191444882651,0.00144533794836635,0.00184338915019498,0.00154571316990689,0.00178321431224919,0.000493290508562657,0.193219940682592,0.000544320679868948,0.213208256901272,0.000734588679718792,0.287735479717506,0.903704577227275,353.977507727096
18.850832,51.393345,0.014929,"2021-06-19 08:37:30",413.950043,0.452453,0,51.38559,51.38747,51.401093,51.399197,18.84082,18.873535,18.860718,18.827881,0.0400429999999687,0.79,0.0196209452253302,0.0176559782451065,0.0061812770419259,0.0176189552754901,0.029763993519101,0.00531127874589481,0.355769224053507,0.0104899245162148,0.702654197616371,0.0117578993988075,0.787587875866269,0.910467992522127,60.9865357707902
18.852297,51.317478,0.000396,"2021-06-19 08:37:29",413.425293,0.452213,0,51.309753,51.311359,51.325336,51.3237,18.842346,18.875183,18.862091,18.829193,-0.484707000000014,0.79,0.00042868198319489,0.000358458867789355,0.000403121245510521,0.000416185530359026,0.000501595181322517,2.66215946950547e-05,0.0672262492299361,7.46670687737748e-05,0.188553203974179,7.92709307588563e-05,0.20017911807792,0.91027281825444,2298.66873296576
18.858232,51.348305,0.001188,"2021-06-19 08:37:29",413.215118,0.468335,0,51.340412,51.342175,51.356201,51.354427,18.848358,18.881195,18.868073,18.835144,-0.694882000000007,0.79,0.00118858159928223,0.00113613009639063,0.00120923631529985,0.00188996574124086,0.00345051658067762,0.000318435272087897,0.268043158323145,0.00159984081674415,1.34666735416174,0.00163122397647603,1.37308415528285,0.918390076773841,773.055620180001
18.864386,51.378883,0.005055,"2021-06-19 08:37:30",413.473541,0.401695,0,51.370701,51.372559,51.387096,51.385208,18.85498,18.887543,18.87384,18.841125,-0.436459000000013,0.79,0.00332239386089876,0.00833251045665902,0.00346333004821185,0.00415640161657207,0.00834955584619724,0.00205585435352972,0.40669720148956,0.00232960277984385,0.460851192847449,0.00310702208469514,0.614643340196863,0.886266622755949,175.324752276152
18.86989,51.409714,0.0167,"2021-06-19 08:37:30",412.306366,0.430312,0,51.401886,51.40366,51.417542,51.41576,18.859924,18.892822,18.879883,18.846863,-1.603634,0.79,0.0180752861527928,0.0216433779018458,0.032231408551859,0.0256826115493229,0.0409677746904842,0.0062870795382831,0.376471828639707,0.0171599080479487,1.02753940406878,0.0182753881856105,1.09433462189284,0.899779087975118,53.8789873038993
18.871605,51.333862,0.000964,"2021-06-19 08:37:29",414.302826,0.427119,0,51.326099,51.32785,51.341625,51.339863,18.861664,18.894409,18.881531,18.848724,0.392825999999957,0.79,0.000878107178015975,0.000869990729212548,0.000904809707220724,0.000989858704221741,0.00529282192537852,5.31360579904721e-05,0.0551203921062988,0.00306093933798416,3.17524827591718,0.00306140050817884,3.17572666823531,0.898075727505243,931.613825212908
18.877949,51.36441,0.002411,"2021-06-19 08:37:30",413.181885,0.449406,0,51.3568,51.358654,51.372021,51.370163,18.867737,18.900421,18.88797,18.855377,-0.728115000000003,0.79,0.00263914630947369,0.00377047724739083,0.0020949673775083,0.00292790386777619,0.0116803961080902,0.000637877852773941,0.264569826948959,0.00655445284553477,2.71856194339891,0.00658541876112661,2.73140554173646,0.908905451945503,376.982767293863
18.883627,51.39518,0.012865,"2021-06-19 08:37:30",413.777283,0.506369,0,51.387478,51.38924,51.402878,51.401104,18.873596,18.906403,18.893707,18.860779,-0.132717000000014,0.79,0.00626078804475301,0.0227725934374755,0.0356706359738599,0.0185657499368384,0.0257945473683162,0.0110905291236294,0.862069889127821,0.00914257062180907,0.710654537256826,0.0143731149656864,1.11722619243579,0.93846478388633,72.947126613784
18.885061,51.319218,0.000713,"2021-06-19 08:37:29",414.281158,0.415735,0,51.311359,51.31311,51.327084,51.325344,18.875244,18.90802,18.894897,18.862152,0.37115799999998,0.79,0.000686707467096274,0.000696491323230082,0.00072050980148227,0.000742520169759353,0.000849816430366015,2.17083497616898e-05,0.0304464933544036,9.67438256895463e-05,0.135685590027414,9.9149484408267e-05,0.139059585425339,0.892712495742958,1252.05118617526
18.89114,51.350113,0.001825,"2021-06-19 08:37:30",412.659729,0.482204,0,51.342178,51.344025,51.358051,51.356201,18.881256,18.914001,18.900818,18.868134,-1.250271,0.79,0.00269459479956454,0.00207227112529417,0.00169950427911488,0.00257707104273147,0.00333512534507502,0.00044462924947846,0.243632465467649,0.00106781987194422,0.585106779147519,0.00115669116379903,0.633803377424126,0.925538781224454,507.144537657235
18.897203,51.38073,0.011348,"2021-06-19 08:37:30",413.823212,0.417165,0,51.372559,51.37434,51.388866,51.387096,18.887634,18.920471,18.906738,18.873932,-0.0867880000000127,0.79,0.0189857899163453,0.00705284442209184,0.0189417268223439,0.0156445861460153,0.0246361954065558,0.0051599660627966,0.454702684419863,0.00939617308170754,0.828002562716561,0.0107197629801511,0.944638965469783,0.893443647100001,78.7313753172366
18.89826,51.304707,0.000523,"2021-06-19 08:37:29",414.269043,0.431975,0,51.29686,51.298599,51.312561,51.310822,18.888428,18.921173,18.908081,18.875336,0.359042999999986,0.79,0.00053492642002568,0.000586982494387321,0.000562939198843189,0.000607737367459538,0.000767941155056138,3.52301473033719e-05,0.0673616583238468,0.000173199551731861,0.331165490883099,0.00017674628142944,0.337947000821109,0.900390155357247,1721.58729513814
18.902916,51.41148,0.050478,"2021-06-19 08:37:31",414.018799,0.440122,0,51.40366,51.405384,51.419254,51.417542,18.892883,18.925751,18.91272,18.879944,0.108798999999976,0.79,0.0378553598486517,0.06834331697869,0.0651353703816882,0.046481103355863,0.1036599344683,0.0128328898231407,0.254227382684352,0.0376053064991535,0.744984082157643,0.0397346465708221,0.787167609073698,0.905199545416428,17.9325556760654
18.90447,51.335648,0.001463,"2021-06-19 08:37:30",412.990814,0.440099,0,51.327862,51.329693,51.343479,51.341629,18.894501,18.927246,18.914368,18.881622,-0.919186000000025,0.79,0.00152114253045265,0.00147430258267293,0.00146613141302681,0.00142016078574078,0.00163536992804003,3.59737567703224e-05,0.0245890340193591,0.000121883944989742,0.0833109671836927,0.000127081891795932,0.0868639041667338,0.904315844133457,618.124295374885
18.910698,51.366253,0.011798,"2021-06-19 08:37:30",412.907043,0.396721,0,51.358658,51.360443,51.373806,51.372025,18.900482,18.933289,18.920868,18.888031,-1.00295700000004,0.79,0.00643409305253737,0.010868894247532,0.00905387629681901,0.00878887920990277,0.0167178547979137,0.00207348110644123,0.175748525719717,0.00347886269005795,0.294868849809964,0.0040499147540468,0.343271296325377,0.884027122689409,74.9302528131386
18.916569,51.396931,0.062108,"2021-06-19 08:37:31",413.366608,0.451037,0,51.389248,51.39098,51.404602,51.402878,18.906464,18.939331,18.926605,18.893768,-0.54339200000004,0.79,0.0254710692271907,0.0400256230580451,0.0225532212026,0.0317053367447542,0.0538357696666725,0.0158686588945033,0.255501044865448,0.00584935016423293,0.0941803014786006,0.0169123987788223,0.27230628548371,0.909846363185265,14.6494229919699
18.917938,51.320992,0.001188,"2021-06-19 08:37:30",413.700867,0.432272,0,51.31311,51.314926,51.32893,51.327087,18.908081,18.940796,18.927734,18.894958,-0.209133000000008,0.79,0.001120799575432,0.00127855483185623,0.00120992958737392,0.00109628672224405,0.00123975487009031,7.27618909320654e-05,0.061247382939449,3.6596219600287e-05,0.0308048986534402,8.14467682664095e-05,0.0685578857461359,0.900532669378283,758.024132473302
18.923876,51.351963,0.00362,"2021-06-19 08:37:30",413.732605,0.5124,0,51.344036,51.345821,51.359844,51.358059,18.914062,18.946838,18.933685,18.900879,-0.177395000000047,0.79,0.00349314515954655,0.0048671662141848,0.00546678822224082,0.00281771353750761,0.00336061531845556,0.00108264985584897,0.299074545814632,0.000183412667255987,0.0506664826673996,0.00109807600687737,0.303335913502036,0.941623579659578,260.117010955684
18.926382,51.2901,0.000538,"2021-06-19 08:37:00",413.721069,0.459536,0,51.281811,51.283588,51.298367,51.2966,18.909271,18.942047,18.94342,18.910645,-0.188931000000025,0.79,0.000606321628794096,0.000532938782760894,0.000559719454475647,0.000541892239807338,0.000631856967098258,3.00028951738076e-05,0.0557674631483413,6.63668978967809e-05,0.123358546276545,7.28336382123826e-05,0.135378509688443,0.913932897208947,1698.76003198689
18.930136,51.382477,0.028002,"2021-06-19 08:37:31",413.305084,0.420625,0,51.374344,51.376095,51.39061,51.388866,18.920532,18.953461,18.939697,18.906799,-0.604916000000003,0.79,0.0169658197928909,0.0172128271062837,0.0208417531752071,0.0205811146256245,0.0338502822802221,0.00445689817154636,0.159163565871951,0.00413536005863817,0.147680882031218,0.00607989672002027,0.217123659739314,0.895020868901461,31.962747978768
18.931112,51.306465,0.000923,"2021-06-19 08:37:30",413.549072,0.426483,0,51.298603,51.300411,51.314392,51.312565,18.921234,18.953979,18.940918,18.908173,-0.360928000000001,0.79,0.000975031398159199,0.000903026808777952,0.000947637466016932,0.000973651706349422,0.00112241554846095,3.15202430240117e-05,0.0341497757573258,0.000141008086590772,0.152771491430956,0.000144488083260466,0.156541802015673,0.897768216281801,972.663289579416
18.937281,51.337517,0.003828,"2021-06-19 08:37:30",413.851746,0.577042,0,51.329697,51.331493,51.345264,51.343487,18.927307,18.960052,18.947174,18.914429,-0.0582540000000336,0.79,0.00246326629314186,0.00286652914023051,0.00272785099520263,0.0021165913440366,0.00292742449266475,0.000641648576763,0.167619795392633,0.000636803048207271,0.166353983335233,0.000904008306526027,0.236156819886632,0.978303780527817,255.565250921582
18.943621,51.367996,0.011066,"2021-06-19 08:37:31",412.691254,0.471873,0,51.360447,51.362198,51.375553,51.37381,18.93335,18.966309,18.953857,18.920959,-1.21874600000001,0.79,0.0119079488976102,0.00482389969581104,0.0160340153576006,0.0147244362777038,0.0183780345991152,0.00434902932020303,0.393008252322703,0.00517038924930502,0.467231994334449,0.00675625495502609,0.610541745438829,0.920222676915766,83.1576610261852
18.949553,51.398598,0.093044,"2021-06-19 08:37:31",412.51001,0.452193,0,51.390987,51.392582,51.406208,51.404602,18.939423,18.972321,18.959595,18.926636,-1.39999,0.79,0.0883321204189921,0.0952726600756023,0.0673755434927991,0.109372624185186,0.118116866680529,0.0152044849572325,0.163411772464989,0.0177291940535883,0.190546344241308,0.0233559560841448,0.251020550321834,0.910562468990242,9.78636418243241
18.956406,51.260872,0.00029,"2021-06-19 08:37:00",413.461975,0.415838,0,51.252232,51.253994,51.269516,51.267761,18.939331,18.972107,18.973419,18.940643,-0.44802500000003,0.79,0.000320637890547374,0.000282191607984452,0.000320897975357818,0.000290372428018,0.000399708523502819,1.8500777210829e-05,0.0637957834856173,7.7575640922807e-05,0.267502210078645,7.9751230849367e-05,0.275004244308162,0.892760465412901,3078.48436349276
18.956804,51.353706,0.00892,"2021-06-19 08:37:30",412.642761,0.640137,0,51.345825,51.347569,51.361603,51.359848,18.946899,18.979858,18.966705,18.933746,-1.26723900000002,0.79,0.0054328007998232,0.00446128765879724,0.00563223910187853,0.00541522251082068,0.0271232003944457,0.00170946846381694,0.191644446616248,0.0128716064382102,1.44300520607738,0.012984626861368,1.45567565710403,1.01687953037896,113.999947351901
18.957842,51.27634,0.000593,"2021-06-19 08:37:00",413.787964,0.449484,0,51.268177,51.269932,51.284485,51.28273,18.940735,18.97348,18.974884,18.942108,-0.122036000000037,0.79,0.00056011816710334,0.000566863746493165,0.000612606209595259,0.000600538332381335,0.000693900503176843,2.23738911732816e-05,0.0377300019785525,7.13474300214805e-05,0.12031607086253,7.47733025678544e-05,0.126093258967714,0.908920168027449,1532.74901859604
18.959225,51.291866,0.000944,"2021-06-19 08:37:00",413.086182,0.555468,0,51.283596,51.285343,51.300121,51.29837,18.942108,18.974884,18.976257,18.943481,-0.823818000000017,0.79,0.000998415006196789,0.000910221141474068,0.000995623503361634,0.000884135872147958,0.00105932729924154,5.07936371176114e-05,0.0538068189805206,8.15487153496232e-05,0.0863863510059568,9.6073859851728e-05,0.101773156622593,0.965735319978609,1023.02470336717
18.96319,51.384163,0.038758,"2021-06-19 08:37:31",414.064545,0.393819,0,51.376099,51.377689,51.392208,51.390614,18.953552,18.986389,18.972656,18.939789,0.154544999999985,0.79,0.0182472550337316,0.0548017309712337,0.0510320028400144,0.0236717548981752,0.0810590522119241,0.0161689547065285,0.417177220355242,0.0299113608703777,0.771746758614421,0.0340018323832663,0.877285525137165,0.883373946506472,22.7920415528787
18.963884,51.308327,0.0015,"2021-06-19 08:37:30",413.185303,0.408097,0,51.300415,51.302219,51.316193,51.314392,18.954041,18.986755,18.973724,18.940979,-0.724697000000049,0.79,0.00157233741806392,0.00141803712455898,0.00146706098876192,0.00143096224539596,0.00164119592495449,6.18683961714904e-05,0.0412455974476603,9.98405960112267e-05,0.0665603973408178,0.000117455706786471,0.0783038045243141,0.889181182439689,592.787454959793
18.968714,51.414776,0.220508,"2021-06-19 08:37:31",414.90683,0.474777,0,51.406994,51.408695,51.422577,51.420868,18.958801,18.991608,18.978607,18.945831,0.996829999999989,0.79,0.241668812993191,0.22454985373053,0.191155381498785,0.203670087987468,0.245047038169828,0.0195007050939043,0.0884353633151827,0.0173517202936809,0.0786897540845725,0.026102867587864,0.118376057049468,0.922059954355089,4.18152608683172
18.970131,51.339245,0.00369,"2021-06-19 08:37:30",413.68222,0.596701,0,51.331493,51.333218,51.347015,51.345272,18.960114,18.99292,18.980164,18.947235,-0.227780000000052,0.79,0.00797086754641314,0.00343198433858496,0.00375050755104898,0.00735458820894601,0.00940889768010401,0.00222593398343471,0.603234141852224,0.00404387133051356,1.09590008957007,0.00461602398567848,1.25095500966896,0.990037065507366,268.302727779774
18.976641,51.369686,0.014243,"2021-06-19 08:37:31",412.770447,0.371813,0,51.362202,51.3638,51.377155,51.375561,18.9664,18.999237,18.986847,18.953949,-1.13955300000003,0.79,0.0295134947426686,0.0373393239562309,0.016409938046923,0.0245197298699427,0.0347531417677013,0.00949465477610743,0.666619025212907,0.014502860327039,1.01824477476929,0.017334400104505,1.21704697777891,0.873295705014048,61.3140282955872
18.982441,51.400234,0.169498,"2021-06-19 08:37:31",413.02121,0.498107,0,51.39259,51.394276,51.407909,51.406208,18.972412,19.005219,18.992462,18.959686,-0.888790000000029,0.79,0.171384674615725,0.170905813232135,0.176437199389843,0.168844972237849,0.194570860954593,0.00299009219903986,0.0176408700930976,0.0177291900047401,0.104598225375757,0.0179795670020981,0.106075393232357,0.934095203005873,5.5109511793996
18.983572,51.324593,0.002572,"2021-06-19 08:37:30",413.518616,0.4383,0,51.316742,51.318462,51.332447,51.330723,18.973694,19.0065,18.993408,18.960571,-0.391384000000016,0.79,0.00297111275721813,0.00307573070407313,0.00306485680266506,0.00271311632708734,0.00312200988295389,0.000225552773205466,0.0876954794733537,0.000388915717956315,0.151211398894368,0.000449588132821755,0.174800984767401,0.903441803399361,351.260421228367
18.98616,51.231857,0.000143,"2021-06-19 08:37:00",413.980347,0.495336,0,51.223431,51.225201,51.240253,51.238506,18.969086,19.001801,19.003174,18.970428,0.0703469999999697,0.79,0.000108843568454292,0.000124705863332434,0.000142059243515073,0.000142163655878074,0.000186761224771577,1.51227786258789e-05,0.105753696684468,3.09438587890108e-05,0.216390620902174,3.44415567319711e-05,0.240850047076721,0.932447185679822,6520.60969006869
18.987734,51.247154,0.000313,"2021-06-19 08:37:01",413.280914,0.465048,0,51.239105,51.24086,51.255184,51.253433,18.970612,19.003357,19.004791,18.972046,-0.629086000000029,0.79,0.000319055108236836,0.000326800243384551,0.00035143585459559,0.00034588282535209,0.00041300558047898,1.67568297147058e-05,0.053536197171584,7.07146241131838e-05,0.225925316655539,7.26728931965456e-05,0.232181767401104,0.916716776101185,2928.80759137759
18.989231,51.262642,0.000627,"2021-06-19 08:37:01",413.047607,0.460205,0,51.253998,51.255749,51.271275,51.26952,18.972168,19.004913,19.006256,18.97348,-0.862392999999997,0.79,0.000699941543148504,0.000620568200687469,0.000610250479480624,0.000632189718587981,0.000695220731221204,3.55858720311512e-05,0.0567557767641965,4.82393416640182e-05,0.0769367490654198,5.99448777828044e-05,0.0956058656823036,0.914269460070929,1458.16500808761
18.989792,51.3554,0.020921,"2021-06-19 08:37:31",413.460236,0.393448,0,51.347565,51.349171,51.363201,51.361603,18.979889,19.012695,18.999603,18.966797,-0.449764000000016,0.79,0.00683366518211678,0.00642844330329057,0.0191534517862924,0.0148216640878846,0.0347301111602467,0.00676645838342564,0.323429013117233,0.00976451614356928,0.466732763422842,0.0118798457301707,0.567843111236114,0.882633819564248,42.18889247953
18.990673,51.278091,0.001007,"2021-06-19 08:37:01",413.205292,0.464159,0,51.269932,51.271687,51.286236,51.284485,18.973541,19.006317,19.007721,18.974945,-0.704708000000039,0.79,0.000977481648633849,0.00102400004948712,0.000954252782525753,0.000993128762421571,0.00107172319943733,2.68444113068214e-05,0.0266578066602,4.57662132222254e-05,0.0454480766854274,5.30581632843806e-05,0.052689337918948,0.916266107687155,909.896829878009
18.992069,51.293617,0.00141,"2021-06-19 08:37:01",413.372986,0.55758,0,51.285351,51.287098,51.30188,51.300125,18.974945,19.007721,19.009125,18.976349,-0.537013999999999,0.79,0.00138849599788211,0.00137764014309429,0.00136103710922198,0.00143980770284858,0.00196103601869425,3.05331378378794e-05,0.0216547076864393,0.000389641305496741,0.276341351416129,0.000390835796026198,0.277188507819999,0.966951709834891,685.781354492831
18.996054,51.38578,0.067163,"2021-06-19 08:37:31",413.772369,0.404574,0,51.377697,51.379364,51.393902,51.392208,18.98645,19.019257,19.005524,18.972717,-0.137630999999999,0.79,0.152576093964226,0.0873558791930002,0.0744785474682933,0.09625079299525,0.0897387459105495,0.0337988050666431,0.503235487793027,0.015963463023694,0.237682399888242,0.0373790232034197,0.556541893653048,0.888356523503735,13.2268737772841
18.99674,51.310074,0.002214,"2021-06-19 08:37:30",413.374207,0.436452,0,51.302227,51.303944,51.317917,51.316193,18.986847,19.019684,19.006592,18.973785,-0.535793000000012,0.79,0.00244730281347928,0.00218431689668612,0.00220642576138429,0.00218698521635338,0.00231336367342528,0.000112232105851194,0.05069200806287,7.02607272826212e-05,0.0317347458367756,0.000132410782725866,0.0598061349258655,0.902546600368433,407.654291042653
19.00161,51.416569,0.259165,"2021-06-19 08:37:32",412.374512,0.63793,0,51.408703,51.410587,51.424473,51.422588,18.991669,19.024597,19.011566,18.978668,-1.53548800000004,0.79,0.225521830834232,0.291436195471281,0.290786111622461,0.346181644351764,0.374668460612237,0.0447069101046132,0.172503656375719,0.0816732802494261,0.315140085464573,0.093108713436516,0.359264227177729,1.01966853311152,3.93443764826085
19.003141,51.340954,0.007435,"2021-06-19 08:37:31",413.332642,0.438505,0,51.333221,51.334854,51.348621,51.347015,18.993011,19.02594,19.013031,18.980225,-0.577358000000004,0.79,0.00785865205124326,0.00625392484756913,0.0137242236698735,0.0130912462686542,0.0152665896244129,0.00346725386259323,0.466342146952688,0.00553777013089257,0.744824496421327,0.00653366263058276,0.878771033030633,0.903564786704512,121.528552347614
19.009584,51.371304,0.071254,"2021-06-19 08:37:31",412.968536,0.413874,0,51.363804,51.365463,51.37883,51.377163,18.999298,19.032104,19.019653,18.986908,-0.941464000000053,0.79,0.0434525540423041,0.0614647647402966,0.0391092878853983,0.0444541716821016,0.0707588970977274,0.0137518456516654,0.192997525074598,0.000350090619582097,0.00491327672245905,0.0137563011841537,0.193060055353435,0.89195343135069,12.5179418888861
19.015358,51.402,0.166519,"2021-06-19 08:37:32",412.686249,0.462223,0,51.394283,51.39616,51.409801,51.407917,19.00531,19.038147,19.025452,18.992523,-1.22375100000005,0.79,0.224345716780337,0.169837401679563,0.209573719322589,0.222248056983158,0.257815809958594,0.0282795302970494,0.169827649079381,0.0645565934224213,0.387683047714803,0.0704789726665305,0.42324883446652,0.917996398313811,5.51286278631154
19.016466,51.32629,0.004179,"2021-06-19 08:37:31",414.309479,0.610483,0,51.318466,51.320099,51.334087,51.332455,19.006592,19.039459,19.026428,18.993469,0.399478999999985,0.79,0.00504182621036447,0.004569004973134,0.00401682609860669,0.0043844692549862,0.00711674030249411,0.000396579795680638,0.0948982521370276,0.0020772960892586,0.497079705493803,0.00211481313046595,0.506057221934901,0.998395695966072,238.907799944023
19.017399,51.218094,0.000152,"2021-06-19 08:37:01",413.001465,0.450208,0,51.209793,51.211552,51.226379,51.224651,19.000305,19.03302,19.034424,19.001709,-0.908535000000029,0.79,0.000148282538991825,0.000132977925926801,0.0001508844547197,0.000161725917016102,0.000191800848622607,1.03871323051757e-05,0.0683363967445773,2.81434499580247e-05,0.185154276039636,2.99991048710635e-05,0.19736253204647,0.909278419497541,5982.0948651154
19.018961,51.233601,0.000374,"2021-06-19 08:37:01",414.222748,0.430098,0,51.225204,51.22694,51.242008,51.240261,19.001892,19.034607,19.03598,19.003235,0.312747999999999,0.79,0.000350185944311082,0.000345252995225915,0.000371174516852527,0.000412121181688147,0.000436318058070725,2.64342998568702e-05,0.0706799461413643,4.40655214521867e-05,0.117822249872157,5.13862081669397e-05,0.137396278521229,0.899491129608593,2405.05649627966
19.022669,51.356991,0.048282,"2021-06-19 08:37:31",413.070068,0.417592,0,51.349171,51.350826,51.364864,51.363205,19.012756,19.045593,19.032471,18.999695,-0.839932000000033,0.79,0.016386470249214,0.0377179191363783,0.0266181020088104,0.0383293530174832,0.0515878580655876,0.0122459066157307,0.253632960849399,0.00233759465581723,0.0484154479064089,0.0124670195963631,0.258212576039996,0.893665768082014,18.509294728512
19.02351,51.279839,0.001435,"2021-06-19 08:37:01",413.236755,0.459701,0,51.271694,51.273438,51.287979,51.28624,19.006378,19.039154,19.040558,19.007812,-0.673245000000009,0.79,0.001362407690203,0.0014672922251894,0.00142342152488303,0.00142144506238007,0.00165768775158444,3.79931577863518e-05,0.0264760681437992,0.000157464019232543,0.109731023855431,0.000161982707075309,0.112879935244117,0.914015883690977,636.944866683608
19.028946,51.387516,0.168216,"2021-06-19 08:37:32",412.69043,0.506312,0,51.379368,51.381229,51.395782,51.393902,19.019318,19.052185,19.038483,19.005615,-1.21957000000003,0.79,0.126432782222542,0.206186068692926,0.112955002212989,0.162963419226061,0.207954074203303,0.0368827375193043,0.219258200880441,0.0280990617404498,0.167041552173692,0.0463669450968198,0.275639327393469,0.939468857888122,5.58489595453537
19.029638,51.311779,0.003613,"2021-06-19 08:37:31",412.7005,0.4715,0,51.303955,51.305588,51.319553,51.317921,19.019775,19.052582,19.039551,19.006683,-1.20950000000005,0.79,0.00370421499376748,0.00362157537789048,0.00663627098800632,0.00501886801461612,0.00375302328278069,0.00132502696181921,0.366738710716637,9.90114127782274e-05,0.0274042105669049,0.0013287210803657,0.367761162570079,0.920007617087875,254.638144779373
19.034639,51.418388,0.644542,"2021-06-19 08:37:32",414.904449,0.583004,0,51.410587,51.412281,51.426174,51.424473,19.024658,19.057495,19.044434,19.011627,0.994448999999975,0.79,0.637800797301319,0.555538560471704,0.722086877440188,0.624148879305387,0.69637336554762,0.0593680496744976,0.0921088923212104,0.0366503100568809,0.056862562962353,0.0697696964979719,0.108246935805536,0.984307611758346,1.52714270250557
19.036036,51.342533,0.013553,"2021-06-19 08:37:31",413.969849,0.416521,0,51.334858,51.336502,51.350277,51.348621,19.026001,19.058899,19.045929,19.013123,0.0598489999999856,0.79,0.0109525796608375,0.0086706959885506,0.0189608889145767,0.0269600082863863,0.0275042006537491,0.007312806981627,0.539571089915664,0.00986498858796018,0.727882283476734,0.0122798674989235,0.90606267977005,0.893163220574376,65.9015140983086
19.042456,51.373013,0.072669,"2021-06-19 08:37:32",413.215332,0.491829,0,51.365467,51.367298,51.380692,51.37883,19.032166,19.065002,19.052582,19.019714,-0.694668000000036,0.79,0.0697187573307074,0.0900270610173138,0.105272113376443,0.109881008631737,0.135855697528469,0.0182961885777156,0.251774327123197,0.0446797423031637,0.614839096494567,0.0482807403500448,0.66439252432323,0.931840541686049,12.8230819425897
19.048258,51.403824,0.333421,"2021-06-19 08:37:32",413.19931,0.52185,0,51.396164,51.397869,51.411499,51.409801,19.038208,19.071106,19.058319,19.025513,-0.71069,0.79,0.438157206823456,0.326119539617174,0.399890438778571,0.393442036961372,0.465034374033404,0.0474741890062919,0.142385119732386,0.0930647092738614,0.279120719072468,0.104474105567042,0.313339908305242,0.952545149184034,2.85688408703721
19.049461,51.327877,0.00602,"2021-06-19 08:37:31",413.418365,0.427545,0,51.320099,51.32172,51.335728,51.334091,19.03952,19.072357,19.059326,19.026489,-0.491635000000031,0.79,0.00708968968600405,0.00747089620264326,0.00667687628597276,0.0129894451738139,0.0114294384877296,0.00281345173023808,0.467350785753834,0.0038250506370851,0.635390471276595,0.00474831791423498,0.788757128610461,0.898285741592292,149.216900596726
19.049883,51.192844,6.4e-05,"2021-06-19 08:36:41",413.557556,0.52682,0,51.18433,51.186161,51.201321,51.19949,19.029724,19.062531,19.069885,19.03714,-0.352444000000048,0.79,7.06007697540485e-05,6.9984174709017e-05,7.02140012727515e-05,7.40904458327758e-05,9.00588383119786e-05,3.63634528665953e-06,0.0568178951040551,1.84263812802439e-05,0.287912207503811,1.87817606770168e-05,0.293465010578387,0.94954689865891,14836.6702915455
19.050182,51.219849,0.000439,"2021-06-19 08:37:01",413.633514,0.491816,0,51.211559,51.213291,51.22813,51.226383,19.033081,19.065796,19.0672,19.034485,-0.276486000000034,0.79,0.000469945633920665,0.00044120972942208,0.000451558458871833,0.000437531272396435,0.000478076737353495,1.35172254313905e-05,0.0307909463129623,2.7631425969302e-05,0.0629417448047881,3.07605442809461e-05,0.0700695769497633,0.9305820645178,2119.77691234123
19.055616,51.358707,0.059939,"2021-06-19 08:37:31",413.222595,0.414578,0,51.35083,51.352634,51.366699,51.364868,19.045654,19.078491,19.065369,19.032532,-0.687405000000012,0.79,0.103364800994451,0.0666738802060099,0.0807265824193526,0.0544992164588601,0.084993192731016,0.0195869946569861,0.326782139458217,0.0177159895772561,0.29556698605676,0.0264103511221311,0.440620482859758,0.892565081509687,14.8912241029995
19.056335,51.28159,0.002123,"2021-06-19 08:37:01",412.795807,0.556323,0,51.273441,51.275192,51.289734,51.287983,19.039215,19.07196,19.073395,19.040649,-1.114193,0.79,0.0021235577778361,0.00218502722023547,0.00221231771073751,0.00227975357071078,0.00241086165741647,6.58469490007217e-05,0.0310159910507403,0.000203548930002785,0.095877969855292,0.000213934540451004,0.100769920137072,0.966227367702337,455.123583467893
19.057753,51.297119,0.003639,"2021-06-19 08:37:01",413.377716,0.470866,0,51.288849,51.290592,51.305359,51.303635,19.040619,19.073395,19.074799,19.042053,-0.532284000000004,0.79,0.00399789898402203,0.00383141736475755,0.0034558412949026,0.00354478581514608,0.00334676115798452,0.00021979953545559,0.0604010814662242,0.00020664406691525,0.0567859485889667,0.000301684613757095,0.0829031639893088,0.919681945549442,252.729306279044
19.061852,51.389362,0.19964,"2021-06-19 08:37:32",412.850006,0.705966,0,51.381237,51.382954,51.397488,51.395782,19.052216,19.085205,19.071442,19.038544,-1.05999400000002,0.79,0.262839230515979,0.309624688774448,0.271949378404154,0.316808512584756,0.325386426247983,0.0467524419739925,0.234183740603048,0.0889161507099228,0.445382441945115,0.100458313183137,0.503197321093654,1.06422735627478,5.33073209915236
19.062653,51.313362,0.005708,"2021-06-19 08:37:31",413.594757,0.594981,0,51.305588,51.307201,51.321178,51.319565,19.052643,19.08548,19.072449,19.039642,-0.315243000000009,0.79,0.00598038757995765,0.00588449004226005,0.00546138965473538,0.00520540113496661,0.00894909531584599,0.000316514690692532,0.0554510670449426,0.00229180047630665,0.40150674076851,0.00231355375399484,0.405317756481226,0.988993297698206,173.264417956939
19.067545,51.420086,2.74664,"2021-06-19 08:37:32",415.452728,0.464869,0,51.412292,51.413895,51.427784,51.426178,19.057556,19.090424,19.077576,19.044525,1.54272799999995,0.79,3.14075718341051,2.9397230513862,2.38005003134347,2.07178393213632,1.34372892480673,0.430453390847191,0.156719989094745,0.992007934670872,0.361171443899045,1.08137406300587,0.393707971560112,1.41759410668316,0.516119370096975
19.068888,51.344231,0.048403,"2021-06-19 08:37:31",412.723358,0.407125,0,51.336506,51.338268,51.352081,51.350277,19.05896,19.091644,19.078857,19.046021,-1.18664200000001,0.79,0.034366629788187,0.0527295730801058,0.0417890388793567,0.0601487045457608,0.0552294390373202,0.00991530717091219,0.204849021153899,0.00482702133464568,0.0997256644143066,0.0110278488953498,0.227833995730632,0.888803903612185,18.3625788404063
19.074942,51.178703,5.9e-05,"2021-06-19 08:36:42",414.34726,0.490388,0,51.17038,51.172123,51.187023,51.185272,19.054871,19.087616,19.09494,19.062225,0.437259999999981,0.79,6.14542080972052e-05,5.90687811656679e-05,6.33129961504487e-05,5.84483087264881e-05,6.94216640663153e-05,2.06371610941663e-06,0.0349782391426548,7.36922933253972e-06,0.124902192076944,7.65274232780834e-06,0.129707497081497,0.929828151113185,15759.7991714099
19.075428,51.374889,0.124279,"2021-06-19 08:37:32",414.009369,0.53147,0,51.367306,51.369034,51.38242,51.380695,19.065063,19.097931,19.085602,19.052643,0.0993689999999674,0.79,0.106688871398072,0.181969760172821,0.172373368549362,0.219058224020727,0.239342187276558,0.0453814187903058,0.365157579239499,0.0813619599881918,0.654671827003692,0.0931624479312413,0.749623411286229,0.956681557575216,7.69785368063161
19.07958,51.190266,0.000228,"2021-06-19 08:37:01",414.168976,0.500336,0,51.181835,51.183552,51.198689,51.19696,19.0625,19.095184,19.096588,19.063904,0.258975999999961,0.79,0.000230252452223521,0.000250629138604967,0.000233687256112987,0.000240004004288805,0.000259033515728398,9.09811688905043e-06,0.0399040214432037,2.19440094156096e-05,0.0962456553316211,2.37553210914773e-05,0.104190004787181,0.935112888083741,4101.37231615676
19.081177,51.405521,1.873959,"2021-06-19 08:37:32",415.087463,0.552905,0,51.397869,51.399487,51.413113,51.411503,19.071198,19.104004,19.091309,19.058411,1.17746299999999,0.79,2.01970103731684,2.13102586417721,1.78308221659377,1.48513161341092,1.07856509818601,0.247783607185558,0.132224668301472,0.562428421687099,0.300128456218679,0.614591283302431,0.327964103431522,1.14347119969693,0.610190084039686
19.081312,51.205868,0.000543,"2021-06-19 08:37:01",415.459564,0.50999,0,51.197449,51.199173,51.214252,51.21254,19.06424,19.096924,19.098328,19.065613,1.54956399999998,0.79,0.000545520093912576,0.000551947039684535,0.000544580345950334,0.000522312495331883,0.000560914044703324,1.12382909998812e-05,0.0206966685080686,1.26671424881994e-05,0.0233280708806618,1.69338620348212e-05,0.0311857496037222,0.940313671275046,1731.70105207191
19.082323,51.329571,0.009385,"2021-06-19 08:37:31",413.672272,0.416443,0,51.32172,51.323475,51.337498,51.335735,19.072418,19.105194,19.092133,19.059418,-0.237728000000004,0.79,0.0222174144884713,0.017704106219037,0.01357783968663,0.0106128115302049,0.0157423575443383,0.00528558775169946,0.563195285210384,0.00449533063002907,0.478991010125633,0.00693869118452413,0.739338432021751,0.893069380106806,95.1592306986474
19.082624,51.19463,0.000321,"2021-06-19 08:36:42",414.227478,0.540829,0,51.186169,51.187927,51.203075,51.201324,19.062592,19.095276,19.102661,19.069946,0.317477999999994,0.79,0.000323398688784843,0.000323612445330948,0.000331433616102294,0.000342620718699429,0.000344648262196564,8.86178034212894e-06,0.0276067923430808,1.67218465624679e-05,0.0520929799453829,1.89248858197576e-05,0.0589560305911452,0.957390206550679,2982.52400794604
19.086151,51.252392,0.001527,"2021-06-19 08:37:02",413.317017,0.393052,0,51.244358,51.246082,51.260403,51.258678,19.069031,19.101746,19.10321,19.070465,-0.592983000000004,0.79,0.00141049489078677,0.00145081848020154,0.00159262900831661,0.00154922791425274,0.00171888702312268,7.41290392924412e-05,0.0485455398116838,0.000135684615271747,0.088856984460869,0.000154613806912133,0.101253311664789,0.882377412794225,577.850303074148
19.087683,51.267872,0.002195,"2021-06-19 08:37:02",412.62323,0.450534,0,51.259235,51.260967,51.276501,51.27478,19.070587,19.103333,19.104706,19.07196,-1.28677000000005,0.79,0.00222811447275002,0.00244726616311542,0.00231180658124233,0.00229417753841594,0.00245745364985361,9.73927914298383e-05,0.044370292223161,0.000185582755558647,0.0845479524185181,0.000209586056271014,0.0954833969344027,0.909439898554223,414.323416197824
19.088535,51.360577,0.11311,"2021-06-19 08:37:32",412.746643,0.553339,0,51.352642,51.354385,51.368427,51.366699,19.078552,19.111389,19.098297,19.06543,-1.16335700000002,0.79,0.0785413899278822,0.0809980048336531,0.167716064101211,0.0995037299954184,0.169971863541875,0.0362671374792808,0.320635995749985,0.0402074093013639,0.355471746984032,0.0541474008948579,0.478714533594359,0.966031050196974,8.54063345590111
19.089161,51.283321,0.004079,"2021-06-19 08:37:02",413.484436,0.577048,0,51.275192,51.276917,51.291454,51.289734,19.072021,19.104797,19.106232,19.073456,-0.425564000000008,0.79,0.00432469716735825,0.00416560243475987,0.00397522185216743,0.00392015107180315,0.00364711109035555,0.000160389458454052,0.0393207792238421,0.000305391576728855,0.0748692269499521,0.000344947522849665,0.0845666886123228,0.97830696271303,239.839902601871
19.090588,51.298847,0.005543,"2021-06-19 08:37:02",413.604126,0.625924,0,51.2906,51.292324,51.307098,51.305363,19.073456,19.106232,19.107666,19.07489,-0.305874000000017,0.79,0.00622881233029668,0.00594627977574327,0.00522079304122951,0.00561754254125864,0.00512727824771794,0.000387539331437333,0.0699150877570509,0.000293959670125399,0.0530325942856574,0.000486414454011318,0.0877529233287602,1.00790926693578,181.834614276706
19.094761,51.391056,1.021679,"2021-06-19 08:37:32",415.391785,0.591186,0,51.382961,51.384579,51.399113,51.397491,19.085266,19.117981,19.10437,19.071503,1.481785,0.79,1.41856472711811,1.14855188682996,1.07087138967893,1.06870949140259,0.955476619709042,0.159194344505942,0.155816400753996,0.0468121520344271,0.0458188452874406,0.165934375283637,0.162413414862826,1.00056739078224,0.97933635787976
19.095531,51.315048,0.007464,"2021-06-19 08:37:31",413.036316,0.411794,0,51.307205,51.308926,51.322933,51.321182,19.085541,19.118286,19.105286,19.07251,-0.873684000000026,0.79,0.00747965690025222,0.00702938229462437,0.00910727042040619,0.0128860101936832,0.0177421668705735,0.00242141263019788,0.324412195900037,0.00726776149234944,0.973708667249389,0.00766052192969638,1.0263293046217,0.890916933295263,119.361861373963
19.099928,51.164635,6.1e-05,"2021-06-19 08:36:42",413.436859,0.479214,0,51.155807,51.157513,51.173397,51.171696,19.079712,19.112396,19.120117,19.087433,-0.473140999999998,0.79,6.53076313596114e-05,6.36235894101731e-05,6.45085096963465e-05,6.42494734662868e-05,6.95644489703999e-05,1.64535456363323e-06,0.0269730256333316,6.05597994409592e-06,0.0992783597392774,6.27551469788421e-06,0.102877290129249,0.92398379738791,15147.2753670149
19.100498,51.421608,1.04743,"2021-06-19 08:37:33",414.459442,0.485379,0,51.413895,51.415508,51.429413,51.427784,19.090515,19.123444,19.110474,19.077637,0.549441999999999,0.79,0.966995333216427,0.997090688062237,1.13331110930259,1.13462182567328,1.41527627319202,0.0768503757410956,0.073370416868999,0.260106594208277,0.248328379183599,0.271222087231436,0.258940537536099,0.966050823840639,0.922305857041176
19.101732,51.346088,0.086837,"2021-06-19 08:37:32",412.755707,0.451668,0,51.338268,51.340027,51.353832,51.352085,19.091705,19.124512,19.111725,19.078918,-1.15429300000005,0.79,0.0581185504068698,0.058165198655497,0.0829119478095943,0.0987568315114446,0.119309357652484,0.0181406135100586,0.208904194180575,0.0229614242971863,0.264419824466372,0.0292627555824249,0.336984874908448,0.910472564709271,10.4848459148666
19.107719,51.180454,0.000344,"2021-06-19 08:36:42",413.7789,0.503122,0,51.172131,51.173824,51.188705,51.187027,19.087677,19.120361,19.127747,19.095001,-0.131100000000004,0.79,0.000355845881135102,0.000353126870764106,0.000355307726315148,0.000357466535157041,0.000351145518916876,5.34506938414308e-06,0.0155379923957648,5.05264488121978e-06,0.0146879211663366,7.35520135802006e-06,0.0213813992965699,0.936606505923432,2722.69333117277
19.108177,51.376556,0.581954,"2021-06-19 08:37:32",414.554169,0.42525,0,51.369034,51.370686,51.384045,51.38242,19.097992,19.130737,19.118378,19.085693,0.644168999999977,0.79,0.60079719603723,0.649035550635411,0.703757439524133,0.689324961940477,0.59795386048061,0.0532965927361143,0.0915821400593764,0.011313609843878,0.0194407287240539,0.0544841680213503,0.093622808712287,0.898835962267298,1.54451376271543
19.112337,51.191982,0.000633,"2021-06-19 08:37:02",414.347504,0.489159,0,51.183563,51.185284,51.200397,51.198689,19.095276,19.12796,19.129364,19.096649,0.43750399999999,0.79,0.000657971341892213,0.000651629513478795,0.000619518329443271,0.00062033288096375,0.000623967327982729,1.76912627732517e-05,0.0279482824221986,6.3870636356463e-06,0.0100901479236118,1.88089170447965e-05,0.0297139289807212,0.929180567831019,1467.89979120224
19.114079,51.207577,0.000869,"2021-06-19 08:37:02",415.708435,0.482041,0,51.199177,51.200886,51.215973,51.21426,19.096985,19.1297,19.131104,19.098389,1.79843499999998,0.79,0.000888291990306083,0.000890190784964775,0.00084831303415196,0.000878950212437972,0.000904044668584104,1.71115631784735e-05,0.0196910968682089,2.47803228002551e-05,0.0285159065595571,3.01142822012369e-05,0.0346539495986616,0.925453146619466,1064.9633447865
19.114271,51.407059,1.719978,"2021-06-19 08:37:33",415.061951,0.534976,0,51.39949,51.401093,51.414722,51.413116,19.104065,19.137146,19.124298,19.09137,1.151951,0.79,1.81140515424367,1.90119635510807,1.72799985434678,1.79315759559387,1.68818635807547,0.0734457044344998,0.0427015371327423,0.0224800855898898,0.0130699843776431,0.0768090212670925,0.0446569789073421,0.95718281760801,0.556508756279447
19.115118,51.331417,0.02557,"2021-06-19 08:37:32",413.892334,0.420023,0,51.323475,51.325245,51.339264,51.337505,19.105255,19.138,19.124969,19.092194,-0.0176660000000197,0.79,0.0349855470235031,0.0196962004827334,0.0310526807005587,0.0287285073350061,0.0624096273727481,0.00577722292903928,0.225937541221716,0.0260495503316557,1.01875441265764,0.0266824919610834,1.04350770281906,0.895115230518537,35.0064618896573
19.115425,51.196369,0.000708,"2021-06-19 08:36:42",414.63327,0.531981,0,51.187927,51.189606,51.204742,51.203079,19.095337,19.128082,19.135468,19.102722,0.723269999999957,0.79,0.000743462535165848,0.00073692689419504,0.0007399504369625,0.000705487233182295,0.000729607992153676,1.84444849955551e-05,0.0260515324795976,1.527915777969e-05,0.0215807313272458,2.39510268925555e-05,0.0338291340290333,0.95241996248223,1345.22593570936
19.11574,51.223297,0.001226,"2021-06-19 08:37:02",414.802185,0.382715,0,51.215015,51.216732,51.231556,51.22987,19.098633,19.131348,19.132782,19.100067,0.892184999999984,0.79,0.00124039556274986,0.00121674662422554,0.00128140138456643,0.00118771401868016,0.00131938639544373,3.4383524045359e-05,0.0280452887808801,6.60341534888299e-05,0.0538614628783278,7.44495544161557e-05,0.0607255745645642,0.877821608738208,716.00457482725
19.118954,51.254105,0.002715,"2021-06-19 08:37:02",414.173828,0.443302,0,51.24609,51.247791,51.262131,51.260406,19.101837,19.134552,19.136047,19.103271,0.26382799999999,0.79,0.00276720516085128,0.00287107753246949,0.00268317130307148,0.00267969200235673,0.00274419044039327,7.962546234473e-05,0.0293279787641731,2.0640758347903e-05,0.00760248926257939,8.22572498858827e-05,0.0302973296080599,0.905878948850372,333.657071399769
19.121342,51.362247,0.430118,"2021-06-19 08:37:32",413.587555,0.410712,0,51.354385,51.356052,51.370087,51.368439,19.11145,19.144196,19.131134,19.098358,-0.322445000000016,0.79,0.231186051163977,0.359102826290425,0.399405399095905,0.385748554790982,0.424149516956336,0.0770064303193006,0.179035590975734,0.00422035483357173,0.00981208606375862,0.0771219923591355,0.179304266176109,0.893718159516434,2.07784412537126
19.121988,51.285049,0.005546,"2021-06-19 08:37:02",412.911316,0.610792,0,51.276917,51.278637,51.293179,51.291458,19.104858,19.137604,19.139069,19.106293,-0.998684000000026,0.79,0.00625493214258691,0.00596562511076061,0.00556445530550264,0.00546093997962081,0.0052772619023917,0.000339373386901816,0.0611924606746873,0.000190026531182001,0.0342637091925715,0.000388952925545333,0.0701321539028729,0.998582504627624,180.05454464977
19.123428,51.300575,0.007122,"2021-06-19 08:37:02",414.470428,0.640831,0,51.292328,51.294037,51.308819,51.307098,19.106293,19.139069,19.140503,19.107727,0.560428000000002,0.79,0.00769062322855484,0.00732694423221455,0.00717676558704357,0.00751240417991793,0.0124101814720544,0.000236476807287905,0.0332037078472206,0.00373930897903473,0.525036363245539,0.00374677900616981,0.526085229734598,1.01724058556171,142.830747762104
19.12487,51.150463,7.5e-05,"2021-06-19 08:36:42",413.526031,0.547775,0,51.142292,51.143997,51.158657,51.156948,19.104889,19.137573,19.144806,19.112122,-0.383969000000036,0.79,6.53095348389545e-05,7.09503865157086e-05,6.93920789927487e-05,7.02651983351893e-05,6.90915845513147e-05,3.47042307866036e-06,0.0462723077154715,4.17788062983273e-06,0.0557050750644364,5.43125426600799e-06,0.0724167235467732,0.961331082746469,12817.7477699529
19.127758,51.392578,2.751872,"2021-06-19 08:37:33",416.016632,0.576122,0,51.384583,51.38615,51.400711,51.399113,19.118042,19.151001,19.137451,19.104431,2.10663199999999,0.79,3.39787446359848,2.85740555271602,2.53139703792974,2.2943769854181,1.67919657879857,0.413909717979968,0.150410236369994,0.758496064343667,0.275629122409642,0.864081902520293,0.313997854013665,1.30485788235619,0.474170994274513
19.128229,51.316879,0.030264,"2021-06-19 08:37:32",413.119568,0.481877,0,51.308926,51.310719,51.324707,51.322933,19.118347,19.151093,19.138092,19.105347,-0.79043200000001,0.79,0.0134908727190124,0.0146889836964365,0.0157674997280977,0.0189979833109863,0.0307155986241333,0.00681213641240354,0.225090418067788,0.000319328449499172,0.0105514290741202,0.00681961678980965,0.225337588878194,0.925392862681661,30.5773480928384
19.133427,51.423306,0.164652,"2021-06-19 08:37:33",413.315643,0.420544,0,51.415512,51.417316,51.431232,51.429413,19.123505,19.156342,19.143311,19.110535,-0.594357000000002,0.79,0.119827087099333,0.0975070133320338,0.163893421068222,0.289029695794976,0.623838391700854,0.0740961669921965,0.450016805093145,0.324693811400256,1.97200040934976,0.333041008172508,2.0226964031564,0.954920713494351,5.79963021095614
19.134594,51.347767,0.152848,"2021-06-19 08:37:32",413.27478,0.506444,0,51.340031,51.341709,51.355503,51.35384,19.124573,19.15744,19.144562,19.111786,-0.635220000000004,0.79,0.0918528513354898,0.125367534852347,0.160436250469586,0.24380775981427,0.236308709337102,0.0565388206055347,0.369902259797542,0.0590156335349042,0.386106678104419,0.0817281055512175,0.534701831566115,0.941947455208087,6.16264167805982
19.140459,51.182133,0.000702,"2021-06-19 08:36:42",412.741394,0.518548,0,51.173828,51.175568,51.190456,51.188709,19.120422,19.153015,19.160431,19.127808,-1.16860600000001,0.79,0.000746997129720547,0.000746639945897731,0.000715237823483941,0.00071080498284769,0.000740184305971834,2.10698537009103e-05,0.0300140366109834,2.70003816875858e-05,0.0384620821760481,3.42484940727776e-05,0.0487870285937003,0.944982555117797,1346.1289958943
19.141121,51.378071,3.202241,"2021-06-19 08:37:33",416.235443,0.559395,0,51.370686,51.372223,51.385609,51.384045,19.130798,19.163727,19.151428,19.118439,2.32544299999995,0.79,3.51135612113501,3.48225196830997,2.65703591091491,2.25327186843768,1.64150582741778,0.54952863400191,0.171607519234783,1.10360642416924,0.34463565489582,1.23285394879346,0.384997240617887,1.5674666264647,0.489490524437324
19.145102,51.193691,0.000902,"2021-06-19 08:37:02",414.285065,0.511559,0,51.185284,51.187,51.202099,51.200405,19.128021,19.160706,19.16214,19.129425,0.37506499999995,0.79,0.000887258019729916,0.000924082241334568,0.000912895766081679,0.000890927918492681,0.000963373651549154,1.52970229834907e-05,0.0169590055249343,4.33977251965871e-05,0.0481127773798083,4.60147961464128e-05,0.0510141864150918,0.941165560673765,1043.42079897313
19.147369,51.40876,0.177495,"2021-06-19 08:37:33",414.376617,0.545784,0,51.401096,51.402874,51.416534,51.414722,19.137207,19.169983,19.157227,19.12439,0.466616999999985,0.79,0.128658994488952,0.123271706199344,0.258606755317947,0.253655652485522,0.671660117529428,0.0654157294467056,0.368549702508271,0.349427505630906,1.96866112076907,0.355497959699463,2.00286182540051,1.02389402479284,5.76857953628463
19.14797,51.333092,0.052788,"2021-06-19 08:37:32",413.102264,0.531733,0,51.325256,51.326931,51.340942,51.339264,19.138062,19.170929,19.157898,19.125031,-0.807736000000034,0.79,0.0217709369305035,0.0493185038595305,0.0817176231929166,0.111550032417953,0.122437409148593,0.0342703906466379,0.64920797618091,0.0492495695146065,0.932969036800153,0.0599998314368234,1.13661876632612,0.954169776853914,18.0755053582995
19.148294,51.198032,0.000986,"2021-06-19 08:36:42",414.329742,0.551519,0,51.18961,51.191349,51.206467,51.204746,19.128143,19.160797,19.168335,19.135529,0.419741999999985,0.79,0.00101739858369753,0.000992973601058532,0.00101712549135872,0.00105126688894133,0.00110187397980277,2.5645504359358e-05,0.0260096393096937,8.19352768816117e-05,0.0830986580949409,8.58550027168611e-05,0.0870740392665934,0.96346936367073,977.149456055507
19.148529,51.225002,0.001748,"2021-06-19 08:37:02",413.996704,0.358225,0,51.216736,51.218433,51.23328,51.231556,19.131409,19.164154,19.165588,19.132843,0.0867039999999974,0.79,0.00180044161073254,0.00178195781649633,0.0017850949836806,0.0018013230929595,0.00195730612796027,2.16203605402551e-05,0.0123686273113588,0.000148001782424606,0.0846692119133902,0.000149572616446832,0.0855678583791944,0.867424448005109,496.238242565852
19.153328,51.271309,0.005996,"2021-06-19 08:37:02",413.042114,0.439246,0,51.262691,51.264404,51.279922,51.278225,19.13623,19.168976,19.17038,19.137604,-0.867885999999999,0.79,0.00621315605554274,0.00582486009616886,0.00568553995651719,0.00592261979006645,0.00597608383395987,0.000197098127980029,0.0328716023982704,1.40828560622129e-05,0.0023487084826906,0.000197600604473015,0.0329554043484015,0.903901038588849,150.750673547173
19.154285,51.363781,2.569195,"2021-06-19 08:37:32",414.867798,0.499198,0,51.35606,51.357578,51.371624,51.370087,19.144287,19.177277,19.164124,19.131195,0.957797999999968,0.79,2.91566001564455,2.34817575058516,2.11443514893691,2.05291746954275,1.57063445785272,0.353281576897761,0.137506719769329,0.706088930777657,0.274828859147576,0.789537491663381,0.30730929013305,1.22338387023293,0.476174004010178
19.154831,51.286762,0.008277,"2021-06-19 08:37:02",415.269623,0.516667,0,51.278645,51.280338,51.29488,51.293182,19.137695,19.170441,19.171906,19.13913,1.359623,0.79,0.00870732822345082,0.00864215377541929,0.00819418331880054,0.00806704978897682,0.00805897271414197,0.000282361850160639,0.034114032881556,0.00015416857231391,0.0186261413934892,0.000321708195598819,0.0388677293220756,0.943951742614612,114.045154357208
19.156282,51.302292,0.012387,"2021-06-19 08:37:02",413.591797,0.558627,0,51.294048,51.295746,51.310528,51.308819,19.13913,19.171906,19.17337,19.140564,-0.31820300000004,0.79,0.0138154183660427,0.0129613212729269,0.0114736922797256,0.0117058796722988,0.0212992779779615,0.00095327542906511,0.0769577322245184,0.00630193219403611,0.508753709052725,0.00637362404146087,0.514541377368279,0.967576740218791,78.1122741760548
19.157639,51.152203,0.000428,"2021-06-19 08:36:43",414.430847,0.518522,0,51.144001,51.145721,51.1604,51.158661,19.137634,19.17041,19.177551,19.144867,0.520847000000003,0.79,0.000441241908732511,0.000451129012572079,0.000437861099936742,0.000436591219134257,0.000432554990842758,8.37006825776907e-06,0.019556234247124,3.22086491315683e-06,0.00752538531111409,8.96838967867243e-06,0.0209541814922253,0.944968287597225,2207.86983083464
19.160822,51.394276,0.293717,"2021-06-19 08:37:33",415.477386,0.618108,0,51.38615,51.387909,51.402493,51.400715,19.151062,19.183899,19.170288,19.137512,1.567386,0.79,0.191547901502181,0.276604488543483,0.357694973743133,0.390668411551888,0.965059579319297,0.0772612655607928,0.263046625019297,0.474710890335943,1.61621864017385,0.480957100539745,1.63748472352552,1.1124195396628,3.78738561153356
19.165356,51.168072,0.000844,"2021-06-19 08:36:43",415.380463,0.626952,0,51.159229,51.160976,51.176865,51.17514,19.145203,19.177887,19.185577,19.152832,1.470463,0.79,0.000831957860294455,0.000842995037407477,0.000814248423829612,0.000811069719137828,0.00081975246082039,1.55612315107464e-05,0.0184374780933014,1.71455993809888e-05,0.0203146912097023,2.31543409378114e-05,0.0274340532438523,1.00854787235913,1194.9619340748
19.167646,51.349339,1.402791,"2021-06-19 08:37:32",414.217773,0.438994,0,51.341717,51.343243,51.357025,51.355511,19.157501,19.190521,19.177612,19.144623,0.307772999999997,0.79,1.52932529572854,1.45660824967528,1.46578413800321,1.11377767652635,1.22320436991846,0.162778174214019,0.11603879281662,0.126986923941097,0.0905244786579732,0.206451962578396,0.147172289085399,0.927058868081457,0.660867419367145
19.174129,51.379753,0.620932,"2021-06-19 08:37:33",415.645142,0.480577,0,51.372223,51.373951,51.387371,51.38562,19.163788,19.196594,19.184326,19.15152,1.735142,0.79,0.559611907877291,0.596647169554235,0.730651847968985,0.795490754761258,1.38271934407082,0.0986975992008558,0.158950737280178,0.538664996814566,0.86751044690009,0.547632353756834,0.881952216598329,1.0746885352558,1.73076687182461
19.177881,51.195431,0.001428,"2021-06-19 08:37:02",414.257263,0.569171,0,51.187008,51.188721,51.203823,51.202103,19.160767,19.193481,19.194916,19.162201,0.347262999999998,0.79,0.00140102767283727,0.00144952410269379,0.00146018979743513,0.00146591793827584,0.00160403506064819,2.65921795484106e-05,0.0186219744736769,0.00012447558511092,0.0871677766883195,0.00012728438750232,0.089134725141681,0.973681489729735,681.849782723904
19.179642,51.210983,0.002072,"2021-06-19 08:37:02",412.266693,0.501307,0,51.202587,51.2043,51.219379,51.217682,19.162537,19.195251,19.196686,19.163971,-1.64330700000005,0.79,0.00200305018423149,0.00206283295188764,0.00204291430565227,0.0021142553826564,0.002270210321012,4.07000605705105e-05,0.019642886375729,0.000140155862088748,0.0676427905833724,0.000145945745427139,0.0704371358239087,0.935632796319774,451.560229884061
19.180202,51.41058,0.008544,"2021-06-19 08:37:33",412.75061,0.537773,0,51.402874,51.404556,51.41824,51.416546,19.170044,19.202759,19.190277,19.157288,-1.15939000000003,0.79,0.0061721772486465,0.00619280794436912,0.0114313867219269,0.0150274907254447,0.0939199363033844,0.00378172499960024,0.442617626357706,0.0603699035102738,7.06576586028486,0.0604882359952113,7.07961563614364,0.957579566523228,112.076260126782
19.181055,51.199776,0.001526,"2021-06-19 08:36:43",415.70932,0.567701,0,51.191357,51.193069,51.208172,51.20647,19.160828,19.193573,19.201172,19.168427,1.79931999999997,0.79,0.00145527992527774,0.00154370487833349,0.00154382354253483,0.00156997099701216,0.00173862608061566,4.34468167965216e-05,0.0284710463935266,0.000150349343460451,0.09852512677618,0.000156500961558513,0.102556331296535,0.972822928334623,637.498642421116
19.18111,51.334698,0.628295,"2021-06-19 08:37:32",415.318573,0.559276,0,51.326935,51.328445,51.342468,51.340942,19.17099,19.203918,19.190979,19.157959,1.40857299999999,0.79,0.51557921873142,0.522983691726898,0.713483543359042,0.606889701085051,0.715170762790201,0.0817807449653563,0.13016297275222,0.061430440989705,0.0977732450356998,0.102282888731587,0.162794370051628,0.97331980022153,1.54914459007557
19.182953,51.242241,0.005465,"2021-06-19 08:37:02",412.021149,0.408656,0,51.233837,51.235546,51.25061,51.248905,19.165833,19.198578,19.200012,19.167267,-1.88885100000005,0.79,0.00580378391864244,0.00561272052504689,0.00511417659847754,0.00497062022632401,0.00479243429628346,0.000345814748358611,0.0632780875313104,0.000475575769891468,0.0870220987907535,0.000588013735460484,0.107596291941534,0.889438065351463,162.751704547386
19.186163,51.273022,0.008829,"2021-06-19 08:37:03",413.076202,0.504007,0,51.264404,51.266094,51.28162,51.279926,19.169037,19.201813,19.203217,19.170441,-0.833798000000002,0.79,0.00956172690489794,0.00923876431826053,0.00889641311977173,0.00893312599253032,0.00879913410511103,0.000306123798575232,0.0346725335344017,2.11183768021958e-05,0.00239193303909795,0.000306851374272446,0.0347549410207777,0.937082253703892,106.13685057242
19.187227,51.365433,1.272305,"2021-06-19 08:37:33",416.82608,0.5933,0,51.357578,51.35928,51.373352,51.371624,19.177338,19.210083,19.196991,19.164185,2.91607999999997,0.79,0.931778240099003,1.0951529176303,1.02221526853859,1.19478885716852,1.75274871914426,0.135086740899418,0.10617480942024,0.339725011785391,0.267015386865092,0.365597471544061,0.287350495002426,1.05345450836731,0.827988971486641
19.187674,51.288467,0.011542,"2021-06-19 08:37:03",413.974487,0.502679,0,51.280346,51.282032,51.296581,51.294888,19.170532,19.203278,19.204773,19.171997,0.0644869999999855,0.79,0.0125773993726214,0.0126077782564089,0.0111642307277613,0.010730310693324,0.010741971412727,0.000843095187539635,0.0730458488597847,0.000565705639203832,0.0490127914749465,0.00101529915073318,0.0879656169410133,0.936369162175563,81.1271150732596
19.189137,51.303989,0.014407,"2021-06-19 08:37:03",413.270142,0.706216,0,51.29575,51.297443,51.312237,51.310532,19.171997,19.204773,19.206238,19.173431,-0.639858000000004,0.79,0.0106359343340324,0.0102112454622903,0.0277559076414192,0.0103906382054516,0.0235983380328838,0.00751293465256926,0.52147807680775,0.00649925745122996,0.45111802951551,0.0099340089848532,0.689526548542597,1.05968850290569,73.5537240859092
19.190453,51.15387,0.000798,"2021-06-19 08:36:43",414.23938,0.487737,0,51.145721,51.147381,51.162045,51.1604,19.170471,19.203125,19.210358,19.177612,0.329379999999958,0.79,0.000796856962223768,0.000800505362403083,0.000805874090619982,0.000817775873699078,0.000819120336951833,8.54879052565396e-06,0.0107127700822731,1.49343334795859e-05,0.0187147036085037,1.72080253350288e-05,0.0215639415225924,0.928432755489118,1163.4495682821
19.193579,51.396084,0.023429,"2021-06-19 08:37:33",413.418793,0.513681,0,51.38792,51.389622,51.404175,51.402496,19.18396,19.216736,19.203064,19.17038,-0.491207000000031,0.79,0.0117242417669958,0.048217029688824,0.0585181594676994,0.0644483476973313,0.196039194223514,0.0227719624983286,0.971956229387878,0.122053838837374,5.20951977623346,0.124159984902403,5.29941461020115,0.950465081742599,40.5678894422553
19.194027,51.320145,0.183374,"2021-06-19 08:37:32",414.898193,0.67137,0,51.312405,51.3139,51.3279,51.326389,19.184113,19.216949,19.20401,19.171051,0.988192999999967,0.79,0.108249078029076,0.113828309454021,0.249625177350859,0.280217631885864,0.371855137010702,0.077750199850097,0.423997948728266,0.133276290106018,0.726800364860984,0.154297320395247,0.841435102005994,1.04816284039321,5.71598394752367
19.198231,51.169716,0.000997,"2021-06-19 08:36:43",414.1698,0.551004,0,51.160976,51.162613,51.178513,51.176868,19.177948,19.210693,19.218384,19.185638,0.259799999999984,0.79,0.00101799232300565,0.00102574709641369,0.00102796788968759,0.00102576750389276,0.0010868029991501,1.28131349896387e-05,0.0128516900598181,6.35003096699255e-05,0.0636913838213897,6.47801339643501e-05,0.0649750591417754,0.963174653015986,966.072871630879
19.199413,51.426796,0.009709,"2021-06-19 08:37:34",413.399597,0.491815,0,51.419022,51.420624,51.434521,51.432919,19.189423,19.222198,19.20929,19.176392,-0.510402999999997,0.79,0.00618149576558112,0.00617060002620573,0.00601375398990342,0.00560796645856136,0.0136364501877381,0.00167779456875866,0.172808174761423,0.00277712666052199,0.286036323053042,0.00324459968309468,0.334184744370654,0.930587191859045,95.8478928683742
19.200586,51.350964,2.590285,"2021-06-19 08:37:33",418.393097,0.610478,0,51.343243,51.344898,51.358723,51.357029,19.190582,19.223236,19.210388,19.177673,4.48309699999999,0.79,2.81306954629977,2.64719431192451,2.23160956917899,2.16310057784331,2.23469796926,0.279627169733537,0.107952279279515,0.251438000738243,0.0970696277584294,0.376048430748532,0.145176469287562,1.06686260162799,0.411870740720803
19.205986,51.185535,0.001349,"2021-06-19 08:36:43",412.813477,0.571372,0,51.177296,51.17894,51.193829,51.192173,19.185913,19.218628,19.226013,19.193298,-1.09652300000005,0.79,0.00127160733472849,0.00130271296544134,0.00129794016519062,0.00132759759564631,0.00141539217918837,2.95928699289923e-05,0.0219368939429149,4.69463601218488e-05,0.0348008599865447,5.54950329247994e-05,0.0411379043178647,0.974969725408794,722.735155973902
19.20694,51.381569,0.048138,"2021-06-19 08:37:33",413.355408,0.407212,0,51.373962,51.375698,51.389088,51.387379,19.196686,19.229523,19.217194,19.184387,-0.554592000000014,0.79,0.00741799533899596,0.0373181053511514,0.0733480218703886,0.0721550068203217,0.247848836924408,0.02732435198233,0.567625409911712,0.14121688706569,2.93358442531243,0.143836119955239,2.9879953457817,0.900339070765997,18.7032920097635
19.210655,51.197105,0.001889,"2021-06-19 08:37:03",413.921478,0.544382,0,51.188721,51.190411,51.205502,51.203827,19.193542,19.226257,19.227692,19.194977,0.0114779999999541,0.79,0.00193333575645969,0.00186129054986954,0.00188821226485224,0.00186279744566177,0.00192625702073413,2.91512644602322e-05,0.0154321145898529,2.6344692007911e-05,0.013946369511864,3.92917168958305e-05,0.0208002736346376,0.959401773746452,507.888710294575
19.213022,51.41222,0.00626,"2021-06-19 08:37:34",413.115051,0.440968,0,51.40456,51.406204,51.419842,51.41824,19.20282,19.235748,19.223083,19.190338,-0.794949000000031,0.79,0.00636378010688777,0.00629440539279973,0.00620662013552235,0.00617194204364188,0.0106189482685551,7.50925091643488e-05,0.0119956084927075,0.00308224187953667,0.492370907274229,0.00308315648141679,0.492517009810989,0.904744319063618,144.527846495786
19.213852,51.201424,0.00236,"2021-06-19 08:36:43",413.93222,0.587365,0,51.193073,51.194721,51.20985,51.208176,19.193634,19.226379,19.233887,19.201233,0.0222199999999475,0.79,0.00252826377719746,0.00245793843573196,0.0023232587743989,0.00230987965708766,0.00229568666717691,9.39866865502681e-05,0.039824867182317,4.54763937599144e-05,0.0192696583728451,0.000104410725685176,0.0442418329174476,0.984427576882423,417.130329187468
19.21394,51.336285,4.8524,"2021-06-19 08:37:33",418.029541,0.440852,0,51.328445,51.330105,51.344131,51.342472,19.20401,19.236816,19.223694,19.19104,4.11954099999997,0.79,5.03287318568316,5.47809914488776,4.43651233264238,4.12735993333887,2.7247689551871,0.524476740370947,0.108086048217572,1.50446233965022,0.310044996218412,1.5932616805208,0.32834508295293,1.83219356742675,0.377585023375391
19.218998,51.274715,0.010676,"2021-06-19 08:37:03",413.319702,0.588745,0,51.266094,51.26778,51.28331,51.281628,19.201874,19.23465,19.236053,19.203278,-0.590298000000018,0.79,0.0116976669881861,0.0111281286925675,0.0106595297928798,0.0105071364694206,0.0104358912533276,0.000486051209579474,0.0455274643667547,0.000169782522994257,0.0159031962340069,0.000514851321691967,0.0482251144334926,0.985251714079648,92.2865974222225
19.220112,51.367256,0.029613,"2021-06-19 08:37:33",415.215668,0.519247,0,51.359283,51.361038,51.375103,51.373356,19.210144,19.24295,19.229889,19.197052,1.30566799999997,0.79,0.00784039267040396,0.0216749510214462,0.0488560169567783,0.062368065133626,0.229366519057748,0.0216846787814677,0.732268894791736,0.14124706789161,4.76976557226927,0.142901922596697,4.82564828273722,0.95610585527484,32.2866935222652
19.223148,51.155579,0.000689,"2021-06-19 08:36:43",413.195984,0.513553,0,51.147381,51.149105,51.163761,51.162048,19.203186,19.235809,19.243042,19.210419,-0.714016000000015,0.79,0.000662717482950406,0.000697389368268786,0.000717215512230848,0.000697224601671675,0.000722090954301932,1.97238017536753e-05,0.0286267079153488,2.33988381828302e-05,0.0339605779141222,3.06028427425388e-05,0.0444163174782856,0.942250860835656,1367.56293299805
19.226498,51.397732,0.006289,"2021-06-19 08:37:34",413.054962,0.475218,0,51.389629,51.391277,51.405823,51.404179,19.216827,19.249725,19.236084,19.203156,-0.855038000000036,0.79,0.00609183203793258,0.00617192963443586,0.00615301805395027,0.00596532805174862,0.0186935564010816,0.000118378060955018,0.0188230340205149,0.00877134594881579,1.3947123467667,0.00877214472743825,1.39483935879126,0.921959379824903,146.598724729671
19.227001,51.321728,3.287916,"2021-06-19 08:37:33",417.591125,0.501016,0,51.313904,51.315563,51.329559,51.327908,19.217041,19.249908,19.236877,19.204102,3.68112499999995,0.79,4.40665454714158,3.28576331074392,3.46782673085821,3.32021698256659,2.3530347336203,0.48266220029648,0.146798823417776,0.661060883061353,0.2010577165175,0.818513463975331,0.248945977931106,1.24301300192914,0.378054975227208
19.230942,51.171432,0.001039,"2021-06-19 08:36:43",414.590515,0.518955,0,51.162613,51.164333,51.180222,51.178516,19.210754,19.243408,19.251129,19.218445,0.680514999999957,0.79,0.00100598419440617,0.0010051352938535,0.00103709227586774,0.00103317795559833,0.00108028156932709,1.70371547599465e-05,0.0163976465447031,2.91904776092079e-05,0.0280947811445697,3.3798648277232e-05,0.0325299790926198,0.945205952778202,909.726614800965
19.232363,51.42828,0.006637,"2021-06-19 08:37:34",414.144836,0.492722,0,51.420624,51.422161,51.436062,51.434521,19.22229,19.255402,19.24234,19.209351,0.234835999999973,0.79,0.00704574987840408,0.00659739206461814,0.00671794371469058,0.00628775396287335,0.00714915036969496,0.000271632198579785,0.0409269547355409,0.000362144999398504,0.0545645622116173,0.000452695319055356,0.0682078226691812,0.931061316035121,140.283458796914
19.233459,51.352783,0.032804,"2021-06-19 08:37:33",415.425323,0.517038,0,51.344906,51.346691,51.360493,51.358723,19.223297,19.256195,19.243317,19.210449,1.51532299999997,0.79,0.00869882022886304,0.0200621944659388,0.0905903659110873,0.0768778667599966,0.333062583002913,0.0359855479666598,1.09698658598524,0.212314880150824,6.47222534297109,0.215342907930397,6.56453200616988,0.96840118826854,29.5208263708249
19.238777,51.187241,0.002039,"2021-06-19 08:36:43",413.68158,0.529534,0,51.178944,51.180653,51.195526,51.193832,19.218689,19.251373,19.25885,19.226074,-0.228420000000028,0.79,0.002239689289201,0.00224473268266715,0.00198753489511238,0.00205908393432772,0.00200143380300661,0.000119919794474694,0.058813042900782,2.65633126374158e-05,0.013027617772151,0.000122826571576048,0.0602386324551486,0.951055346571569,466.432244517689
19.239891,51.383221,0.006106,"2021-06-19 08:37:34",412.84021,0.469396,0,51.375702,51.377338,51.390736,51.389088,19.229584,19.262421,19.250122,19.217255,-1.06979000000001,0.79,0.00635946068981089,0.00618826901516211,0.0059268080768916,0.00581656344472996,0.0103089671908483,0.000214103573168744,0.0350644567914746,0.00297194660175341,0.486725614437178,0.00297964879536452,0.487987028392486,0.918934972194956,150.497047526196
19.243439,51.198795,0.003391,"2021-06-19 08:37:03",414.039001,0.487103,0,51.190411,51.192062,51.207172,51.205505,19.226318,19.259033,19.260498,19.227783,0.12900099999996,0.79,0.00371320755522095,0.00364093299676958,0.00328511193109713,0.00313456643112734,0.0029252100278507,0.000242100121098669,0.071394904482061,0.000329363247915463,0.0971286487512424,0.000408769638932997,0.120545455303155,0.928099940578394,273.695057675728
19.245228,51.214375,0.004251,"2021-06-19 08:37:03",414.882568,0.511328,0,51.20599,51.207657,51.222759,51.221081,19.228119,19.260834,19.262299,19.229553,0.972567999999967,0.79,0.00438952471658177,0.00428307755822879,0.00426300841073037,0.0042722569208598,0.00423557535485007,5.59055571271265e-05,0.0131511543465365,1.09068711829117e-05,0.00256571893270094,5.69595572024137e-05,0.0133990960250326,0.941040024031067,221.369095279009
19.246044,51.413715,0.006404,"2021-06-19 08:37:34",413.095337,0.432843,0,51.406208,51.407715,51.421375,51.419842,19.235809,19.26889,19.256256,19.223145,-0.814663000000053,0.79,0.00620759957954463,0.00644657030840356,0.00656347768993864,0.00652346301374392,0.00716641061630877,0.000138707758908727,0.0216595501106694,0.000539105716840547,0.0841826540975244,0.000556664006660787,0.0869244232762004,0.900807067314537,140.663189774287
19.246586,51.203144,0.003484,"2021-06-19 08:36:43",413.884827,0.538083,0,51.194729,51.196423,51.211567,51.209854,19.22644,19.259216,19.266602,19.233948,-0.0251730000000521,0.79,0.00382897250520396,0.00385742460890058,0.0035439716810774,0.00343797703195697,0.0032591569902135,0.000198053403083885,0.0568465565682793,0.000158988016922427,0.0456337591625796,0.000253973108808854,0.0728969887511062,0.955841712519045,274.351811859657
19.246721,51.338078,0.193879,"2021-06-19 08:37:33",414.459778,0.465273,0,51.330109,51.331898,51.345921,51.344135,19.236877,19.269653,19.256653,19.223755,0.549777999999947,0.79,0.0195497108623114,0.0567669389333705,0.243655122447655,0.250353302874798,0.62389952349747,0.107745956376022,0.55573814789648,0.30407042821445,1.5683515399525,0.32259574769346,1.6639024736741,0.971929514398499,5.01307266077553
19.246941,51.230106,0.006594,"2021-06-19 08:37:03",415.949554,0.431035,0,51.221844,51.223522,51.238277,51.236675,19.229797,19.262543,19.264008,19.231262,2.03955399999995,0.79,0.00633837173354059,0.00660038363992902,0.00663019243278125,0.00653523903240076,0.00670430903986673,0.000117657156645028,0.0178430628821699,7.8000270115942e-05,0.0118289763597122,0.000141163907029922,0.0214079325189449,0.899939548609932,136.478548469811
19.252947,51.368889,0.005691,"2021-06-19 08:37:33",414.214935,0.525362,0,51.361038,51.36269,51.376743,51.375103,19.243011,19.27597,19.262848,19.22995,0.304935,0.79,0.00607408299855106,0.00614326649015801,0.00558597111762427,0.00748015276192969,0.0101151862003245,0.000757272576896047,0.133064940589711,0.0031283720634814,0.549705159634757,0.00321872234330482,0.565581153277951,0.948744218015332,166.70957968992
19.255884,51.157288,0.000773,"2021-06-19 08:36:44",412.735443,0.474124,0,51.149109,51.150818,51.165462,51.163769,19.23587,19.268524,19.275818,19.243103,-1.17455700000005,0.79,0.000765387574254942,0.000762194588536123,0.000780927056834236,0.000789018242230387,0.000814250611329232,1.10455612116253e-05,0.0142892124341854,2.91685869989906e-05,0.0377342651992116,3.11899164794881e-05,0.0403491804391825,0.921354203522625,1191.92005630353
19.259672,51.399269,0.005995,"2021-06-19 08:37:34",413.739807,0.488965,0,51.391281,51.392773,51.407345,51.405827,19.249786,19.282867,19.269287,19.236145,-0.17019300000004,0.79,0.00608144170362202,0.00600812767384867,0.00600541041070555,0.00598186141245493,0.00591898416095813,3.88904212228235e-05,0.00648714282282293,5.37513152640916e-05,0.00896602423087433,6.63450733326025e-05,0.0110667345008511,0.929078455043851,154.9755554702
19.259968,51.323528,0.275356,"2021-06-19 08:37:33",416.568146,0.51538,0,51.315563,51.317356,51.33136,51.329563,19.249969,19.282745,19.269745,19.236938,2.65814599999999,0.79,0.262969697068864,0.231212396127031,0.424048136625885,0.45533529772356,1.05189773424295,0.102215183759178,0.371211027757441,0.549097926157552,1.99413822890205,0.55853064043206,2.02839466157287,1.09620847501807,3.98105897462947
19.263729,51.173134,0.001688,"2021-06-19 08:36:44",414.858002,0.503077,0,51.164337,51.166031,51.181911,51.180225,19.243469,19.276184,19.283966,19.25119,0.948001999999974,0.79,0.00176906247804115,0.00176325880460684,0.00161537230332553,0.00158708982075247,0.00155695494041486,8.31164505381416e-05,0.049239603399373,9.26628502736477e-05,0.0548950534796491,0.000124477902339716,0.073742833139642,0.936582342041397,554.847359029264
19.265469,51.429935,0.005507,"2021-06-19 08:37:34",413.771362,0.497914,0,51.422165,51.423847,51.437778,51.436066,19.255463,19.288422,19.275543,19.242401,-0.138638000000014,0.79,0.00553053463243307,0.00564857695905933,0.00557393722460365,0.00564793684981034,0.00570653537363334,6.54179649217671e-05,0.0118790566409601,0.000141092815782726,0.0256206311572047,0.000155520715018945,0.0282405511202006,0.933819241385983,169.569500887231
19.266241,51.354404,0.005201,"2021-06-19 08:37:33",413.890198,0.625507,0,51.346695,51.348339,51.362141,51.360493,19.256256,19.289185,19.276306,19.243378,-0.019802000000027,0.79,0.00534952015749597,0.00518599596784556,0.00517475799419879,0.00500439281065088,0.00508157685849371,0.00012250541667969,0.0235542043221862,8.44449131896981e-05,0.0162362840203227,0.00014879018945979,0.0286079964352605,1.00765025142036,193.741636496897
19.27298,51.384766,0.006133,"2021-06-19 08:37:34",412.840729,0.548935,0,51.377346,51.378845,51.392231,51.390743,19.262512,19.295654,19.283295,19.250214,-1.06927100000001,0.79,0.0057363544251852,0.00592199113481853,0.00573971324258894,0.0059487387019586,0.00609231324215406,0.000165482749608957,0.0269823495204561,2.87698823773594e-05,0.0046909966374302,0.000167965015851956,0.0273870888393863,0.961992548015444,156.855135825117
19.276228,51.200451,0.002869,"2021-06-19 08:37:03",414.303131,0.552134,0,51.192062,51.193726,51.208843,51.207172,19.259094,19.291809,19.293304,19.260559,0.393130999999983,0.79,0.00291927636823874,0.00287104777418187,0.0028838970495907,0.00290346076951574,0.00305358716364946,2.16421408628187e-05,0.00754344400934776,0.000130522835136524,0.0454941914034591,0.000132304923389881,0.0461153445067554,0.963821545443239,335.943375895169
19.279228,51.415375,0.005864,"2021-06-19 08:37:34",412.98114,0.539782,0,51.407715,51.409389,51.423054,51.421383,19.268982,19.301941,19.289246,19.256348,-0.928860000000043,0.79,0.00599746828751195,0.00638581843088182,0.00606724683750649,0.0059936831075722,0.00606470206229628,0.000195525451752695,0.0333433580751526,0.000141917789247824,0.0242015329549496,0.000241600623318909,0.0412006519984497,0.956799177411259,163.164934756354
19.279371,51.204845,0.003066,"2021-06-19 08:36:44",413.558167,0.521611,0,51.196423,51.19812,51.213261,51.211575,19.259277,19.291962,19.299408,19.266663,-0.351832999999999,0.79,0.00293706018290024,0.00288339446641992,0.00308689992939328,0.00312451083053565,0.00328131828418739,0.000103746431290168,0.0338377140541971,0.000152253018862355,0.049658518872262,0.000184239799604066,0.0600912588402041,0.946666820621333,308.762824729724
19.279745,51.231724,0.008425,"2021-06-19 08:37:03",411.849548,0.349263,0,51.223526,51.225178,51.239857,51.238281,19.262604,19.295349,19.296814,19.264069,-2.060452,0.79,0.00877811511954042,0.008689441929527,0.00838546298759304,0.00823533350420509,0.00805023785107123,0.000224717980019754,0.0266727572723744,0.000264996856839577,0.031453632859297,0.000347450003135723,0.0412403564552787,0.863761983355661,102.523677549633
19.279764,51.339745,0.00456,"2021-06-19 08:37:33",414.419525,0.651836,0,51.331898,51.333569,51.347569,51.345928,19.269714,19.302765,19.289642,19.256714,0.509524999999996,0.79,0.00454435258274597,0.00461129919180943,0.00463595233216493,0.00463999873361873,0.0049170974118905,4.38824372719762e-05,0.00962334150701233,0.000252506001491938,0.0553741231341969,0.00025629075108239,0.0562041120794715,1.02420224398355,224.605755259552
19.284689,51.278065,0.256422,"2021-06-19 08:37:04",419.74173,0.522034,0,51.269489,51.271122,51.286652,51.284988,19.267548,19.300323,19.301758,19.268982,5.83172999999999,0.79,0.139458071038591,0.22356513848131,0.29268032345949,0.268547097371092,0.433059812500131,0.0595061132175023,0.232063213053101,0.124901795032801,0.487094691691043,0.13835257826535,0.539550343829119,0.956953986912992,3.73194962566781
19.286121,51.370468,0.005695,"2021-06-19 08:37:34",413.509186,0.584922,0,51.362698,51.364185,51.378246,51.376743,19.276031,19.309113,19.296051,19.262909,-0.400814000000025,0.79,0.00573241542470939,0.00566542442729987,0.00572113509839458,0.00574024522908912,0.0131538768687121,3.06171327134282e-05,0.00537614270648432,0.00527422241390181,0.926114559069677,0.00527431128016918,0.926130163330847,0.982986044887454,172.605100068034
19.286238,51.293514,6.536663,"2021-06-19 08:37:04",416.668518,0.653538,0,51.2854,51.287064,51.301609,51.299942,19.269043,19.301849,19.303345,19.270569,2.75851799999998,0.79,6.81355472242015,6.30957425405213,6.58540070844699,6.12026224711001,5.9614450884684,0.266362662150177,0.0407490277761263,0.406740485903958,0.06222448455794,0.486196349905177,0.0743799014734547,1.13472411100898,0.173593791053475
19.287739,51.30904,0.017896,"2021-06-19 08:37:04",414.717743,0.680844,0,51.300808,51.302475,51.31728,51.315601,19.270569,19.303345,19.304871,19.272034,0.807742999999959,0.79,0.0293405423262691,0.0201180892879107,0.0425960000676956,0.0637332282840504,0.194914945125033,0.0189010497283701,1.05616057936802,0.1251712964964,6.99437284848012,0.126590296418896,7.07366430592849,1.05055873490416,58.7035502293338
19.28862,51.158989,0.001498,"2021-06-19 08:36:44",413.970154,0.468896,0,51.150818,51.152569,51.167233,51.165466,19.268585,19.3013,19.308594,19.275909,0.0601539999999545,0.79,0.00155745579350836,0.00149540261431905,0.00142355022267681,0.00140809966534977,0.00134730584857898,6.09419478186774e-05,0.0406822081566605,0.000106556856354956,0.0711327479005045,0.000122752941472639,0.0819445537200526,0.918674846659189,613.267587889979
19.292656,51.400875,0.006524,"2021-06-19 08:37:34",413.042755,0.398758,0,51.392776,51.394444,51.409008,51.407345,19.282928,19.315979,19.302277,19.269348,-0.867245000000025,0.79,0.00656373126469687,0.00661768524675912,0.0065041442040061,0.00657383545514356,0.00644652802144572,4.44231425186494e-05,0.00680918800101922,5.47809613876702e-05,0.00839683650945283,7.05292089973342e-05,0.0108107309928471,0.88493386619474,135.642836633161
19.292843,51.325191,0.004529,"2021-06-19 08:37:33",414.365387,0.507902,0,51.317364,51.318989,51.333023,51.331364,19.282806,19.315674,19.302826,19.269806,0.455386999999973,0.79,0.00437113993653107,0.00440220025311623,0.00462133869319007,0.00470543030475897,0.00511022758077785,0.000141952068109121,0.0313429163411616,0.000410989963780669,0.0907462936146322,0.000434813914185014,0.0960066050309149,0.939182959101761,207.370933782681
19.296465,51.174831,0.002142,"2021-06-19 08:36:44",413.551697,0.489264,0,51.166031,51.167801,51.18372,51.181915,19.276245,19.30896,19.31662,19.284027,-0.358303000000035,0.79,0.00244317466482436,0.00233965057681395,0.00220524378814973,0.0021680412420632,0.00204211003360265,0.000127744974366202,0.0596381766415511,7.06328726120625e-05,0.0329751972978816,0.000145971850605703,0.0681474559317006,0.929235859727648,433.816927977427
19.298374,51.431675,0.004162,"2021-06-19 08:37:35",413.012177,0.53328,0,51.423847,51.425552,51.439472,51.437786,19.288483,19.321075,19.308167,19.275604,-0.897823000000017,0.79,0.00410425641311903,0.00419701213476061,0.00429307030438789,0.00418697036901396,0.00445479196889278,6.85726726394475e-05,0.0164758944352349,0.000207035186681045,0.0497441582607029,0.000218095804537758,0.0524016829739929,0.953146161911058,229.011571819091
19.299372,51.355999,0.005508,"2021-06-19 08:37:34",414.255737,0.585013,0,51.348343,51.349808,51.363636,51.362141,19.289246,19.322174,19.309479,19.276398,0.345736999999986,0.79,0.00578181371365926,0.00567245162369599,0.00584174410830862,0.0056202342876902,0.00574246242620315,0.000131930431945189,0.0239525112464032,0.000165789971501698,0.0300998495827339,0.000211877213318889,0.0384671774362544,0.983026070387227,178.472416555415
19.304268,51.190647,0.002096,"2021-06-19 08:36:44",412.99588,0.537982,0,51.182346,51.184147,51.199036,51.197231,19.284241,19.316895,19.324371,19.291656,-0.914120000000025,0.79,0.00204188970145372,0.00217053859946369,0.00216149763478967,0.00222785528607561,0.00231182522116639,7.18921966135159e-05,0.034299712124769,0.000152611477437841,0.0728108193882827,0.00016869721686998,0.0804853133921658,0.955784840213921,456.004217659314
19.306046,51.38636,0.006342,"2021-06-19 08:37:34",414.187561,0.393024,0,51.378849,51.380478,51.393906,51.392242,19.295715,19.328583,19.316406,19.283356,0.277560999999992,0.79,0.00659149767683934,0.00665215980485554,0.00663320094702797,0.00638866525390129,0.00656192062379013,0.000145184434938523,0.0228925315260995,0.000155507364404776,0.0245202403665683,0.000212746470082439,0.0335456433431787,0.882364952747479,139.130393053844
19.309019,51.202126,0.002755,"2021-06-19 08:37:04",412.812531,0.485856,0,51.193729,51.195404,51.210499,51.208843,19.291901,19.324615,19.32608,19.293365,-1.09746900000005,0.79,0.00268282823786076,0.00271970229200659,0.00282589903379468,0.00284395292329843,0.0028954438728769,6.86389139049309e-05,0.0249143063175793,9.93088148873572e-05,0.036046756764921,0.000120720922860869,0.0438188467734552,0.927445991586325,336.641013279973
19.310837,51.21772,0.004057,"2021-06-19 08:37:04",414.150635,0.464981,0,51.209332,51.210983,51.225983,51.224426,19.293701,19.326416,19.327881,19.295166,0.240634999999997,0.79,0.00416465877342602,0.00416428528252074,0.00403640923596484,0.00401447989468723,0.0040814280309115,7.19753759107233e-05,0.0177410342397642,1.72732263085562e-05,0.00425763527447773,7.40190454180309e-05,0.0182447733344912,0.91668278910418,225.950896993882
19.312092,51.206566,0.003055,"2021-06-19 08:36:44",414.188904,0.519328,0,51.198124,51.199932,51.215073,51.213268,19.292023,19.324707,19.332245,19.299469,0.278903999999955,0.79,0.00305645202285226,0.00304889337611016,0.00307284423169272,0.00299111879863879,0.0030995638079787,3.13236996921686e-05,0.010253256855047,3.1511370817234e-05,0.0103146876652157,4.44313026276114e-05,0.0145437979141118,0.945410796192925,309.463435742365
19.312136,51.417103,0.005129,"2021-06-19 08:37:35",413.517365,0.473993,0,51.409389,51.411076,51.424763,51.423061,19.302002,19.334473,19.32196,19.289307,-0.392635000000041,0.79,0.00508852647856224,0.00510393231114268,0.0051300784760403,0.00520671956754813,0.00540487867568906,4.54775783404983e-05,0.00886675342961557,0.000195075682364499,0.0380338628123414,0.000200306594953065,0.0390537326872811,0.921286819710199,179.623088264808
19.312725,51.341335,0.004963,"2021-06-19 08:37:34",414.505096,0.54839,0,51.333569,51.335007,51.349041,51.347576,19.302826,19.335602,19.322632,19.289703,0.595095999999955,0.79,0.00500843488667772,0.00490986746634854,0.0048238944359585,0.0048966659168414,0.00490538677179419,6.99150598259909e-05,0.0140872576719708,4.07387043503769e-05,0.00820848364907856,8.09182156415928e-05,0.0163042949106574,0.961681651404329,193.770229982738
19.315924,51.264244,1.667525,"2021-06-19 08:37:04",414.407776,0.574739,0,51.256252,51.257915,51.272232,51.270565,19.298737,19.331512,19.333069,19.300262,0.497775999999988,0.79,1.39704552682126,1.52769904548595,1.85458801095133,1.69107641016674,2.0349404655268,0.17340875290226,0.103991696017907,0.259801967186813,0.155800942826532,0.312358220217197,0.18731846312181,1.02566689322521,0.615083368000606
19.319098,51.295174,0.005781,"2021-06-19 08:37:04",413.39624,0.58546,0,51.287067,51.288738,51.303272,51.301617,19.30191,19.334717,19.336243,19.303436,-0.513760000000048,0.79,0.00572044524643885,0.00583675908067118,0.00587965873063958,0.00588713046865242,0.00589759897393381,7.03094813012415e-05,0.0121621659403635,8.24479251479907e-05,0.0142618794582236,0.000108356280491988,0.0187435185075225,0.98329213529911,170.090319200676
19.319162,51.372036,0.006109,"2021-06-19 08:37:34",414.15509,0.488911,0,51.364185,51.365803,51.379879,51.37825,19.309174,19.342041,19.328979,19.296112,0.245089999999948,0.79,0.00599642319539136,0.00605905738421448,0.00613181649858811,0.00630086344971872,0.00638054456191111,0.000113969111625426,0.0186559357710634,0.000192011001121676,0.0314308399282495,0.000223287220763834,0.0365505354008568,0.929050060964523,152.078909963091
19.320612,51.310707,0.003957,"2021-06-19 08:37:04",412.341064,0.565784,0,51.302479,51.304138,51.318928,51.31728,19.303436,19.336243,19.337769,19.304932,-1.56893600000001,0.79,0.00385960841882231,0.00390249340425307,0.00401433533474136,0.00397410006217098,0.00426709414068009,6.0901037230327e-05,0.0153907094339972,0.000219269669681107,0.0554131083348767,0.000227570042795161,0.0575107512749965,0.971705503969245,245.566212779693
19.3214,51.160809,0.00202,"2021-06-19 08:36:44",414.802643,0.479128,0,51.152573,51.154312,51.168957,51.167236,19.301361,19.334076,19.34137,19.308655,0.892642999999964,0.79,0.00209791696299067,0.00201104139226447,0.00190835599650492,0.00189035083606426,0.00181470420016824,8.58556077119732e-05,0.0425027760950362,0.000145166052210154,0.0718643822822543,0.000168654582178704,0.0834923674152001,0.923939212734457,457.395649868543
19.325542,51.402588,0.005682,"2021-06-19 08:37:35",413.736725,0.423548,0,51.394451,51.396114,51.41069,51.409008,19.316071,19.348328,19.334778,19.302338,-0.173275000000046,0.79,0.00580292765062683,0.00580471383005339,0.00569045073621158,0.00571334609042768,0.00574415933141102,6.05572421120885e-05,0.0106577335642535,4.39532847547537e-05,0.0077355305798581,7.48269390858304e-05,0.0131691198672704,0.896377662541337,157.757420369823
19.325701,51.32679,0.004416,"2021-06-19 08:37:34",413.976868,0.483722,0,51.319,51.320435,51.334461,51.333027,19.315735,19.34845,19.335693,19.302917,0.0668679999999995,0.79,0.0045153125897961,0.00442290421827515,0.00439918697986581,0.00437450161684471,0.0043070693501783,5.35174425096018e-05,0.0121189860755439,7.70256011679813e-05,0.0174423915688363,9.37926430380201e-05,0.0212392760502763,0.926329845185321,209.766722188705
19.329308,51.176636,0.001827,"2021-06-19 08:36:44",414.210022,0.485408,0,51.167805,51.169525,51.185406,51.183727,19.309021,19.341736,19.349518,19.316681,0.300021999999956,0.79,0.0018463201990118,0.00185530783995106,0.00190500196085904,0.00190405479036367,0.00199084625179697,3.52850027415367e-05,0.0193130830550283,0.000115856795717636,0.0634136812904412,0.000121110810964291,0.066289442235518,0.927211378883924,507.504859816051
19.33145,51.433365,0.002738,"2021-06-19 08:37:35",414.003967,0.475831,0,51.425552,51.427212,51.441143,51.43948,19.321167,19.35437,19.341492,19.308258,0.0939669999999637,0.79,0.00273330464242538,0.00272124345360705,0.00268766180485125,0.00259180911689439,0.00269911750806146,6.06329009319959e-05,0.0221449601650825,2.74940737191728e-05,0.0100416631552859,6.65753164852e-05,0.02431530916187,0.922233780010943,336.827531048555
19.332367,51.357536,0.005223,"2021-06-19 08:37:34",414.622101,0.524924,0,51.349812,51.351406,51.365253,51.363636,19.322235,19.35498,19.342407,19.30954,0.712100999999961,0.79,0.00502507990116007,0.00502025762631202,0.00529187677724753,0.00528705600573454,0.00541840019387451,0.000136737138878992,0.0261798083245246,0.000138168802133832,0.0264539157828512,0.00019439049110466,0.0372181679312004,0.948496306563006,181.599905526135
19.337055,51.192463,0.00243,"2021-06-19 08:36:44",414.790802,0.558147,0,51.184155,51.185833,51.200718,51.199039,19.316956,19.349762,19.357147,19.324432,0.88080199999996,0.79,0.00250319199498937,0.00244456916109617,0.00234178313042736,0.0023675179857633,0.00235140237851762,6.41547255695838e-05,0.0264011216335736,5.55769111353244e-05,0.0228711568458125,8.48800439694299e-05,0.034930059246679,0.967278698624973,398.057077623446
19.341825,51.203777,0.002503,"2021-06-19 08:37:04",414.817596,0.55741,0,51.195404,51.197041,51.212158,51.210499,19.324677,19.357391,19.358887,19.326141,0.907595999999955,0.79,0.00255482396222631,0.0025433303412143,0.00241379419855857,0.00243799867750494,0.00239841486773065,6.26996728737712e-05,0.0250498093782546,7.39528562389493e-05,0.0295456876703753,9.69550097951448e-05,0.0387355212925069,0.966853617410761,386.277913468143
19.343653,51.219368,0.002284,"2021-06-19 08:37:04",411.206848,0.533622,0,51.210987,51.212635,51.227741,51.225986,19.326508,19.359222,19.360687,19.327972,-2.70315200000005,0.79,0.00216636518677773,0.00220315559722398,0.00235565925103195,0.00236695556126507,0.00241849295041233,8.94505770843583e-05,0.0391640004747628,9.51008772583446e-05,0.0416378621971736,0.000130558732362226,0.0571623171463338,0.953337535151943,417.398220294196
19.344938,51.208351,0.002228,"2021-06-19 08:36:44",413.310181,0.598963,0,51.19994,51.201618,51.216755,51.215076,19.324768,19.357513,19.364929,19.332306,-0.599819000000025,0.79,0.00220237443575992,0.0022224067604014,0.00220047877497782,0.00222637828813334,0.00225940040411952,1.34098256811795e-05,0.00601877274738755,2.22034386849106e-05,0.00996563675265286,2.59386991623366e-05,0.0116421450459321,0.99139128301686,444.969157547962
19.345064,51.418777,0.003711,"2021-06-19 08:37:35",413.718079,0.490614,0,51.411083,51.41275,51.426422,51.424763,19.334564,19.367798,19.355225,19.321991,-0.191921000000036,0.79,0.00367120277311236,0.00368261745542292,0.00364734697721954,0.00365466585536583,0.00361084302299611,2.51658095832647e-05,0.00678140921133514,7.08216776225956e-05,0.0190842569718662,7.51600159210999e-05,0.020253305287281,0.929947365524,250.592122210725
19.345388,51.235043,0.002535,"2021-06-19 08:37:04",410.524719,0.595731,0,51.22673,51.2285,51.243313,51.241531,19.328217,19.360962,19.362457,19.329712,-3.38528100000002,0.79,0.00237841233998435,0.00237532225101255,0.00248569522329805,0.00254519703123093,0.00271946172108999,8.26038792343499e-05,0.0325853566999408,0.000130434133852074,0.0514533072394768,0.000154390621924726,0.0609035983923969,0.989441988293131,390.312421417409
19.345568,51.342819,0.003121,"2021-06-19 08:37:34",414.273865,0.50459,0,51.335007,51.33659,51.350636,51.349041,19.335663,19.368317,19.355438,19.322693,0.363864999999976,0.79,0.00314050543413982,0.00323206149133597,0.0032577101137556,0.00325132890390554,0.00337935704708101,6.47539535694147e-05,0.0207478223548269,0.000182686019958314,0.0585344504832792,0.000193822744772329,0.0621027698725823,0.93739591724482,300.351142981358
19.347071,51.250603,0.003614,"2021-06-19 08:37:04",413.566132,0.554101,0,51.242085,51.24387,51.258953,51.257313,19.329895,19.36264,19.364136,19.33139,-0.343868000000043,0.79,0.00361552508069276,0.00362668827563146,0.00360603883768571,0.00357062508632227,0.00356645102376709,2.1403633969828e-05,0.00592242223846929,3.36222035327688e-05,0.00930332139810978,3.98568453030757e-05,0.0110284574717974,0.964949698061805,267.00323687377
19.351952,51.296837,0.003141,"2021-06-19 08:37:04",413.596832,0.572544,0,51.288738,51.290379,51.30492,51.303272,19.334778,19.367523,19.369049,19.336304,-0.313168000000019,0.79,0.00310892215959964,0.00307207297446921,0.00311377738946583,0.00321872451670583,0.00327217316725822,5.48907640815588e-05,0.017475569589799,9.27534360780045e-05,0.0295299064240702,0.00010777845742881,0.0343134216583286,0.975657031723851,310.619876384544
19.351965,51.373707,0.005358,"2021-06-19 08:37:34",413.822937,0.393686,0,51.36581,51.367493,51.381561,51.379883,19.342133,19.374603,19.36145,19.329041,-0.0870630000000006,0.79,0.00540576328128846,0.00521273619364233,0.00541748064542196,0.0053473569216962,0.00521497979982821,8.14869776056943e-05,0.0152084691313353,0.00010113055338813,0.0188746833497816,0.000129875002783062,0.0242394555399518,0.882660004454442,164.736842936626
19.353468,51.312347,0.002914,"2021-06-19 08:37:04",413.607849,0.565582,0,51.304142,51.305786,51.320557,51.318928,19.336304,19.36908,19.370575,19.33783,-0.302151000000038,0.79,0.00289740335943203,0.0029268143691414,0.00292441400892895,0.00291903710230293,0.00294666607353671,1.16859761224351e-05,0.00401028693288782,2.3098402112546e-05,0.0079266994209149,2.58862553894339e-05,0.008883409536525,0.971587875281541,333.42068472256
19.354197,51.162464,0.001703,"2021-06-19 08:36:45",413.900848,0.518395,0,51.154312,51.155972,51.170624,51.168961,19.334137,19.366821,19.374115,19.341431,-0.00915200000002869,0.79,0.00167931256361328,0.00176641986542726,0.00177340259710552,0.00175536641247333,0.00182715945899202,4.1834786055511e-05,0.0245653470672407,8.77939954017104e-05,0.0515525516158017,9.72519149061134e-05,0.0571062330628969,0.944898611218651,554.843576757869
19.358444,51.404266,0.004152,"2021-06-19 08:37:35",413.400543,0.467125,0,51.396114,51.397797,51.412373,51.410702,19.348389,19.381714,19.368195,19.334839,-0.509456999999998,0.79,0.0041106498741704,0.00420910248866804,0.00416062450898662,0.0041442897360124,0.00422048920201918,3.55274621978007e-05,0.00855671054860325,4.84291791858174e-05,0.0116640604975475,6.00631831226764e-05,0.0144660845671186,0.917772177194638,221.043395278092
19.35854,51.328247,0.002767,"2021-06-19 08:37:34",414.468781,0.452269,0,51.320446,51.322041,51.336056,51.334469,19.348511,19.381378,19.368439,19.335754,0.558780999999954,0.79,0.00281589881810524,0.0027897973659876,0.00289388298003078,0.00289869546027894,0.00294094609899227,6.02858475987207e-05,0.0217874404043082,0.000122998466158381,0.0444519212715506,0.000136978122698519,0.0495042004692876,0.910300646558051,328.984693371179
19.362062,51.178299,0.002166,"2021-06-19 08:36:45",413.147522,0.627928,0,51.169525,51.171192,51.187057,51.18541,19.341797,19.374451,19.382263,19.349579,-0.762478000000044,0.79,0.00230411117269899,0.00221432083152811,0.00216674679630287,0.00213851700216325,0.00208854677593398,6.5316387260596e-05,0.0301553034444118,5.47676999618438e-05,0.0252851800377857,8.52392597567969e-05,0.0393533055202202,1.00915488427185,465.907148786634
19.365122,51.359184,0.004123,"2021-06-19 08:37:34",414.117126,0.409251,0,51.35141,51.353107,51.366943,51.365253,19.355042,19.387665,19.374939,19.342468,0.20712599999996,0.79,0.00401186094265304,0.00412253294095108,0.00418647465883342,0.00418961151784574,0.00412521217493171,7.20241839770568e-05,0.0174688779958906,1.56424389538325e-06,0.000379394590197247,7.20411683450871e-05,0.0174729974157378,0.889711406126127,215.792240147011
19.369904,51.194111,0.001708,"2021-06-19 08:36:45",414.622711,0.528105,0,51.185837,51.187489,51.202351,51.200726,19.349823,19.382507,19.389893,19.357208,0.712710999999956,0.79,0.001703970271091,0.00167676995236327,0.001689657463087,0.00170585047396684,0.00173070554963438,1.33320121483833e-05,0.00780562772153591,1.60552481170378e-05,0.00940002817156779,2.08689611630355e-05,0.0122183613366719,0.950260433492058,556.358567618301
19.3717,51.389725,0.004078,"2021-06-19 08:37:35",412.96991,0.444651,0,51.38216,51.383846,51.397259,51.39558,19.361145,19.394409,19.382111,19.348846,-0.940089999999998,0.79,0.00407868332147235,0.00400284370147447,0.00415086726749,0.00408699681398518,0.00417828959414998,5.25085511719777e-05,0.0128760547258405,7.09154521058976e-05,0.0173897626547076,8.82391596376805e-05,0.0216378517993331,0.906539861002896,222.300113046321
19.374575,51.205429,0.001451,"2021-06-19 08:37:04",414.683685,0.52873,0,51.197048,51.198669,51.213776,51.212147,19.357452,19.390137,19.391632,19.358948,0.773685,0.79,0.00138350799296819,0.00141424410104399,0.00146318269044218,0.0014510890295652,0.00151041581527022,3.30252525971341e-05,0.0227603394880318,4.20133258872998e-05,0.0289547387231563,5.34395626967228e-05,0.0368294711900226,0.950607919047484,655.139847723972
19.376408,51.220997,0.001594,"2021-06-19 08:37:04",414.771515,0.53488,0,51.212635,51.21426,51.229351,51.227741,19.359283,19.391968,19.393494,19.360779,0.861514999999997,0.79,0.00158495018338828,0.00161606352301528,0.0016808500878249,0.00165449018658835,0.00173229435232955,4.07063226798928e-05,0.0255372162358173,9.77888743320264e-05,0.0613481018394143,0.000105922937314089,0.0664510271732051,0.954042255678263,598.520863035297
19.377596,51.210033,0.001444,"2021-06-19 08:36:45",412.880768,0.599874,0,51.201618,51.203251,51.218353,51.216755,19.357574,19.390228,19.397797,19.36499,-1.02923200000004,0.79,0.00136594055057732,0.00145050409913273,0.00146967701272528,0.00148137558560077,0.0015176964475016,4.52143919924925e-05,0.0313119058119754,5.21112577777398e-05,0.0360881286549445,6.89922055773608e-05,0.0477785357183939,0.991941944186213,686.94040456109
19.378166,51.236748,0.002808,"2021-06-19 08:37:04",412.86087,0.687037,0,51.228504,51.230103,51.244961,51.243317,19.361023,19.393738,19.395264,19.362518,-1.04913000000005,0.79,0.00293259021028062,0.00286408127314094,0.00274421225461091,0.00270249335733427,0.0027070498725517,9.19816152058367e-05,0.0327569854721641,7.13825196803392e-05,0.025421125242286,0.000116430587268933,0.0414638843550331,1.04695742651031,372.848086364069
19.378168,51.4203,0.001816,"2021-06-19 08:37:35",413.003937,0.405839,0,51.412754,51.414204,51.427876,51.426426,19.367889,19.40094,19.388336,19.355286,-0.906063000000017,0.79,0.00187167421393413,0.00187001070276654,0.00186330759291063,0.00180893760743022,0.00181630266839951,3.08579481135314e-05,0.0169922621770548,2.14018877744391e-07,0.000117851804925325,3.08586902809797e-05,0.0169926708595703,0.888147113305706,489.067793670543
19.378403,51.344471,0.002152,"2021-06-19 08:37:34",413.497803,0.466682,0,51.336597,51.338299,51.352337,51.350643,19.368408,19.401154,19.388092,19.355499,-0.412197000000049,0.79,0.00208048773682854,0.00214478169052906,0.00214155814808215,0.00211531060934443,0.00211821588921479,2.93811679813342e-05,0.013652959099133,2.38889738325794e-05,0.0111008242716447,3.78673487680487e-05,0.0175963516580152,0.917546778403116,426.369320819292
19.381561,51.267525,0.002378,"2021-06-19 08:37:05",412.993896,0.584678,0,51.259563,51.261189,51.275497,51.273876,19.36438,19.397125,19.398682,19.365936,-0.916104000000018,0.79,0.00227714186128797,0.00240135277232771,0.00247169994371383,0.00254995446961809,0.00262266971302264,0.000102452089314958,0.0430833008052809,0.000173007613229275,0.0727534117869114,0.000201067314201714,0.08455311783083,0.982826741654939,413.299723151783
19.383202,51.283028,0.002065,"2021-06-19 08:37:05",415.432739,0.579395,0,51.274441,51.276066,51.291607,51.289967,19.366058,19.398804,19.400299,19.367523,1.522739,0.79,0.00201695500220739,0.00209045775836173,0.00200482907766551,0.00201905125227555,0.00205287244874913,3.66577170444382e-05,0.017751921086895,8.57547372867746e-06,0.00415277178144187,3.76474032116604e-05,0.0182311879959614,0.979693098598907,474.427650653224
19.384663,51.375374,0.003133,"2021-06-19 08:37:35",413.014984,0.442008,0,51.367496,51.369167,51.383244,51.381561,19.374664,19.407776,19.394775,19.361511,-0.895015999999998,0.79,0.0030144949704103,0.00308114675444517,0.00311846407806466,0.00314072690042021,0.00317685429251263,5.17821130509874e-05,0.0165279645869733,3.1009667619819e-05,0.00989775538455762,6.03571596243303e-05,0.0192649727495469,0.905246417119111,288.939169204951
19.384783,51.298481,0.00162,"2021-06-19 08:37:05",413.929382,0.64534,0,51.290386,51.292023,51.306553,51.304932,19.367584,19.40036,19.401917,19.369141,0.0193819999999505,0.79,0.00159083025302204,0.00160187167688508,0.00157988294559759,0.00158947737573374,0.0016853860990646,1.5318749680978e-05,0.00945601832159137,4.6234954043914e-05,0.0285400950888358,4.87066224165801e-05,0.030065816306531,1.02008025075105,629.679167130281
19.386312,51.313988,0.001412,"2021-06-19 08:37:05",412.763947,0.666654,0,51.30579,51.307419,51.322201,51.320557,19.369141,19.401917,19.403442,19.370636,-1.14605300000005,0.79,0.00142519403770102,0.00141837761615015,0.00144526719622866,0.00148244925453597,0.00150332426361748,2.84805595110655e-05,0.0201703679256838,6.45760060907879e-05,0.0457337153617478,7.05776369163832e-05,0.0499841621220844,1.03369606785418,732.079368168686
19.386866,51.164032,0.001957,"2021-06-19 08:36:45",413.81012,0.516121,0,51.155975,51.15749,51.172131,51.170624,19.366882,19.399506,19.40683,19.374176,-0.0998800000000415,0.79,0.00204517889436108,0.00198173898851043,0.00188896780443964,0.00189564030336139,0.00182601966288256,6.46657721885055e-05,0.033043317418756,9.26170845778419e-05,0.047326052415862,0.000112958339437311,0.0577201530083348,0.943652954957799,482.193640755135
19.391558,51.32991,0.001307,"2021-06-19 08:37:34",413.249878,0.464951,0,51.322041,51.323757,51.337757,51.33606,19.381439,19.414337,19.401245,19.3685,-0.660122000000001,0.79,0.00129718079936878,0.0012714672352664,0.00129066844992084,0.00131640680823438,0.00130835529433243,1.70853066731357e-05,0.0130721550674336,9.583378129649e-07,0.000733234745956312,1.71121627937223e-05,0.0130927029791295,0.916667569347703,701.352386647057
19.391644,51.405823,0.002029,"2021-06-19 08:37:35",413.894043,0.483344,0,51.397797,51.399235,51.413822,51.41238,19.381775,19.414795,19.401276,19.368256,-0.0159570000000144,0.79,0.00205876203633232,0.00206640140510708,0.00203144540422879,0.00202031514634764,0.00203137278371535,2.01476055327076e-05,0.00992982037097466,1.67781145541303e-06,0.000826915453628895,2.02173455226324e-05,0.00996419197764041,0.926132508199956,456.447761557396
19.394737,51.179852,0.001382,"2021-06-19 08:36:45",414.154938,0.626867,0,51.171192,51.172699,51.188625,51.187061,19.374512,19.407196,19.414764,19.382324,0.244937999999991,0.79,0.00136708292110772,0.00138007068900223,0.0013831446504201,0.00137102507454854,0.00143654412374244,7.17063118888644e-06,0.00518858986171233,3.85685197721575e-05,0.0279077567092312,3.92294362572589e-05,0.0283859886087257,1.00849503579737,729.735915917059
19.397497,51.43642,0.000651,"2021-06-19 08:37:36",414.425171,0.461327,0,51.428669,51.430267,51.444202,51.442596,19.387543,19.420349,19.40741,19.374664,0.515170999999953,0.79,0.000613286912580294,0.000631440437841403,0.000649009968962701,0.000653950087437215,0.000690531413038911,1.71995279287262e-05,0.0264201657891339,2.79529302297003e-05,0.0429384488935488,3.28205738736775e-05,0.0504156280701652,0.914834740270717,1405.27609872614
19.3978,51.360855,0.002063,"2021-06-19 08:37:35",413.177032,0.446471,0,51.353107,51.354786,51.36861,51.366943,19.387726,19.420868,19.408112,19.375,-0.732968000000028,0.79,0.00201392770905463,0.00200689269076723,0.00208065163342393,0.00207570469233351,0.00209553490169159,3.50335723941463e-05,0.0169818576801485,2.30056496113608e-05,0.0111515509507323,4.19119447023948e-05,0.0203160177907876,0.907433940073662,439.861337893196
19.402624,51.195629,0.001007,"2021-06-19 08:36:45",410.965088,0.56594,0,51.187489,51.189068,51.204029,51.202358,19.382568,19.414948,19.421936,19.389954,-2.94491200000004,0.79,0.0010187066348335,0.00101525022009657,0.00105720971047541,0.00105238453105729,0.00109407908584626,2.29971244796588e-05,0.0228372636342193,6.15742121014159e-05,0.0611461887799562,6.57286188067502e-05,0.0652717167892256,0.971796320182502,965.041032951839
19.404865,51.391296,0.001771,"2021-06-19 08:37:35",412.813171,0.440193,0,51.38385,51.385284,51.398701,51.397263,19.39447,19.427429,19.415192,19.382202,-1.09682900000001,0.79,0.00175680554103861,0.00181668277630333,0.00184270538638583,0.00183748493661524,0.00187426841656467,3.90260802276177e-05,0.0220361830760123,7.30217976352754e-05,0.0412319580097546,8.27962430779294e-05,0.046751125396911,0.904361589246369,510.650248021665
19.409203,51.222706,0.001743,"2021-06-19 08:37:05",413.469086,0.533655,0,51.214264,51.216064,51.231007,51.229351,19.392059,19.424805,19.42627,19.393555,-0.440914000000021,0.79,0.0018214166909021,0.00184385809313858,0.00170953152736816,0.00170706718068889,0.00168806722641715,6.38717497693407e-05,0.0366447216117847,3.88433367098185e-05,0.0222853337405729,7.47556367463325e-05,0.0428890629640462,0.95335600098463,546.962708539661
19.411104,51.346153,0.001179,"2021-06-19 08:37:35",413.469177,0.488932,0,51.338299,51.339977,51.354019,51.352337,19.401215,19.434265,19.421356,19.388184,-0.440823000000023,0.79,0.0011662174309768,0.00117915914085471,0.00117788210605936,0.00117869987242814,0.00118309264833794,5.59747037146389e-06,0.00474764238461738,2.89393939276923e-06,0.00245457115586873,6.30131413027771e-06,0.00534462606469696,0.929061085539431,788.007706140315
19.411173,51.421837,0.000831,"2021-06-19 08:37:36",413.574066,0.468314,0,51.414204,51.415783,51.429474,51.427876,19.401001,19.433777,19.421204,19.388367,-0.335934000000009,0.79,0.000837353107487794,0.00080384363969953,0.000825160880765098,0.000817242777320941,0.000837545623127479,1.29880802852627e-05,0.015629458827031,4.62845450053184e-06,0.00556974067452689,1.37881405765942e-05,0.0165922269273095,0.91837791936986,1105.14791741259
19.411682,51.150028,0.001601,"2021-06-19 08:36:45",413.462585,0.48079,0,51.141499,51.143173,51.158539,51.156891,19.391541,19.424103,19.431824,19.399139,-0.447415000000035,0.79,0.00161336432880451,0.00164748208910629,0.00159202523526078,0.00155305863867934,0.0015498050924605,3.42477610821043e-05,0.0213914810006898,3.62002662833988e-05,0.0226110345305426,4.98334066478088e-05,0.0311264251391685,0.924802155373444,577.640321907211
19.412663,51.253876,0.001888,"2021-06-19 08:37:05",414.496887,0.59252,0,51.245518,51.247166,51.262207,51.260586,19.395508,19.428253,19.429749,19.397003,0.58688699999999,0.79,0.00185879652013487,0.00186764497025493,0.00196057712103598,0.00192815423923108,0.00203718173118448,4.28626004992437e-05,0.0227026485695147,0.000105487413749695,0.0558725708419992,0.000113863062409005,0.0603088254284985,0.987512006693993,523.046613715039
19.416033,51.284664,0.001038,"2021-06-19 08:37:05",413.601227,0.50438,0,51.276066,51.277721,51.293232,51.291611,19.398865,19.431641,19.433136,19.40036,-0.308773000000031,0.79,0.000986805034688992,0.00103009523423629,0.00104678966356816,0.00103400230209772,0.00105086207293538,2.33815252517532e-05,0.0225255541924405,9.09485899272312e-06,0.00876190654404925,2.50880884723386e-05,0.0241696420735439,0.93728287353894,902.970013043295
19.417625,51.30011,0.000893,"2021-06-19 08:37:05",414.787659,0.660994,0,51.292027,51.293652,51.308208,51.306561,19.400421,19.433197,19.434753,19.401978,0.877658999999994,0.79,0.000898956029362138,0.000866521835465604,0.000886055021706357,0.000884878072446843,0.000906469069919587,1.22213946157943e-05,0.0136857722461302,9.52407067641567e-06,0.0106652527171508,1.54942056461222e-05,0.0173507342061839,1.03005488605029,1153.47691606975
19.417835,51.376968,0.001269,"2021-06-19 08:37:35",413.591644,0.428372,0,51.369171,51.370605,51.384674,51.383244,19.407867,19.440857,19.427795,19.394836,-0.318356000000051,0.79,0.00127561191135813,0.00125790930464305,0.001281602254489,0.00130152801276729,0.00129307024497772,1.62257566071391e-05,0.0127862542215438,1.70202334485673e-05,0.0134123195024171,2.35151764636766e-05,0.0185304779067585,0.898667107964325,708.169509822163
19.419174,51.315643,0.000822,"2021-06-19 08:37:05",413.690918,0.661388,0,51.307423,51.309067,51.323822,51.322205,19.401978,19.434753,19.43631,19.403503,-0.219082000000014,0.79,0.000813279138947494,0.000828711189831971,0.000802673984980561,0.000814780771530187,0.000833647784924648,9.79322433971779e-06,0.011913898223501,8.23622770602104e-06,0.0100197417348188,1.27961982554769e-05,0.0155671511623806,1.03030776310176,1253.41577019678
19.419607,51.165642,0.001088,"2021-06-19 08:36:45",413.580078,0.568639,0,51.15749,51.159138,51.173809,51.172134,19.399567,19.432281,19.439484,19.406891,-0.32992200000001,0.79,0.00109631732636251,0.00107087681360871,0.00110102585769035,0.00111161203632475,0.00113054970425922,1.5286090366889e-05,0.0140497154107436,3.00871844191766e-05,0.0276536621499785,3.37476402875555e-05,0.0310180517348856,0.973370594100676,894.642090166063
19.424646,51.407337,0.000887,"2021-06-19 08:37:36",413.468231,0.506589,0,51.399242,51.400833,51.415405,51.413822,19.414856,19.447815,19.434143,19.401337,-0.441769000000022,0.79,0.000895649904969663,0.000894212140150032,0.000906577212431224,0.000898117748344287,0.000918302534856445,7.07453950386211e-06,0.00797580552859314,2.21342346653205e-05,0.0249540413363253,2.32373288785778e-05,0.0261976650265815,0.938473449523732,1058.03094647546
19.427488,51.181477,0.000909,"2021-06-19 08:36:45",413.419586,0.501628,0,51.172699,51.174377,51.190243,51.188629,19.407257,19.43985,19.447693,19.414825,-0.490414000000044,0.79,0.000894344510492884,0.000889400913048631,0.000899412862181134,0.000900070098295675,0.000923582878537807,7.30744906523217e-06,0.00803899787154255,1.03116523033031e-05,0.0113439519288263,1.26383932944492e-05,0.0139036229861928,0.935804814340966,1029.48824459952
19.431002,51.362476,0.00088,"2021-06-19 08:37:35",413.111023,0.451558,0,51.354794,51.356243,51.370056,51.368618,19.420929,19.453888,19.441193,19.408173,-0.798977000000036,0.79,0.00088005310814499,0.00089751972084558,0.000893472843241692,0.000908136606228809,0.000921370681065852,1.20376610820336e-05,0.0136791603204927,2.92534891239698e-05,0.0332426012772384,3.1633398651617e-05,0.0359470439222921,0.909947596493706,1034.03135965194
19.43499,51.197357,0.000953,"2021-06-19 08:36:45",415.770386,0.520149,0,51.189068,51.190674,51.205536,51.204029,19.415009,19.447906,19.455414,19.421997,1.86038599999995,0.79,0.000914285119183353,0.000898666654277966,0.000927588593075348,0.000930969623606564,0.000952717909543844,2.02147406983923e-05,0.0212116901347244,1.99468074455925e-07,0.000209305429649449,2.0215724795712e-05,0.0212127227656999,0.945862031487508,992.510001560869
19.43791,51.392792,0.000717,"2021-06-19 08:37:36",413.491028,0.436863,0,51.385284,51.386868,51.400299,51.398701,19.42749,19.460388,19.448212,19.415253,-0.418972000000053,0.79,0.000699714266472595,0.000740400601604646,0.000722879019305435,0.000735740765696257,0.000732879010336338,1.61496139732427e-05,0.0225238688608684,1.12281558873559e-05,0.0156599105820863,1.96693039052103e-05,0.0274327808998748,0.902745413256629,1259.05915377494
19.441992,51.224327,0.001126,"2021-06-19 08:37:05",416.058044,0.528455,0,51.216064,51.21751,51.232609,51.231007,19.424866,19.45755,19.459076,19.426331,2.14804399999997,0.79,0.00107231289554104,0.00111319561013219,0.00115597003762349,0.00115613703179778,0.00118490649808708,3.48013981383405e-05,0.0309071031423983,4.16531842533266e-05,0.0369921707400769,5.42782191198723e-05,0.0482044574776841,0.950454991028573,844.098571073333
19.443764,51.240005,0.001066,"2021-06-19 08:37:05",413.930298,0.444081,0,51.23177,51.233368,51.248215,51.246613,19.426605,19.45932,19.460876,19.428131,0.0202979999999684,0.79,0.00102124978295949,0.00104647767313944,0.00109579327616193,0.00111317102264661,0.00114745876246729,3.69602209296869e-05,0.0346718770447344,5.76000433276848e-05,0.0540338117520495,6.8438460842734e-05,0.0642011827793002,0.906260414695921,850.150482829194
19.444445,51.347809,0.000596,"2021-06-19 08:37:35",413.908203,0.513248,0,51.339977,51.341442,51.355469,51.354023,19.434326,19.467224,19.454346,19.421417,-0.00179700000001048,0.79,0.000596407911090874,0.000593464445844373,0.000621426476690241,0.000620702785874384,0.000632548974129084,1.41641949846004e-05,0.0237654278265107,2.5844027452087e-05,0.0433624621679312,2.94709717265312e-05,0.0494479391384752,0.942084661998346,1580.67896308447
19.445477,51.255508,0.000796,"2021-06-19 08:37:05",413.948334,0.492508,0,51.247173,51.248768,51.26384,51.262207,19.428314,19.46106,19.462585,19.42981,0.0383339999999635,0.79,0.00077825356871953,0.00078703166117574,0.000801262501118604,0.000811272828389828,0.000830845272153821,1.27346283052449e-05,0.0159982767653831,2.46393282322576e-05,0.0309539299400221,2.77356675385625e-05,0.0348438034404052,0.930947974289255,1169.53263101665
19.447208,51.270798,0.000569,"2021-06-19 08:37:05",414.264526,0.565264,0,51.262817,51.264446,51.278774,51.277161,19.430023,19.462769,19.464355,19.43158,0.354525999999964,0.79,0.000548089458859318,0.000557895475929727,0.000597468689127623,0.000595350608397522,0.000619177352992243,2.2143709077864e-05,0.038916887658812,3.54807465628062e-05,0.062356320848517,4.18237639193217e-05,0.0735039787685795,0.971402795675011,1707.21053721443
19.44887,51.286285,0.000537,"2021-06-19 08:37:05",412.336334,0.492776,0,51.277721,51.279331,51.294865,51.29324,19.431702,19.464478,19.465973,19.433197,-1.573666,0.79,0.00052237641956641,0.000529323579426121,0.000540273679825655,0.000554566218364849,0.000570463527592364,1.21618169358035e-05,0.022647703791068,2.36622872829837e-05,0.0440638496889827,2.6604767066119e-05,0.0495433278698677,0.931089784544871,1733.8729693573
19.450964,51.378448,0.000509,"2021-06-19 08:37:35",413.139587,0.46625,0,51.370609,51.372192,51.386265,51.384686,19.440918,19.473816,19.460785,19.427856,-0.770413000000019,0.79,0.000493286358585841,0.000505530965010488,0.000518467793951282,0.00053414838173917,0.000536802740543189,1.52757518358931e-05,0.0300113002669806,1.96595063736591e-05,0.0386237846240847,2.48966822088353e-05,0.0489129316480064,0.917327129828746,1802.2144004494
19.452032,51.317265,0.000458,"2021-06-19 08:37:05",414.323975,0.63941,0,51.309071,51.31068,51.325451,51.323833,19.434845,19.467621,19.469177,19.436371,0.413974999999994,0.79,0.000440566626075268,0.000454035321863921,0.000478769046442556,0.000473227975191241,0.00049471465400078,1.53318274771938e-05,0.0334756058454012,2.59611808128693e-05,0.0566838009014614,3.01504202788108e-05,0.0658306119624691,1.01633909154821,2219.08098591313
19.452234,51.167316,0.000555,"2021-06-19 08:36:46",414.51297,0.54864,0,51.159138,51.160797,51.17543,51.173809,19.432343,19.464966,19.472321,19.439545,0.602969999999971,0.79,0.000530906193596202,0.000532593737373158,0.000569170468257805,0.000574845557561709,0.000597139568736882,2.02856486864965e-05,0.0365507183540477,2.97971748101259e-05,0.0536886032614881,3.60469023536996e-05,0.0649493736102696,0.9618242307716,1733.0166320209
19.457428,51.333229,0.000389,"2021-06-19 08:37:35",413.695984,0.544412,0,51.32542,51.326923,51.3409,51.339436,19.447388,19.480347,19.467285,19.434418,-0.214016000000015,0.79,0.000372948452643268,0.000378125699757079,0.000405992057765545,0.000399042175562071,0.000420199657332905,1.38336143682018e-05,0.0355619906637577,2.20614892707937e-05,0.0567133400277473,2.60399346261365e-05,0.0669407059797854,0.959418796158423,2466.37222662834
19.460154,51.183144,0.000527,"2021-06-19 08:36:46",413.567688,0.552993,0,51.174377,51.175995,51.191895,51.190243,19.439911,19.472687,19.480408,19.447754,-0.342312000000049,0.79,0.000489925028386935,0.000512688563556735,0.00053636613236577,0.00054539927459733,0.000551519181194224,2.17602742161662e-05,0.0412908429149264,1.73376792915774e-05,0.0328988221851564,2.7822736335241e-05,0.0527945661010266,0.964313879824979,1829.81760877605
19.468088,51.198933,0.000389,"2021-06-19 08:36:46",412.855164,0.496192,0,51.190674,51.192326,51.207203,51.20554,19.447998,19.480652,19.48819,19.455475,-1.05483600000002,0.79,0.000359027828024983,0.000367595261232406,0.000399336040394799,0.000399000093914267,0.000412703334514597,1.85109669090147e-05,0.0475860331851278,1.67607885720047e-05,0.0430868600822742,2.49715824380851e-05,0.0641942993266969,0.932902192883895,2398.20615137248
19.470737,51.394413,0.000147,"2021-06-19 08:37:36",413.516174,0.39441,0,51.386871,51.38855,51.401981,51.400299,19.460449,19.493225,19.481018,19.448303,-0.393826000000047,0.79,0.000132349423397884,0.000140374735667183,0.00015230057984946,0.000157805265508962,0.000162530561362967,9.97544060256992e-06,0.0678601401535369,1.09817652553878e-05,0.0747058860910731,1.48360568662917e-05,0.100925556913549,0.882983152908428,6006.68811502332
19.4729,51.210278,5.5e-05,"2021-06-19 08:37:05",414.55777,0.473779,0,51.20192,51.203552,51.218639,51.217026,19.45575,19.488464,19.48999,19.457275,0.64776999999998,0.79,5.98083612602206e-05,5.82563201303471e-05,5.09670153347955e-05,5.47603654494696e-05,6.12250051777528e-05,3.43403558951116e-06,0.0624370107183847,4.40174337411037e-06,0.0800316977110977,5.58282591180791e-06,0.101505925669235,0.921176715333257,16748.6675515138
19.474773,51.22588,0,"2021-06-19 08:37:05",414.717926,0.532602,0,51.21751,51.219128,51.234226,51.232609,19.457611,19.490326,19.491882,19.459137,0.807925999999952,0.79,0,1.45779636792186e-06,0,0,0,6.51946355205115e-07,Inf,0,NA,6.51946355205115e-07,Inf,0.952766965424613,Inf
19.476011,51.214813,0,"2021-06-19 08:36:46",414.18158,0.513548,0,51.206436,51.208096,51.223225,51.221558,19.455841,19.488556,19.496155,19.463379,0.271579999999972,0.79,0,0,0,0,0,0,NA,0,NA,0,NA,0.942248135208555,Inf
19.476566,51.241611,0,"2021-06-19 08:37:05",413.494019,0.543169,0,51.233368,51.234985,51.249817,51.248215,19.459381,19.492126,19.493683,19.460938,-0.415981000000045,0.79,0,0,0,0,0,0,NA,0,NA,0,NA,0.958714015001867,Inf
19.477224,51.349197,0,"2021-06-19 08:37:35",414.865692,0.491346,0,51.341442,51.342957,51.356998,51.35548,19.467285,19.500061,19.487122,19.454407,0.955691999999999,0.79,0,0,0,0,0,0,NA,0,NA,0,NA,0.930333752862918,Inf
19.478292,51.257126,0,"2021-06-19 08:37:05",414.926788,0.603718,0,51.248775,51.250378,51.265461,51.263844,19.461121,19.493866,19.495392,19.462646,1.01678799999996,0.79,0,0,0,0,0,0,NA,0,NA,0,NA,0.994271302776058,Inf
19.480038,51.272423,0,"2021-06-19 08:37:06",414.1492,0.491205,0,51.264446,51.266068,51.28038,51.278774,19.46283,19.495605,19.497192,19.464417,0.239199999999983,0.79,0,0,0,0,0,0,NA,0,NA,0,NA,0.930259292899028,Inf
19.48171,51.287914,0,"2021-06-19 08:37:06",413.976227,0.493118,0,51.279339,51.280945,51.296467,51.294872,19.464539,19.497314,19.49881,19.466034,0.0662269999999694,0.79,0,0,0,0,0,0,NA,0,NA,0,NA,0.931270831672505,Inf
19.483326,51.303352,0,"2021-06-19 08:37:06",415.139832,0.536045,0,51.295284,51.296886,51.311401,51.309818,19.466125,19.498901,19.500458,19.467682,1.22983199999999,0.79,0,0,0,0,0,0,NA,0,NA,0,NA,0.954695889812562,Inf
19.483702,51.380043,0,"2021-06-19 08:37:36",413.084045,0.560097,0,51.372192,51.37384,51.387951,51.386272,19.473907,19.506531,19.493622,19.460846,-0.825955000000022,0.79,0,0,0,0,0,0,NA,0,NA,0,NA,0.968405209304969,Inf
19.484896,51.318886,0,"2021-06-19 08:37:06",414.931946,0.504357,0,51.310684,51.31226,51.327038,51.325455,19.467682,19.500488,19.502045,19.469238,1.02194599999996,0.79,0,0,0,0,0,0,NA,0,NA,0,NA,0.937270496414456,Inf
19.490305,51.334629,0,"2021-06-19 08:37:35",413.939911,0.439475,0,51.326923,51.328384,51.342411,51.3409,19.480408,19.513031,19.500122,19.467377,0.02991099999997,0.79,0,0,0,0,0,0,NA,0,NA,0,NA,0.904012320505091,Inf
19.49682,51.365505,0,"2021-06-19 08:37:36",414.378174,0.48929,0,51.357777,51.359425,51.373287,51.371639,19.486755,19.519501,19.506866,19.474213,0.468173999999976,0.79,0,0,0,0,0,0,NA,0,NA,0,NA,0.929249538122027,Inf
19.500975,51.200684,0,"2021-06-19 08:36:46",412.747101,0.509245,0,51.192333,51.194061,51.208935,51.207203,19.480713,19.513611,19.521057,19.488251,-1.16289900000004,0.79,0,0,0,0,0,0,NA,0,NA,0,NA,0.939909820155636,Inf
19.505686,51.211895,0,"2021-06-19 08:37:06",413.048553,0.563816,0,51.203552,51.205128,51.220257,51.218643,19.488525,19.52124,19.522797,19.490051,-0.861446999999998,0.79,0,0,0,0,0,0,NA,0,NA,0,NA,0.97056091094583,Inf
19.507566,51.227474,0,"2021-06-19 08:37:06",414.415527,0.613775,0,51.219128,51.220734,51.235825,51.234234,19.490417,19.523132,19.524689,19.491943,0.505526999999972,0.79,0,0,0,0,0,0,NA,0,NA,0,NA,1.00040979134803,Inf
19.510059,51.350777,0,"2021-06-19 08:37:36",413.869415,0.464039,0,51.342957,51.344593,51.358654,51.357006,19.500122,19.532898,19.519958,19.487183,-0.0405850000000214,0.79,0,0,0,0,0,0,NA,0,NA,0,NA,0.916205322796697,Inf
19.512865,51.274025,0,"2021-06-19 08:37:06",414.354279,0.452362,0,51.266071,51.267651,51.281967,51.280384,19.495667,19.528412,19.530029,19.497253,0.444278999999995,0.79,0,0,0,0,0,0,NA,0,NA,0,NA,0.910346845462761,Inf
19.514553,51.289509,0,"2021-06-19 08:37:06",412.937073,0.428059,0,51.280945,51.282528,51.298061,51.296474,19.497375,19.530151,19.531677,19.498871,-0.972927000000027,0.79,0,0,0,0,0,0,NA,0,NA,0,NA,0.898517950561368,Inf
19.516178,51.304932,0,"2021-06-19 08:37:06",415.16861,0.515538,0,51.29689,51.298477,51.312992,51.311401,19.498962,19.531769,19.533356,19.500549,1.25860999999998,0.79,0,0,0,0,0,0,NA,0,NA,0,NA,0.943334208774388,Inf
