"lon","lat","ff.xco2","time","obs","uncert","qf","lat1","lat2","lat3","lat4","lon1","lon2","lon3","lon4","obs_enhance","uncert_bg","ver_0.8","ver_0.9","ver_1.1","ver_1.2","wind_ff.xco2","uncert_ver","uncert_ver_percent","uncert_wind","uncert_wind_percent","uncert_trans","uncert_trans_percent","uncert_total","uncert_total_percent"
17.715363,51.25259,0.050751,"2021-10-09 12:06:45",412.942413,0.770832,0,51.244019,51.246937,51.261127,51.258209,17.704803,17.737335,17.7258,17.693207,-0.697586999999999,0.71,0.0692195700542489,0.0433897353070544,0.035796570893432,0.0406664163540321,0.0608596329188794,0.013055569508616,0.257247532238103,0.00714788288546519,0.140842207748915,0.0148842240287705,0.293279423632451,1.04809518286697,20.6517148995481
17.727634,51.237728,0.033611,"2021-10-09 12:06:45",413.293427,0.775085,0,51.229279,51.232197,51.246136,51.243214,17.71698,17.74942,17.738098,17.705597,-0.346572999999978,0.71,0.0486728054128033,0.0395277320994892,0.0277993462770835,0.0231842334885084,0.0400475942034933,0.00999830907640023,0.297471336062605,0.00455135940903613,0.135412793699567,0.0109854930184061,0.326842195067272,1.05117907051171,31.2748525932495
17.780327,51.258228,0.061588,"2021-10-09 12:06:46",414.2677,0.612029,0,51.249744,51.252533,51.266724,51.263935,17.769897,17.802399,17.790802,17.758331,0.627700000000004,0.71,0.082732082245162,0.0697583583730878,0.0497842448202344,0.0484853107367923,0.0723765868570523,0.0143261124014039,0.232612073803401,0.00762868292604174,0.123866385108166,0.0162306592510514,0.263536066296216,0.937519563070939,15.2224388366393
17.784365,51.210991,0.021467,"2021-10-09 12:06:46",413.358276,0.574006,0,51.202759,51.205551,51.219227,51.216419,17.77359,17.806091,17.795013,17.76239,-0.281723999999997,0.71,0.027086452662899,0.0236234048892635,0.0180535158339504,0.0194936704487458,0.0215730816471122,0.00355783388657169,0.165735029886416,7.50110520324761e-05,0.00349424940757796,0.00355862454079731,0.165771861033088,0.9130145408725,42.5310728500722
17.792633,51.243374,0.053088,"2021-10-09 12:06:46",414.432892,0.574546,0,51.235004,51.237797,51.251728,51.248943,17.782074,17.814545,17.803192,17.770691,0.792891999999995,0.71,0.0679463443468539,0.05029323393605,0.0346260657397325,0.0379915117357878,0.0492992908341555,0.0132751875959429,0.250060043624603,0.00267902194311228,0.0504637948898485,0.0135428122736437,0.25510119563072,0.91344759777465,17.2062913987087
17.79607,51.196369,0.016013,"2021-10-09 12:06:45",412.702942,0.67124,0,51.187801,51.190594,51.204945,51.202148,17.785736,17.818176,17.806458,17.773926,-0.937057999999979,0.71,0.0185321088625291,0.0164818495527328,0.0127608730243398,0.0096326374864043,0.0189338949677226,0.00350075443284837,0.218619523690025,0.00206538463881031,0.128981742260058,0.00406461502547795,0.253832200429523,0.977077099667833,61.0177418140157
17.804792,51.228596,0.039894,"2021-10-09 12:06:46",413.440735,0.577175,0,51.219784,51.222565,51.237408,51.234619,17.794739,17.827148,17.81485,17.782349,-0.199264999999968,0.71,0.0520746508037356,0.0465647275084696,0.0294416190751819,0.0332211410721527,0.0331171248260334,0.00930121311935908,0.233148170636163,0.00479197439076655,0.120117671598901,0.0104630580641369,0.262271471001576,0.915063088649659,22.9373612234837
17.807995,51.181591,0.011257,"2021-10-09 12:06:45",413.901459,0.63371,0,51.173138,51.175934,51.190029,51.187241,17.797577,17.830017,17.818481,17.786041,0.261459000000002,0.71,0.0198487710489237,0.0136456988639661,0.00602433614979582,0.00896028514982645,0.0081697641828379,0.00523922885500963,0.46541963711554,0.00218300538143731,0.193924258811168,0.0056758287051804,0.504204379957395,0.951693532147556,84.5423764899667
17.813026,51.261055,0.055367,"2021-10-09 12:06:46",413.692078,0.704145,0,51.252537,51.255383,51.269573,51.266724,17.80246,17.835052,17.823456,17.790863,0.0520779999999945,0.71,0.0788875505437174,0.0752611292100667,0.0523497161980601,0.0575694092878271,0.0688925767238756,0.0122474344438679,0.221204588362524,0.00956402702091136,0.172738761733729,0.0155393134762628,0.280660203302741,1.00008082237803,18.0627598095983
17.825306,51.246185,0.043281,"2021-10-09 12:06:46",413.586121,0.590881,0,51.237804,51.240643,51.254578,51.251736,17.814606,17.847198,17.835846,17.803253,-0.0538789999999949,0.71,0.0754793700334629,0.0468595365524688,0.0446674956166507,0.0494302765801787,0.0446941984421512,0.0133611311324674,0.30870661797249,0.00099928220160738,0.0230882419908824,0.0133984473002448,0.309568801558301,0.92380727132398,21.3444068141674
17.828651,51.199181,0.019444,"2021-10-09 12:06:46",412.846924,0.665248,0,51.190598,51.193386,51.207729,51.204952,17.818237,17.850677,17.838867,17.806519,-0.793075999999985,0.71,0.0154732756016074,0.0138683076127163,0.0120003454691438,0.0158698662348678,0.0160628882571826,0.00275953422986765,0.141922147185129,0.00239080704129565,0.122958601177517,0.00365116248262387,0.187778362611802,0.972968772618872,50.0395377812627
17.837383,51.231396,0.035362,"2021-10-09 12:06:46",413.288452,0.701285,0,51.222576,51.225403,51.24025,51.237415,17.827209,17.859833,17.847504,17.814941,-0.35154799999998,0.71,0.0492107175245848,0.0429538744449152,0.036260938618798,0.0384007629042814,0.047645722057638,0.0057152022967871,0.161619882834317,0.0086859031651666,0.245628164842673,0.0103975213915554,0.294030919958017,0.99800238460441,28.2224530457669
17.840685,51.18441,0.009804,"2021-10-09 12:06:46",413.10199,0.660094,0,51.175938,51.178722,51.192822,51.190033,17.830078,17.862457,17.850952,17.818542,-0.538009999999986,0.71,0.0155825627504046,0.00923204294553261,0.00843243930650988,0.00800488185748446,0.00985278483149049,0.00308252848824533,0.3144153904779,3.44960851659678e-05,0.0035185725383484,0.00308272150229887,0.314435077753863,0.969450149315508,98.8831241651885
17.84565,51.263866,0.078848,"2021-10-09 12:06:47",412.779663,0.709109,0,51.255383,51.258148,51.272339,51.269573,17.835144,17.867798,17.856201,17.823547,-0.860336999999959,0.71,0.0970558447809881,0.0811736876625991,0.0675651287870283,0.0589991028916756,0.0726587943019973,0.0144546862051202,0.183323435028411,0.00437642931921613,0.0555046332084026,0.0151026847571743,0.191541760820494,1.00357544059621,12.7279758598342
17.849483,51.216587,0.024252,"2021-10-09 12:06:46",414.445435,0.642733,0,51.208347,51.211193,51.224857,51.222019,17.838654,17.871338,17.860199,17.827576,0.805434999999989,0.71,0.0349630655896099,0.0391945251620986,0.018911373254836,0.0245701232837494,0.0237002515985818,0.00838899767826518,0.345909519968051,0.000390145036151645,0.0160871283255668,0.00839806496731076,0.346283397959375,0.957745392463047,39.4913983367577
17.857954,51.249004,0.048732,"2021-10-09 12:06:47",413.801849,0.719644,0,51.240643,51.243412,51.257343,51.254578,17.84726,17.879944,17.868561,17.835907,0.161849000000018,0.71,0.0787215440363322,0.0514262326124707,0.0374175561409188,0.0441962864717034,0.0647856147355647,0.0157998958101039,0.324220138925222,0.0113516198420741,0.232939748872898,0.0194549731598147,0.399223778211743,1.0111211513546,20.7486077188418
17.861229,51.201965,0.016367,"2021-10-09 12:06:46",413.582275,0.651018,0,51.19339,51.196209,51.210575,51.207733,17.850739,17.883331,17.871643,17.838928,-0.0577250000000049,0.71,0.0200052126411764,0.0145502205614534,0.0156836096658513,0.0127423884936026,0.0243823744969411,0.00268819200177573,0.16424463871056,0.00566772566053677,0.346289830789807,0.0062729172162175,0.383266158502933,0.963308769717374,58.8567709242607
17.870136,51.234234,0.028848,"2021-10-09 12:06:47",413.539124,0.663687,0,51.225414,51.22818,51.243023,51.240253,17.859894,17.892548,17.880249,17.847595,-0.100875999999971,0.71,0.0652494497813388,0.050678357912467,0.0348294934880564,0.0252350935467776,0.0490989006680454,0.0167031423832744,0.579005212953216,0.0143195491875101,0.496379270227055,0.0220010103042896,0.762652880764338,0.972144268317933,33.6988445756355
17.873133,51.187176,0.005929,"2021-10-09 12:06:46",413.460846,0.662371,0,51.178726,51.181568,51.195648,51.192829,17.862518,17.895325,17.883636,17.851013,-0.179153999999983,0.71,0.0149761896575113,0.0132932560479839,0.0152941937306107,0.00635437911413628,0.0150832183848276,0.00465463622693582,0.78506261206541,0.00647300989637416,1.09175407258798,0.00797279722077899,1.34471196167633,0.971029817841102,163.776322793237
17.878321,51.26659,0.072487,"2021-10-09 12:06:47",414.423492,0.746978,0,51.25816,51.260914,51.275105,51.272339,17.867859,17.900391,17.888672,17.856262,0.783492000000024,0.71,0.098575439760935,0.0776375909972494,0.0517392929687999,0.0515846754272238,0.0956011238113556,0.0197029947511594,0.271814183938629,0.016344153688195,0.225477032960324,0.0255995969098647,0.353161213870965,1.03088868062752,14.2217043142566
17.890676,51.25174,0.063649,"2021-10-09 12:06:47",412.903015,0.680827,0,51.24342,51.246159,51.260105,51.257351,17.880005,17.912537,17.901154,17.868622,-0.736985000000004,0.71,0.0773568651103106,0.0580760532453444,0.0454111309686106,0.0399551225410062,0.063632017033258,0.0148705907655593,0.233634318929745,1.20087709479273e-05,0.00018867179292569,0.0148705956144103,0.233634395110847,0.983791918315518,15.4565180649424
17.897024,51.157352,0.006502,"2021-10-09 12:06:46",413.635895,0.769192,0,51.148785,51.151623,51.165936,51.163082,17.886383,17.91925,17.907593,17.874664,-0.00410499999998137,0.71,0.0100052212976413,0.00253771415952032,0.00480900067987487,0.00522219478719951,0.00427904900054598,0.00274472122446129,0.422134916096784,0.00157186372595935,0.24175080374644,0.00316294960013515,0.486457951420355,1.04678858281612,160.994860476179
17.902712,51.236946,0.036786,"2021-10-09 12:06:47",412.949066,0.629249,0,51.228184,51.2309,51.24577,51.243027,17.892609,17.925079,17.912842,17.88031,-0.69093399999997,0.71,0.0700019358067057,0.0436672955765218,0.0347950935688439,0.0366140960240414,0.0546626207703119,0.0147210718084879,0.400181368142444,0.0126406797713878,0.343627460756479,0.0194035239138006,0.52747033963466,0.948910322813106,25.7954200732101
17.914944,51.222172,0.022536,"2021-10-09 12:06:47",412.978424,0.692698,0,51.213985,51.216671,51.23035,51.227634,17.904144,17.936554,17.925446,17.892975,-0.661575999999968,0.71,0.0399614297851401,0.0321640530763012,0.020328722977889,0.0220732410705474,0.0378378096945614,0.00840417649556878,0.372922279711075,0.0108200133994504,0.48012129035545,0.013700469792418,0.607937069241124,0.992027329299215,44.0196720491309
17.923323,51.254608,0.054018,"2021-10-09 12:06:47",413.636871,0.594111,0,51.24617,51.249065,51.263012,51.260113,17.912628,17.94516,17.933807,17.901215,-0.00312900000000127,0.71,0.0829673067638058,0.0688399909224203,0.0534130478535102,0.0544151726207039,0.0769838458771876,0.01302614167066,0.241144464264875,0.0162393053554445,0.300627667730099,0.0208181508605225,0.385392847949248,0.92601364769978,17.1426866544444
17.935358,51.239799,0.044384,"2021-10-09 12:06:47",413.639465,0.571599,0,51.230907,51.233795,51.248676,51.245777,17.92514,17.957611,17.945465,17.912903,-0.000535000000013497,0.71,0.0670164561849393,0.0604853452333162,0.0387396353447895,0.0417478742191231,0.0516325943903124,0.0124980855816391,0.281589887834334,0.00512553024746066,0.115481485387993,0.0135082642676107,0.304349861833334,0.911596341592332,20.5388505225381
17.94351,51.272324,0.088417,"2021-10-09 12:06:48",413.973938,0.65681,0,51.263824,51.266537,51.280735,51.278027,17.933075,17.965393,17.953827,17.921478,0.333937999999989,0.71,0.12957244179071,0.111646229963552,0.0923727265253913,0.0863829131121152,0.0979940317300794,0.0185327238245139,0.209605888285215,0.00677198407997788,0.0765914256305674,0.0197312346480188,0.223161096259982,0.967413405799576,10.9414864313376
17.947414,51.224976,0.037228,"2021-10-09 12:06:47",413.035217,0.558236,0,51.216675,51.219559,51.233246,51.230358,17.936615,17.969055,17.957977,17.925507,-0.604782999999998,0.71,0.0571030307447118,0.0396189866567417,0.0269196822225321,0.0242542755255277,0.0358819515576582,0.0129914023986768,0.348968582751605,0.000951799981385475,0.0255667771941946,0.0130262219959937,0.349903889437888,0.903270233183563,24.2631952611895
17.950653,51.177792,0.009741,"2021-10-09 12:06:47",415.395447,0.67339,0,51.16927,51.171917,51.186268,51.18359,17.940186,17.972443,17.960938,17.928497,1.755447,0.71,0.00849499918850026,0.0072678788771787,0.0101154659681152,0.00507197572656518,0.00680918053084033,0.00204725696609887,0.210169075669734,0.00207310942785755,0.212823060040812,0.00291359636619629,0.299106494835878,0.978551266487242,100.456961963581
17.959116,51.210331,0.021407,"2021-10-09 12:06:47",413.689972,0.614306,0,51.201725,51.204609,51.218948,51.216068,17.948883,17.981323,17.969391,17.936981,0.0499720000000252,0.71,0.0252643628650586,0.0158887985422159,0.0189461353666853,0.0183420581556828,0.0169855687243591,0.00355140624895656,0.165899296910196,0.00312642403755597,0.146046808873545,0.00473149168949238,0.221025444457065,0.938879251368145,43.8585159699231
17.962223,51.162903,0.005172,"2021-10-09 12:06:47",414.175568,0.641949,0,51.1544,51.157085,51.171371,51.16872,17.951782,17.984283,17.972473,17.940186,0.535568000000012,0.71,0.00976436655473123,0.00610309649534063,0.00484881018806642,0.00626854039634015,0.00309693890379748,0.00195791032497165,0.37855961426366,0.00146728977250119,0.28369871858105,0.00244670229433767,0.473066955595063,0.957185721243854,185.070711764086
17.967859,51.242653,0.056256,"2021-10-09 12:06:48",413.59314,0.615538,0,51.233799,51.236557,51.251404,51.248676,17.957672,17.990112,17.977844,17.945496,-0.046859999999981,0.71,0.0682265382848065,0.0546890375556097,0.0469053701306303,0.0374346096440217,0.0615706799861525,0.011448631455813,0.203509518199179,0.00375804625804486,0.0668025856449954,0.0120496503637507,0.214193159196364,0.93975114978269,16.7049052506878
17.976137,51.275066,0.100415,"2021-10-09 12:06:48",412.781525,0.726395,0,51.266541,51.269348,51.283554,51.280743,17.965454,17.998077,17.986511,17.953918,-0.858474999999999,0.71,0.125189019472791,0.0980795424185098,0.101972834004123,0.083087062530309,0.119998543987624,0.0151079201011915,0.150454813535742,0.013847656753314,0.137904264834078,0.0204940685892672,0.204093697049915,1.01595753005347,10.117587313185
17.979811,51.227818,0.025261,"2021-10-09 12:06:48",411.71701,0.649379,0,51.21957,51.222347,51.236008,51.233246,17.969147,18.001648,17.990479,17.958038,-1.92298999999997,0.71,0.0523961466612849,0.0496298837032985,0.0313174267231443,0.0374455885479654,0.0441442087075718,0.0116450515441686,0.460989333128878,0.0133524449276849,0.528579427880325,0.0177170824633516,0.701361088767333,0.962344522846165,38.0960580676206
17.982857,51.180489,0.012423,"2021-10-09 12:06:47",412.79361,0.735623,0,51.171925,51.174755,51.189117,51.186275,17.972504,18.004883,17.993347,17.960999,-0.846389999999985,0.71,0.00747700070247156,0.0126748888986476,0.00749738434936517,0.00901246599560338,0.0106111773574332,0.0025720737444143,0.207041273799751,0.00128115207686631,0.103127431125035,0.00287348464251408,0.231303601586902,1.02237442018225,82.2969025341906
17.988268,51.260166,0.086664,"2021-10-09 12:06:48",413.210999,0.673149,0,51.251801,51.254597,51.268543,51.265736,17.9776,18.010254,17.99884,17.966248,-0.429000999999971,0.71,0.111515218826161,0.095540884828552,0.0784005989328858,0.0658661439947244,0.0874261456795759,0.0172689090681251,0.199262774256036,0.000538918378280149,0.00621848031801151,0.017277316152158,0.199359782056656,0.978533638591143,11.2911201720569
17.991802,51.213219,0.022258,"2021-10-09 12:06:47",413.653412,0.619983,0,51.204617,51.207378,51.221737,51.218964,17.981415,18.013702,18.002014,17.969513,0.0134120000000166,0.71,0.0205885238167736,0.0262432894810349,0.0204203348327126,0.0189786603270146,0.0195155857209602,0.00279425437820048,0.125539328699815,0.00193917973353186,0.0871228202683017,0.00340121677771842,0.1528087329373,0.942597734224186,42.3487166063521
17.994614,51.165615,0.006382,"2021-10-09 12:06:47",413.106384,0.734072,0,51.157093,51.159901,51.174213,51.171375,17.984344,18.016724,18.004944,17.972534,-0.533615999999995,0.71,0.00908222192316767,0.00870824838723968,0.00492611064886047,0.00629402845571618,0.00957141764306051,0.00176098474733518,0.275929919670195,0.0022552588434441,0.353378070110326,0.0028613388005058,0.448345158336854,1.02125897227086,160.021775661369
18.000435,51.245373,0.065832,"2021-10-09 12:06:48",413.225311,0.668642,0,51.236561,51.239349,51.254211,51.251415,17.990204,18.022888,18.010559,17.977905,-0.41468900000001,0.71,0.0711539530921864,0.0682299963411806,0.0435250212601397,0.0459277308216455,0.0618331393407456,0.0131332104696314,0.199495845024174,0.0028276214891789,0.0429520824094497,0.0134341602091721,0.204067326059851,0.97537818348809,14.816171215945
18.008759,51.277859,0.114106,"2021-10-09 12:06:48",413.007996,0.722431,0,51.269352,51.272144,51.286366,51.283558,17.998138,18.030853,18.019318,17.986572,-0.632003999999995,0.71,0.166022960110598,0.137431938626943,0.103005718555174,0.100310031180563,0.142555381540326,0.0275955529083773,0.241841383523892,0.0201167506077279,0.176298797676966,0.0341496441464998,0.299280004088302,1.01349531225178,8.88205100741223
18.01248,51.230549,0.041996,"2021-10-09 12:06:48",411.983551,0.673858,0,51.222351,51.225124,51.2388,51.236012,18.001709,18.034363,18.023224,17.99054,-1.65644900000001,0.71,0.0567268029564634,0.0439905700810022,0.0286530839168819,0.0331263226342582,0.0483427407515755,0.010858838959058,0.258568410302361,0.00448782342387204,0.106863116103249,0.0117496784050718,0.279780893539188,0.978939558454261,23.3103047541256
18.015459,51.183369,0.014752,"2021-10-09 12:06:47",414.263458,0.603623,0,51.174759,51.177582,51.191921,51.189117,18.004944,18.037415,18.025818,17.993378,0.623458000000028,0.71,0.0151651392052261,0.0120976027366803,0.0131522447199951,0.0128045114783973,0.0131775222744031,0.00131025632760721,0.0888188942250007,0.00111332387659674,0.0754693517215795,0.0017193782882877,0.116552215854643,0.931913988730021,63.1720437045839
18.020897,51.262959,0.078944,"2021-10-09 12:06:48",413.190674,0.593823,0,51.254604,51.25737,51.271336,51.268543,18.010315,18.042847,18.031586,17.998901,-0.449325999999985,0.71,0.130946552685364,0.0912803752795917,0.0791547059621717,0.0787514204254045,0.0838549250856822,0.0225175877690145,0.285234948431983,0.00347254842998501,0.0439874902460606,0.0227837738650527,0.288606782846736,0.92587518364007,11.7282527315574
18.027075,51.168476,0.006904,"2021-10-09 12:06:47",413.069,0.606538,0,51.159908,51.162716,51.177036,51.174221,18.016754,18.049072,18.037445,18.005005,-0.57099999999997,0.71,0.0108996674493181,0.00615031171720323,0.00477194044277508,0.00313692271151191,0.0061578832997157,0.00290937520181502,0.421404287632535,0.00052758417832756,0.0764171753081634,0.00295682416287438,0.42827696449513,0.933807843323845,135.256060736362
18.033037,51.248165,0.067783,"2021-10-09 12:06:48",412.397461,0.631421,0,51.239353,51.242107,51.256977,51.254211,18.022949,18.055359,18.043152,18.01062,-1.24253899999997,0.71,0.0642883763087282,0.0705362725077229,0.0525998327903221,0.0565266256039311,0.0730905402742215,0.00757078676133229,0.111691526803657,0.00375299771932274,0.0553678314521744,0.00844995882042072,0.124661918481341,0.950191497038921,14.0181387226727
18.047812,51.18605,0.011422,"2021-10-09 12:06:48",413.498749,0.690957,0,51.177586,51.180286,51.194626,51.191925,18.037476,18.069946,18.058228,18.025879,-0.141251000000011,0.71,0.0148262980438906,0.0121955185719485,0.00837768975781245,0.0127888247754971,0.0123663693617237,0.00234911045926467,0.205665422803771,0.00066776997961964,0.0584634897233094,0.0024421786780471,0.213813577135975,0.990720717501,86.7379370951672
18.053696,51.265762,0.099597,"2021-10-09 12:06:49",413.140381,0.543432,0,51.257374,51.260166,51.274128,51.271343,18.042908,18.075592,18.064301,18.031647,-0.499618999999996,0.71,0.128072667139206,0.105538135913382,0.077199837471821,0.0935812648834216,0.111462794661206,0.018552447933099,0.186275168259074,0.00839038386910589,0.0842433393486339,0.0203615290629486,0.20443918052701,0.894333791427888,8.97952540164752
18.05669,51.218685,0.034904,"2021-10-09 12:06:48",414.389221,0.644711,0,51.210117,51.212872,51.227253,51.224518,18.046265,18.078735,18.067139,18.034729,0.749221000000034,0.71,0.0421507878302814,0.0349463054892624,0.0235971406315314,0.0242825468083085,0.0342537406269575,0.00791070022656323,0.226641652147697,0.000459802812208465,0.0131733558391148,0.00792405178558686,0.227024174466733,0.959069895324476,27.4773634919916
18.0595,51.171181,0.006573,"2021-10-09 12:06:48",413.65451,0.58787,0,51.16272,51.165417,51.179745,51.177044,18.049164,18.081635,18.070007,18.037506,0.0145100000000298,0.71,0.00909328219575908,0.00795917427764339,0.00389006217416767,0.00465880948312809,0.0044814531980189,0.0021817525444133,0.331926448260049,0.00147894692684987,0.225003335896831,0.00263577847655918,0.401000833190199,0.92179069437057,140.238961565582
18.065676,51.250942,0.075631,"2021-10-09 12:06:49",413.052094,0.655982,0,51.242115,51.244904,51.259777,51.256989,18.05545,18.088165,18.075867,18.043213,-0.587905999999975,0.71,0.0978679796749611,0.085746079798881,0.0689497448826282,0.052304908111078,0.0792005800558553,0.0172078782963292,0.227524140846071,0.00252407426348353,0.0333735407899345,0.0173920104171098,0.229958752589677,0.966806529948132,12.7832043731821
18.068474,51.203861,0.024399,"2021-10-09 12:06:48",411.666107,0.593185,0,51.195415,51.198177,51.212307,51.20956,18.057922,18.090454,18.07901,18.0466,-1.97389299999998,0.71,0.0282241063646193,0.0200607386473769,0.0215339008022145,0.0178887039645323,0.0299881770183717,0.00401522144629744,0.164565000463029,0.00395214497094264,0.161979793062939,0.00563395537204139,0.230909273824394,0.925202780842197,37.9197008419278
18.074261,51.283436,0.144856,"2021-10-09 12:06:49",413.683899,0.590354,0,51.274944,51.277756,51.291988,51.289173,18.063599,18.096283,18.084717,18.052155,0.0438990000000103,0.71,0.206319063144688,0.157055779743574,0.138016375789665,0.120699521444091,0.17889757474746,0.0323757954726689,0.223503309995229,0.0240710283461977,0.166172118146281,0.0403436059138439,0.278508352528331,0.924253997478037,6.38050199838486
18.077732,51.236118,0.050806,"2021-10-09 12:06:49",412.587463,0.591571,0,51.227875,51.230663,51.244366,51.241562,18.066833,18.099548,18.088562,18.055786,-1.05253699999997,0.71,0.0710650805373411,0.0509621347654661,0.035323475348398,0.0390401224232957,0.0516637463035548,0.0139576204840685,0.274723861041383,0.000606518227781298,0.0119379252013797,0.0139707921728841,0.274983115633667,0.92425723209231,18.1918913532321
18.080479,51.188854,0.015632,"2021-10-09 12:06:48",412.833466,0.707647,0,51.180294,51.183048,51.197399,51.19463,18.070007,18.102478,18.090851,18.058289,-0.806533999999999,0.71,0.0189115828581907,0.0130977832476259,0.0138881020536966,0.0122030657410693,0.0110469541955206,0.00264840505109412,0.169422022204076,0.00324211698039831,0.207402570393956,0.00418633154793644,0.267805242319373,1.00243792924092,64.1272984417172
18.089359,51.221462,0.041239,"2021-10-09 12:06:48",413.490967,0.642103,0,51.212875,51.215656,51.230045,51.227264,18.078796,18.111511,18.099854,18.067169,-0.149032999999974,0.71,0.0447766827346249,0.0488430613823032,0.0252087717858807,0.0314889589494443,0.0388282517677595,0.00974052336916146,0.236196885694645,0.00170465642275074,0.0413360271284642,0.00988856152454976,0.239786646731244,0.957336955443602,23.2143591125779
18.092201,51.173977,0.010243,"2021-10-09 12:06:48",411.573303,0.725492,0,51.165421,51.168182,51.182507,51.179749,18.081696,18.114197,18.102539,18.070038,-2.06669699999998,0.71,0.00731589422375631,0.00340257076919962,0.00443945705326203,0.013248243851278,0.00648683312755213,0.00407713086277756,0.398040697332574,0.00265601106677615,0.259300113909612,0.00486594192927234,0.475050466589119,1.01511689940364,99.1034754860529
18.098351,51.253712,0.083479,"2021-10-09 12:06:49",412.621887,0.590141,0,51.244919,51.2477,51.262558,51.259777,18.088257,18.120911,18.108459,18.075928,-1.01811299999997,0.71,0.113201862108761,0.0802170753970325,0.0677495094469075,0.0617681459458297,0.0852633065601006,0.0199296090328763,0.238737994380339,0.00126169526836278,0.0151139240810597,0.0199695065325489,0.239215928946788,0.923452858067023,11.0620977499374
18.101168,51.206638,0.026682,"2021-10-09 12:06:48",413.50415,0.655429,0,51.198185,51.200958,51.215099,51.212311,18.090515,18.123169,18.111786,18.079102,-0.135850000000005,0.71,0.0293489099895963,0.0301333020768903,0.0203960498078292,0.0123614279561258,0.0276994057896245,0.00744368225555963,0.278977672421844,0.000719414533061938,0.0269625415284438,0.00747836631839562,0.280277577332869,0.966303834207333,36.2155698301226
18.106764,51.286259,0.174977,"2021-10-09 12:06:49",414.125336,0.620303,0,51.27776,51.280483,51.294712,51.291992,18.096344,18.128693,18.117249,18.084778,0.485336000000018,0.71,0.21347226794891,0.190050597234419,0.157836497924127,0.132713475052025,0.186463796551846,0.0307501687708538,0.175738347159077,0.00812239173592056,0.0464197679461904,0.0318048129525665,0.181765677503709,0.943338411142018,5.39121376604936
18.113104,51.19162,0.011771,"2021-10-09 12:06:48",413.382935,0.675736,0,51.18306,51.185833,51.200176,51.197403,18.102539,18.135223,18.123535,18.090912,-0.257065000000011,0.71,0.0159346895535618,0.0156156812877006,0.0161644823928761,0.00863590827939116,0.017051425151701,0.00331944267708641,0.282001756612557,0.00373382443231578,0.317205371872889,0.00499601286805997,0.42443402158355,0.980175546440829,83.2703717985582
18.118843,51.271351,0.140449,"2021-10-09 12:06:49",413.780975,0.651566,0,51.262951,51.265728,51.279675,51.276958,18.108246,18.1409,18.129456,18.097137,0.140975000000026,0.71,0.171567546994659,0.159487281552483,0.121810494023403,0.107149472057125,0.147646979193943,0.02639336118834,0.187921317975493,0.00508973989887679,0.0362390611458735,0.0268796385216838,0.191383623391294,0.964033592424588,6.86394059355772
18.124804,51.176735,0.004957,"2021-10-09 12:06:48",413.769012,0.679404,0,51.168186,51.17094,51.185287,51.18251,18.114258,18.14679,18.135284,18.1026,0.129011999999989,0.71,0.00689143947777801,0.00734837345958789,0.00502759889781532,0.00641120999795187,0.00646236474856148,0.00108794288361759,0.219476070933546,0.001064453621867,0.214737466586041,0.00152206479202429,0.30705361953284,0.982696347758162,198.244169408546
18.145887,51.194405,0.01451,"2021-10-09 12:06:49",412.640533,0.625181,0,51.185841,51.188568,51.202927,51.200176,18.135315,18.167816,18.15625,18.123596,-0.999466999999981,0.71,0.0188376865275363,0.0199138271960714,0.0177780182577706,0.0153471115708021,0.0193444492893196,0.00229239924547916,0.157987542762175,0.00341847187578037,0.235594202328075,0.0041159499834394,0.283662989899339,0.946027602031392,65.1983185411022
18.152988,51.150719,0.003585,"2021-10-09 12:06:11",414.050171,0.590303,0,51.141956,51.144886,51.159531,51.156597,18.134613,18.167206,18.171265,18.138641,0.410170999999991,0.71,0.00328613314944162,0.00617963869943367,0.00265057491431022,0.00276281988965647,0.00233050060139792,0.00144156699581263,0.402110738023049,0.000887065031745977,0.247437944699017,0.0016926310212101,0.4721425442706,0.923342025908479,257.557050462616
18.154657,51.227062,0.053476,"2021-10-09 12:06:49",412.639252,0.590202,0,51.218414,51.221203,51.235596,51.232807,18.144257,18.176636,18.16507,18.132568,-1.00074799999999,0.71,0.0685440480020193,0.0516722205192681,0.0449417555095447,0.037779951196004,0.0531687929564909,0.0114613287648229,0.21432659071028,0.000217228183693557,0.00406216216047493,0.0114633871582159,0.214365082620537,0.923347069118183,17.2665694726267
18.157442,51.179501,0.008569,"2021-10-09 12:06:49",413.370331,0.66914,0,51.170944,51.173695,51.188023,51.185291,18.146851,18.179535,18.167847,18.135345,-0.269668999999965,0.71,0.0126819165122011,0.0124788122337574,0.00884951115605747,0.00861571838696949,0.00870546399511822,0.0021412159145197,0.249879322502008,9.64946163359015e-05,0.0112608958263393,0.0021433890929027,0.250132931836002,0.97562950637873,113.855701526284
18.163546,51.259239,0.096583,"2021-10-09 12:06:50",414.225037,0.725281,0,51.250454,51.253143,51.268005,51.265339,18.153412,18.186005,18.173645,18.141235,0.585037,0.71,0.154593533117277,0.141041545190774,0.10159821253628,0.083943047968383,0.119993698105488,0.0305270995027871,0.316071146089758,0.0165538633827016,0.171395208087361,0.0347265632757722,0.359551507778514,1.01554835589348,10.5147733648103
18.166407,51.212212,0.041812,"2021-10-09 12:06:49",413.329681,0.618786,0,51.203716,51.206501,51.220638,51.217854,18.155945,18.188293,18.176941,18.144531,-0.310318999999993,0.71,0.0331153228668343,0.0351240842803812,0.0326356109314931,0.0230741579100994,0.0358366131566054,0.00672152550027669,0.160755895443334,0.0042252365571772,0.101053203797408,0.00793923982601461,0.189879456280843,0.941838173639726,22.5255470592109
18.172033,51.29163,0.200261,"2021-10-09 12:06:50",412.721008,0.717971,0,51.283173,51.285839,51.300049,51.297394,18.161377,18.194061,18.182495,18.149841,-0.918992000000003,0.71,0.287820427027911,0.233788655790442,0.207293498009238,0.178810142595186,0.238956984832886,0.0419067684407336,0.209260756915893,0.0273621932800255,0.136632660777812,0.0500486449590669,0.249917083002017,1.01098329546202,5.04832840873668
18.175476,51.244392,0.076121,"2021-10-09 12:06:50",414.370392,0.635542,0,51.236217,51.238911,51.252594,51.249908,18.164825,18.197449,18.18634,18.153778,0.730391999999995,0.71,0.100350845499392,0.0873537920262704,0.0695584122716179,0.0694065023560372,0.0905024525675432,0.0132568220273924,0.174154596332056,0.0101692226338225,0.133592867064575,0.0167079747199415,0.219492317756487,0.95304396025747,12.5201187616751
18.178255,51.197163,0.020993,"2021-10-09 12:06:49",412.682251,0.661123,0,51.188572,51.191376,51.205719,51.20293,18.167877,18.200378,18.18869,18.156311,-0.957748999999978,0.71,0.0334947075349095,0.021965585856726,0.0217891011229749,0.0185193642110303,0.0287931954214373,0.0058343500551774,0.27791883271459,0.00551557107707857,0.262733819705548,0.00802877106864146,0.382449915145118,0.9701794072716,46.214424201953
18.184231,51.27673,0.166622,"2021-10-09 12:06:50",413.35614,0.703382,0,51.268402,51.271076,51.28503,51.282368,18.173431,18.206207,18.194824,18.16214,-0.283860000000004,0.71,0.25715817742401,0.205691476278798,0.129953568825547,0.13162060414651,0.18403900711179,0.0539017229623499,0.323497034979474,0.012315683836721,0.0739139119487285,0.0552907931456584,0.331833690302952,1.00095120247227,6.00731717583672
18.189692,51.169346,0.008482,"2021-10-09 12:06:11",413.883972,0.607194,0,51.160412,51.163162,51.177998,51.175297,18.171478,18.203857,18.207977,18.175537,0.243972000000042,0.71,0.00692472675498117,0.010256537818161,0.00590148999527364,0.00790065641786438,0.00590017792685137,0.00164597659314875,0.194055245596411,0.00182562389574051,0.215235073772755,0.00245807679983607,0.28979919828296,0.934232624016928,110.142964397186
18.190063,51.182278,0.016143,"2021-10-09 12:06:49",412.846375,0.704131,0,51.173706,51.176517,51.19083,51.18803,18.179596,18.212128,18.200409,18.167938,-0.793624999999963,0.71,0.0172925038840692,0.0144819581364983,0.011686856147504,0.00938074871442918,0.0122823316243673,0.00324605196919797,0.201081085869911,0.00272990478832234,0.169107649651387,0.00424137165785306,0.26273751210141,0.999959226366025,61.9438286790575
18.196234,51.261913,0.125023,"2021-10-09 12:06:50",411.68927,0.674675,0,51.253155,51.255798,51.270687,51.268005,18.186066,18.218597,18.206482,18.173706,-1.95072999999996,0.71,0.153152235513202,0.16298605581145,0.101986195641957,0.0905375854689882,0.140542403302853,0.0313755336177596,0.250958092653028,0.0109738753154163,0.0877748519505712,0.0332392847281265,0.26586535859903,0.979995513088829,7.83852181669636
18.199085,51.214931,0.030897,"2021-10-09 12:06:49",412.848663,0.569381,0,51.206501,51.209187,51.223347,51.220642,18.188354,18.220917,18.209686,18.176971,-0.791336999999999,0.71,0.0494478156211871,0.0384083314347488,0.0259222229724862,0.0217994141069674,0.0342127440353923,0.0109466473288156,0.35429482890946,0.00234458509210474,0.0758839075672313,0.0111949170160205,0.36233022675407,0.910175834291372,29.4583886555773
18.208345,51.247093,0.080694,"2021-10-09 12:06:50",412.564636,0.514479,0,51.238918,51.241566,51.255245,51.252598,18.19751,18.230103,18.218964,18.186432,-1.07536399999998,0.71,0.11655911027586,0.113006722817587,0.0813627693678407,0.0729146188902736,0.113261988481833,0.0202826471964548,0.251352606097786,0.0230290455051095,0.285387333694072,0.0306875009437435,0.380294705228933,0.87734278600509,10.8724661809439
18.210941,51.19989,0.021776,"2021-10-09 12:06:49",413.047913,0.620533,0,51.191387,51.194065,51.208405,51.20573,18.200439,18.233002,18.221313,18.188751,-0.592086999999992,0.71,0.0319172238264366,0.028575867929038,0.0219104192613749,0.0197068940024084,0.0319455812804787,0.00520440809307219,0.238997432635571,0.00719097988525426,0.330225013099479,0.00887671421807454,0.407637500830021,0.9429952280602,43.3043363363428
18.213825,51.140785,0.00086,"2021-10-09 12:06:11",414.074036,0.656339,0,51.131683,51.134441,51.150059,51.147263,18.195435,18.227936,18.232086,18.199615,0.434035999999992,0.71,0.00170347151552341,0.00090195636233501,0.001528394925588,0.00189177315620046,0.000854258858451481,0.000471023052232833,0.54770122352655,4.0596001207096e-06,0.00472046525663907,0.000471040546118776,0.54772156525439,0.966892499091908,1124.29360359524
18.218086,51.156342,0.005296,"2021-10-09 12:06:11",414.975403,0.638311,0,51.147686,51.150482,51.1651,51.162292,18.199768,18.232239,18.236298,18.203796,1.33540299999999,0.71,0.00389096969959609,0.00337421904984051,0.00567207510055545,0.00574412099463112,0.00366027133501667,0.00109052516584346,0.205914872704581,0.00115663483119093,0.2183978155572,0.00158966954744122,0.30016418947153,0.954747851409088,180.27716227513
18.220043,51.232445,0.062352,"2021-10-09 12:06:50",412.968292,0.686406,0,51.223911,51.226559,51.240955,51.2383,18.209442,18.241974,18.230469,18.197845,-0.671707999999967,0.71,0.0777215485846758,0.062422883134548,0.0496474006034123,0.0551471186852821,0.0688758019275015,0.0105540363004361,0.169265401277203,0.00461302458205419,0.0739835864455701,0.0115181455983835,0.184727764921469,0.987616253670435,15.8393676813965
18.22271,51.18502,0.016753,"2021-10-09 12:06:49",412.987305,0.711777,0,51.176525,51.17918,51.193523,51.190838,18.212189,18.244629,18.233063,18.20047,-0.652694999999994,0.71,0.0151694046688885,0.0200412788416727,0.0114253486789485,0.0174810147627367,0.0122967509346514,0.00318426896543914,0.19007156720821,0.00315104393276421,0.18808833837308,0.00447980431609116,0.26740311085126,1.00535892415381,60.0106801261751
18.231693,51.217594,0.044823,"2021-10-09 12:06:50",412.376923,0.652119,0,51.209194,51.211853,51.225994,51.223358,18.221008,18.253662,18.242279,18.209778,-1.26307700000001,0.71,0.0454388961880832,0.0452241463065086,0.0366906853253371,0.0360604589085952,0.0444564249411205,0.00482275657594401,0.107595577626308,0.000259207709947552,0.00578291747423314,0.00482971734449413,0.107750872197179,0.9640448725711,21.5078168032282
18.243521,51.20256,0.023023,"2021-10-09 12:06:50",412.628204,0.596288,0,51.194073,51.196716,51.211071,51.208416,18.233063,18.265656,18.254028,18.221375,-1.011796,0.71,0.0342419522578178,0.0233261551042559,0.0241589815953954,0.0258005538042701,0.0290298534574726,0.00467199739425006,0.202927394095038,0.00424748681337273,0.184488850860997,0.00631416691905232,0.274254741738797,0.927199680569338,40.2727568331381
18.252604,51.235065,0.068252,"2021-10-09 12:06:50",413.717834,0.653845,0,51.226562,51.229206,51.243622,51.240967,18.242035,18.274628,18.263092,18.23053,0.0778339999999957,0.71,0.091533343703172,0.0753646845107928,0.0646334254349171,0.0528769518770654,0.0944433011676078,0.0142837633609783,0.209279777310238,0.0185200466637146,0.271348043481724,0.0233884164529921,0.342677378728713,0.965484490838242,14.1458783748204
18.254808,51.174763,0.006374,"2021-10-09 12:06:12",414.051697,0.597045,0,51.165981,51.168674,51.183533,51.180843,18.236511,18.269043,18.273193,18.240601,0.411697000000004,0.71,0.00740684322747644,0.0148757277133787,0.0106089252940835,0.00377964849980648,0.0153609083550601,0.00427301472117461,0.670381976964952,0.00635470383976504,0.996972676461412,0.00765773567698046,1.20140189472552,0.927696810892815,145.54389879084
18.255177,51.187668,0.016904,"2021-10-09 12:06:50",412.925018,0.701099,0,51.179184,51.181835,51.196178,51.193527,18.24469,18.277313,18.265717,18.233124,-0.714981999999964,0.71,0.0163490279350016,0.0163669594229244,0.0134119563549724,0.0188980784205737,0.0175493079501603,0.00196376723867091,0.116171748619907,0.00045630162751194,0.0269937072593434,0.00201608356546727,0.119266656736114,0.997819559035572,59.0286061899889
18.261684,51.267292,0.175998,"2021-10-09 12:06:51",413.224976,0.644935,0,51.258484,51.261196,51.276123,51.273396,18.251373,18.283997,18.272003,18.239349,-0.41502399999996,0.71,0.209055353752431,0.191689119325912,0.143712528006929,0.128395309138648,0.170183057634086,0.0333670184688417,0.189587486612585,0.00411178517914672,0.0233626812756209,0.0336194095554856,0.191021543173704,0.959776754731984,5.45333898528383
18.270145,51.299782,0.254273,"2021-10-09 12:06:51",410.892761,0.726013,0,51.291286,51.294033,51.308247,51.305511,18.259613,18.292358,18.280762,18.248016,-2.74723899999998,0.71,0.340899476405502,0.261177341749078,0.228050081308165,0.216338104713885,0.253849675538679,0.04874925491645,0.191720139049171,0.000299335597242249,0.00117722132213113,0.0487501739146518,0.191723753267755,1.01664716378186,3.99825055661381
18.2736,51.252438,0.113869,"2021-10-09 12:06:51",413.856537,0.53167,0,51.244236,51.246937,51.260651,51.257935,18.262848,18.29538,18.284363,18.25174,0.216537000000017,0.71,0.160120709344665,0.143155220997852,0.0921061267166979,0.0943814081775385,0.134182573231121,0.0300631260506539,0.264015017701516,0.0143638653818552,0.126143773826548,0.0333183459470239,0.292602428641894,0.887627794222694,7.79516632465987
18.274591,51.130733,0.001126,"2021-10-09 12:06:12",414.500061,0.510168,0,51.122204,51.124878,51.139271,51.136585,18.256256,18.288727,18.292786,18.260345,0.86006100000003,0.71,0.00051750779854189,0.00216885896507967,0.0012921205752682,0.000518008376959439,0.000493089872643857,0.00068100223506263,0.604797722080488,0.00044753504293517,0.397455633157345,0.000814893648775889,0.723706615253898,0.874283736710033,776.450920701628
18.27627,51.205212,0.029358,"2021-10-09 12:06:50",413.027344,0.671265,0,51.196728,51.199356,51.213715,51.211079,18.265747,18.298309,18.286682,18.254089,-0.612655999999959,0.71,0.0355972194228909,0.0297688579922172,0.0237612817368257,0.024322392036726,0.0354545245023146,0.0048115903050551,0.163893667996972,0.0043108938172566,0.146838811133476,0.00646027915552892,0.220051745879451,0.977107177044446,33.2824844009962
18.278955,51.14629,0.001983,"2021-10-09 12:06:12",414.062531,0.59508,0,51.13715,51.139835,51.155457,51.152752,18.260559,18.29303,18.297211,18.264771,0.422530999999992,0.71,0.00401814038599869,0.00284241109621171,0.0019887997389939,0.00207463406959303,0.00117972068653402,0.000880116337001503,0.443830729703229,0.000568004249738669,0.286436837992269,0.00104748918580486,0.528234586891004,0.926402344358861,467.172135329733
18.285225,51.237774,0.074861,"2021-10-09 12:06:50",413.056335,0.597776,0,51.229214,51.231918,51.246326,51.243626,18.274689,18.307312,18.295715,18.263153,-0.583664999999996,0.71,0.10223401503273,0.0824698140705271,0.0645875906892821,0.0589310095246341,0.0803798404999704,0.0169637213981587,0.226602922725567,0.00390240954181603,0.0521287391541127,0.0174067987839925,0.232521590467567,0.928299058935162,12.4003026801026
18.287418,51.177441,0.008638,"2021-10-09 12:06:12",413.755615,0.653019,0,51.168682,51.171398,51.18626,51.183537,18.269104,18.301575,18.305725,18.273254,0.115614999999991,0.71,0.0114200135082226,0.0154228835679798,0.0110445205922981,0.00747399762458877,0.00854927669181079,0.00306397598254289,0.354708958386535,6.27368528698937e-05,0.00726289104768392,0.00306461820367688,0.354783306746571,0.964646674303983,111.674771278535
18.287888,51.190319,0.01485,"2021-10-09 12:06:50",413.391418,0.753835,0,51.181839,51.184452,51.198811,51.196178,18.277374,18.309906,18.29834,18.265778,-0.248581999999999,0.71,0.0233467012658385,0.0178646306675779,0.0148147391986939,0.0113457413561581,0.0194426554775554,0.0044959160234659,0.302755287775482,0.00324749783183297,0.218686722682355,0.00554612504888028,0.373476434268032,1.03556649556079,69.7351175461812
18.294466,51.270046,0.181522,"2021-10-09 12:06:51",411.863739,0.694811,0,51.261204,51.263943,51.278839,51.276123,18.284058,18.316711,18.304596,18.272064,-1.77626099999998,0.71,0.230799464980128,0.202840389088148,0.144260447522189,0.146904834526789,0.186085995638249,0.0369769676916909,0.203705158006693,0.00322723226511171,0.0177787390239845,0.0371175318113332,0.20447952210384,0.994102628951742,5.47648565436554
18.302719,51.11813,0.000308,"2021-10-09 12:06:12",412.718719,0.597317,0,51.10915,51.111866,51.126987,51.124279,18.284332,18.316895,18.321045,18.288513,-0.921280999999965,0.71,0.000369362445106059,0.000346600010861752,0.000305518299112037,0.00123071416125012,0.000354384217746255,0.000402648531369987,1.30730042652593,3.27985949084103e-05,0.106488944507826,0.000403982162529948,1.31163039782451,0.927840375113407,3012.4687503682
18.302889,51.302486,0.254739,"2021-10-09 12:06:51",413.188416,0.703921,0,51.294037,51.296738,51.310974,51.308254,18.29245,18.324829,18.313293,18.280823,-0.451583999999968,0.71,0.355782909649664,0.295056642559331,0.242378202162493,0.22604423352409,0.305138072942426,0.0519598515287924,0.20397289590048,0.0356375262431049,0.139898194791943,0.0630068206436584,0.247338729616032,1.00178572244199,3.9325965888301
18.306217,51.255161,0.110353,"2021-10-09 12:06:51",413.030151,0.641558,0,51.246948,51.249676,51.263393,51.260654,18.295441,18.328003,18.317047,18.284424,-0.609848999999997,0.71,0.146704869427971,0.118902509198535,0.111913455828768,0.0857633184063091,0.1419738213247,0.0218286610191546,0.197807590361427,0.0223592971853835,0.202616124485819,0.031247857726786,0.283162738908648,0.957430465348013,8.6760710207064
18.308865,51.20789,0.032863,"2021-10-09 12:06:50",413.722076,0.722688,0,51.19936,51.202045,51.216427,51.213718,18.29837,18.330872,18.319336,18.286743,0.0820760000000291,0.71,0.0293768112401866,0.0323010456925358,0.0342717959889201,0.0229359729033204,0.0322249798728212,0.00451157195021667,0.13728423912049,0.000451148358461637,0.0137281550211982,0.00453407281627947,0.137968926034734,1.01311327262074,30.8283867151732
18.311493,51.149044,0.004971,"2021-10-09 12:06:12",413.839813,0.541697,0,51.139843,51.142532,51.158142,51.15546,18.293091,18.325653,18.329834,18.297272,0.199813000000006,0.71,0.00172932693760933,0.0012235801997682,0.00239436855166839,0.00231264267978411,0.00271991366264952,0.00144670818757396,0.291029609248432,0.00159175841417691,0.320208894423036,0.00215096709158846,0.432703096276094,0.893051099584133,179.652202692443
18.315765,51.164577,0.004013,"2021-10-09 12:06:12",414.384521,0.620468,0,51.155884,51.158558,51.173187,51.170521,18.297424,18.329987,18.334076,18.301483,0.74452100000002,0.71,0.00558876814129204,0.00423329259970953,0.00474937240906253,0.0053357849468879,0.00510930655827466,0.000680264119685562,0.169515105827451,0.000775205801615297,0.193173636086543,0.00103135993105685,0.257004717432556,0.942911237989721,234.964175925672
18.320065,51.18018,0.012647,"2021-10-09 12:06:12",413.548767,0.667326,0,51.171398,51.174061,51.188931,51.186268,18.301636,18.334229,18.338348,18.305786,-0.0912329999999884,0.71,0.00753664005789206,0.00918536812263776,0.00843399077320449,0.00753953311411196,0.010643080095095,0.0021157892727744,0.167295743873994,0.00141698535371303,0.112041223508581,0.00254645081229237,0.201348210033397,0.974387230359542,77.0449300513594
18.320469,51.192982,0.021117,"2021-10-09 12:06:50",412.558533,0.71962,0,51.18446,51.187145,51.201504,51.198818,18.309967,18.342468,18.330933,18.298401,-1.08146699999998,0.71,0.0270840881349754,0.0148948719279221,0.0182095197650416,0.0148796869302736,0.0161291036024415,0.00509919506411737,0.241473460440279,0.00352697536656957,0.167020664231168,0.00620010851020427,0.293607449457985,1.01093589596252,47.8730831066211
18.329622,51.225639,0.044972,"2021-10-09 12:06:51",412.78476,0.601136,0,51.217209,51.219929,51.234089,51.231369,18.319,18.351501,18.340179,18.307678,-0.855239999999981,0.71,0.0679354556168153,0.0658840333515181,0.050521027129547,0.0488313220072807,0.0634794430425679,0.0105176758430437,0.233871649983182,0.0130867384778236,0.290997475714301,0.0167894082422905,0.373330255320877,0.930454928905816,20.6896497577563
18.33527,51.1208,0.000342,"2021-10-09 12:06:12",414.684448,0.583648,0,51.111877,51.11462,51.129757,51.126995,18.316956,18.349426,18.353577,18.321136,1.04444799999999,0.71,0.00100029853058205,0.000699896205013905,0.00117163011450102,0.000273387191210141,0.000444138223309319,0.000394570641771993,1.15371532681869,7.22226303203654e-05,0.211177281638495,0.000401126039641849,1.17288315684751,0.919100184314039,2687.42743951473
18.335472,51.305248,0.296212,"2021-10-09 12:06:52",412.864258,0.670188,0,51.296741,51.299488,51.313732,51.310986,18.32489,18.357452,18.345978,18.313354,-0.77574199999998,0.71,0.34817172076894,0.356534339143183,0.258702121878158,0.26447071260095,0.328640399009768,0.0457787229237942,0.154547158534408,0.0229303408428301,0.0774119240369401,0.0512005078461326,0.172850890058919,0.97768780668867,3.3006353783394
18.3389,51.257851,0.137286,"2021-10-09 12:06:51",413.693665,0.669127,0,51.249683,51.25235,51.266102,51.263397,18.328064,18.360535,18.349731,18.317108,0.0536650000000236,0.71,0.183724944637087,0.147451229096543,0.110285484633671,0.112735086556748,0.139062696369597,0.0299440169160867,0.21811413338641,0.00125631405105157,0.00915107185766625,0.0299703599255291,0.218306017551164,0.976078462319022,7.10981791529378
18.339687,51.136154,0.000702,"2021-10-09 12:06:13",415.191772,0.538006,0,51.127594,51.130356,51.144749,51.141972,18.321411,18.353882,18.357971,18.3255,1.55177200000003,0.71,0.00166640917628492,0.00121503652176831,0.000451006619421449,0.00194400654794783,0.000637890616880585,0.000628532346055798,0.895345222301707,4.53321795414247e-05,0.0645757543325138,0.000630164991522364,0.897670928094536,0.890814713138437,1268.96682783253
18.341438,51.210587,0.050175,"2021-10-09 12:06:51",412.920105,0.60789,0,51.202053,51.204773,51.219147,51.216431,18.330933,18.363495,18.351868,18.319397,-0.719895000000008,0.71,0.0370704650400305,0.0317513966071319,0.0378131842242756,0.0318813149377618,0.0463927264175653,0.00750450538546254,0.149566624523419,0.00267447129844231,0.053302865938063,0.00796683110192679,0.15878088892729,0.934715851207096,18.6291151212177
18.344013,51.151733,0.001756,"2021-10-09 12:06:13",413.180756,0.618465,0,51.142536,51.145313,51.160931,51.158146,18.325714,18.358215,18.362427,18.329895,-0.459244000000012,0.71,0.00211067395831567,0.00340241545064797,0.00312083358257778,0.00447901981071311,0.0017439870124712,0.00108386347856665,0.617234327201963,8.49446494392382e-06,0.00483739461499079,0.0010838967645054,0.617253282747951,0.941594462099898,536.215525113837
18.347591,51.290318,0.250606,"2021-10-09 12:06:52",413.269684,0.674705,0,51.28194,51.284698,51.298676,51.295933,18.336914,18.369537,18.358215,18.325653,-0.370316000000003,0.71,0.340918181618652,0.264977294493127,0.23205096619211,0.219117011980748,0.298155238738076,0.0477010898914074,0.190342968210687,0.0336223891519516,0.134164342242211,0.0583597380829747,0.232874464629636,0.981189429240915,3.91526710949026
18.348339,51.167267,0.005418,"2021-10-09 12:06:13",412.764771,0.645036,0,51.158569,51.161346,51.17598,51.173191,18.330048,18.362579,18.366699,18.334167,-0.87522899999999,0.71,0.00723251710630141,0.0076514023641254,0.00329336890396352,0.00462611102450565,0.00792682353183662,0.00181422786419813,0.334851949833541,0.00177400613216206,0.327428226681812,0.00253742398904509,0.468332223891674,0.959259026445152,177.05039247788
18.350416,51.243164,0.086049,"2021-10-09 12:06:51",412.174316,0.531145,0,51.234669,51.23732,51.25174,51.249069,18.339996,18.372437,18.36084,18.3284,-1.46568400000001,0.71,0.115730672642775,0.107513406899289,0.0923391440505837,0.0748186241746628,0.0879899850385465,0.0164348230458023,0.190993771523229,0.00137248368293787,0.01595002478748,0.0164920320156967,0.191658613298199,0.886841021911485,10.3062327500783
18.352621,51.182892,0.017365,"2021-10-09 12:06:13",413.617798,0.643007,0,51.174068,51.176853,51.191723,51.188934,18.33429,18.366882,18.371033,18.33844,-0.0222019999999929,0.71,0.00983775869719589,0.00942250810910423,0.0123951910966373,0.0120178065007688,0.0116689625708769,0.0031639718463948,0.182203964664256,0.00402770669202533,0.231943950015856,0.00512182965762867,0.294951319183914,0.957906172434462,55.1630390114865
18.353033,51.195675,0.025059,"2021-10-09 12:06:51",412.885437,0.722541,0,51.187149,51.189854,51.204235,51.201508,18.342529,18.375031,18.363556,18.330994,-0.754562999999962,0.71,0.0204542413764651,0.0228018775741525,0.0153910357192354,0.0176287920052696,0.021042026735399,0.00387811477199891,0.154759358793205,0.00284042903524443,0.113349656221095,0.00480705848612806,0.191829621538292,1.01300967640605,40.4249840937807
18.359674,51.27549,0.176739,"2021-10-09 12:06:52",414.067657,0.734916,0,51.266659,51.26939,51.284302,51.281544,18.349457,18.381927,18.369812,18.337189,0.427657000000011,0.71,0.273704145658736,0.224363602176323,0.181851928631435,0.155393225040489,0.193990544620667,0.04705589102331,0.266245090349668,0.0121986841872159,0.069020896277652,0.0486113646784068,0.275046054794962,1.02301739566436,5.78829457937616
18.362202,51.228329,0.062108,"2021-10-09 12:06:51",412.644287,0.671746,0,51.219929,51.222595,51.236755,51.2341,18.351532,18.384064,18.372711,18.340271,-0.995712999999967,0.71,0.0817315290663424,0.0782109120284805,0.0505291882577501,0.0677458471346201,0.0722663940495753,0.0125778172646981,0.202515251895055,0.00718306931841977,0.115654494081596,0.0144844044398574,0.233213184128573,0.977523650091381,15.739093999024
18.368126,51.307922,0.285646,"2021-10-09 12:06:52",413.279419,0.72112,0,51.299496,51.30209,51.316315,51.31374,18.357513,18.390167,18.378632,18.346039,-0.360580999999968,0.71,0.382124435679011,0.351322308673532,0.305268927950224,0.294986487930134,0.337004836846361,0.0411962979344049,0.144221511711716,0.0363161818079154,0.12713702207598,0.0549181210950067,0.192259373822867,1.01347424951234,3.54800784716867
18.374123,51.213299,0.047405,"2021-10-09 12:06:51",412.610809,0.751454,0,51.204784,51.207432,51.221813,51.219147,18.363586,18.396027,18.384491,18.351929,-1.02919099999997,0.71,0.0435508926192885,0.0440857819538485,0.0418724921107886,0.0337222765651589,0.0373863151233919,0.0051094454395568,0.107782838087898,0.0070842800148207,0.14944162039491,0.00873461252879576,0.184255089733061,1.033856570116,21.8090195151567
18.380341,51.293015,0.26684,"2021-10-09 12:06:52",412.795227,0.74032,0,51.284698,51.287296,51.301281,51.298687,18.369598,18.402161,18.39093,18.358276,-0.844772999999975,0.71,0.36171324702373,0.331325756821432,0.264183744238027,0.24858528789083,0.302751113326394,0.0491580723521264,0.184223026353344,0.0253929917530518,0.0951618638624335,0.0553291976044064,0.207349713702617,1.02724633000442,3.84967145107337
18.383013,51.245911,0.104799,"2021-10-09 12:06:51",412.59256,0.585437,0,51.237324,51.240067,51.25449,51.251743,18.372498,18.405029,18.393494,18.360931,-1.04743999999999,0.71,0.144111029248777,0.129418587291659,0.107493063848476,0.0978434614695474,0.115277403512353,0.01933321010887,0.184478955990706,0.00740935017959374,0.0707005809176971,0.0207043831880489,0.197562793424068,0.92047007145925,8.78319517800027
18.385662,51.198383,0.018318,"2021-10-09 12:06:51",413.909332,0.721763,0,51.189861,51.192516,51.20689,51.204239,18.375061,18.407562,18.396088,18.363617,0.26933200000002,0.71,0.0283428449239997,0.0177696876199812,0.01809299276385,0.0138842671719843,0.0218153982581973,0.00538201989004025,0.293810453654343,0.00247303402488133,0.135005678834006,0.00592300898066259,0.323343649997958,1.01246081909592,55.271362544815
18.392286,51.278179,0.214337,"2021-10-09 12:06:52",413.727936,0.550992,0,51.269398,51.272015,51.286911,51.284313,18.381989,18.414612,18.402466,18.369873,0.0879360000000133,0.71,0.275975078167561,0.207334889581942,0.182539881701678,0.172970597990724,0.228424154087482,0.040317068770587,0.18810130201779,0.00996112218287832,0.0464741140488032,0.0415293870577748,0.19375743365716,0.899675982814588,4.19748332212631
18.395962,51.110649,0.000597,"2021-10-09 12:06:13",413.823883,0.646913,0,51.101887,51.104588,51.119503,51.116772,18.377655,18.410187,18.414337,18.381805,0.183883000000037,0.71,0.000357434243919763,0.000282934825742154,0.000219156742376493,0.00129454014502331,0.000927477510511858,0.000440003249740698,0.737023868912392,0.000233682888712583,0.391428624309185,0.000498207338624626,0.834518155150128,0.96051896273814,1608.90948532352
18.400415,51.126198,0.00039,"2021-10-09 12:06:13",414.714478,0.602678,0,51.117325,51.120056,51.135197,51.132435,18.38208,18.414612,18.418793,18.386292,1.074478,0.71,0.000529619559670775,0.00215718287364593,0.000592141610626799,0.000343086095924681,0.000457176165150106,0.000764051277066463,1.95910583863196,4.75007219117474e-05,0.121796722850634,0.000765526402267766,1.96288821094299,0.93130089536877,2387.95101376608
18.400814,51.310478,0.343562,"2021-10-09 12:06:52",413.996857,0.66134,0,51.302094,51.304638,51.318867,51.316319,18.390228,18.422913,18.411346,18.378693,0.356856999999991,0.71,0.405235791597991,0.349691951746932,0.346846259581357,0.327708484574022,0.340756896656924,0.0295515797757387,0.0860152746105178,0.00198350759581809,0.00577336141895229,0.0296180716729587,0.0862088114312953,0.9707460150676,2.82553371754618
18.404158,51.263313,0.172959,"2021-10-09 12:06:52",413.508636,0.596134,0,51.255112,51.257732,51.271458,51.268845,18.39325,18.425842,18.414948,18.382355,-0.131363999999962,0.71,0.211255376916364,0.190174023545513,0.155842227594555,0.124935680450746,0.182817535824097,0.0329531876255149,0.190526006889002,0.00697103753378949,0.0403045665954908,0.033682457436771,0.19474243859395,0.927690818050378,5.36364582386796
18.404816,51.141563,0.001567,"2021-10-09 12:06:13",413.567383,0.615368,0,51.133041,51.135803,51.150204,51.14743,18.386566,18.419098,18.423218,18.390625,-0.0726169999999797,0.71,0.00175193196451757,0.000950949860293882,0.00198182300500427,0.00142564128507154,0.00183433470156424,0.000387558727292079,0.24732528863566,0.000189034180322556,0.120634448195632,0.000431202607170315,0.275177158372888,0.939562643659106,599.593263343399
18.409206,51.157143,0.002981,"2021-10-09 12:06:13",414.218262,0.554487,0,51.147995,51.150761,51.166367,51.163593,18.390839,18.423431,18.427673,18.39505,0.578261999999995,0.71,0.00299421973176552,0.00348531303893948,0.00281365040721778,0.00307014624604394,0.00276158124323592,0.000250926918338707,0.0841754170877918,0.000155152490827403,0.0520471287579345,0.000295019683677052,0.0989666835548647,0.900863985408238,302.201940760898
18.412916,51.295555,0.28328,"2021-10-09 12:06:52",413.317688,0.604679,0,51.287304,51.289829,51.303829,51.301285,18.402252,18.434814,18.423676,18.390991,-0.322312000000011,0.71,0.373999241118121,0.319348292355416,0.253216315870495,0.258536515624358,0.303000628377002,0.0500268251960218,0.176598507469718,0.013944590054638,0.0492254661629412,0.051933946807317,0.18333079217494,0.934041662813809,3.29723829007981
18.413574,51.172684,0.008793,"2021-10-09 12:06:13",413.398346,0.64685,0,51.164017,51.166782,51.181381,51.178631,18.395203,18.427826,18.431946,18.399323,-0.241653999999983,0.71,0.00699436591391507,0.00473582206266003,0.0062290829017296,0.00794559424361954,0.011631767341011,0.00156617264564967,0.178115847338755,0.00200731163703978,0.228285185606708,0.00254601586094365,0.289550308307022,0.960479778390344,109.232318706965
18.415688,51.248631,0.116313,"2021-10-09 12:06:52",413.541168,0.640887,0,51.24007,51.24271,51.257122,51.254498,18.40509,18.437683,18.426147,18.393585,-0.098831999999959,0.71,0.178101196333496,0.121836777870618,0.108020855834699,0.0968519269307946,0.123548961892567,0.0315547432939074,0.271291629430136,0.00511659772264157,0.0439899041606834,0.0319668796819416,0.274834968420913,0.957004716898302,8.22783968170628
18.418152,51.201069,0.024294,"2021-10-09 12:06:51",412.719574,0.661015,0,51.192516,51.195263,51.209621,51.206894,18.407654,18.440186,18.428619,18.396179,-0.920425999999964,0.71,0.0256856697128969,0.0231115635911674,0.0199933222907555,0.0269239404246164,0.0229423581945024,0.00266083243880138,0.109526320852942,0.000955755086402581,0.0393411989134182,0.00282727732148123,0.116377596175238,0.970076710225564,39.9307117076465
18.424942,51.280731,0.228867,"2021-10-09 12:06:52",413.462891,0.633617,0,51.272015,51.274536,51.28944,51.286915,18.414673,18.447235,18.435089,18.402557,-0.177108999999973,0.71,0.282778380459046,0.238779814103593,0.193001648463147,0.181722462308569,0.230090897533961,0.0401248474311508,0.175319497486098,0.000865426245741327,0.00378135006681316,0.0401341792486149,0.175360271461656,0.952460631749659,4.16163375126016
18.42738,51.23378,0.083115,"2021-10-09 12:06:52",413.599609,0.701839,0,51.225342,51.227985,51.242146,51.239506,18.416748,18.44931,18.437988,18.405396,-0.0403909999999996,0.71,0.0918163190633059,0.0863544541553305,0.0733638111442206,0.0635275902486938,0.0960293602483899,0.0112296755950827,0.135110095591442,0.00913183170632249,0.109869839455243,0.0144739754139419,0.17414396214813,0.998442526080136,12.0127838065348
18.4286,51.113373,0.000396,"2021-10-09 12:06:13",413.703186,0.683155,0,51.104595,51.107193,51.122089,51.119503,18.410248,18.442627,18.446777,18.414398,0.0631860000000302,0.71,0.000368429890305207,0.000355794377672834,0.000304630140357092,0.000292868452392301,0.000375713902392005,4.35984828331825e-05,0.110097178871673,1.43444371824255e-05,0.0362233262182461,4.58976097791144e-05,0.115903054997764,0.985292218649671,2488.11166325674
18.433012,51.128918,0.001521,"2021-10-09 12:06:13",415.39856,0.684157,0,51.12006,51.122646,51.137791,51.135204,18.414673,18.447083,18.451202,18.418854,1.75855999999999,0.71,0.00147581273183007,0.000480486715868277,0.000468161870513324,0.00161130215069785,0.00158749719413407,0.000583583287012701,0.383683949383761,4.70206169020792e-05,0.0309142780421296,0.000585474500977114,0.384927351069766,0.985987395167601,648.249437980014
18.433584,51.313042,0.36276,"2021-10-09 12:06:53",413.599182,0.717978,0,51.304642,51.307209,51.321445,51.318874,18.422974,18.455719,18.444183,18.411438,-0.0408180000000016,0.71,0.444033665381564,0.390346761380281,0.364364146928781,0.369037946848439,0.388671057423498,0.0342149849175955,0.0943185161473025,0.0183218844118694,0.0505069037707284,0.0388118105905044,0.106990325809087,1.01049431721574,2.78557260231488
18.436752,51.265862,0.184985,"2021-10-09 12:06:52",412.685211,0.646768,0,51.25774,51.260265,51.273987,51.271465,18.425903,18.458496,18.447571,18.415039,-0.954789000000005,0.71,0.24711661055328,0.205801006145267,0.149083420167087,0.162504058204621,0.202118831596714,0.0386240551377259,0.208795605793583,0.0121154485097448,0.0654942212057453,0.0404796458467014,0.218826639169129,0.96127386709089,5.19649629478547
18.437435,51.144253,0.002922,"2021-10-09 12:06:14",413.271545,0.588514,0,51.135803,51.138393,51.15279,51.150204,18.419159,18.451508,18.455597,18.423279,-0.368454999999983,0.71,0.00106699742516095,0.00111747136815202,0.00180093397957341,0.00106360038172815,0.00150684056848116,0.000805068394075788,0.275519642051947,0.00100066883048707,0.342460243150948,0.00128431819556064,0.439533947830471,0.922198664968253,315.605292596938
18.439192,51.218727,0.036449,"2021-10-09 12:06:52",413.7052,0.701017,0,51.210175,51.212826,51.227203,51.224564,18.428619,18.461212,18.449677,18.417114,0.0652000000000044,0.71,0.0541460704965326,0.0422237279725482,0.0373949872470505,0.0422642314674055,0.0488526298313385,0.00704341058371678,0.193240159777135,0.00877069076506721,0.240629119182068,0.0112487621162174,0.308616481006816,0.997823315491349,27.3758763063828
18.441799,51.159794,0.003455,"2021-10-09 12:06:14",413.119507,0.557128,0,51.150768,51.153355,51.168964,51.166367,18.423492,18.455811,18.460083,18.427734,-0.520492999999988,0.71,0.00400503974638581,0.00213997570283329,0.00192267130882595,0.00343213164681241,0.00524103479504743,0.000908809424085713,0.263041801471986,0.00126291731501316,0.36553323155229,0.00155592246396376,0.450339352811508,0.902493229491897,261.213669896352
18.446157,51.175293,0.007877,"2021-10-09 12:06:14",412.457825,0.66697,0,51.16679,51.169384,51.184002,51.181381,18.427887,18.460236,18.464417,18.432007,-1.18217499999997,0.71,0.00832261472025366,0.0107996434451504,0.00902670485463191,0.00612990855129954,0.00886802379406992,0.00170139803663831,0.215995688287204,0.000700759645104061,0.0889627580429175,0.00184005960753533,0.233599036122296,0.974141861701549,123.669145829827
18.448275,51.251179,0.117087,"2021-10-09 12:06:52",413.190033,0.659134,0,51.242718,51.245228,51.259644,51.257126,18.437744,18.470306,18.458771,18.426208,-0.449966999999958,0.71,0.181263283932768,0.150860070480995,0.109268780497513,0.1253962910515,0.159180761660169,0.029373802487738,0.250871595375558,0.0297647843155558,0.254210837373541,0.0418182096453231,0.357155018450581,0.969693968535404,8.28182435740435
18.450487,51.190903,0.012422,"2021-10-09 12:06:14",413.572266,0.683495,0,51.182255,51.184875,51.199738,51.197086,18.43219,18.464569,18.468781,18.436371,-0.0677339999999731,0.71,0.0152302356329103,0.0192826256429148,0.0125270868953362,0.0180401508232896,0.019557482249867,0.00312832587896358,0.251837536545128,0.0050455478859172,0.40617838398947,0.00593666373260915,0.477915290018447,0.985545868542542,79.3387432412287
18.450769,51.203804,0.027265,"2021-10-09 12:06:52",412.822205,0.641155,0,51.195263,51.197937,51.21228,51.209625,18.440247,18.472839,18.461243,18.42868,-0.81779499999999,0.71,0.0186253840915645,0.0227336351028283,0.0258632430650055,0.0221230379504901,0.0359698525425292,0.00338552246843717,0.124171005627624,0.00615526026205135,0.225756840713418,0.0070248837198833,0.257652071149213,0.956676059602349,35.0880638034971
18.457647,51.283276,0.24603,"2021-10-09 12:06:53",413.254272,0.67673,0,51.27454,51.277096,51.292019,51.289444,18.447296,18.47998,18.467957,18.435181,-0.385727999999972,0.71,0.307952135101458,0.276845641550781,0.220917924193758,0.194487426196775,0.276480167632493,0.0447757592067795,0.181993087049463,0.0215315200212029,0.0875158314888547,0.0496837495260468,0.201941834435015,0.982105884244141,3.99181353592709
18.460012,51.236332,0.071339,"2021-10-09 12:06:52",413.800079,0.56942,0,51.227993,51.230511,51.244671,51.242153,18.449371,18.481903,18.470581,18.438049,0.160078999999996,0.71,0.0913292777736719,0.0926647192259513,0.0673347873823628,0.0606923548621258,0.0911851490058048,0.0145049676591346,0.203324516171163,0.0140333465424432,0.196713530361278,0.0201823908884167,0.282908239370003,0.910355131419587,12.7609741013974
18.46546,51.131626,0.000468,"2021-10-09 12:06:14",413.841858,0.694808,0,51.12265,51.125431,51.140579,51.137798,18.447144,18.479614,18.483826,18.451294,0.201858000000016,0.71,0.00166165266833259,0.000584005387241944,0.000735316245739109,0.000682407681887121,0.000573759518937997,0.000477986058852051,1.02133773258985,7.47832730160848e-05,0.159793318410438,0.000483800796175363,1.03376238499009,0.993407464702783,2122.66552286919
18.466261,51.315651,0.386502,"2021-10-09 12:06:53",413.856964,0.601095,0,51.307217,51.309826,51.324078,51.321445,18.45578,18.488251,18.476868,18.444244,0.216964000000019,0.71,0.473784846218667,0.424765166754271,0.43559930910565,0.411154339475369,0.405883922451532,0.0322369998382112,0.0834070712136321,0.0137050887979101,0.0354592959361402,0.0350293251080781,0.090631678770299,0.930936223724551,2.40861942169653
18.469889,51.146996,0.000798,"2021-10-09 12:06:14",413.210907,0.569169,0,51.138397,51.141178,51.155594,51.152802,18.451569,18.4841,18.48819,18.455658,-0.429092999999966,0.71,0.000989702313817801,0.00142468302244438,0.00230707840828354,0.00146764167454519,0.00287913307658823,0.000582814469567625,0.730343946826598,0.00147158331100716,1.84408936216436,0.00158279188372072,1.9834484758405,0.909975744616936,1140.32048197611
18.471815,51.221287,0.038918,"2021-10-09 12:06:52",412.937347,0.671149,0,51.21283,51.215351,51.229725,51.227207,18.461273,18.493835,18.4823,18.449738,-0.702652999999998,0.71,0.0460537166206567,0.0510147401657515,0.0465261001975803,0.0433658743666168,0.0428030590970764,0.00444756006281371,0.114280283231762,0.00274715163285321,0.0705882016766845,0.00522758382106146,0.134323033585011,0.977020116391472,25.1045818487968
18.4743,51.16256,0.002021,"2021-10-09 12:06:14",413.512207,0.556115,0,51.153366,51.156158,51.171768,51.168972,18.455872,18.488403,18.492706,18.460144,-0.127792999999997,0.71,0.00348833265798852,0.00499624948824888,0.00357725556595345,0.00509734350290923,0.00289816868545825,0.00126680824945971,0.626822488599561,0.000620251925732019,0.306903476364185,0.0014105018937504,0.69792275791707,0.901867996294686,446.248390051799
18.478439,51.30072,0.328523,"2021-10-09 12:06:53",413.312592,0.712484,0,51.292408,51.295013,51.309017,51.306408,18.467712,18.500183,18.489014,18.456543,-0.327407999999991,0.71,0.422459329644246,0.376469949416855,0.332981067026547,0.341936048556071,0.39684743729645,0.0394285267826462,0.120017553664876,0.0483126729330748,0.147060245197672,0.0623596270850629,0.189818146933587,1.00778081612332,3.06761114480058
18.478743,51.178078,0.006604,"2021-10-09 12:06:14",414.141418,0.677265,0,51.169388,51.172192,51.186813,51.184006,18.460297,18.492859,18.49704,18.464478,0.501418000000001,0.71,0.00641182076365968,0.007192474230153,0.005165253192185,0.00623039280161157,0.00340989980940455,0.000740230516259193,0.112088206580738,0.00225856990455929,0.342000288394804,0.00237677917169061,0.359899935143944,0.981220428499239,148.579713582562
18.480951,51.253712,0.125663,"2021-10-09 12:06:52",413.698792,0.619449,0,51.245239,51.247787,51.262207,51.259655,18.470367,18.503113,18.491608,18.458862,0.0587920000000395,0.71,0.16902132165649,0.148109843143924,0.116670500942189,0.113455883381092,0.158195999908394,0.0235358904490708,0.187293717713813,0.0230043048475667,0.183063470134938,0.0329110343312155,0.261899161497143,0.942815040069764,7.50272586258297
18.483118,51.193684,0.014874,"2021-10-09 12:06:14",413.779694,0.646749,0,51.184879,51.187683,51.20256,51.199749,18.464661,18.497223,18.501404,18.468842,0.13969400000002,0.71,0.0120205596427402,0.0190907064898755,0.0131008051116408,0.0146926646192462,0.0185055787883274,0.00269397102205981,0.181119471699597,0.00256791398763953,0.172644479470185,0.00372178211554797,0.250220661257763,0.960415597886204,64.5700953264895
18.483404,51.206375,0.026201,"2021-10-09 12:06:52",413.275177,0.659036,0,51.197937,51.200455,51.214802,51.212284,18.472931,18.505402,18.493835,18.461304,-0.364823000000001,0.71,0.032824231636688,0.0288058631493739,0.0300336511833335,0.0220193090461955,0.0304009553219217,0.00409453111089814,0.156273848742343,0.00296981688881137,0.113347463410227,0.00505816146155715,0.193052229363656,0.968738372468734,36.9733358447668
18.490295,51.285858,0.275653,"2021-10-09 12:06:53",412.562958,0.567653,0,51.2771,51.27972,51.294621,51.292019,18.480042,18.512665,18.500488,18.468018,-1.07704200000001,0.71,0.364962743109599,0.290114587496689,0.238877918357485,0.249898421122224,0.344073367828921,0.0496510262228177,0.180121479624084,0.048380506063108,0.175512350901706,0.0693245827387469,0.251492212088194,0.9116665103978,3.30729761837455
18.492666,51.238861,0.081605,"2021-10-09 12:06:52",412.979065,0.64672,0,51.230515,51.233051,51.247223,51.244675,18.481964,18.514648,18.503357,18.470642,-0.660934999999995,0.71,0.103755095323183,0.0868523802892652,0.0765020348802567,0.0644651125426077,0.0811828583702751,0.014427956283414,0.176802356270008,0.000298499208999616,0.00365785440842615,0.014431043770077,0.176840190798076,0.960497274032724,11.7700787210676
18.497995,51.134487,0.000598,"2021-10-09 12:06:14",414.185791,0.614696,0,51.125439,51.128113,51.143219,51.140583,18.479706,18.512115,18.516296,18.483887,0.545791000000008,0.71,0.000773244340066751,0.0006883248963254,0.00147808840462548,0.000540362057018932,0.00149529866546819,0.000380785216817113,0.636764576617245,0.000634485971102197,1.06101332960234,0.000739979613821863,1.23742410338104,0.939122846056803,1570.43954190101
18.498972,51.318283,0.405642,"2021-10-09 12:06:53",413.268188,0.716992,0,51.309826,51.312519,51.326782,51.324085,18.488342,18.521057,18.509613,18.476898,-0.371811999999977,0.71,0.5007648060172,0.447607936879793,0.407918631864224,0.452477150978153,0.455747572452343,0.038968177226593,0.0960654400347918,0.0354299900562856,0.0873430020961478,0.0526669064190376,0.129835930251398,1.010421363143,2.49091899542699
18.502165,51.270977,0.213689,"2021-10-09 12:06:53",413.360474,0.56909,0,51.262829,51.265423,51.279163,51.27655,18.491333,18.523834,18.513,18.480408,-0.279525999999976,0.71,0.309158152415886,0.271438399453477,0.207004744183197,0.187824387810902,0.26336306345398,0.0506230558121007,0.236900616372863,0.0351248671174001,0.164373772713617,0.0616153395654855,0.28834118539319,0.91200870509539,4.26792537330134
18.502403,51.14986,0.002957,"2021-10-09 12:06:14",413.899292,0.555684,0,51.141186,51.143818,51.158173,51.155598,18.484192,18.516571,18.520691,18.488251,0.259292000000016,0.71,0.00281745243219953,0.00178803916779626,0.0018439670756852,0.00251619134740769,0.00266403358878786,0.000543251330336531,0.183717054560883,0.000207158536027991,0.0700569956131182,0.00058140920784046,0.196621308028563,0.901601378599582,304.904084747914
18.504448,51.223804,0.05178,"2021-10-09 12:06:52",413.358643,0.667469,0,51.215359,51.217896,51.232273,51.229736,18.493896,18.526581,18.515045,18.482361,-0.281357000000014,0.71,0.0672676157759368,0.049884575361922,0.0415391354416359,0.0370905226996453,0.0574108120606937,0.0116017692065508,0.224058887727904,0.00398158539170351,0.0768942717594344,0.0122659720753595,0.236886289597518,0.97455903876161,18.8211479096487
18.506861,51.165375,0.003389,"2021-10-09 12:06:14",413.345612,0.66079,0,51.156162,51.158726,51.174316,51.171772,18.488464,18.520935,18.525269,18.492767,-0.294387999999969,0.71,0.00394769033248595,0.00233691875962919,0.00547577303539002,0.00366499303970793,0.00264437951970196,0.0011347787207197,0.334841758843228,0.000526526191029128,0.155363290359731,0.00125098064526909,0.369129727137531,0.969920094158573,286.196545930532
18.511129,51.303345,0.418222,"2021-10-09 12:06:53",414.605072,0.73608,0,51.295017,51.297688,51.311707,51.309021,18.500275,18.532959,18.52179,18.489105,0.965072000000021,0.71,0.470062731219149,0.435917813133733,0.409926078510473,0.374401625225514,0.43073487163557,0.0351032682447137,0.0839345329626698,0.00884793638562837,0.0211560759252941,0.0362011798114986,0.0865597214194819,1.02333977339872,2.44688173601274
18.51129,51.180859,0.005674,"2021-10-09 12:06:14",414.100586,0.618862,0,51.172195,51.174728,51.189362,51.186817,18.49292,18.525452,18.529663,18.497131,0.460586000000035,0.71,0.0063785100318431,0.00799911135187442,0.00512175172047007,0.00873470624058436,0.00471128999586523,0.00153633602047052,0.270767715979999,0.000680738772239825,0.119975109665108,0.00168039687092834,0.296157361813243,0.941856145479576,165.995090849414
18.513727,51.256287,0.133707,"2021-10-09 12:06:53",413.956757,0.647558,0,51.247791,51.250385,51.264812,51.262218,18.503174,18.535645,18.524139,18.491669,0.316756999999996,0.71,0.19252761603124,0.165039839317157,0.122502007522221,0.103964262405562,0.141033938664425,0.03524043595792,0.263564629809359,0.00518092801495284,0.038748367811355,0.0356192411710354,0.266397729146832,0.961613276585552,7.19194415090872
18.516083,51.2089,0.032119,"2021-10-09 12:06:52",413.073273,0.69506,0,51.200459,51.202988,51.21735,51.214809,18.505493,18.538147,18.526611,18.493927,-0.566727000000014,0.71,0.0337781202367365,0.0309767249442061,0.0230359675990459,0.0220799541167595,0.0320712909261841,0.00543393164155473,0.169181221132499,3.37354096193558e-05,0.00105032565208617,0.0054340363601058,0.169184481462866,0.993598476423531,30.9349131798478
18.521526,51.105675,0.000626,"2021-10-09 12:06:14",414.948486,0.682366,0,51.096863,51.099567,51.11467,51.111969,18.503113,18.535614,18.539856,18.507324,1.30848600000002,0.71,0.000288518903639034,0.000250460355928723,0.000208591021641301,0.000208750466953691,0.00030833043723586,0.000176202106541391,0.281473013644394,0.000224626302007089,0.358827958477778,0.000285489330629016,0.456053243816319,0.984745367828739,1573.07566745805
18.522949,51.288467,0.31499,"2021-10-09 12:06:53",413.427216,0.635964,0,51.279724,51.28236,51.297302,51.294628,18.512726,18.545288,18.533264,18.500549,-0.212783999999999,0.71,0.40176487905103,0.354098461322056,0.299825171951691,0.342222088030769,0.391180735245762,0.0394488161478226,0.125238312796669,0.0538749855558672,0.171037129927513,0.0667736711893963,0.211986638272314,0.955515009018754,3.03347728187801
18.525415,51.241417,0.095165,"2021-10-09 12:06:53",413.253967,0.655018,0,51.233059,51.235653,51.249821,51.247227,18.514709,18.547302,18.53595,18.503418,-0.386032999999998,0.71,0.120341974466695,0.0897534433277335,0.0772117788144248,0.0805028369070271,0.0965040133104618,0.0170838947454049,0.179518675410128,0.000946825391926583,0.00994930270505525,0.017110112156116,0.179794169664436,0.966147678288363,10.1523425449311
18.530539,51.137066,0.000667,"2021-10-09 12:06:14",413.660858,0.583752,0,51.128124,51.130833,51.145924,51.143223,18.512177,18.544678,18.548889,18.516357,0.0208580000000325,0.71,0.000850917017151109,0.000728904807602224,0.000789471084850404,0.000514904328336977,0.00160900281626095,0.000128881423434927,0.193225522391195,0.000666096579274943,0.998645546139345,0.00067845049504617,1.01716715898976,0.91916639287948,1378.0605590397
18.534851,51.273586,0.251956,"2021-10-09 12:06:53",413.754425,0.60483,0,51.265427,51.268063,51.281811,51.279171,18.523895,18.556549,18.545654,18.513062,0.11442500000004,0.71,0.326668130390456,0.295778973354634,0.231535131772963,0.239481272409981,0.323192862980105,0.0406452981446855,0.161319032468707,0.0503720688836892,0.199924069614096,0.064725463187941,0.256891930289181,0.934937813164541,3.71071859040682
18.535023,51.152435,0.00154,"2021-10-09 12:06:15",413.448914,0.508142,0,51.143826,51.146526,51.160877,51.158176,18.516632,18.549194,18.553314,18.520782,-0.191085999999984,0.71,0.00164628681737625,0.00129397649256711,0.00102419563949686,0.00196276081418618,0.00125721079998843,0.000355586828494019,0.230900537983129,0.0001999621609745,0.129845559074351,0.000407954480818665,0.264905507025107,0.873102776648235,566.949854966387
18.53949,51.168007,0.007088,"2021-10-09 12:06:15",413.797607,0.596567,0,51.158737,51.161438,51.177002,51.174316,18.521027,18.553558,18.557892,18.52533,0.157607000000041,0.71,0.0034555481708031,0.00367729741071114,0.00673178195927797,0.00474311651969606,0.00305752849123682,0.00169284254360926,0.238832187303789,0.00284997373522562,0.402084330590522,0.00331482520940838,0.467667213516984,0.927363560614266,130.835716790952
18.543909,51.183552,0.009257,"2021-10-09 12:06:15",413.88324,0.595334,0,51.17474,51.177425,51.192005,51.189365,18.525513,18.558044,18.562225,18.529724,0.243240000000014,0.71,0.00631492447556555,0.00872100818462061,0.00654598375326226,0.00987748924395481,0.0111042624674783,0.00161832189467125,0.174821421051232,0.0013062118173853,0.14110530597227,0.0020797007156438,0.224662494938296,0.92656726507635,100.093687487993
18.546354,51.258888,0.144605,"2021-10-09 12:06:53",413.24649,0.621172,0,51.250385,51.253006,51.267452,51.264812,18.535736,18.568329,18.556885,18.5242,-0.393509999999992,0.71,0.201906979823796,0.188949512023633,0.135444439633721,0.153715512753742,0.176602885192538,0.028950399181041,0.200203306808485,0.0226259216032722,0.156467076541421,0.0367431346123197,0.254093113048094,0.94408935568893,6.52874627909775
18.548294,51.199135,0.020725,"2021-10-09 12:06:15",413.183411,0.660843,0,51.190243,51.192883,51.207703,51.205124,18.529877,18.562378,18.566589,18.534088,-0.456589000000008,0.71,0.0180790973845616,0.0197887034467865,0.0114832084229114,0.0185915695701766,0.0213945109466769,0.00364330890793466,0.175792950925677,0.00047341573047386,0.022842737296688,0.00367393824832374,0.177270844309951,0.969962354151568,46.8015611170841
18.548859,51.211449,0.034516,"2021-10-09 12:06:53",413.090912,0.717787,0,51.202991,51.20557,51.219925,51.217358,18.538208,18.570862,18.559204,18.526672,-0.549087999999983,0.71,0.0386463630960237,0.0387481442501141,0.0331041679857592,0.026033242206108,0.0318567573398765,0.00520701301974002,0.150857950508171,0.00188036851779388,0.0544781700600845,0.00553613315866341,0.160393242515454,1.00962806326852,29.2510158555025
18.558016,51.244022,0.106722,"2021-10-09 12:06:53",412.905731,0.70374,0,51.235657,51.238255,51.252441,51.249821,18.547363,18.579926,18.568634,18.536011,-0.734268999999983,0.71,0.146357595738751,0.119800730769301,0.126216475170169,0.10106447905625,0.112706481007988,0.0178063272463132,0.166847765655753,0.00423166710263042,0.0396513099701132,0.0183022483993165,0.171494615911588,0.999842467539997,9.36866313918402
18.563124,51.139576,0.000683,"2021-10-09 12:06:15",413.668884,0.580261,0,51.13084,51.133289,51.148407,51.145931,18.544739,18.577332,18.581573,18.54895,0.028884000000005,0.71,0.00114459255887357,0.00074597162245405,0.00147378673371462,0.00106570681029723,0.000838381972621288,0.000320998936443663,0.469983801528058,0.000109871646514655,0.160866246727167,0.0003392817352965,0.496752174665447,0.916953075807642,1342.53744627766
18.564436,51.323669,0.460346,"2021-10-09 12:06:54",414.993317,0.71274,0,51.31522,51.317844,51.332111,51.329479,18.553833,18.586426,18.574982,18.542328,1.353317,0.71,0.490215154200149,0.474928242338845,0.430956399025219,0.509543519749645,0.453029585880622,0.0298458574944391,0.0648335328088853,0.00517348603778119,0.0112382556550533,0.0302909254952945,0.0658003447304735,1.00648688405133,2.18637043452389
18.56749,51.276295,0.269035,"2021-10-09 12:06:54",413.888641,0.587841,0,51.268066,51.270741,51.284496,51.281818,18.55661,18.589111,18.578247,18.545715,0.248641000000021,0.71,0.374822020166566,0.324873373487602,0.224721992021913,0.25611275491665,0.3325262571876,0.0597075882801519,0.221932418756488,0.0448950985034111,0.166874564660401,0.0747031857946039,0.277670882207162,0.924790574805379,3.4374359276874
18.567636,51.154915,0.001336,"2021-10-09 12:06:15",413.450348,0.577968,0,51.14653,51.149014,51.163406,51.160889,18.549255,18.581879,18.586029,18.553406,-0.189651999999967,0.71,0.00153402602953839,0.00126964702596398,0.000976135032637984,0.00101087793848397,0.00118842403011908,0.000233234273066002,0.17457655169611,0.00010435196904298,0.0781077612597157,0.000255514304053166,0.191253221596681,0.915503727087749,685.257280754303
18.56978,51.228958,0.064607,"2021-10-09 12:06:53",412.321014,0.72675,0,51.220478,51.223068,51.237473,51.234875,18.559235,18.591797,18.580292,18.54776,-1.318986,0.71,0.0812760135896038,0.0653424340641549,0.0692220452574474,0.0789665247745221,0.0860372678574375,0.00776538611782782,0.120194191307874,0.0151534877246382,0.234548697890912,0.0170273136982823,0.263552149121338,1.01614737706288,15.7281312715787
18.572123,51.170452,0.002239,"2021-10-09 12:06:15",414.05307,0.524554,0,51.161449,51.163971,51.179569,51.177002,18.553619,18.586243,18.590576,18.557953,0.413070000000005,0.71,0.00345341603435672,0.00427977785739613,0.00467274584150733,0.00208986505704793,0.00305158849045201,0.00116694614240123,0.521190773738825,0.000574586831912756,0.256626543953889,0.00130073568670681,0.580944924835558,0.882756246553558,394.26362061347
18.576555,51.185963,0.008347,"2021-10-09 12:06:15",413.659424,0.653147,0,51.177425,51.179993,51.194611,51.192013,18.558105,18.590729,18.59494,18.562286,0.019424000000015,0.71,0.00768920884240915,0.00501407648166425,0.00602503364096811,0.00685799686756254,0.00702716676124354,0.00132065053263584,0.158218585436185,0.000933263033160097,0.111808198533616,0.00161712637676049,0.19373743581652,0.964729816428786,115.578030002251
18.578953,51.261578,0.183407,"2021-10-09 12:06:53",413.527191,0.642198,0,51.25301,51.255695,51.27013,51.267456,18.56842,18.600983,18.589447,18.556946,-0.11280899999997,0.71,0.253375755814882,0.209110326600361,0.146188578448074,0.160480526119963,0.187675589275198,0.042469652968347,0.231559607694074,0.00301834842259269,0.0164571059043149,0.0425767759518261,0.23214368018574,0.958295911007895,5.2249691179066
18.580927,51.201565,0.019573,"2021-10-09 12:06:15",414.177765,0.655894,0,51.192883,51.195484,51.210346,51.207706,18.562439,18.595093,18.599335,18.56665,0.537765000000036,0.71,0.0164691867540827,0.0214930121859939,0.0118777805215778,0.0142652850614451,0.0283719260152128,0.00388766161887948,0.198623696872196,0.0062217802525157,0.317875657922429,0.00733651568344967,0.374828369869191,0.966618209893841,49.3852863584448
18.581415,51.214046,0.032884,"2021-10-09 12:06:53",412.408417,0.743362,0,51.205578,51.208164,51.222523,51.219925,18.570923,18.603485,18.591827,18.559265,-1.231583,0.71,0.0465990816799566,0.0508352283967634,0.0287606465361179,0.0291104724960068,0.0375201183478867,0.0103512616141713,0.314781097621072,0.00327823072217406,0.0996907530158758,0.0108579654481318,0.330189923614273,1.02801019375183,31.2617137134117
18.586697,51.11092,0.000436,"2021-10-09 12:06:15",414.158966,0.63365,0,51.101974,51.104649,51.119755,51.117115,18.568298,18.600769,18.605042,18.572479,0.518966000000034,0.71,0.000355266130562152,0.000347025894921835,0.000266699996649079,0.000253238544916469,0.000342943409194518,7.42460797204965e-05,0.170289173670863,6.58009463926581e-05,0.150919601818023,9.92080888840813e-05,0.227541488266242,0.951636659835173,2182.65288953021
18.58828,51.293839,0.394324,"2021-10-09 12:06:54",413.704254,0.675981,0,51.285053,51.287678,51.302616,51.299999,18.577972,18.610565,18.598511,18.56601,0.0642540000000054,0.71,0.518365301944596,0.494124614652437,0.420628053867618,0.388211802451766,0.468304320949091,0.0595087661968587,0.15091337630187,0.0523119866174595,0.132662446661779,0.07923280380081,0.200933252352913,0.983528418277346,2.49421394152358
18.590649,51.2467,0.131555,"2021-10-09 12:06:53",413.250458,0.640267,0,51.238262,51.240948,51.255131,51.252445,18.579987,18.612518,18.601257,18.568695,-0.389542000000006,0.71,0.174484929290066,0.157474934536288,0.130452500301634,0.107815449654146,0.137434948136618,0.025943525476731,0.197206685239869,0.00415775120042778,0.0316046611715844,0.0262745772412507,0.199723136644374,0.956416323939636,7.27008721781487
18.59132,51.126682,0.000497,"2021-10-09 12:06:15",413.457489,0.607572,0,51.117863,51.120499,51.135372,51.13274,18.572876,18.605408,18.609619,18.577087,-0.182510999999977,0.71,0.00107657635595669,0.000549285488217758,0.00146171011838983,0.000421191814979163,0.000562046506403667,0.000450696828445808,0.906834664880901,4.59948257705271e-05,0.0925449210674589,0.000453037697293251,0.911544662561872,0.934475221943929,1880.23183489724
18.595833,51.142254,0.000959,"2021-10-09 12:06:15",413.727448,0.528263,0,51.133289,51.135925,51.151031,51.148418,18.577393,18.609894,18.614105,18.581665,0.0874479999999949,0.71,0.00228380372858019,0.000905270188581364,0.00130500073465099,0.000821040006669158,0.000885656449212518,0.00060398370123846,0.62980573643218,5.18617221181285e-05,0.054078959455817,0.000606206193949524,0.632123247079796,0.884964499093014,922.799269127231
18.597101,51.326283,0.455216,"2021-10-09 12:06:54",414.806946,0.593907,0,51.317852,51.320438,51.334705,51.332111,18.586487,18.61908,18.607666,18.575073,1.166946,0.71,0.454434209507723,0.438506703660365,0.432201068489085,0.484390529377609,0.460954767787231,0.020217390341998,0.0444127410767593,0.00405792161800594,0.00891427721786129,0.0206206110505629,0.0452985199346307,0.925878358235626,2.03393193173269
18.600073,51.278942,0.315797,"2021-10-09 12:06:54",414.094849,0.609586,0,51.270752,51.273376,51.287128,51.2845,18.589172,18.621735,18.610901,18.578308,0.454849000000024,0.71,0.426060152980977,0.360199651342339,0.333432630638915,0.300554416987685,0.362252072631158,0.0493442336076113,0.156253015727228,0.0328486968780054,0.104018394341952,0.0592780758536038,0.187709433128256,0.937661442991502,2.96919047043354
18.600313,51.157608,0.003406,"2021-10-09 12:06:15",413.967621,0.52116,0,51.149017,51.15163,51.166,51.16341,18.58194,18.61441,18.61853,18.58609,0.327621000000022,0.71,0.00141133777099003,0.0013946764423083,0.00111793901560139,0.002123772610545,0.00439206759572723,0.000925127555662031,0.271617015755147,0.000697255083647039,0.204713765016747,0.00115845830564455,0.340122814340737,0.880743485712864,258.585873667899
18.602411,51.231621,0.091226,"2021-10-09 12:06:53",412.851196,0.676588,0,51.223072,51.225769,51.240162,51.237476,18.591858,18.624451,18.612915,18.580353,-0.788803999999971,0.71,0.0981820708848496,0.0919506592790382,0.089550644801095,0.0672657261394807,0.094213278479647,0.0118462854185346,0.129856459984375,0.00211232487025103,0.0231548557456321,0.0120331373537771,0.131904691138241,0.980824203483262,10.751586208792
18.604731,51.173145,0.002325,"2021-10-09 12:06:15",413.636475,0.573487,0,51.163975,51.166561,51.182144,51.179577,18.586304,18.618774,18.623108,18.590637,-0.0035249999999678,0.71,0.00460715903067809,0.00252879402562559,0.0076007485691132,0.00538208322053933,0.00390221365825473,0.00218058716400944,0.937886952262126,0.00111525847313196,0.479681063712672,0.00244923699174567,1.05343526526696,0.912684687025504,392.552553559356
18.609138,51.311333,0.473953,"2021-10-09 12:06:54",413.789124,0.577382,0,51.303013,51.305603,51.31963,51.317043,18.598297,18.63089,18.619843,18.58725,0.149124000000029,0.71,0.569759191473824,0.538280074595721,0.483324980650601,0.486465221015313,0.485320163243826,0.0416386744344966,0.0878540159773154,0.00803779821256382,0.0169590617900168,0.0424073744620896,0.0894759068137339,0.916115909332857,1.93292564733815
18.609192,51.188637,0.008645,"2021-10-09 12:06:15",412.826569,0.573036,0,51.179996,51.182568,51.197186,51.194622,18.59079,18.62326,18.627533,18.595001,-0.81343099999998,0.71,0.0146679247462079,0.0147834573431956,0.00796637002493536,0.00761024660688752,0.00788123077865715,0.00366249228069425,0.423654399154916,0.000540066395673098,0.0624715321773393,0.00370209689471795,0.42823561535199,0.912405591180489,105.541421767552
18.61161,51.26424,0.247393,"2021-10-09 12:06:54",412.88443,0.59124,0,51.255703,51.258327,51.272766,51.270138,18.601044,18.633606,18.62207,18.589508,-0.755569999999977,0.71,0.302954652075272,0.249205801499388,0.199872511516327,0.200971689894756,0.263008536198266,0.0425325879295674,0.171923166498516,0.0110418515376579,0.0446328373788178,0.0439425024476994,0.177622254662417,0.92498415182173,3.73892612895971
18.613564,51.204224,0.020251,"2021-10-09 12:06:15",413.763275,0.656204,0,51.195496,51.198059,51.212921,51.210354,18.595154,18.627686,18.631958,18.599396,0.123275000000035,0.71,0.0242526874397325,0.0205887675673123,0.0248227128998232,0.0266009172201663,0.0259029378029591,0.00277351099625086,0.136956742691761,0.00399652354731697,0.197349441870376,0.00486462369670908,0.240216468160045,0.966812988214221,47.7414936652126
18.613991,51.216686,0.031465,"2021-10-09 12:06:53",413.677856,0.651844,0,51.208172,51.21085,51.225224,51.22253,18.603546,18.636078,18.624512,18.591888,0.0378560000000334,0.71,0.0474703809565842,0.0497000640635272,0.0446007465878628,0.0410757828109484,0.0404102256194425,0.00714320857425975,0.227020771468608,0.00632522969475143,0.201024303027218,0.00954117180574499,0.303231266669156,0.963893995362263,30.6338469843402
18.619293,51.113483,0.000348,"2021-10-09 12:06:15",413.680298,0.654018,0,51.104656,51.107311,51.122452,51.119762,18.60083,18.633484,18.637695,18.605103,0.0402980000000071,0.71,0.000382620816236916,0.000369721610371106,0.000326574193680125,0.000326248107999178,0.000389866080492644,2.53376066446737e-05,0.0728092144961888,2.96037894180504e-05,0.0850683603966966,3.89663785639426e-05,0.111972352195237,0.965318365018701,2773.90334775489
18.620872,51.296448,0.45839,"2021-10-09 12:06:54",413.763611,0.626204,0,51.287689,51.290264,51.30521,51.302616,18.610626,18.643127,18.631165,18.598572,0.123611000000039,0.71,0.550788562922671,0.48163485067806,0.461240477188931,0.428900261597962,0.513912281644288,0.0457472391953806,0.0997998193577098,0.0392601818576254,0.0856479893924942,0.0602840922092486,0.131512668708411,0.948612471660316,2.06944407962721
18.623276,51.249367,0.147186,"2021-10-09 12:06:54",412.914246,0.638125,0,51.240952,51.24358,51.257763,51.255138,18.61261,18.645172,18.633881,18.601318,-0.725753999999995,0.71,0.20068514898396,0.163453167844173,0.148489736201855,0.142358314988283,0.158868759711934,0.0238441591286064,0.162000184315128,0.00826095861528153,0.0561259808356877,0.0252346460604007,0.171447325563578,0.954955654984457,6.48808755577607
18.623907,51.129265,0.000578,"2021-10-09 12:06:15",413.562347,0.597324,0,51.120502,51.123196,51.138058,51.135376,18.605499,18.638092,18.642334,18.60968,-0.077652999999998,0.71,0.000693235253027278,0.000625612868727252,0.000564477561445077,0.00131577186837584,0.000657844418666468,0.000317272722479304,0.548914744773883,5.64585298789573e-05,0.0976791174376424,0.000322256956519984,0.557537987058795,0.927844849544117,1605.26790578567
18.628462,51.144833,0.001427,"2021-10-09 12:06:15",413.527039,0.565735,0,51.135925,51.138599,51.153732,51.151035,18.609955,18.642609,18.64679,18.614166,-0.112960999999984,0.71,0.00161407898972086,0.000973764881397357,0.000837127956709272,0.00132781988114062,0.00108096903956823,0.000322382447068484,0.225916220790809,0.000244680838621799,0.171465198753888,0.000404721082928145,0.283616736459807,0.907830520540125,636.181163658112
18.629705,51.328854,0.481501,"2021-10-09 12:06:55",414.408478,0.7557,0,51.320446,51.322952,51.337219,51.334717,18.619141,18.651611,18.640259,18.607727,0.768478000000016,0.71,0.442555870147185,0.464705360419929,0.485679337526476,0.511587188220118,0.454970341571722,0.0256379019504482,0.0532457917022981,0.0187600084839794,0.038961515103768,0.0317685368680992,0.0659781326894424,1.03739661168462,2.1545056223863
18.632969,51.160206,0.001416,"2021-10-09 12:06:16",412.495453,0.620152,0,51.151638,51.154327,51.168701,51.166004,18.614471,18.647095,18.651245,18.618591,-1.14454699999999,0.71,0.00231896443575993,0.0030798323545133,0.00283661529429254,0.00196067633823515,0.0014381988241043,0.000669054913584533,0.472496407898681,1.56969390585179e-05,0.0110854089396313,0.000669239024032082,0.472626429401188,0.942703002533073,665.750708003583
18.635042,51.234287,0.113038,"2021-10-09 12:06:54",413.334473,0.67824,0,51.22578,51.228394,51.242798,51.240162,18.624542,18.657043,18.645569,18.612976,-0.305526999999984,0.71,0.108270269754673,0.0938287481733413,0.0871261516087585,0.0872548842663902,0.125617563485943,0.0120692881228782,0.106771953881688,0.00889509464527698,0.0786911892043116,0.0149930125238888,0.132636923192986,0.98200523828773,8.68739041992719
18.641729,51.313908,0.576069,"2021-10-09 12:06:55",413.43689,0.748595,0,51.305607,51.308132,51.32214,51.319637,18.630951,18.663513,18.652374,18.619904,-0.203109999999981,0.71,0.568319618014092,0.525163293621026,0.504767383762673,0.51673980996404,0.564299424117801,0.0319745490573735,0.0555047208882504,0.0083223469179926,0.0144467883499938,0.0330398735718799,0.0573540210840713,1.03227230286909,1.79192475705009
18.644209,51.26685,0.275535,"2021-10-09 12:06:54",412.885681,0.623306,0,51.258335,51.260925,51.27536,51.27277,18.633667,18.666229,18.654755,18.622131,-0.75431900000001,0.71,0.393145034200286,0.298834480544917,0.250605624934799,0.23753758430531,0.321454161843231,0.0616927917808031,0.223901833817131,0.0324697507257512,0.117842563470163,0.0697157462120427,0.253019566341999,0.947349278199916,3.43821757018134
18.646296,51.206909,0.026793,"2021-10-09 12:06:16",413.936951,0.593383,0,51.198071,51.200741,51.215572,51.212933,18.627747,18.660309,18.664581,18.63205,0.296951000000035,0.71,0.0361851783060961,0.0337646572050518,0.0297682760300682,0.0218275293558401,0.0262248369648787,0.0056790156093257,0.211958929919221,0.000401751934953803,0.0149946603573248,0.00569320848978887,0.212488653371734,0.925330101807948,34.5362632705538
18.646645,51.21936,0.047149,"2021-10-09 12:06:54",413.239563,0.714265,0,51.210857,51.213459,51.227848,51.225224,18.636139,18.668549,18.657074,18.624542,-0.400437000000011,0.71,0.0523138602278474,0.0348851259316828,0.0304313229196341,0.0407563845512992,0.0508102870703227,0.00887277027355885,0.188185757355593,0.00258892091529581,0.0549093494092305,0.0092427573717482,0.196032946016845,1.00715436691146,21.3610970945612
18.647173,51.10054,0.000214,"2021-10-09 12:06:16",414.753113,0.658901,0,51.091717,51.09433,51.109486,51.106853,18.628845,18.661346,18.665619,18.633118,1.113113,0.71,0.000268864247148465,0.000250990264797729,0.000189906037046993,0.000181355709894835,0.00023343806087763,3.80062616701738e-05,0.177599353598943,1.37447846596891e-05,0.0642279656994818,4.04152821527074e-05,0.188856458657511,0.96863333074719,4526.32397545416
18.651819,51.116142,0.000453,"2021-10-09 12:06:16",413.720306,0.582337,0,51.107319,51.109955,51.125118,51.122456,18.633545,18.666046,18.670288,18.637756,0.0803060000000073,0.71,0.000520708400384655,0.000486548984674944,0.000418843619520817,0.000359154836390248,0.000475394863708166,6.2330740624733e-05,0.137595453917733,1.58355599917927e-05,0.0349570860745975,6.43108559038161e-05,0.141966569324097,0.918268144773021,2027.08199729144
18.653524,51.299026,0.486931,"2021-10-09 12:06:55",413.188385,0.689986,0,51.290268,51.292816,51.307735,51.305218,18.643188,18.675903,18.663757,18.631226,-0.451615000000004,0.71,0.616722454296812,0.549877951401726,0.469005867905288,0.494138541194253,0.532047819672321,0.0603222262229709,0.123882493049263,0.0319024091358688,0.0655173097130164,0.0682388062994045,0.140140607805633,0.99238964871726,2.03804984426389
18.655905,51.251976,0.182092,"2021-10-09 12:06:54",412.706329,0.595405,0,51.243591,51.24617,51.260357,51.257771,18.645264,18.677765,18.666534,18.633942,-0.933671000000004,0.71,0.262498732666352,0.217096761647555,0.179830790411877,0.180979027008975,0.221115777416533,0.0360085265236242,0.197749085756783,0.0275939776387449,0.151538659791451,0.0453656432152141,0.249135839109978,0.927720408102209,5.09478949158782
18.656483,51.131901,0.001198,"2021-10-09 12:06:16",413.813263,0.61046,0,51.123199,51.125866,51.140766,51.138062,18.638153,18.670685,18.674896,18.642395,0.17326300000002,0.71,0.000862583589645034,0.000814403268677759,0.000648899454013193,0.000639461436769788,0.00074582887734766,0.000226823536970598,0.189335172763437,0.000319733267084204,0.266889204577799,0.000392018212592465,0.327227222531273,0.936355469508391,781.598889406002
18.660997,51.14748,0.001088,"2021-10-09 12:06:16",413.554535,0.542318,0,51.138611,51.141323,51.156437,51.153736,18.64267,18.675201,18.679474,18.646881,-0.0854649999999992,0.71,0.00137041077670911,0.00112155388406631,0.000953348443792653,0.00131772532196869,0.00243444631894441,0.000171752698277271,0.157860935916609,0.000952081322629258,0.875074745063656,0.000967449137818108,0.889199575200467,0.893425849794953,821.163464885067
18.662416,51.331329,0.468686,"2021-10-09 12:06:55",412.488922,0.773483,0,51.322964,51.325489,51.339764,51.337231,18.651733,18.684479,18.673065,18.64035,-1.15107799999998,0.71,0.397668672377066,0.461960744372165,0.459329907622218,0.507220563436761,0.438370024965044,0.0393365108112389,0.0839293488844108,0.0214366315254995,0.0457377253118281,0.0447983286960882,0.0955828181257562,1.05089620873946,2.24221804948186
18.665539,51.162842,0.00173,"2021-10-09 12:06:16",413.721588,0.579186,0,51.154331,51.157043,51.171417,51.168701,18.647156,18.679779,18.68396,18.651306,0.0815880000000107,0.71,0.00295551387022722,0.00165249128330203,0.0015199136643874,0.00267945310818178,0.00178744381664647,0.000659745171040633,0.381355590196898,4.06189122879556e-05,0.0234791400508414,0.000660994392371744,0.382077683451875,0.91627335414143,529.637776960364
18.667652,51.236897,0.09599,"2021-10-09 12:06:54",413.349243,0.655515,0,51.228394,51.230976,51.24538,51.242802,18.657104,18.689606,18.678162,18.64563,-0.290756999999985,0.71,0.127454250738915,0.118020403994354,0.103385143858388,0.0801595147990694,0.107195165560697,0.0185375419382544,0.193119511805963,0.00792324855228681,0.0825424372568685,0.0201598196602513,0.210019998544133,0.966543498014308,10.0692103137234
18.674461,51.316383,0.547984,"2021-10-09 12:06:55",414.127899,0.7597,0,51.308136,51.31065,51.324677,51.322147,18.663605,18.69635,18.685211,18.652466,0.487899000000027,0.71,0.57363690009646,0.605061661794401,0.492766521025279,0.586642619289587,0.571067580935422,0.0435420795163003,0.0794586694434515,0.0163225566135054,0.0297865569314166,0.0465009520655751,0.0848582295570218,1.04086811294371,1.89944982507466
18.674482,51.193947,0.013155,"2021-10-09 12:06:16",413.058746,0.53509,0,51.185257,51.187984,51.202591,51.199871,18.656067,18.688721,18.692932,18.660217,-0.581254000000001,0.71,0.0164586206967381,0.0160101747625926,0.00996921026131023,0.0166613261958213,0.0196395251063521,0.00287720193359662,0.218715464355501,0.00458525167547599,0.34855580961429,0.00541320828106101,0.411494358119423,0.889072894044068,67.5844085172229
18.677662,51.095936,0.000181,"2021-10-09 12:05:54",414.953674,0.706149,0,51.087109,51.089539,51.104847,51.102451,18.655212,18.687439,18.700409,18.668365,1.31367399999999,0.71,0.000228061662406726,0.000229542328040891,0.000157395131646614,0.000152568942252418,0.000189770528357136,3.72727691772371e-05,0.205926901531697,6.20170007591977e-06,0.0342635363310485,3.77851876529846e-05,0.208757942834169,1.00137226425976,5532.44344894895
18.678928,51.209564,0.036293,"2021-10-09 12:06:16",413.469727,0.687565,0,51.200745,51.203465,51.218311,51.215576,18.66037,18.693085,18.697357,18.664642,-0.170273000000009,0.71,0.0376521512716036,0.0350760411889102,0.0328399967139799,0.0278573927991935,0.0354565673248213,0.00383455715098816,0.105655557572759,0.000591447216624861,0.0162964543196997,0.00387990184853273,0.106904963726689,0.988362627208938,27.2328721023045
18.67915,51.221951,0.055126,"2021-10-09 12:06:54",412.975861,0.72978,0,51.213467,51.216045,51.230434,51.227848,18.66864,18.70108,18.689667,18.657135,-0.664138999999977,0.71,0.0414612875604271,0.0545139656755446,0.0427658321273975,0.0440008390490286,0.0644184538215497,0.0066792034996268,0.121162491376606,0.00657075711108064,0.11919524563873,0.00936945080579666,0.169964278304188,1.01821738101861,18.4707285313393
18.686346,51.301521,0.544327,"2021-10-09 12:06:55",413.296814,0.770207,0,51.292828,51.295307,51.310257,51.307743,18.675995,18.708679,18.696655,18.663879,-0.343186000000003,0.71,0.682077655229691,0.580281944213069,0.567801217692701,0.496763231677195,0.610726563158114,0.068198899497099,0.125290311700686,0.0469515813769269,0.0862562051430976,0.0827981937388105,0.152111127573702,1.0507970135737,1.93045175707562
18.693703,51.150192,0.001426,"2021-10-09 12:06:16",413.362579,0.550265,0,51.141327,51.143894,51.159008,51.156445,18.675262,18.707703,18.711975,18.679535,-0.277421000000004,0.71,0.00141983046854945,0.00136617898942628,0.00106848327351749,0.00108364280635898,0.0012301091389025,0.000181199889142293,0.127068645962337,0.000138515756254514,0.0971358739512723,0.000228078965614849,0.159943173642951,0.898271463559327,629.923887489009
18.695238,51.333916,0.439208,"2021-10-09 12:06:55",413.660004,0.776365,0,51.325497,51.328037,51.342319,51.339771,18.68454,18.717163,18.70578,18.673126,0.0200040000000286,0.71,0.329112739214944,0.412780629508943,0.45192936833176,0.432220358414315,0.392726926166413,0.0490124606501497,0.111592823104656,0.0328670825045619,0.0748326134873726,0.0590124259062797,0.134360999586255,1.05371963995948,2.39913580799868
18.698227,51.165539,0.004256,"2021-10-09 12:06:16",414.147034,0.526347,0,51.157043,51.159607,51.173969,51.171429,18.67984,18.71228,18.716461,18.684021,0.507034000000033,0.71,0.00218497606542103,0.00218946054007745,0.00259379036340093,0.00229563960347536,0.00360017538878891,0.000883423040560367,0.207571203139184,0.000463738029856393,0.108961003255731,0.000997742065329519,0.234431876252237,0.88382247080408,207.665054230282
18.7027,51.18108,0.008589,"2021-10-09 12:06:16",414.353729,0.531675,0,51.171986,51.17453,51.190113,51.187565,18.684235,18.716675,18.721069,18.688629,0.713729000000001,0.71,0.00513972780580079,0.00578657023035512,0.00489734500910547,0.0109315061774699,0.00589505565877085,0.00261305169003062,0.304232354177508,0.00190490631182226,0.221784411668676,0.00323368322375463,0.376491235738111,0.887011139914371,103.272923496841
18.707172,51.196579,0.01687,"2021-10-09 12:06:16",413.22287,0.583447,0,51.187988,51.190536,51.205158,51.202595,18.688782,18.721222,18.725464,18.692993,-0.417129999999986,0.71,0.0110668788616147,0.0192624292615793,0.011251542577856,0.0233280162610413,0.0164854026265166,0.00527614503048933,0.312753113840505,0.000271951410816648,0.0161204155789359,0.00528314905644374,0.313168290245628,0.918987656866485,54.474668456816
18.707218,51.318958,0.556244,"2021-10-09 12:06:55",413.595215,0.708403,0,51.310654,51.313202,51.327221,51.32468,18.696411,18.729095,18.717896,18.685303,-0.0447849999999903,0.71,0.509658482574253,0.516610513010672,0.507805554130062,0.531063472610945,0.565901307410769,0.0200731780073342,0.0360870014010653,0.00682874755815792,0.0122765325255786,0.0212029306589248,0.0381180393117495,1.00318710850844,1.80350189576596
18.710646,51.098503,0.000224,"2021-10-09 12:05:54",414.612244,0.693233,0,51.089539,51.092224,51.107548,51.104858,18.6875,18.719727,18.732971,18.7005,0.972243999999989,0.71,0.000254952826499799,0.000244946620085415,0.000220341454520466,0.000211955302352255,0.000242737008306403,1.79809971138084e-05,0.0802723085437873,1.32490656326062e-05,0.0591476144312778,2.23350396763447e-05,0.0997099985551103,0.992306400658513,4429.93928865408
18.711578,51.212173,0.042651,"2021-10-09 12:06:16",413.61438,0.686197,0,51.203472,51.206036,51.220898,51.218319,18.693176,18.725647,18.729889,18.697449,-0.0256200000000035,0.71,0.0465826265466961,0.0278145064775261,0.0390753674971792,0.0378725759807173,0.0317715394625772,0.0070181280336877,0.164547795683283,0.0076929403216631,0.180369518221451,0.0104132344586062,0.244149831389796,0.987458737497871,23.152065309087
18.711758,51.224522,0.069281,"2021-10-09 12:06:54",413.021393,0.618103,0,51.216045,51.218616,51.233002,51.230438,18.701141,18.733826,18.722382,18.689728,-0.618606999999997,0.71,0.0661667104927083,0.0625389527676741,0.0630588670102657,0.0525761285752145,0.0743193799818729,0.00628434914754471,0.0907081183519971,0.00356267265137688,0.0514235165684225,0.00722396571345094,0.10427051736336,0.941383824106633,13.5879075663838
18.721691,51.137218,0.001278,"2021-10-09 12:06:16",412.67923,0.616918,0,51.128464,51.13113,51.146011,51.143353,18.703308,18.73587,18.740143,18.707489,-0.960769999999968,0.71,0.00115004352562874,0.00109241438233296,0.000956256169121887,0.000884793142474489,0.00109339296752299,0.000156033751514984,0.122092137335668,0.000130536884519219,0.102141537182487,0.000203436500736283,0.159183490403977,0.94057847100091,735.976894366909
18.726269,51.152779,0.002397,"2021-10-09 12:06:16",413.412994,0.630341,0,51.143902,51.146564,51.161697,51.159008,18.707764,18.740417,18.74469,18.712036,-0.22700599999996,0.71,0.00295858001867234,0.0016519189151928,0.00232189854582356,0.00130893371468551,0.00143357749065133,0.000651410591631321,0.271760780822412,0.000681242589508204,0.284206336882855,0.000942564175347924,0.393226606319534,0.949437025140807,396.093877822614
18.727982,51.336517,0.423307,"2021-10-09 12:06:56",415.377533,0.647696,0,51.328045,51.330578,51.34486,51.342331,18.717224,18.749847,18.738556,18.705841,1.73753300000004,0.71,0.276927669723057,0.353078124617882,0.377188969517526,0.406039172440491,0.393811906428462,0.0572379217224165,0.135216100188318,0.0208561806761663,0.0492696333303401,0.0609192905038984,0.14391278789129,0.9629752169041,2.27488611552396
18.730913,51.289196,0.548438,"2021-10-09 12:06:55",413.074951,0.683622,0,51.28101,51.28355,51.297302,51.294769,18.719971,18.752533,18.741699,18.709106,-0.565048999999988,0.71,0.664038067173385,0.576441105434506,0.510420609311642,0.508924505462316,0.596737940980925,0.0637986642842624,0.116327942783437,0.0341532157985221,0.0622736130583988,0.072365127746978,0.13194769098235,0.988269067915128,1.80197044682376
18.739813,51.199223,0.014447,"2021-10-09 12:06:17",412.142548,0.759463,0,51.19054,51.193279,51.207897,51.205158,18.721283,18.753906,18.758148,18.725555,-1.49745200000001,0.71,0.0156087999681564,0.0129445996476394,0.0140726804302996,0.0147873510323904,0.0134148514869083,0.000979142427701214,0.0677747925314054,0.000729839212798753,0.0505183922474391,0.00122122281761492,0.0845312395386532,1.03965645275455,71.9634839589221
18.739967,51.321556,0.550927,"2021-10-09 12:06:56",414.058868,0.679952,0,51.313206,51.315746,51.329769,51.327229,18.729156,18.761658,18.75061,18.717957,0.418868000000032,0.71,0.470840675820275,0.540561563235868,0.539730801208318,0.552010120290681,0.553203863326274,0.0340041623568504,0.0617217205852143,0.00160998549784336,0.00292232092063624,0.0340422547856969,0.0617908630103388,0.983663355734519,1.78546950092212
18.742432,51.274487,0.4669,"2021-10-09 12:06:55",413.921173,0.530127,0,51.265949,51.268482,51.282928,51.280399,18.731781,18.764282,18.752808,18.720306,0.281173000000024,0.71,0.627737340320194,0.528412663242956,0.4369940811675,0.399411436257871,0.519157230662768,0.0894130185607837,0.191503573700543,0.0369514421676728,0.0791420907424991,0.0967475941118016,0.207212666763336,0.89134434036203,1.90906905196408
18.742693,51.101311,0.000219,"2021-10-09 12:05:55",413.6138,0.697788,0,51.092228,51.094707,51.109959,51.107555,18.719818,18.752289,18.765564,18.733063,-0.0261999999999603,0.71,0.000263963544218263,0.000267159688753804,0.000217365949932215,0.000223135465368038,0.000260133503267763,2.51596574476097e-05,0.114884280582693,2.90857790945942e-05,0.132811776687645,3.84576508437606e-05,0.175605711615345,0.995493894719094,4545.63422246162
18.744217,51.21484,0.046591,"2021-10-09 12:06:17",412.840271,0.837224,0,51.206036,51.208771,51.223629,51.220898,18.725708,18.758301,18.762543,18.72995,-0.799729000000013,0.71,0.0512691674374698,0.0427032839354902,0.0533794681998083,0.0355677526149764,0.0436176341879238,0.00711024246012106,0.152609784295702,0.00210248712866733,0.0451264649539037,0.00741458022870615,0.159141899266085,1.09777001333429,23.5618469947906
18.751745,51.30666,0.589445,"2021-10-09 12:06:56",414.126526,0.549131,0,51.297855,51.3004,51.31535,51.312817,18.741394,18.773865,18.761932,18.729462,0.486526000000026,0.71,0.610356982463231,0.627844038743338,0.550839607511269,0.565975470313577,0.561982768179262,0.0314303376936714,0.0533219175557879,0.0194187303469609,0.0329440920645028,0.0369452732541823,0.0626780670871452,0.898337246459717,1.52403913250552
18.758795,51.155521,0.001712,"2021-10-09 12:06:17",411.896606,0.748726,0,51.146572,51.149307,51.16441,51.161701,18.740479,18.772827,18.77713,18.744751,-1.74339399999997,0.71,0.00214444578070626,0.00161417183733121,0.0014782696103185,0.00148141084521337,0.00166171162161119,0.000274324824835318,0.160236463104742,3.55592533736026e-05,0.0207705919238333,0.000276619901708854,0.161577045390686,1.0318385046094,602.709406898016
18.760677,51.339035,0.292749,"2021-10-09 12:06:56",411.691711,0.769053,0,51.330582,51.333187,51.347473,51.344864,18.749908,18.782593,18.77121,18.738617,-1.94828899999999,0.71,0.186040653024032,0.281183119405165,0.312856418013007,0.320013272341058,0.273795318508596,0.0539968882366395,0.184447729067015,0.0134022767110217,0.0457807770855638,0.0556352852089295,0.190044321958161,1.04815924447065,3.5804024760824
18.763466,51.291737,0.624346,"2021-10-09 12:06:56",413.60257,0.611582,0,51.283554,51.286087,51.299847,51.297306,18.752594,18.785004,18.774231,18.74176,-0.0374299999999721,0.71,0.741671390336334,0.650368538144934,0.634326784829017,0.584037454955635,0.639164400095935,0.0583354585383175,0.0934345035257974,0.0104781911941711,0.0167826672937299,0.0592690325007703,0.0949297865298573,0.938959722745112,1.50390924702827
18.772593,51.324051,0.538332,"2021-10-09 12:06:56",414.899933,0.621154,0,51.315746,51.318317,51.332371,51.329773,18.761688,18.794342,18.783325,18.750671,1.25993299999999,0.71,0.357874883162843,0.476487338830503,0.452257905324377,0.490412041948968,0.494819490774003,0.0666612609405489,0.123829274389315,0.0307679903401447,0.0571543031812055,0.0734192954185423,0.136382929899286,0.946214925191817,1.75767913702291
18.774916,51.277004,0.557135,"2021-10-09 12:06:55",413.520264,0.704163,0,51.268494,51.271053,51.28548,51.282932,18.764343,18.796936,18.785339,18.752869,-0.119735999999989,0.71,0.721879522375529,0.645786770474748,0.543904073528109,0.471820324257783,0.587289730992882,0.0970280862627583,0.174155431381547,0.0213226147699229,0.0382718995753685,0.0993433612499588,0.178311111759194,1.0048953348451,1.80368372987713
18.784252,51.309135,0.608819,"2021-10-09 12:06:56",413.568848,0.705436,0,51.3004,51.302982,51.317921,51.315353,18.773926,18.806702,18.794586,18.761993,-0.0711519999999837,0.71,0.584391068248671,0.632543169534578,0.604670827730377,0.622396895461307,0.624377974485764,0.018343242414459,0.0301292213522557,0.0110018563671922,0.0180708163956648,0.0213896092951679,0.0351329529715202,1.00109812979638,1.64432800191251
18.786453,51.262096,0.323882,"2021-10-09 12:06:55",414.330719,0.684669,0,51.253742,51.256306,51.270493,51.267929,18.775879,18.808502,18.797211,18.764618,0.690719000000001,0.71,0.480441876673715,0.4138889032997,0.324810722453989,0.309454085331809,0.397097639882393,0.0740897509443443,0.228755382961524,0.0517712754497523,0.159846102746532,0.0903855970644056,0.27906952860735,0.990475237306662,3.058136102984
18.786816,51.142532,0.001254,"2021-10-09 12:06:17",415.009827,0.640909,0,51.133869,51.136292,51.151165,51.148758,18.768372,18.800873,18.805115,18.772614,1.36982699999999,0.71,0.00150760160683203,0.00243076865804844,0.00122846172941525,0.00172291522168518,0.00139518801384092,0.00049179421816096,0.392180397257544,9.98350020091748e-05,0.0796132392417662,0.000501825249108414,0.400179624488369,0.956485545164997,762.747643672246
18.796101,51.294231,0.678734,"2021-10-09 12:06:56",414.106201,0.656876,0,51.286091,51.288654,51.302429,51.29985,18.785065,18.817841,18.807037,18.774292,0.466201000000012,0.71,0.749658920560667,0.700622757549336,0.69862163625171,0.634372675847359,0.732430493961416,0.0416498390377782,0.0613640086363409,0.0379691550060598,0.0559411418995657,0.0563592567707119,0.0830358531776983,0.968897541125865,1.42750700734878
18.800592,51.188892,0.011308,"2021-10-09 12:06:17",413.153229,0.70726,0,51.179916,51.182293,51.197876,51.195484,18.782013,18.814606,18.81897,18.786438,-0.486770999999976,0.71,0.00942130094905522,0.00829778965005459,0.00922417033197046,0.0122421608193795,0.00326852530021558,0.00162201884052064,0.143439939911624,0.00568476707739525,0.502720823964914,0.00591164290559239,0.52278412677683,1.0021734655846,88.6251738224795
18.805035,51.204399,0.022929,"2021-10-09 12:06:17",415.019226,0.729784,0,51.195908,51.198299,51.21291,51.210495,18.78656,18.819122,18.823395,18.790863,1.37922600000002,0.71,0.0305665599889372,0.0223858788271161,0.0308133651871093,0.0226999462794716,0.0150427460245351,0.00439692951170543,0.191762811797524,0.0055764236642106,0.243203962851001,0.00710137240353399,0.309711387480221,1.01820190342879,44.4067296187706
18.807549,51.279503,0.536523,"2021-10-09 12:06:56",412.584198,0.632126,0,51.271057,51.273602,51.288044,51.28548,18.796967,18.829742,18.818176,18.7854,-1.05580199999997,0.71,0.782651877886812,0.667153876701218,0.561050675298346,0.529000408974195,0.633566869163769,0.10873350109816,0.202663261590202,0.0686203779582812,0.127898296919762,0.128575777392948,0.239646347673722,0.959278380037933,1.78795388089221
18.809467,51.219982,0.058992,"2021-10-09 12:06:17",413.435822,0.564089,0,51.211365,51.213787,51.228634,51.226192,18.791016,18.823547,18.827881,18.795349,-0.204178000000013,0.71,0.0555121085703539,0.0543411954180614,0.0546593809543509,0.0489693228007241,0.0586160668456929,0.00360004528114401,0.0610259913402496,0.000265824882683402,0.00450611748514039,0.0036098461039968,0.0611921295090317,0.906812787134089,15.3717925673666
18.809801,51.232056,0.146009,"2021-10-09 12:06:55",412.274597,0.700134,0,51.223614,51.226154,51.24057,51.238007,18.799194,18.831665,18.820312,18.787781,-1.36540299999996,0.71,0.16591210202294,0.164564160647134,0.140822331732148,0.113844840194845,0.158440581282808,0.0212227288431026,0.145352196392706,0.00879045542594529,0.0602048875476532,0.0229712064581596,0.157327332275131,0.997404278255384,6.83111505630053
18.814697,51.12923,0.000941,"2021-10-09 12:06:17",414.766968,0.64909,0,51.120434,51.122971,51.138103,51.135555,18.796295,18.828796,18.833099,18.800568,1.12696800000003,0.71,0.00113936466882027,0.00107158200261581,0.000875083541521811,0.000856435310739594,0.00100449066891121,0.000124022557203945,0.131798679281557,4.48946825291866e-05,0.0477095457270846,0.00013189816986904,0.140168087002168,0.961986406087491,1022.30223813761
18.81712,51.311764,0.595695,"2021-10-09 12:06:56",413.853851,0.732564,0,51.302982,51.305584,51.320545,51.317932,18.806763,18.839478,18.827545,18.794647,0.213851000000034,0.71,0.518040794777491,0.577388879728826,0.567661788370726,0.64009409542637,0.587699688091558,0.0443152773523294,0.0743925622211525,0.00565353926816085,0.00949066093917332,0.0446744481003461,0.0749955062579778,1.02114926450988,1.71421493299403
18.819378,51.144985,0.001429,"2021-10-09 12:06:17",414.206207,0.635457,0,51.136303,51.138851,51.153717,51.151169,18.800964,18.833496,18.83783,18.805176,0.56620700000002,0.71,0.00175388272352957,0.00159549616962096,0.00148101190137677,0.00131583956323434,0.00154432375465165,0.000167153110001222,0.116972085375243,8.15462089460754e-05,0.0570652266942445,0.000185983726106769,0.130149563405716,0.952840822718541,666.788539341176
18.826103,51.344189,0.139503,"2021-10-09 12:06:57",414.168121,0.724441,0,51.335785,51.338306,51.352585,51.350071,18.815399,18.848053,18.836609,18.804047,0.528120999999999,0.71,0.060053966283224,0.108920858884328,0.141929089893131,0.168207475478634,0.116242870621004,0.0413285249669278,0.296255456634824,0.0164473952151645,0.117899939178114,0.0444810497325073,0.318853714490063,1.01532917138547,7.27818879440206
18.826429,51.093044,0.000219,"2021-10-09 12:05:56",413.663422,0.657505,0,51.084259,51.086689,51.101673,51.099285,18.803925,18.835815,18.849121,18.816895,0.0234220000000391,0.71,0.000214014616663876,0.000215621616883455,0.000185295291788309,0.000177101825401907,0.000184854205728553,1.94785283845124e-05,0.0889430519840748,2.41447226783409e-05,0.110249875243566,3.10222613817924e-05,0.141654161560696,0.967684259450044,4418.64958652988
18.828653,51.175858,0.002536,"2021-10-09 12:06:18",413.854736,0.700639,0,51.167393,51.169971,51.184338,51.181736,18.81015,18.842773,18.847046,18.814423,0.214736000000016,0.71,0.00386479915591174,0.00253042060344963,0.00683843453604419,0.00342641999365963,0.00363214981680322,0.00177325154732408,0.699231682698769,0.000775094968657949,0.305636817294144,0.00193525018034519,0.763111269852205,0.99749624235596,393.334480424275
18.828823,51.296837,0.722595,"2021-10-09 12:06:56",412.634949,0.675067,0,51.288666,51.291248,51.305027,51.302433,18.817902,18.850525,18.839783,18.807098,-1.00505099999998,0.71,0.779287585819763,0.70626359798044,0.719259157083326,0.687821279914949,0.771535247712299,0.0342785992863253,0.0474381905304151,0.034605981030316,0.0478912544790872,0.0487093039583102,0.0674088582931106,0.980911846590255,1.35748496265578
18.830894,51.249512,0.303786,"2021-10-09 12:06:56",413.549072,0.607752,0,51.241119,51.243591,51.258026,51.255524,18.820343,18.852875,18.841492,18.808899,-0.0909279999999626,0.71,0.338611696069483,0.336809879655917,0.237495736779455,0.248363671665429,0.31493990587696,0.0479301426955736,0.157776009083939,0.00788700248231492,0.025962363250166,0.0485747196283631,0.159897821586127,0.935853619371627,3.08063445771572
18.83769,51.206924,0.020955,"2021-10-09 12:06:18",413.694672,0.661718,0,51.198303,51.200909,51.215515,51.212917,18.819183,18.851837,18.85611,18.823456,0.0546720000000391,0.71,0.0169238093641391,0.027994764437835,0.0285499945395598,0.0246671301165348,0.02193682649594,0.00490624064005264,0.234132218566101,0.0006942561732278,0.0331308123706896,0.00495511744080492,0.236464683407536,0.970564405236897,46.316602492813
18.83831,51.329243,0.284755,"2021-10-09 12:06:57",414.403046,0.757425,0,51.32095,51.323456,51.337494,51.334972,18.827332,18.859924,18.848816,18.816162,0.763046000000031,0.71,0.159832754440028,0.270598641615459,0.337995240000595,0.344239230844362,0.251110310042035,0.0742293047364684,0.26067779226517,0.023790388420196,0.0835468680802654,0.077948523160117,0.273738909448884,1.04109010315527,3.65609068552007
18.840321,51.282116,0.690224,"2021-10-09 12:06:56",413.91571,0.720868,0,51.273605,51.276173,51.29063,51.288044,18.829803,18.862305,18.850861,18.818237,0.275710000000004,0.71,0.788564778256307,0.689679378154041,0.621673597067455,0.617458098999959,0.724805655978342,0.0694378116077649,0.100601850425029,0.024452923446946,0.0354275183809111,0.0736176279567445,0.106657589357577,1.01448027510148,1.46978412095419
18.842163,51.222523,0.050122,"2021-10-09 12:06:18",413.587555,0.698683,0,51.213795,51.216385,51.231228,51.228634,18.823608,18.856262,18.860596,18.827942,-0.0524449999999774,0.71,0.0589670319755986,0.052713942969698,0.0437687545645299,0.0578918354747548,0.0663337791736966,0.0061774590915893,0.123248455600122,0.0114634589888197,0.228711124632291,0.0130219773005719,0.259805620297912,0.996206558090147,19.8756346133464
18.842287,51.234554,0.155455,"2021-10-09 12:06:56",413.68277,0.588033,0,51.226162,51.228634,51.243046,51.24057,18.831726,18.864288,18.852905,18.820374,0.0427700000000186,0.71,0.18640170047746,0.139602125592901,0.133926610736622,0.148131446629759,0.146704148595721,0.0205442249876792,0.132155446834642,0.0061877863691215,0.0398043573324853,0.0214558588850288,0.138019741307959,0.92214053319952,5.93188082209977
18.842583,51.116238,0.000652,"2021-10-09 12:06:18",414.744812,0.69641,0,51.107361,51.109924,51.12508,51.122517,18.824158,18.856659,18.860901,18.82843,1.10481200000004,0.71,0.000765503865818945,0.00072340726935044,0.000609478420450642,0.000547105390235809,0.000642380068843389,8.73383011111666e-05,0.133954449557004,6.80231855538739e-06,0.0104330039193058,8.76027989205469e-05,0.134360121043784,0.994528479116737,1525.35042809316
18.847351,51.131832,0.001136,"2021-10-09 12:06:18",413.742249,0.566178,0,51.122982,51.125549,51.140675,51.138107,18.828857,18.861359,18.865662,18.83316,0.102249000000029,0.71,0.00136393178944539,0.0028155902028973,0.00110648577225096,0.00102006789898328,0.0012624264165053,0.00075271265486242,0.662599168012693,8.93969764320124e-05,0.0786945215070532,0.000758002744180533,0.667255936778638,0.908106878209917,799.389857579152
18.849993,51.314339,0.530874,"2021-10-09 12:06:57",414.319427,0.732486,0,51.305592,51.308105,51.323059,51.320557,18.839539,18.872192,18.860199,18.827606,0.679427000000032,0.71,0.437954388858975,0.532604693581683,0.598186327878404,0.538140143389799,0.513917111452294,0.0573707555594436,0.108068497533207,0.0119903308799074,0.0225860201854063,0.0586103372117162,0.110403480320596,1.02179788208044,1.92474651627399
18.851925,51.267212,0.531053,"2021-10-09 12:06:56",413.279968,0.684025,0,51.258808,51.261398,51.275604,51.273041,18.841187,18.87384,18.862579,18.830078,-0.36003199999999,0.71,0.596190394092134,0.563905413735516,0.417360778233259,0.450604921117225,0.620894170566227,0.0756157927115311,0.142388410782975,0.0635273009371164,0.11962516158861,0.098759637867644,0.185969456659964,0.990829786944634,1.86578323998666
18.852062,51.147575,0.00166,"2021-10-09 12:06:18",413.604645,0.568639,0,51.138855,51.141418,51.156292,51.153721,18.833557,18.866058,18.870361,18.837891,-0.0353549999999814,0.71,0.00204239596150483,0.00179832822157044,0.00152416761624157,0.00151022012749904,0.00180706634128141,0.00022090172663185,0.133073329296295,0.00010399160720438,0.0626455465086627,0.00024415533415816,0.147081526601301,0.909642991471284,547.977705705593
18.858791,51.346668,0.079972,"2021-10-09 12:06:57",415.314911,0.603992,0,51.338306,51.340794,51.355103,51.352589,18.848114,18.880768,18.869507,18.83667,1.67491100000001,0.71,0.0374400812865332,0.0636508425907834,0.0861607674539831,0.107445755186514,0.04905632158734,0.026179856561513,0.32736278399331,0.0218606858505744,0.273354247118672,0.0341068098103429,0.426484392166544,0.93277521972844,11.6637725670039
18.859392,51.095356,0.000214,"2021-10-09 12:05:56",414.497253,0.540785,0,51.086689,51.089172,51.104198,51.101681,18.835876,18.868591,18.881714,18.849182,0.857253000000014,0.71,0.000296147510247535,0.000242434844724574,0.000219176043773882,0.000224314460410531,0.000268984351397862,3.35822132754417e-05,0.156926230259073,3.88798077325722e-05,0.18168134454473,5.13751350148984e-05,0.240070724368684,0.892495612798407,4170.54024672153
18.86129,51.17844,0.005407,"2021-10-09 12:06:18",414.476562,0.590619,0,51.169971,51.172535,51.18689,51.184338,18.842834,18.875336,18.879608,18.847107,0.836562000000015,0.71,0.00304426950778685,0.00788738927828252,0.00399064484146275,0.00434945025057115,0.00300954924963007,0.00185397684727278,0.342884565798554,0.00169525368314735,0.313529440197402,0.00251219330475348,0.464618698863229,0.923545945947575,170.80561234466
18.861712,51.299419,0.684074,"2021-10-09 12:06:57",414.422516,0.586482,0,51.291248,51.293777,51.307545,51.305035,18.850586,18.88327,18.872528,18.839874,0.782515999999987,0.71,0.734677769813681,0.721006172362885,0.635527569456697,0.72228844319905,0.713426978238782,0.0404652206652733,0.0591532797113665,0.0207556899606639,0.0303412934282898,0.0454778270064926,0.0664808588054693,0.922024603290624,1.34784336678579
18.86368,51.252121,0.402742,"2021-10-09 12:06:56",413.969788,0.746933,0,51.243595,51.246197,51.26062,51.258026,18.852936,18.885681,18.874207,18.841553,0.329788000000008,0.71,0.485898929380005,0.424642964592342,0.35227623635351,0.312673001880928,0.427696983729451,0.0667124861755644,0.165645714068968,0.0176458382194948,0.0438142488727144,0.0690067490771262,0.1713423210818,1.03284598944237,2.56453508559418
18.865831,51.193981,0.011421,"2021-10-09 12:06:18",414.499878,0.667177,0,51.184902,51.187454,51.20303,51.200489,18.847351,18.879852,18.884247,18.851746,0.859878000000037,0.71,0.00898113727234228,0.00736170683484216,0.00889983439997431,0.00990912918154633,0.0149504544963743,0.00149058759458604,0.130512879308821,0.00249570120827562,0.218518624312724,0.00290695302647328,0.254527013963163,0.974286200099795,85.3065581034756
18.870314,51.209499,0.025777,"2021-10-09 12:06:18",413.213562,0.682619,0,51.200909,51.203449,51.218048,51.215515,18.851898,18.884399,18.888702,18.856171,-0.426437999999962,0.71,0.0299740014867106,0.0327746824923294,0.0322837995920607,0.031117054821147,0.0322480066636085,0.0027952866521484,0.108441116194608,0.0045756926929409,0.177510675910343,0.00536195776633048,0.208013258576657,0.984935251553161,38.2098479866998
18.873032,51.284676,0.714021,"2021-10-09 12:06:56",414.057007,0.541261,0,51.276173,51.278698,51.293163,51.290638,18.862366,18.89502,18.883606,18.850922,0.417007000000012,0.71,0.912447918238468,0.735638931234471,0.70008595957893,0.679427893852133,0.755914825111069,0.094005118613239,0.131655957756479,0.0296234078258801,0.0414881464633115,0.0985622068376492,0.138038246546879,0.898208204559337,1.25795768550132
18.874769,51.225098,0.080591,"2021-10-09 12:06:18",414.4039,0.57193,0,51.216389,51.218922,51.233753,51.231232,18.856354,18.888885,18.893219,18.860657,0.763900000000035,0.71,0.110712402850864,0.0703644493273068,0.0644647549046584,0.0677253482747635,0.079220256502365,0.0188474851061761,0.233865879641351,0.000969262022445072,0.0120269263620637,0.0188723915732926,0.234174927390063,0.911899167706439,11.3151489335836
18.875128,51.237156,0.150948,"2021-10-09 12:06:56",413.05014,0.630284,0,51.228634,51.231216,51.245651,51.243053,18.864349,18.897003,18.885712,18.852997,-0.589859999999987,0.71,0.158740041029772,0.157872682967149,0.155813966599933,0.138057332189283,0.132576165386379,0.00850819386487309,0.056365065220295,0.0129908488381291,0.0860617486692711,0.0155290539434115,0.10287684463134,0.949525709063413,6.29041596485818
18.875139,51.118763,0.000859,"2021-10-09 12:06:18",413.655487,0.609399,0,51.109928,51.112446,51.127598,51.125088,18.85672,18.889221,18.893524,18.860992,0.0154870000000074,0.71,0.00098781590262666,0.000888176299077529,0.000815178304092849,0.000806418266096132,0.000971227050092523,7.30946947548808e-05,0.0850927761989299,7.93565081529854e-05,0.092382430911508,0.000107890174657121,0.125599737668359,0.935664017070919,1089.2479826204
18.87989,51.134361,0.00147,"2021-10-09 12:06:18",413.632965,0.559541,0,51.125553,51.128067,51.143192,51.140675,18.86142,18.893951,18.898285,18.865723,-0.00703499999997348,0.71,0.00166735116976006,0.00151804205143259,0.00135558246706519,0.00130580473209841,0.00149044130192296,0.000142378257347582,0.0968559573793076,1.44541832060067e-05,0.00983277769116102,0.000143110068050739,0.0973537877896184,0.903983490535912,614.954755466607
18.882515,51.316807,0.43988,"2021-10-09 12:06:57",414.10498,0.635594,0,51.308117,51.310577,51.325542,51.323071,18.872284,18.904877,18.892883,18.86026,0.464980000000025,0.71,0.320052910657766,0.397816894494345,0.440624840387342,0.483709328059063,0.428062852647739,0.0618400981568522,0.140584018725225,0.00835598502706439,0.018996055804002,0.0624020851079644,0.141861610229982,0.954973168765396,2.170985652372
18.884624,51.150097,0.001896,"2021-10-09 12:06:18",414.380188,0.652557,0,51.141418,51.14394,51.158817,51.156296,18.866119,18.898682,18.902985,18.870422,0.740187999999989,0.71,0.00216443642033574,0.002006017684709,0.00184843385488725,0.0017476289693451,0.00203809275342903,0.000159511768935188,0.0841306798181373,0.000100474749507135,0.0529930113434258,0.000188518380317025,0.0994295254836631,0.964329131462998,508.612411109176
18.884739,51.269794,0.582464,"2021-10-09 12:06:56",413.698242,0.731455,0,51.261402,51.263947,51.278137,51.275616,18.873901,18.906677,18.895325,18.862671,0.058242000000007,0.71,0.733597379892013,0.608455371340819,0.555945275044766,0.544053120843631,0.643890883304318,0.0761215115868464,0.130688783490218,0.043435365731638,0.0745717601974336,0.0876419735201549,0.150467622926318,1.02313612610811,1.75656542912199
18.889242,51.16563,0.002362,"2021-10-09 12:06:18",414.436523,0.595712,0,51.156845,51.159374,51.17448,51.17194,18.870728,18.90329,18.907623,18.875092,0.796523000000036,0.71,0.0028156782249951,0.00410432991861838,0.00234723322996094,0.0031937413534028,0.00249460079667568,0.000727656552054698,0.308067972927476,9.37629225201119e-05,0.0396964108891244,0.000733672640479147,0.310615004436557,0.926808138300233,392.382785055137
18.891607,51.098038,0.000318,"2021-10-09 12:05:56",413.848907,0.66258,0,51.089172,51.091831,51.106873,51.104202,18.868652,18.90155,18.914764,18.881775,0.208907000000011,0.71,0.000368008664607708,0.000329848666771593,0.000315920153117737,0.000291503194971567,0.000345302013668286,2.79559615945353e-05,0.0879118289136329,1.93054390048928e-05,0.0607089276883423,3.39740454442324e-05,0.106836620893813,0.971139669437015,3053.89833156294
18.891624,51.349232,0.023851,"2021-10-09 12:06:57",413.722961,0.693431,0,51.340801,51.343323,51.357609,51.355114,18.880829,18.913605,18.902222,18.869598,0.0829610000000116,0.71,0.00617504749168643,0.0171844416352953,0.0387658990447057,0.0495603013872387,0.0243745344858612,0.0172285083935113,0.722339037923412,0.000370194785137466,0.015521143144416,0.0172324851847966,0.722505772705402,0.992594333202968,41.61646611056
18.893879,51.180958,0.003325,"2021-10-09 12:06:18",414.192261,0.561598,0,51.172535,51.175079,51.189465,51.186893,18.875397,18.907928,18.91217,18.879669,0.552260999999987,0.71,0.00423238271375855,0.00314893153892063,0.00345191504897124,0.00441881271388194,0.00325637000388401,0.000571135616302973,0.171770110166308,4.85287356464228e-05,0.0145951084650896,0.000573193623824635,0.172389059796883,0.905258328961921,272.258144048698
18.894278,51.301899,0.736199,"2021-10-09 12:06:57",413.431244,0.691883,0,51.293777,51.296246,51.310024,51.307556,18.883362,18.916046,18.905243,18.872589,-0.208755999999994,0.71,0.62812920403916,0.692515905332682,0.662105542305924,0.650253997450711,0.717645863180903,0.0418954299397164,0.0569077517623855,0.0131190488570654,0.0178199764697661,0.0439014406682487,0.0596325730790841,0.992335337565758,1.34791725819481
18.898439,51.196503,0.010436,"2021-10-09 12:06:18",413.691925,0.619339,0,51.187458,51.190022,51.205608,51.203033,18.879913,18.912384,18.91684,18.884338,0.0519250000000397,0.71,0.00925633349482808,0.0151427934103123,0.00979994734201026,0.0108278682425544,0.00922517209129508,0.00234243989762278,0.22445763679789,0.000856184625095176,0.0820414550685297,0.00249400817685596,0.238981235804519,0.942171437158751,90.2808966231076
18.90296,51.212017,0.042112,"2021-10-09 12:06:18",414.606628,0.545309,0,51.203457,51.206024,51.220631,51.218048,18.884491,18.916992,18.921326,18.888794,0.966628000000014,0.71,0.0296154472339312,0.0437944234439754,0.0421107773066762,0.0478524340912244,0.0386889689088797,0.00683366677456531,0.162273622116388,0.00242044849674355,0.057476455564769,0.00724966016522057,0.172151884622449,0.895273401287847,21.2593417859006
18.903519,51.334244,0.124099,"2021-10-09 12:06:57",413.136719,0.632293,0,51.325943,51.328465,51.34251,51.339985,18.8927,18.925385,18.914368,18.881592,-0.503280999999959,0.71,0.0537879029163075,0.0734722955370872,0.151243731371201,0.142775257701776,0.0781400369043047,0.0431967751041837,0.348083184426818,0.0324978944612684,0.261870719838745,0.0540562163290881,0.435589459456467,0.952269138622489,7.67346343340792
18.905579,51.114098,0.000713,"2021-10-09 12:05:56",414.668884,0.688141,0,51.105114,51.107788,51.123108,51.120419,18.882477,18.915436,18.928711,18.895691,1.02888400000001,0.71,0.000827626413064734,0.000834995643361702,0.000677774311214076,0.000659508798986981,0.000770644297514618,8.32903380419351e-05,0.116816743396823,4.07606736693212e-05,0.0571678452585151,9.27292452741675e-05,0.130055042460263,0.988755806293805,1386.75428652708
18.905714,51.287174,0.797628,"2021-10-09 12:06:57",413.272614,0.609901,0,51.278702,51.281158,51.295635,51.293163,18.895081,18.927795,18.916382,18.883667,-0.36738600000001,0.71,0.890572363984029,0.85657926018339,0.854055521717425,0.793243859473224,0.915197019086863,0.0418299180839707,0.0524428907761145,0.0831338506537715,0.104226344428445,0.0930643818624251,0.116676422921995,0.940606298603425,1.17925436243891
18.907444,51.227615,0.104474,"2021-10-09 12:06:18",413.856995,0.657881,0,51.218922,51.221508,51.236359,51.233761,18.888947,18.921509,18.925842,18.89328,0.216994999999997,0.71,0.107839002048225,0.11026655733849,0.0925658056126476,0.100408209274872,0.110005105240739,0.00696275762820999,0.0666458413405248,0.003911082023183,0.0374359364356969,0.00798602256328278,0.0764402871842064,0.967972720027471,9.26520206010559
18.907688,51.121353,0.000972,"2021-10-09 12:06:18",413.542908,0.678241,0,51.112457,51.115124,51.130264,51.127605,18.889282,18.921722,18.926056,18.893585,-0.0970919999999751,0.71,0.00120576001795266,0.00108161679539091,0.000922513815612836,0.000874343184789478,0.00106468158704827,0.000133176369803179,0.137012726134958,6.55357786929631e-05,0.0674236406306205,0.000148428042373556,0.152703747297897,0.981891478785657,1010.17641850376
18.907713,51.239708,0.163938,"2021-10-09 12:06:56",413.47171,0.67417,0,51.23122,51.233753,51.248169,51.245655,18.897064,18.929749,18.918365,18.885773,-0.168290000000013,0.71,0.183914618266286,0.202368363744639,0.211814808144117,0.166717463986703,0.196075096994207,0.0211950090364853,0.129286736671701,0.0227243592122536,0.138615569375334,0.031074505783105,0.189550353079243,0.979576854468124,5.97528855096515
18.912437,51.136967,0.00167,"2021-10-09 12:06:18",413.710144,0.702695,0,51.128071,51.130733,51.14584,51.1432,18.894012,18.926483,18.930878,18.898346,0.0701440000000275,0.71,0.00196477921176286,0.00180690673067521,0.0015583793337482,0.00155429504873151,0.00174805063382004,0.000175451144905175,0.105060565811482,5.51901324500583e-05,0.0330479835030289,0.000183926765231142,0.110135787563558,0.998939586188301,598.167416879222
18.915289,51.319344,0.337376,"2021-10-09 12:06:57",413.680969,0.717339,0,51.310581,51.31311,51.328075,51.32555,18.904938,18.937622,18.925659,18.892944,0.0409690000000182,0.71,0.158564524911015,0.285942675438693,0.346362599257554,0.346451091661261,0.26363173643063,0.0802771954349628,0.237945779886426,0.0521450688435096,0.1545606944285,0.095726361633552,0.283737911509864,1.01382383934912,3.00502655597649
18.917164,51.152721,0.002141,"2021-10-09 12:06:18",414.810577,0.700178,0,51.143948,51.146587,51.161457,51.158825,18.898743,18.931274,18.935547,18.903046,1.17057700000004,0.71,0.00236136285453733,0.00218930718162135,0.00198683066857441,0.00193568202556525,0.002263790114412,0.000169681664845548,0.0792534632627502,8.68257225633973e-05,0.0405538171711337,0.00019060580653121,0.0890265327095795,0.99717063134379,465.749944579071
18.917273,51.272278,0.745433,"2021-10-09 12:06:57",414.51181,0.710118,0,51.26395,51.266376,51.280598,51.278137,18.906738,18.939178,18.928101,18.895386,0.871810000000039,0.71,0.865221342399967,0.818628570273446,0.700864045520579,0.738923804379457,0.777279302771775,0.0665359878623807,0.0892581732528352,0.0225187366456421,0.0302089344657965,0.0702433710818227,0.0942316359509476,1.00662888151738,1.35039484637437
18.924328,51.351685,0.016204,"2021-10-09 12:06:58",412.747223,0.69531,0,51.343327,51.345715,51.360004,51.357616,18.913666,18.946228,18.934906,18.902283,-0.892776999999967,0.71,0.00599720480119643,0.00581251874907245,0.0191189391154354,0.0226729775769874,0.0104135017580308,0.00770314414384951,0.475385345831246,0.0040945005733452,0.252684557723106,0.00872372424174717,0.538368565894049,0.993796809948918,61.3303388020809
18.924562,51.100861,0.000351,"2021-10-09 12:05:57",413.368805,0.680792,0,51.091831,51.094524,51.109509,51.106876,18.901611,18.933777,18.946838,18.914825,-0.271194999999977,0.71,0.000375660322879436,0.000351902860083116,0.000340839826647079,0.000309647578688949,0.000379434260221693,2.39140343635585e-05,0.0681311520329303,2.0106058220782e-05,0.0572822171532251,3.12431531174261e-05,0.0890118322433792,0.983655299502897,2802.43675072051
18.927023,51.304424,0.626828,"2021-10-09 12:06:57",414.542084,0.539012,0,51.296249,51.298779,51.312557,51.310028,18.916107,18.94873,18.937988,18.905304,0.902084000000002,0.71,0.539691005909183,0.633730786857257,0.667109265119829,0.624250495786308,0.609426973707961,0.0471909956460006,0.0752853983006513,0.0123043836907063,0.0196296012474016,0.0487687187454107,0.0778023935519962,0.892755467119675,1.42424312111085
18.931023,51.199158,0.012473,"2021-10-09 12:06:19",412.931641,0.638665,0,51.190029,51.192627,51.208191,51.205612,18.912476,18.945038,18.949524,18.916901,-0.708358999999973,0.71,0.00718219920854863,0.00982398194482925,0.013079618037841,0.0134186337131117,0.011797261601073,0.0026510316649521,0.212541623102068,0.000477819204189422,0.0383082822247592,0.00269374833280151,0.21596635394865,0.954987035778539,76.5643418406589
18.935583,51.214672,0.053423,"2021-10-09 12:06:19",414.173523,0.618215,0,51.206036,51.208614,51.223206,51.220638,18.917053,18.949677,18.95401,18.921387,0.533523000000002,0.71,0.0471144586779601,0.0438635267102271,0.0480567925243437,0.0393937214401549,0.0439785543533106,0.0051984412853917,0.0973071764107538,0.00667823156132184,0.125006674303612,0.00846301179157279,0.158415135645186,0.941467688661477,17.6228906774512
18.936306,51.336712,0.032605,"2021-10-09 12:06:58",413.507904,0.615854,0,51.328472,51.330868,51.344898,51.342514,18.925446,18.958038,18.946991,18.914429,-0.13209599999999,0.71,0.0298099943557728,0.0428099913441583,0.0472627197846286,0.0961424017872513,0.0308161046166557,0.0269172677004987,0.825556439211739,0.00126494005639607,0.0387958919305648,0.0269469733700575,0.826467516333614,0.940267136876434,28.8381271852916
18.938255,51.116913,0.000923,"2021-10-09 12:05:57",414.770538,0.591356,0,51.107792,51.110416,51.125675,51.123112,18.915497,18.947601,18.960938,18.928772,1.130538,0.71,0.00110823391248643,0.00100512937174091,0.00087473639722241,0.000867672427690781,0.000970239683409836,0.000101344820910869,0.109799372601158,3.34035004802007e-05,0.0361901413653312,0.00010670785617651,0.115609811675526,0.924014031345069,1001.09862550928
18.938459,51.289684,0.750211,"2021-10-09 12:06:57",413.789459,0.564159,0,51.28117,51.283695,51.298161,51.295639,18.927856,18.96048,18.949036,18.916443,0.149459000000036,0.71,0.902768613078528,0.787836899728297,0.818048780796512,0.811102763156099,0.812704501685501,0.0562543274066679,0.0749846741872192,0.0441895788219107,0.0589028670892732,0.0715350838989824,0.0953532858075693,0.909666227530425,1.21254717343577
18.940233,51.123951,0.001026,"2021-10-09 12:06:19",413.790588,0.572439,0,51.115124,51.117645,51.132801,51.130268,18.921814,18.954346,18.958618,18.926117,0.150588000000027,0.71,0.00129821232423746,0.00113399311395089,0.000985470750405651,0.000915139034916809,0.00118309836838267,0.000149351560485124,0.145566823084917,0.000111085321596728,0.108270293953926,0.000186133923005964,0.181417078953182,0.912023269092865,888.911568316633
18.945068,51.139523,0.001887,"2021-10-09 12:06:19",413.618927,0.566413,0,51.130733,51.13327,51.148388,51.145844,18.926544,18.959045,18.96347,18.930939,-0.0210730000000012,0.71,0.00219786626815643,0.00191567824995368,0.00175242299247152,0.00174174997524454,0.0019369403002377,0.000184360776551043,0.0977004645209552,3.53131249525698e-05,0.0187138976961154,0.000187712313726136,0.0994765838506284,0.908253115494196,481.321205879277
18.948097,51.321815,0.227884,"2021-10-09 12:06:58",413.215607,0.627222,0,51.31311,51.315517,51.330475,51.328075,18.937683,18.970306,18.958313,18.925751,-0.424393000000009,0.71,0.132591621899126,0.109615179699364,0.265855441128204,0.241973987932168,0.126299806453215,0.0698070092849873,0.306326943905615,0.0718308721182984,0.315208053739176,0.100163330289032,0.439536475965981,0.952649006727341,4.18041199350258
18.95006,51.274776,0.926584,"2021-10-09 12:06:57",414.239105,0.695519,0,51.266384,51.268909,51.283131,51.280609,18.93924,18.971893,18.960724,18.928162,0.599105000000009,0.71,1.05375473614317,0.941012610271947,0.846930321498705,0.778369500232673,0.897972137849726,0.103928298715711,0.112162846234892,0.0202316417488335,0.021834654762907,0.105879226488463,0.114268351804546,0.999528433794054,1.07872403774947
18.959793,51.306892,0.546012,"2021-10-09 12:06:58",413.972961,0.592902,0,51.298782,51.301193,51.314968,51.312561,18.948792,18.981445,18.970673,18.938049,0.332961000000012,0.71,0.369610334053722,0.486553866548821,0.500805656444591,0.530195445856106,0.508687398364068,0.0694959119259319,0.127279092631539,0.0263924789218541,0.0483368111357518,0.0743387161448017,0.136148502495919,0.927986544257005,1.69957170219154
18.961634,51.259647,0.613406,"2021-10-09 12:06:57",414.644989,0.590738,0,51.251171,51.253696,51.268127,51.265598,18.950989,18.983673,18.97226,18.939606,1.00498900000002,0.71,0.767996488328583,0.703496289713901,0.564770129653997,0.569731950921074,0.700502730313073,0.0889437661088396,0.144999830632305,0.0615866886235498,0.100401183919867,0.108184628045014,0.176367084842688,0.929932953706469,1.51601541834685
18.963646,51.201694,0.007619,"2021-10-09 12:06:19",413.757507,0.57004,0,51.192627,51.19516,51.210697,51.208202,18.945129,18.977661,18.982178,18.949585,0.117506999999989,0.71,0.00997074972773162,0.0102882708809752,0.0108758918571825,0.0103970826266369,0.0122325849180252,0.00127806650555816,0.167747277274991,0.0032622971811156,0.428179181141305,0.00350371758144752,0.459865806726279,0.910526154284922,119.50730467055
18.968237,51.217197,0.045349,"2021-10-09 12:06:19",413.158478,0.564563,0,51.208618,51.211117,51.225704,51.223206,18.949738,18.982361,18.986664,18.954071,-0.481521999999984,0.71,0.0480640835301657,0.0329138189442871,0.0341996669497737,0.0370298009779087,0.0433665810503445,0.00680306707922797,0.150015812459546,0.00140178188245412,0.0309109767018924,0.00694598546863237,0.15316733486146,0.907127128732864,20.0032443655398
18.971071,51.119427,0.001113,"2021-10-09 12:05:57",413.944855,0.598595,0,51.110424,51.113056,51.128311,51.125683,18.947662,18.980255,18.993561,18.960999,0.304855000000032,0.71,0.00127297593774124,0.00120469033624073,0.00111450131662878,0.000935802180709194,0.00129911061794018,0.000126734425372788,0.113867408241499,0.00013160007999632,0.118239065585193,0.000182702478444078,0.164153170210312,0.928663559856418,834.378759978813
18.971201,51.29216,0.861374,"2021-10-09 12:06:57",414.490601,0.630344,0,51.283703,51.286121,51.300579,51.298168,18.96051,18.993164,18.98175,18.949097,0.85060100000004,0.71,0.891520255062536,0.834514754467106,0.779447424999042,0.868416643552636,0.77045694312641,0.0429143170714708,0.0498207713159102,0.0642880674408385,0.0746343254391687,0.0772954993837839,0.0897351201496491,0.952579735539754,1.10588401268178
18.972822,51.126453,0.001173,"2021-10-09 12:06:19",414.080261,0.576029,0,51.117657,51.120071,51.135197,51.132809,18.954407,18.986908,18.991302,18.958679,0.440261000000021,0.71,0.00144315237718553,0.00128362520489208,0.00111575080713435,0.00107814713885223,0.00129537470169592,0.000147509557979311,0.125754098874093,8.6531981414866e-05,0.073769805127763,0.000171017114648898,0.145794641644415,0.914280831084112,779.438048665057
18.973124,51.244682,0.354309,"2021-10-09 12:06:57",414.356415,0.662718,0,51.236221,51.238739,51.253155,51.250629,18.962402,18.995087,18.983704,18.951019,0.71641500000004,0.71,0.426304587870342,0.386183200400165,0.35928060369642,0.312620928239737,0.354560326548806,0.0420119858236711,0.118574424651,0.000177714706952932,0.00050158112538189,0.0420123616970697,0.118575485514254,0.972142060636904,2.74376902826884
18.977665,51.142014,0.001927,"2021-10-09 12:06:19",413.919128,0.707945,0,51.133282,51.135662,51.150776,51.148388,18.959106,18.99173,18.996124,18.963531,0.279128000000014,0.71,0.00217112271674077,0.00207089854141746,0.00186150667100351,0.00181398215845265,0.00202420316715118,0.000148817173353408,0.0772273862757697,6.8733018645409e-05,0.0356684061470726,0.000163923088480569,0.085066470410259,1.00263959122697,520.311152686542
18.98081,51.324238,0.071784,"2021-10-09 12:06:58",412.754486,0.70857,0,51.315521,51.318008,51.332981,51.330475,18.970367,19.003082,18.99115,18.958405,-0.885514000000001,0.71,0.0462498102373118,0.0481698065330864,0.149759132729115,0.141553302420505,0.0500382800944615,0.0505303512095795,0.703922200066581,0.0153765460069896,0.21420575625473,0.0528181271957698,0.735792477373367,1.00447060656869,13.9929595253634
18.982405,51.157742,0.002447,"2021-10-09 12:06:19",415.040375,0.632403,0,51.149136,51.15152,51.166393,51.164021,18.963928,18.996521,19.000885,18.968231,1.400375,0.71,0.00265475440530841,0.00256434985360209,0.00238574180918434,0.00231538865704884,0.00257658765682808,0.000136482405545673,0.055775400713393,9.16323109012107e-05,0.0374467964451209,0.000164389559962394,0.0671800408509989,0.950806805525143,388.560198416487
18.992485,51.309299,0.33406,"2021-10-09 12:06:58",413.606171,0.561445,0,51.301197,51.303665,51.317459,51.314972,18.981506,19.014191,19.003448,18.970734,-0.0338289999999688,0.71,0.225817255630311,0.243462696798049,0.38509263630397,0.344880427594046,0.276328855422842,0.0687253372825478,0.205727525841309,0.0408220838161694,0.122199855762945,0.0799350643440932,0.239283554882635,0.908685920732072,2.72012788341038
18.994461,51.262154,0.783288,"2021-10-09 12:06:57",413.232391,0.618788,0,51.253704,51.256134,51.270565,51.268131,18.983734,19.016357,19.005005,18.972321,-0.407608999999979,0.71,0.8415405965138,0.782039719919513,0.605082526407212,0.650691532924491,0.798893086479479,0.0998139397699927,0.127429425409291,0.0110344624706421,0.0140873631035355,0.100422019171214,0.128205741912571,0.947144746529496,1.20919093172562
18.996399,51.20409,0.011655,"2021-10-09 12:06:19",412.64151,0.639794,0,51.195164,51.197559,51.213139,51.210705,18.977722,19.010437,19.014923,18.982269,-0.998490000000004,0.71,0.0120309303121136,0.00573684408357115,0.0144456054345064,0.0101501226667689,0.0112957991486873,0.0032246888737993,0.276678582050562,0.000253993357771191,0.0217926518894201,0.0032346763298044,0.277535506632724,0.955744121387602,82.0029276179838
19.00094,51.219601,0.056524,"2021-10-09 12:06:19",413.640778,0.628296,0,51.211121,51.213562,51.228168,51.225704,18.982422,19.015076,19.019409,18.986725,0.000778000000025258,0.71,0.0380114304190831,0.0629186586920353,0.0443441621060117,0.0793139097014006,0.0507608241276004,0.016208644390098,0.286756853550668,0.00407518074054445,0.0720964677047706,0.0167130862210652,0.295681236661687,0.948227394071186,16.7756597917909
19.00387,51.294552,0.782926,"2021-10-09 12:06:58",414.412384,0.556546,0,51.286121,51.288574,51.303055,51.300583,18.993225,19.02594,19.014526,18.981812,0.772383999999988,0.71,0.703398968521668,0.8255517039341,0.822688681720823,0.801673884188425,0.728939844691983,0.0499516304895646,0.063801215554937,0.0381739765084889,0.0487580901751748,0.0628682580563249,0.0802991062454497,0.904320666570789,1.15505254209311
19.005461,51.235191,0.134815,"2021-10-09 12:06:19",413.616821,0.66361,0,51.226582,51.229038,51.243885,51.241394,18.986877,19.019562,19.023956,18.991272,-0.0231789999999705,0.71,0.145541173580284,0.153111839757482,0.12935671737524,0.127637093507651,0.132908013312885,0.010925139976246,0.0810380148814749,0.00134844321809149,0.0100021749663723,0.0110080417247114,0.0816529445885944,0.971905041185924,7.20917584234636
19.005829,51.247177,0.474984,"2021-10-09 12:06:57",414.534454,0.718034,0,51.238743,51.24118,51.255585,51.253159,18.995178,19.027832,19.016388,18.983765,0.894453999999996,0.71,0.546138518774699,0.418772112733212,0.414121650332172,0.399338737928837,0.491198829653749,0.0606085064354427,0.127601153797691,0.0114656160039506,0.0241389520572285,0.0616834775501929,0.129864327114583,1.01167073524872,2.12990487100349
19.01029,51.144516,0.002062,"2021-10-09 12:06:19",412.429535,0.725266,0,51.13567,51.138271,51.153378,51.150784,18.991791,19.024292,19.028687,18.996185,-1.210465,0.71,0.00219499914302025,0.00205960390945989,0.00194841536413704,0.00186584475995328,0.00208548512811934,0.000125154764885541,0.0606958122626288,1.66064933502202e-05,0.00805358552387011,0.000126251696206213,0.0612277867149431,1.01494373572898,492.213256900571
19.013552,51.326763,0.027309,"2021-10-09 12:06:58",412.696014,0.638156,0,51.318012,51.320557,51.335537,51.332989,19.003174,19.035889,19.023956,18.991211,-0.943985999999995,0.71,0.00733457630051816,0.0158534328560948,0.068966079850995,0.0532474337994782,0.0136895708768601,0.0258685777653849,0.947254669353871,0.00963039068886178,0.352645306999955,0.0276030386085279,1.01076709540913,0.955041888126601,34.9716902166539
19.015421,51.279633,1.043336,"2021-10-09 12:06:58",414.765015,0.590493,0,51.271351,51.273785,51.28801,51.285564,19.0047,19.037354,19.026215,18.99353,1.12501500000002,0.71,1.43993145924064,1.24901301146681,1.07141572245378,1.07399773246596,1.16432348820926,0.168768867102684,0.161758884101272,0.0855510733514951,0.0819976243046297,0.189213944133926,0.181354754493208,0.942647282764723,0.903493488928517
19.019732,51.175804,0.002786,"2021-10-09 12:06:19",413.769745,0.562321,0,51.166946,51.16951,51.184597,51.182053,19.001251,19.033783,19.038208,19.005615,0.129745000000014,0.71,0.00274274516464267,0.00274174803502354,0.00268685333185296,0.00273900723719561,0.00278217243540453,3.51762933946969e-05,0.0126260923886206,2.70649688088628e-06,0.000971463345616036,3.52802599530679e-05,0.0126634098898305,0.905706855602682,325.092195119412
19.022106,51.108429,0.000564,"2021-10-09 12:05:58",414.046906,0.575194,0,51.099796,51.102329,51.117352,51.114777,18.999054,19.031311,19.044434,19.012207,0.406905999999992,0.71,0.000593356012878518,0.000618089822467101,0.000555902499399542,0.000517448904850773,0.000630585390735525,3.82563790776907e-05,0.0678304593576077,4.70829813170456e-05,0.0834804633280951,6.06659514871171e-05,0.107563743771484,0.913754967875063,1620.1329217643
19.022558,51.3591,0.003979,"2021-10-09 12:06:59",414.417816,0.653445,0,51.35078,51.353168,51.367481,51.365086,19.011902,19.044525,19.033264,19.000671,0.77781600000003,0.71,0.00422082057607767,0.00415947320048629,0.00462516726425233,0.00393290604736166,0.00417396495469113,0.000274616851436495,0.0690165497452864,0.000137861041555826,0.03464715796829,0.000307278508639558,0.0772250587181599,0.964930288904376,242.505727294389
19.024408,51.191135,0.003401,"2021-10-09 12:06:20",414.271362,0.552106,0,51.182652,51.185196,51.199551,51.197006,19.00592,19.038513,19.042816,19.010284,0.631362000000024,0.71,0.00341904907556909,0.00381588606550527,0.00502291703712964,0.00313498628239691,0.00381271879601084,0.000747302780360601,0.219730308838754,0.000291129152601226,0.0856010445754854,0.000802008496855858,0.235815494518041,0.899400732962582,264.451847386822
19.025244,51.311825,0.156529,"2021-10-09 12:06:58",414.271362,0.682772,0,51.303669,51.306202,51.320007,51.317463,19.014282,19.046967,19.036224,19.00354,0.631362000000024,0.71,0.0735831999473985,0.112602706806147,0.165043291607457,0.200457949848984,0.0773975166852326,0.0492540353188799,0.314663962070159,0.0559544084572222,0.35746991584449,0.0745443211853936,0.476233293417792,0.987843337683153,6.31092856712272
19.027056,51.264519,1.011515,"2021-10-09 12:06:58",413.306427,0.581711,0,51.256138,51.258556,51.272999,51.270569,19.016418,19.049072,19.03772,19.005066,-0.333573000000001,0.71,1.23027521853925,1.09005714405468,0.904199661050675,0.817981565545525,1.00789406637536,0.160463514877739,0.1586368119877,0.00256038672020933,0.0025312394973968,0.160483940589317,0.15865700517473,0.931795461841318,0.921187982225986
19.029013,51.20668,0.005024,"2021-10-09 12:06:20",413.07724,0.563377,0,51.197567,51.200115,51.215679,51.213146,19.010498,19.04306,19.047546,19.014984,-0.562759999999969,0.71,0.00590450340105538,0.0121197114337992,0.0130664486429992,0.0082952274988188,0.00572072830712929,0.00360854325652832,0.718260998512802,0.000492661310615745,0.0980615666034524,0.00364201861626401,0.724924087632167,0.906370182888096,180.408077804159
19.033587,51.222191,0.044141,"2021-10-09 12:06:20",412.588562,0.640979,0,51.213562,51.216099,51.230682,51.228176,19.015137,19.047699,19.052063,19.01947,-1.05143799999996,0.71,0.0348010341758318,0.0359193346041073,0.0451850225772842,0.0437453295315398,0.0448976960727574,0.00497155608640845,0.112628986348484,0.000535064924343986,0.0121217218536958,0.0050002664322582,0.11327940989688,0.956545388941577,21.6702247103957
19.038059,51.131447,0.001957,"2021-10-09 12:06:20",414.20993,0.638444,0,51.122669,51.125195,51.140331,51.137814,19.019562,19.052124,19.056549,19.023895,0.569929999999999,0.71,0.00219279999430477,0.0020846894108415,0.00184135582539471,0.00176775302427395,0.00208364793356549,0.000173498893946981,0.0886555411072973,8.95536126474215e-05,0.0457606605249982,0.000195247831585987,0.0997689481788388,0.954835472349931,487.907752861487
19.038494,51.249557,0.599733,"2021-10-09 12:06:58",412.478851,0.714417,0,51.241192,51.243587,51.258011,51.255596,19.027893,19.060516,19.049133,19.016449,-1.16114899999997,0.71,0.596396703929299,0.612472229400333,0.551052480634835,0.588272586832795,0.597444218067312,0.0232361999915623,0.0387442411732593,0.00161841322526094,0.00269855623295856,0.0232924934563816,0.0388381053841986,1.00748905211938,1.67989597390736
19.042921,51.147015,0.002323,"2021-10-09 12:06:20",413.914337,0.687573,0,51.138275,51.140797,51.155933,51.153378,19.024353,19.056976,19.061371,19.028748,0.274337000000003,0.71,0.00242823506238085,0.00240330750851122,0.00225937067092134,0.00211266421201518,0.00234796262736302,0.000126737760917465,0.0545577963484565,1.76512430846243e-05,0.00759846882678617,0.000127961034791084,0.055084388631547,0.98836058536499,425.467320432626
19.04768,51.162769,0.002595,"2021-10-09 12:06:20",415.453217,0.611277,0,51.154125,51.156681,51.171555,51.168972,19.029144,19.061768,19.066162,19.033539,1.81321700000001,0.71,0.00265076764766661,0.00251366607189169,0.0025121210001006,0.00243834343898273,0.00270678690958578,8.2279474754579e-05,0.0317069266876991,7.90452818159925e-05,0.0304606095630029,0.000114096750800621,0.0439679193836691,0.936888245068252,361.035932588922
19.048212,51.282158,1.038466,"2021-10-09 12:06:58",414.021179,0.638352,0,51.273785,51.276321,51.290543,51.288013,19.037415,19.07016,19.05896,19.026276,0.381179000000031,0.71,1.28840956132678,1.09546627891247,1.12449159144702,1.11650018195359,1.18317707086083,0.0933296185160793,0.0898725798592147,0.10232617951846,0.098535897678364,0.138495720898521,0.133365676775668,0.964766469468752,0.929030386617138
19.052406,51.178307,0.002805,"2021-10-09 12:06:20",414.08667,0.592472,0,51.169521,51.172108,51.187183,51.184601,19.033844,19.066467,19.070923,19.0383,0.44667000000004,0.71,0.00285854447809525,0.00276623892459823,0.00270877290702953,0.00263189994654202,0.00276779637586765,8.75131569173668e-05,0.0311989864233037,2.63069349087004e-05,0.00937858642021406,9.13816582139669e-05,0.0325781312705764,0.924728651624144,329.671533555845
19.05456,51.110947,0.00073,"2021-10-09 12:05:58",413.681244,0.551244,0,51.102337,51.10463,51.119625,51.117355,19.031372,19.064178,19.077332,19.044495,0.0412440000000061,0.71,0.000835626622271192,0.000771747441174538,0.000773746968992951,0.000712314499347815,0.000755645009491813,4.77242854038128e-05,0.0653757334298806,1.81337601152544e-05,0.0248407672811704,5.10533120690732e-05,0.0699360439302372,0.898871487000472,1231.33080411024
19.057104,51.193645,0.003349,"2021-10-09 12:06:20",413.726593,0.542688,0,51.1852,51.187778,51.202145,51.199554,19.038574,19.071228,19.0755,19.042908,0.0865929999999935,0.71,0.00371112008245549,0.00348439535686128,0.00337466316260965,0.00318970101611521,0.00345941764740088,0.000193012917750209,0.0576330002240098,7.80770672398275e-05,0.0233135465033823,0.000208206663791583,0.0621698010724346,0.893649992275508,266.840845707826
19.058012,51.314293,0.036523,"2021-10-09 12:06:59",412.493591,0.705172,0,51.30621,51.30859,51.322376,51.320007,19.046997,19.07959,19.068878,19.036285,-1.14640900000001,0.71,0.0257710266608339,0.0343586078391815,0.0959798609414926,0.071093715814461,0.0228375848524336,0.0297268250523415,0.813920681552488,0.0096770498541973,0.264957693896922,0.0312622683369768,0.855961129616317,1.00117175300024,27.4120897242899
19.066322,51.224716,0.043005,"2021-10-09 12:06:20",414.520905,0.609704,0,51.216106,51.218678,51.233261,51.230686,19.04776,19.080383,19.084747,19.052124,0.880905000000041,0.71,0.0518989357859509,0.0324921837696531,0.0563591958198757,0.0553113507276429,0.0396674137394297,0.0100474110008773,0.233633554258279,0.00236002987764431,0.054878034592357,0.0103208627955188,0.239992158947071,0.935919594743504,21.7630413845716
19.068346,51.126957,0.001664,"2021-10-09 12:05:58",413.221436,0.631052,0,51.118267,51.120541,51.135799,51.133549,19.045197,19.078003,19.091492,19.058655,-0.418564000000003,0.71,0.00190145244506347,0.00177634430751777,0.00163480003396502,0.00157750883560202,0.00174559502794843,0.000128818843894579,0.0774151706097227,5.76963975734408e-05,0.0346733158494236,0.000141149455667701,0.0848253940310704,0.949908757000992,570.858628005404
19.06934,51.299549,0.313594,"2021-10-09 12:06:58",413.967957,0.608106,0,51.291111,51.293499,51.307972,51.305592,19.058716,19.091309,19.079926,19.047333,0.327957000000026,0.71,0.156578010064799,0.257774587794427,0.35404951069058,0.391879876238893,0.28391876387032,0.0918754835338525,0.292975897287105,0.0209835607006088,0.0669131447049649,0.094241255797317,0.300519958281463,0.9395607066764,2.99610549524672
19.070667,51.134037,0.002464,"2021-10-09 12:06:20",413.715302,0.689407,0,51.125202,51.127686,51.142811,51.140335,19.052185,19.084717,19.089142,19.05661,0.075302000000022,0.71,0.00271262149655846,0.0025472788633047,0.00230256964008782,0.00220416541924081,0.00256416040041309,0.000200452352457739,0.0813524157701861,7.08240983384558e-05,0.0287435464035941,0.000212596327605386,0.0862809771125756,0.989637336020726,401.638529229191
19.073015,51.097565,0.000293,"2021-10-09 12:05:58",413.45636,0.540937,0,51.088211,51.090942,51.106918,51.104191,19.049988,19.082214,19.096222,19.063843,-0.183639999999968,0.71,0.000297994426276142,0.000293165168207437,0.000277068383915052,0.000266131987304887,0.000303129497583069,1.3391449093166e-05,0.0457046044135358,7.16263643100082e-06,0.0244458581262827,1.51866477360067e-05,0.0518315622389306,0.89258772017076,3046.37447157256
19.075523,51.149601,0.002614,"2021-10-09 12:06:20",414.482544,0.713347,0,51.140804,51.14328,51.158405,51.155945,19.057037,19.0896,19.093994,19.061432,0.842544000000032,0.71,0.00278620305722051,0.00271965559571687,0.00256187322497804,0.00251298489822775,0.00266360460487611,0.000112502660448893,0.0430385082053914,3.50757524859767e-05,0.0134184209969307,0.000117843782273553,0.0450817835782527,1.00646110520783,385.027201686238
19.08032,51.165321,0.002652,"2021-10-09 12:06:20",414.544098,0.603656,0,51.156689,51.159149,51.174011,51.171558,19.061829,19.094391,19.098816,19.066223,0.904098000000033,0.71,0.00276309372656126,0.00266920804332656,0.00268352738372299,0.00256823472509526,0.00266396933968777,6.98057793307935e-05,0.026321937907539,8.4636012595476e-06,0.00319140318987466,7.03169920734672e-05,0.0265147028934643,0.931933780523316,351.407911207887
19.080912,51.284645,1.110935,"2021-10-09 12:06:58",413.89328,0.642888,0,51.276321,51.278698,51.292927,51.290546,19.070221,19.102692,19.091583,19.05899,0.253280000000018,0.71,1.04775675096673,1.14130951665372,0.978093001471631,1.02401174308991,0.960016382034907,0.0658758925105439,0.0592977019452479,0.106715578170419,0.0960592457438276,0.125410716600726,0.112887537615365,0.965988006334606,0.869527025734725
19.085051,51.180828,0.002814,"2021-10-09 12:06:20",413.831238,0.549977,0,51.172108,51.174564,51.189667,51.187183,19.066528,19.099121,19.103546,19.070984,0.191237999999998,0.71,0.00288044385594375,0.00287647382976709,0.00274402760743001,0.00275405495837896,0.00278357060749573,6.48211177702788e-05,0.0230352230882298,2.15168297871566e-05,0.0076463503152653,6.82989844220089e-05,0.0242711387427182,0.898095042405731,319.152467095142
19.086887,51.11351,0.00091,"2021-10-09 12:05:58",413.703339,0.578252,0,51.10463,51.107361,51.122356,51.119629,19.06427,19.096588,19.109833,19.077423,0.0633390000000418,0.71,0.00102294432197244,0.000942477940608482,0.000848781776631791,0.000833365699251542,0.00100487473764391,7.65184017532121e-05,0.0840861557727605,6.70865703513033e-05,0.0737215058805531,0.000101762830780036,0.111827286571469,0.915683016037577,1006.24507256877
19.089691,51.196159,0.00343,"2021-10-09 12:06:20",413.97641,0.547955,0,51.187786,51.190266,51.204639,51.202148,19.071289,19.103851,19.108185,19.075562,0.336410000000001,0.71,0.00349511297396955,0.0033474498903147,0.00328864644688053,0.00328962928713698,0.00352081569585174,9.06083262511983e-05,0.0264164216475797,6.42163943749404e-05,0.0187219808673296,0.000111056805701233,0.0323780774639164,0.89685823537425,261.474704190743
19.092527,51.269531,1.251105,"2021-10-09 12:06:58",413.123016,0.678555,0,51.261089,51.26347,51.277912,51.275543,19.081909,19.114441,19.103058,19.070618,-0.516983999999979,0.71,1.32335828675595,1.33691867049765,1.16607022152273,1.17365225013625,1.25512317455833,0.0803281663143507,0.0642057751462513,0.00284127847818647,0.00227101520510786,0.0803783998771846,0.0642459265027193,0.985392092109439,0.78761741988837
19.098951,51.227207,0.030221,"2021-10-09 12:06:20",413.288269,0.596769,0,51.218685,51.221191,51.235752,51.233265,19.080475,19.113098,19.117493,19.084839,-0.351730999999972,0.71,0.0306298258794296,0.035923330758954,0.027493273470595,0.0286943922983221,0.0376720855284454,0.00323129926994528,0.106922314613854,0.00526871310436469,0.174339469387667,0.00618066604404842,0.204515603191437,0.927508188639727,30.6908503570275
19.100098,51.349041,0.004168,"2021-10-09 12:06:59",413.138641,0.602589,0,51.340801,51.343189,51.357258,51.354862,19.089203,19.121887,19.110931,19.078186,-0.501358999999979,0.71,0.004343024071943,0.00423857714608244,0.00403475580296975,0.00401470362954269,0.0041367353819695,0.00013832312395203,0.0331869299309094,2.21074234205735e-05,0.00530408431395717,0.00014007863787939,0.0336081184931358,0.9312429986545,223.42682309369
19.100786,51.129574,0.002201,"2021-10-09 12:05:58",414.17099,0.625038,0,51.120544,51.123272,51.138523,51.135803,19.078094,19.110504,19.124146,19.091553,0.530990000000031,0.71,0.00250883564668838,0.00235375421167625,0.00209291537549673,0.00207210422487187,0.00228821736341494,0.000184656981623893,0.0838968567123546,6.16719891079157e-05,0.0280199859645233,0.000194683422773932,0.0884522593248214,0.945924172090784,429.770182685499
19.103348,51.136528,0.002597,"2021-10-09 12:06:20",414.401062,0.614298,0,51.127689,51.130108,51.145214,51.142818,19.084778,19.117371,19.121796,19.089203,0.761062000000038,0.71,0.00283808133321436,0.0027701349129871,0.00260605597476544,0.00249680219167525,0.00282421473923539,0.000139052241595277,0.0535434122430794,0.000160665082898878,0.061865646091212,0.00021248245752432,0.0818184280032038,0.938862118712218,361.517950986607
19.103535,51.242798,0.334331,"2021-10-09 12:06:20",414.720215,0.637921,0,51.234142,51.236629,51.251446,51.248962,19.084991,19.117676,19.12207,19.089386,1.08021500000001,0.71,0.326797921763326,0.34465038765412,0.342955711581928,0.31013072387438,0.335176745720771,0.014058476396526,0.042049574812165,0.000598032534316684,0.00178874389247986,0.0140711904792657,0.042087603241296,0.954589545638597,2.85522295461264
19.103958,51.254566,1.023871,"2021-10-09 12:06:58",412.606018,0.741071,0,51.24612,51.248493,51.262928,51.26054,19.093384,19.125793,19.114471,19.08197,-1.03398199999998,0.71,1.14888202033552,1.03769315938894,0.93231666264651,0.954877145251765,0.929688093186136,0.0849512325164404,0.0829706403603973,0.0665973720799439,0.0650446902783104,0.107944068266935,0.105427410549703,1.03195840464382,1.0078988511676
19.105993,51.10025,0.000301,"2021-10-09 12:05:59",413.578827,0.598592,0,51.090946,51.093494,51.109451,51.106922,19.082336,19.114929,19.128815,19.096252,-0.0611729999999966,0.71,0.000287587957738964,0.000313800113055638,0.000314577413284375,0.000266438767972644,0.000277862123705092,2.01821419620317e-05,0.0670503055217001,1.63609492303849e-05,0.0543553130577572,2.59807527584332e-05,0.0863147932173861,0.928661608520025,3085.25451335556
19.108196,51.152092,0.00286,"2021-10-09 12:06:20",414.639343,0.632584,0,51.143284,51.145679,51.160816,51.158413,19.089661,19.122253,19.126648,19.094055,0.99934300000001,0.71,0.00311014658133026,0.00293881352107078,0.00277688954351426,0.00275267330470152,0.00300155575879239,0.000144372373730428,0.0504798509546951,0.000100095036958106,0.0349982646706665,0.00017567697265209,0.061425514913318,0.95092720432134,332.492029482986
19.111824,51.334129,0.003488,"2021-10-09 12:06:59",412.877441,0.679554,0,51.325413,51.327808,51.342793,51.340405,19.101349,19.134033,19.122162,19.089478,-0.76255900000001,0.71,0.00363275375657586,0.00407755889878194,0.00341481847803022,0.00345423961307722,0.00354288631860705,0.000272171744195974,0.0780308899644422,3.88104880814102e-05,0.0111268601150832,0.00027492492124905,0.0788202182480073,0.982798918650052,281.765745025818
19.11301,51.167805,0.002738,"2021-10-09 12:06:20",413.46344,0.603758,0,51.159161,51.16156,51.176449,51.174023,19.094452,19.127075,19.13147,19.098877,-0.176559999999995,0.71,0.00288094416491735,0.00274887203945051,0.00275042128666988,0.00265061528576234,0.00279565601790069,8.23074420827914e-05,0.0300611548877982,4.0768961233791e-05,0.0148900515828309,9.18510926570523e-05,0.0335467832932989,0.931999855687018,340.394395795113
19.117739,51.183308,0.003044,"2021-10-09 12:06:20",413.315552,0.577417,0,51.174572,51.176998,51.192108,51.189678,19.099182,19.131744,19.13623,19.103638,-0.324447999999961,0.71,0.00308960379405301,0.00295252402599074,0.00291334173608354,0.00291474367881423,0.00306252331023753,7.98830852122782e-05,0.0262428006610638,1.30979582789797e-05,0.00430287722699726,8.09497610503576e-05,0.026593219793153,0.915155942144214,300.642556551976
19.119795,51.116184,0.001256,"2021-10-09 12:05:59",413.697723,0.648649,0,51.107361,51.109882,51.124859,51.12236,19.096649,19.129211,19.142365,19.109894,0.05772300000001,0.71,0.00144179586402442,0.0013039329428882,0.00121067149296959,0.00109491317358783,0.00131081999190115,0.000127153552967519,0.101236905228917,3.87635880178948e-05,0.0308627293136105,0.000132930966250475,0.105836756568849,0.961688901293782,765.67587682626
19.120983,51.366451,0.005467,"2021-10-09 12:07:00",413.654602,0.741002,0,51.358082,51.360477,51.37479,51.372395,19.110291,19.142914,19.131653,19.098999,0.0146020000000249,0.71,0.00578313795408619,0.0056518344939475,0.00546332973713178,0.0053633911147411,0.00566508347023299,0.000168713059084411,0.0308602632310976,0.000140066165042711,0.0256202972457858,0.000219277511148298,0.0401092941555328,1.02624753938152,187.716762279408
19.122425,51.198616,0.003779,"2021-10-09 12:06:21",413.678131,0.535731,0,51.190277,51.192703,51.207092,51.204651,19.103943,19.136536,19.140869,19.108246,0.0381310000000212,0.71,0.00377330946657304,0.00371792308815636,0.00365490151912285,0.00364085990048375,0.003806318190634,6.44144750750381e-05,0.0170453757806399,1.93168778470483e-05,0.00511163742975609,6.72485417607734e-05,0.0177953272719697,0.889442358381568,235.364476946697
19.123476,51.319195,0.00334,"2021-10-09 12:06:59",413.491547,0.601812,0,51.311066,51.313465,51.327255,51.32486,19.112396,19.145081,19.134369,19.101685,-0.148452999999961,0.71,0.00344900897428799,0.00332366418302319,0.00332226992851425,0.00668184146088206,0.00328772451515163,0.00148706802070156,0.445229946317832,3.69643498260972e-05,0.0110671706066159,0.0014875273649084,0.445367474523473,0.930741583943503,278.665144893264
19.127123,51.214115,0.006085,"2021-10-09 12:06:21",412.915131,0.633358,0,51.205212,51.207653,51.223236,51.220776,19.10849,19.141083,19.14563,19.113007,-0.724869000000012,0.71,0.00667608392186502,0.00679634611385258,0.00632266560041352,0.00614992619017591,0.00662482445940854,0.000316573384694129,0.0520252070162907,0.000381713535898141,0.0627302441903272,0.000495907180210731,0.0814966606755515,0.951442379804437,156.358649105084
19.131729,51.229595,0.028387,"2021-10-09 12:06:21",416.735474,0.580828,0,51.221191,51.22366,51.23827,51.23576,19.113159,19.145782,19.150146,19.117554,3.09547400000002,0.71,0.0296985827647599,0.0250545977635916,0.0127238381550665,0.0163544969219114,0.0254117730516293,0.00752208472371667,0.264983433392633,0.00210380315076188,0.0741115000092253,0.00781074556543275,0.275152202255707,0.917345176762972,32.3156788939646
19.132854,51.351448,0.004801,"2021-10-09 12:07:00",412.273499,0.697375,0,51.343197,51.345608,51.359665,51.357269,19.121948,19.154724,19.143707,19.111023,-1.36650099999997,0.71,0.00484227833893592,0.00493338632854859,0.00459617357517045,0.00466387590477964,0.00476142742833318,0.000136311130704364,0.0283922371806632,2.79820337745988e-05,0.00582837612468211,0.000139153579070267,0.0289842905791016,0.99520445637503,207.291076103943
19.133858,51.132202,0.002671,"2021-10-09 12:05:59",413.963898,0.560997,0,51.123276,51.125774,51.141018,51.138531,19.110596,19.143036,19.156433,19.124207,0.323897999999986,0.71,0.00292083970890799,0.00286829139079464,0.00252998774628897,0.00250854634397032,0.00278491330401203,0.000189401347488361,0.0709102761094574,8.0548869734271e-05,0.0301568213157136,0.00020581785842311,0.0770564801284575,0.904885449308359,338.781523514923
19.134953,51.304455,0.014335,"2021-10-09 12:06:59",411.853333,0.626337,0,51.295975,51.298374,51.312851,51.310455,19.124146,19.156799,19.145416,19.112732,-1.78666699999997,0.71,0.00349431890806352,0.0114385233672195,0.0110633026280927,0.0247934431743795,0.00963945438391869,0.00770408011180059,0.537431469257104,0.00332025214650186,0.231618566201734,0.008389095582087,0.585217689716568,0.946820159530671,66.0495402532732
19.13595,51.13903,0.002753,"2021-10-09 12:06:21",412.881348,0.658953,0,51.130108,51.132641,51.147755,51.145218,19.117432,19.150024,19.154449,19.121857,-0.758651999999984,0.71,0.00289365380690148,0.00277480633060602,0.00267500746973302,0.00261467824986307,0.0028343024728859,0.000105941843772121,0.0384823261068364,5.74895299048555e-05,0.0208825026897405,0.000120535141392532,0.0437831970187185,0.968668710518576,351.859320929377
19.137901,51.10265,0.000285,"2021-10-09 12:05:59",413.461456,0.52226,0,51.093502,51.095768,51.111729,51.109455,19.11499,19.147522,19.161591,19.128876,-0.178543999999988,0.71,0.000312225005881179,0.000280139184518253,0.000312523228197809,0.000307233297034421,0.000316297580128129,1.56236722250458e-05,0.0548199025440205,2.21307311433294e-05,0.0776516882222083,2.70900054399034e-05,0.0950526506663278,0.881394070965915,3092.610775319
19.140785,51.154644,0.002939,"2021-10-09 12:06:21",414.468231,0.628397,0,51.145687,51.14822,51.16333,51.160824,19.122314,19.154877,19.159271,19.126709,0.828231000000017,0.71,0.0029994657589966,0.00291279466883625,0.00278995627061135,0.00281018683215321,0.00282571360992633,8.84333716593428e-05,0.0300896126775579,8.01055746372366e-05,0.0272560648646603,0.000119320427048353,0.0405989884478915,0.948147037039279,322.608723048411
19.144545,51.336521,0.003766,"2021-10-09 12:07:00",412.839081,0.648227,0,51.327816,51.330231,51.345215,51.3428,19.134094,19.166901,19.154999,19.122223,-0.800918999999965,0.71,0.00396833283906521,0.00383612673379668,0.00375786275963054,0.00369058673606173,0.00397196001135547,0.000105442382820468,0.0279985084494072,0.000145635720682711,0.0386711950830353,0.000179799497311952,0.0477428298757175,0.96140432485862,255.285269479188
19.145594,51.170372,0.002714,"2021-10-09 12:06:21",413.927216,0.599542,0,51.161572,51.164078,51.178921,51.176449,19.127136,19.159668,19.164093,19.131531,0.287216000000001,0.71,0.00283172092542603,0.00278681606022899,0.00276469945154336,0.00272516829882685,0.00277775048090949,4.77334527410362e-05,0.0175878602583037,4.50783973550041e-05,0.01660957898121,6.56547364527219e-05,0.0241911335492712,0.92927424050952,342.400236002034
19.146402,51.28952,0.337207,"2021-10-09 12:06:59",413.493225,0.728374,0,51.281178,51.283588,51.29781,51.29541,19.13559,19.168243,19.157074,19.12442,-0.146774999999991,0.71,0.215457517457671,0.214994785782398,0.315423085607068,0.446336412729886,0.266499874529674,0.0964841991346889,0.286127509614833,0.0499974878982756,0.148269424710269,0.108668990419533,0.322261964963755,1.02295534279596,3.03361241847281
19.150354,51.185871,0.003182,"2021-10-09 12:06:21",413.551239,0.550386,0,51.177002,51.17947,51.194553,51.192112,19.131805,19.164368,19.168854,19.136292,-0.0887609999999768,0.71,0.00333096323385273,0.00323743323139821,0.00314376125970183,0.00310470888723605,0.00325073836446704,8.82036714125431e-05,0.0277195698970908,4.86053636423164e-05,0.015275098567667,0.000100709329386377,0.0316496949674345,0.898345567773543,282.321045811924
19.151857,51.118542,0.001776,"2021-10-09 12:05:59",413.53476,0.57999,0,51.109894,51.112164,51.127148,51.124866,19.129272,19.161987,19.175293,19.142426,-0.105239999999981,0.71,0.00196011470123477,0.00189717506525749,0.00168694935071228,0.00161252296230367,0.0018132277873256,0.000143770313553121,0.0809517531267575,2.63240208665024e-05,0.0148220838212288,0.000146160381546241,0.0822975121318927,0.916781556022402,516.205831093695
19.155083,51.201172,0.0043,"2021-10-09 12:06:21",413.513,0.541868,0,51.192707,51.195148,51.209492,51.207092,19.136597,19.169159,19.173553,19.14093,-0.12700000000001,0.71,0.00466440324871173,0.00453290181440218,0.00429737521506659,0.00427440378440431,0.00450232704467825,0.000175302384834499,0.0407679964731394,0.000143066825309424,0.0332713547231219,0.00022627205446714,0.0526214080156139,0.893152271800863,207.709830651363
19.156178,51.321575,0.003129,"2021-10-09 12:07:00",413.659058,0.696241,0,51.313473,51.315884,51.32967,51.327259,19.145172,19.177948,19.167206,19.13446,0.0190580000000296,0.71,0.00324936859198165,0.00326809839869912,0.00320308061906426,0.00317011274542675,0.00331243557547391,5.68794384340339e-05,0.0181781522639929,0.000129708539328459,0.0414536718850939,0.000141631831490288,0.0452642478396574,0.994410151869225,317.804458890772
19.157997,51.274391,1.668987,"2021-10-09 12:06:59",412.761108,0.742622,0,51.265942,51.26836,51.282803,51.280396,19.147308,19.179993,19.168579,19.135986,-0.878892000000008,0.71,1.84993530279362,1.79237602297559,1.77475774693108,1.73290329556972,1.68330805997387,0.0676388621240043,0.040526895730167,0.0101265186213026,0.00606746404933211,0.0683927046461657,0.0409785724191774,1.02969169994364,0.616956093692544
19.159781,51.216675,0.00734,"2021-10-09 12:06:21",414.174652,0.605889,0,51.207657,51.210052,51.225628,51.223248,19.141144,19.173798,19.178284,19.145691,0.534651999999994,0.71,0.00741150464739689,0.00725511399439481,0.0111931822801515,0.00659523613804687,0.00769573770460627,0.00183699173665462,0.250271353767659,0.000251544543250831,0.0342703737398952,0.00185413410997604,0.252606826972212,0.933383585742913,127.163976259252
19.164396,51.232159,0.008645,"2021-10-09 12:06:21",416.103241,0.557573,0,51.223663,51.226048,51.240646,51.238277,19.145844,19.178436,19.1828,19.150208,2.46324100000004,0.71,0.00895914364447194,0.0154755909794983,0.0205258625019909,0.017350751395975,0.023967914293029,0.00524154372177896,0.606309279558006,0.0108349366041411,1.25331828850678,0.0120361801167595,1.39227069019774,0.902846897298098,104.435731324245
19.16571,51.353889,0.005447,"2021-10-09 12:07:00",414.925385,0.711477,0,51.345612,51.348072,51.362141,51.359669,19.154785,19.1875,19.176514,19.143768,1.28538500000002,0.71,0.00594688299509482,0.00558516997738983,0.00528230024881904,0.00521423858102086,0.00570436136032147,0.000290990100592774,0.0534220856605056,0.000181981963098706,0.0334095764822299,0.000343209372739516,0.0630088806204361,1.00513662719139,184.530315254523
19.165932,51.134529,0.003022,"2021-10-09 12:05:59",413.690826,0.659901,0,51.125778,51.128056,51.143299,51.141022,19.143127,19.175995,19.189514,19.156494,0.0508260000000291,0.71,0.00315914363995476,0.00313026373080643,0.00303395759590977,0.00292612369577538,0.00312025781393162,9.30711362079291e-05,0.0307978610879977,6.94787665356146e-05,0.0229909882645978,0.000116144459163342,0.0384329778833033,0.969313851799579,320.752432759622
19.167545,51.306816,0.003231,"2021-10-09 12:06:59",413.013428,0.688809,0,51.298382,51.300766,51.315266,51.312855,19.15686,19.189514,19.178284,19.145477,-0.62657200000001,0.71,0.0029810130877094,0.00317644284596209,0.00322071182004492,0.00398443202626939,0.0030673430033575,0.000385603958365242,0.119345081511991,0.000115722972114536,0.0358164568599615,0.000402594360345453,0.124603639846937,0.989220905846221,306.165554269954
19.168571,51.141403,0.003005,"2021-10-09 12:06:21",413.003326,0.603243,0,51.132648,51.135075,51.150192,51.147762,19.150085,19.182556,19.187012,19.15451,-0.636673999999971,0.71,0.00313313821382589,0.00304327903259461,0.00300497404776495,0.00294834993953312,0.00305312250756292,6.83470711290425e-05,0.0227444496269692,3.40277514254419e-05,0.0113237109568858,7.63492632511281e-05,0.0254074087358164,0.931666315199927,310.038707221274
19.170858,51.105038,0.000317,"2021-10-09 12:05:59",413.220947,0.586527,0,51.095776,51.098087,51.114029,51.111736,19.147614,19.179871,19.193878,19.161652,-0.419052999999963,0.71,0.000309961970602521,0.000325364859417252,0.000330727743161271,0.000278941546139331,0.000316263190368737,2.03135783908952e-05,0.0640806889302687,5.21003086709632e-07,0.00164354286028275,2.0320258641548e-05,0.0641017622761766,0.920931008350741,2905.14513675313
19.178204,51.172733,0.002828,"2021-10-09 12:06:21",413.643066,0.600116,0,51.164082,51.166523,51.181381,51.178921,19.159729,19.192261,19.196716,19.164154,0.0030659999999898,0.71,0.00285300978503625,0.00279085543842584,0.00277345051478044,0.00281690837976128,0.00284600291539607,3.12012043648876e-05,0.011032957696212,1.27299835576889e-05,0.00450140861304417,3.36981844495889e-05,0.0119159068067853,0.92964467114676,328.728667307907
19.179113,51.291897,0.079458,"2021-10-09 12:06:59",413.425293,0.66997,0,51.283588,51.285976,51.300201,51.297817,19.168304,19.200928,19.189789,19.157135,-0.214706999999976,0.71,0.0549008744142178,0.0739882764041826,0.0590164300651545,0.113817187023169,0.0354160967696143,0.0233424523980333,0.293770953183232,0.0311423284305674,0.391934461357792,0.0389193358631899,0.489810162138361,0.976972116083172,12.2954531461045
19.184761,51.120907,0.002376,"2021-10-09 12:05:59",413.941467,0.555232,0,51.112171,51.114468,51.129456,51.127148,19.162048,19.194275,19.20752,19.175354,0.301467000000002,0.71,0.00260828640442582,0.00238216509963643,0.00227752935060216,0.00221481420159156,0.00247229906262531,0.000149651580853798,0.0629846720765145,6.80937202042648e-05,0.0286589731499431,0.000164415176864235,0.0691983067610416,0.901322695185443,379.344568680742
19.187668,51.203571,0.005098,"2021-10-09 12:06:21",413.503571,0.626158,0,51.195156,51.197617,51.211964,51.209499,19.16922,19.201782,19.206177,19.173615,-0.136428999999964,0.71,0.00530285275181334,0.00508824483186963,0.00490532899526724,0.00482929058660431,0.00514018806223354,0.000185206215175728,0.0363291908936305,2.98314648904561e-05,0.00585160158698628,0.000187593332603344,0.0367974367601694,0.946664605948304,185.69333188472
19.190664,51.27676,1.368386,"2021-10-09 12:06:59",414.306427,0.627579,0,51.268372,51.270741,51.285191,51.282806,19.180054,19.212616,19.201294,19.16864,0.666426999999999,0.71,1.32134589401842,1.30667891483352,1.32691440968748,1.50433677532516,1.42979254727256,0.0809047693978035,0.0591242305883015,0.0434209859856795,0.0317315333434276,0.0918202795425952,0.0671011538722226,0.952043257933315,0.695741740951248
19.192387,51.219086,0.007887,"2021-10-09 12:06:21",414.061127,0.621372,0,51.210056,51.212524,51.228107,51.225636,19.173859,19.206421,19.210938,19.178345,0.421127000000013,0.71,0.00831455174105745,0.00804970471933748,0.0078504035655438,0.00774936640699108,0.00807013042568578,0.000220760063947341,0.0279903719978878,0.000129492765843994,0.016418507143907,0.000255936285508643,0.032450397554031,0.943505817622436,119.627972311707
19.196985,51.234592,0.012441,"2021-10-09 12:06:21",414.012115,0.569453,0,51.226055,51.228531,51.243118,51.24065,19.178528,19.21106,19.215515,19.182861,0.372115000000008,0.71,0.0104299947533503,0.0121803604279852,0.00848943289859345,0.0126576129066396,0.0102503636661066,0.00177186571550745,0.14242148665762,0.00154901380680966,0.124508786014763,0.00235349779848584,0.189172719113081,0.910155073688483,73.1577102876363
19.198635,51.136902,0.002831,"2021-10-09 12:05:59",413.364868,0.538098,0,51.128063,51.130371,51.145618,51.143307,19.176056,19.208221,19.221649,19.189575,-0.275131999999985,0.71,0.00285754016217139,0.00286774243341021,0.00280618636677962,0.00279842686965087,0.00284899683133704,3.0512946712426e-05,0.0107781514349791,1.27256814782914e-05,0.00449511885492453,3.30602916829582e-05,0.0116779553807694,0.890870057133465,314.683877475615
19.202047,51.261772,2.074998,"2021-10-09 12:06:59",413.99118,0.716857,0,51.253391,51.255779,51.270191,51.267822,19.191376,19.224091,19.212646,19.180084,0.351179999999999,0.71,2.05946975119846,2.24642070668684,2.0134441357042,1.93386902296167,2.14602397917619,0.114994898455502,0.0554192815875014,0.0502229515158985,0.0242038553848719,0.125483750062546,0.0604741547040268,1.01672519885108,0.489988519917164
19.203568,51.107349,0.000328,"2021-10-09 12:06:00",413.416992,0.572458,0,51.098087,51.100582,51.116528,51.114033,19.179962,19.212708,19.226746,19.193939,-0.223007999999993,0.71,0.000337891737832833,0.000333656831290923,0.000329531115738051,0.000343411777945815,0.000378380630984183,6.29631641092761e-06,0.0191960866186817,3.56244858093729e-05,0.108611237223698,3.61766166125126e-05,0.110294562843026,0.912035176444827,2780.59505013667
19.217539,51.123268,0.002636,"2021-10-09 12:06:00",413.724487,0.601545,0,51.114471,51.116962,51.131947,51.129456,19.194366,19.227142,19.240234,19.207581,0.0844870000000242,0.71,0.00289669834880691,0.00268731441549042,0.0024891081522949,0.00239203931952348,0.00273663727808192,0.000193937931549434,0.0735728116651874,7.1161301771882e-05,0.0269959414916093,0.000206581345148931,0.0783692508152242,0.930567799626041,353.022685745843
19.223438,51.279148,0.308607,"2021-10-09 12:07:00",413.997864,0.705937,0,51.270741,51.273163,51.287617,51.285198,19.212708,19.245422,19.234039,19.201385,0.357864000000006,0.71,0.232234344718237,0.312573843208673,0.453833367694293,0.542696040266379,0.271414173182643,0.125397562732261,0.406334149038296,0.02629930005405,0.0852193892363104,0.128125727012667,0.415174403084398,1.0093875617876,3.27078634570053
19.231543,51.139282,0.002637,"2021-10-09 12:06:00",413.819641,0.551612,0,51.130371,51.132862,51.148106,51.145626,19.208282,19.240906,19.254303,19.221741,0.179641000000004,0.71,0.0026713262699121,0.00267733868565445,0.00261492217910616,0.00253772158183382,0.00260372918088363,5.63762398190779e-05,0.0213789305343488,2.35260218128162e-05,0.00892150997831483,6.10880849141245e-05,0.0231657508206767,0.899097215141808,340.95457532871
19.233709,51.146374,0.002632,"2021-10-09 12:06:22",413.139862,0.568017,0,51.137634,51.139965,51.155071,51.152752,19.21521,19.247711,19.252197,19.219666,-0.500137999999993,0.71,0.00267430473610032,0.00265350681563279,0.00262370957651426,0.00260247568040663,0.00260563631269886,2.76472583277546e-05,0.0105042774801499,1.86419420677176e-05,0.00708280473697478,3.33450580610941e-05,0.0126690950080145,0.909254262239607,345.461345835717
19.234751,51.264153,3.847973,"2021-10-09 12:07:00",414.690094,0.675653,0,51.255783,51.25819,51.272617,51.270199,19.224152,19.256866,19.245453,19.212738,1.050094,0.71,4.13323200687182,3.83748744824542,3.6433895602794,3.71912958487955,3.96019468130227,0.186580822276216,0.0484880798997852,0.0793527118449908,0.0206219513091674,0.202754176574548,0.0526911640426137,1.00085774839755,0.260099992488917
19.235826,51.109886,0.000415,"2021-10-09 12:06:00",413.382996,0.606753,0,51.10059,51.103153,51.119099,51.116531,19.212769,19.245361,19.259338,19.226807,-0.257003999999995,0.71,0.000378146501669193,0.000373316943057746,0.0004113596831645,0.000403605132650132,0.000377808462364541,1.92848282258274e-05,0.0464694656044033,2.62983884647878e-05,0.0633696107585247,3.26114985173106e-05,0.0785819241380978,0.933942826982739,2250.4646433319
19.238594,51.161945,0.002465,"2021-10-09 12:06:22",413.725739,0.59053,0,51.153214,51.155529,51.170628,51.168324,19.220123,19.252625,19.25708,19.224548,0.0857389999999896,0.71,0.00250750448361696,0.00247249027777868,0.00248792049776138,0.0023848174987978,0.00245065719846078,4.69221577296585e-05,0.0190353581053381,1.01418922295954e-05,0.00411435790247276,4.80056961620564e-05,0.0194749274491101,0.923485616133,374.639195185801
19.248238,51.193161,0.003272,"2021-10-09 12:06:22",412.93927,0.532369,0,51.184464,51.186756,51.201843,51.199539,19.229675,19.262268,19.266754,19.234161,-0.700729999999965,0.71,0.00323941461798049,0.00327866415778048,0.00320778542695296,0.00326683109206089,0.00328943321624515,2.93251161701258e-05,0.0089624438172756,1.23271454248368e-05,0.00376746498314084,3.18107050018771e-05,0.00972209810570815,0.887421406758323,271.216811356456
19.249632,51.125816,0.002744,"2021-10-09 12:06:00",414.010803,0.609735,0,51.11697,51.119534,51.134491,51.131954,19.227203,19.259766,19.273041,19.240326,0.370803000000024,0.71,0.0030334943177904,0.00286617539344664,0.00266749411187913,0.00264502782697877,0.00293928518439929,0.000160643339133283,0.0585434909377853,0.000138087478154003,0.0503234249832374,0.000211835865780144,0.0771996595408689,0.935882906724679,341.065199243688
19.25218,51.376129,0.005516,"2021-10-09 12:07:01",412.934906,0.632412,0,51.367786,51.370159,51.384491,51.382111,19.241455,19.274139,19.262909,19.230164,-0.705093999999974,0.71,0.00556044000262957,0.00549042042543769,0.0054721267827957,0.00542196252174046,0.00560794309671583,5.13871135118882e-05,0.00931601042637567,6.50135871710536e-05,0.01178636460679,8.28697891389369e-05,0.0150235295755868,0.95081278105177,172.373600625774
19.25766,51.22398,0.008268,"2021-10-09 12:06:22",413.847656,0.60271,0,51.215038,51.217373,51.232899,51.230602,19.239105,19.271667,19.276367,19.243622,0.207655999999986,0.71,0.00813120855732133,0.00829028239952028,0.00848671706122517,0.00855590380714902,0.00830653467781396,0.000172615050376231,0.0208774855317163,2.72481319930906e-05,0.00329561344860796,0.00017475244294001,0.0211359993880032,0.931321305800751,112.641667368257
19.263691,51.141842,0.00257,"2021-10-09 12:06:00",412.811066,0.581244,0,51.132862,51.135395,51.150623,51.148113,19.240967,19.273773,19.287384,19.254364,-0.828934000000004,0.71,0.0026400319121195,0.00261462431623075,0.0026143818153436,0.00253564325592708,0.00263240962740567,4.16438603386744e-05,0.0162038367076554,4.41302707498752e-05,0.0171713115758269,6.06769470257388e-05,0.0236097070139061,0.91757538721224,357.033224596202
19.263973,51.361107,0.005455,"2021-10-09 12:07:01",414.492432,0.744685,0,51.352886,51.355274,51.36935,51.366974,19.253113,19.285919,19.274933,19.242218,0.852432000000022,0.71,0.00523559826237077,0.00532797119226427,0.00550427412175765,0.00558263237683323,0.00533429187400658,0.000138963774662357,0.0254745691406704,8.5353534434267e-05,0.0156468440759426,0.000163083280899153,0.0298961101556651,1.02890999403308,188.617780757669
19.266329,51.148724,0.002346,"2021-10-09 12:06:22",413.357452,0.647531,0,51.139969,51.142384,51.157501,51.155071,19.247772,19.280334,19.28479,19.252258,-0.282547999999963,0.71,0.00245884633358909,0.0023586079549288,0.00237245655982237,0.00237601758901654,0.00236559159193656,4.43696672180725e-05,0.0189129016274819,1.38533475125812e-05,0.00590509271636027,4.64820675782267e-05,0.0198133280384598,0.960935168531979,409.605783687971
19.268667,51.112312,0.000532,"2021-10-09 12:06:00",413.428406,0.623,0,51.103161,51.105549,51.121502,51.119099,19.245422,19.277588,19.291595,19.25943,-0.211593999999991,0.71,0.000476605463113484,0.000525586726038498,0.000485824673962116,0.000505444839561239,0.000529390805437084,2.41190349672525e-05,0.0453365318933318,1.84497916887298e-06,0.00346800595652815,2.41894976360636e-05,0.0454689805189165,0.944578742395324,1775.52395187091
19.271242,51.164303,0.002234,"2021-10-09 12:06:22",413.419434,0.645439,0,51.155537,51.157963,51.173065,51.170635,19.252686,19.285248,19.289703,19.257172,-0.220565999999963,0.71,0.00230326392833022,0.00226637932737786,0.00222854911686358,0.0022331722450581,0.00224282515366766,3.18489711578457e-05,0.0142564776892774,6.2403260034159e-06,0.00279334198899548,3.24545625828203e-05,0.0145275571095883,0.959526708213116,429.510612449918
19.276104,51.180031,0.002078,"2021-10-09 12:06:22",412.873352,0.654456,0,51.171375,51.173813,51.18866,51.186214,19.257568,19.2901,19.294586,19.262024,-0.766647999999975,0.71,0.00212700311124161,0.00209395877663551,0.00207284373852258,0.0021026147456103,0.00210714758641224,2.15818231092837e-05,0.010385862901484,2.06104560073159e-05,0.00991841001314527,2.98423522120813e-05,0.0143610934610594,0.965615170151425,464.684874952563
19.277267,51.299129,0.003566,"2021-10-09 12:07:00",413.995789,0.748188,0,51.290821,51.293182,51.307438,51.305065,19.266479,19.299103,19.288055,19.255402,0.355789000000016,0.71,0.00356779831973776,0.00355139506829491,0.00356225555026972,0.00361218777107556,0.00364659740573886,2.3389111655586e-05,0.00655892082321537,5.69909721439915e-05,0.0159817644823308,6.16037454214813e-05,0.0172753071849359,1.03144815048505,289.245134740619
19.280916,51.195541,0.002975,"2021-10-09 12:06:22",413.37735,0.596298,0,51.186764,51.189205,51.204296,51.201855,19.262329,19.294891,19.299377,19.266846,-0.262650000000008,0.71,0.00292771660001417,0.00296878877629791,0.00296227214796065,0.00301666430422373,0.00292725057413787,3.18260542659667e-05,0.0106978333667115,3.37639428248767e-05,0.0113492244789502,4.63993703106174e-05,0.0155964269951655,0.927184613201115,311.65869351298
19.282686,51.128197,0.002737,"2021-10-09 12:06:00",413.084503,0.689666,0,51.119537,51.121937,51.136932,51.134491,19.259827,19.291992,19.305176,19.273102,-0.555497000000003,0.71,0.00281064726841517,0.00280817591484415,0.00270386491252796,0.00264850250830852,0.00282573843292328,6.948400937035e-05,0.0253869234089697,6.2747547671919e-05,0.0229256659378586,9.36230863463635e-05,0.034206461946059,0.989817761166813,361.643317927224
19.290354,51.226387,0.007074,"2021-10-09 12:06:22",412.415985,0.580813,0,51.217377,51.219803,51.235287,51.23291,19.271729,19.304291,19.309235,19.276428,-1.22401500000001,0.71,0.00701820246267146,0.00707034513655674,0.00728101862693342,0.00721794950574036,0.00705291818426488,0.000111477139932075,0.0157587135894932,1.49070948660287e-05,0.00210730772773943,0.000112469436758527,0.0158989873845811,0.917302433016709,129.672382388565
19.296722,51.144207,0.002565,"2021-10-09 12:06:00",413.217133,0.553405,0,51.135406,51.137848,51.153103,51.150623,19.273834,19.305847,19.319305,19.287476,-0.422866999999997,0.71,0.00264077603552515,0.00257090528178326,0.00253406982111135,0.00249981735153267,0.00261389814958458,5.22988523863032e-05,0.020389416135011,3.45762131587306e-05,0.0134800051301094,6.26951710845605e-05,0.0244425618263394,0.900198365892587,350.954528613095
19.300217,51.269001,1.46638,"2021-10-09 12:07:00",415.499542,0.716536,0,51.260571,51.262951,51.277401,51.275055,19.289429,19.322144,19.310883,19.278381,1.85954200000003,0.71,1.42519333730349,1.41233795163592,1.46857034253016,1.63777594399631,1.59138020543412,0.0905128022266313,0.0617253387434576,0.0883884929121777,0.0602766628787748,0.126511236837695,0.0862745242281639,1.01662625007532,0.693289768051472
19.300867,51.11491,0.000809,"2021-10-09 12:06:01",414.074371,0.538176,0,51.105556,51.10825,51.124207,51.12151,19.277649,19.310638,19.324738,19.291656,0.434370999999999,0.71,0.000769334525504556,0.000751647407289541,0.000734153812768912,0.000761464657165933,0.000750996466794453,2.78253196855103e-05,0.0343947091291846,4.10146916624214e-05,0.0506980119436606,4.9562620469103e-05,0.0612640549679889,0.890917173160588,1101.25732158293
19.303848,51.166767,0.001922,"2021-10-09 12:06:22",414.141296,0.610618,0,51.15797,51.160511,51.175613,51.173077,19.285309,19.317902,19.322388,19.289764,0.501296000000025,0.71,0.00192599812669441,0.00190745922911938,0.00191055638086847,0.00191024777193865,0.00190886561205944,8.19806620480337e-06,0.00426538304100071,9.28741477950481e-06,0.0048321616958922,1.23880734089246e-05,0.00644540760089727,0.936458403815922,487.231219467181
19.308723,51.182514,0.001814,"2021-10-09 12:06:22",413.38382,0.680579,0,51.173817,51.176357,51.191204,51.18866,19.290192,19.322784,19.32724,19.294647,-0.256179999999972,0.71,0.00182773061332497,0.00179500330532445,0.0017678196063946,0.0017930617855601,0.00178893934377012,2.27625409201676e-05,0.0125482585006437,1.77205599611331e-05,0.00976877616379993,2.88470364938657e-05,0.0159024456967286,0.983507893243949,542.176346882001
19.314959,51.130829,0.002331,"2021-10-09 12:06:01",414.165283,0.52742,0,51.121948,51.124638,51.139614,51.136936,19.292053,19.325134,19.338379,19.305237,0.525283000000002,0.71,0.00229305642911358,0.00228655025916214,0.00241717445770309,0.00235077460254204,0.00235080984036775,5.27294780948178e-05,0.0226209687236456,1.40076724582589e-05,0.00600929749389055,5.4558342605414e-05,0.023405552383275,0.884461338542625,379.43429366908
19.317987,51.380959,0.005832,"2021-10-09 12:07:02",414.363159,0.735657,0,51.372601,51.374996,51.389343,51.386929,19.307281,19.339844,19.328674,19.29599,0.72315900000001,0.71,0.00569519309514066,0.00579950021299007,0.00599890179409412,0.0059970231169338,0.00581486706744737,0.000131882775909896,0.022613644703343,1.21148127895765e-05,0.0020772998610385,0.000132438043139524,0.0227088551336632,1.02239485483292,175.307759745014
19.329254,51.146843,0.002083,"2021-10-09 12:06:01",413.744781,0.589157,0,51.137848,51.14053,51.155773,51.153107,19.305939,19.339081,19.352478,19.319397,0.104781000000003,0.71,0.00215702492938484,0.00211836266151308,0.00207050949686619,0.00208615075001846,0.00212739546729947,3.49794008129794e-05,0.0167927992381082,3.13923359814008e-05,0.0150707325882865,4.70003961643327e-05,0.0225638003669384,0.922608244520954,442.922825022062
19.331549,51.153671,0.00173,"2021-10-09 12:06:23",414.046997,0.647507,0,51.144932,51.147293,51.162388,51.160053,19.313049,19.345551,19.350098,19.317535,0.40699699999999,0.71,0.00167731965364676,0.00166453743331883,0.001720113859675,0.00176618069334579,0.00169718095532638,4.11707439283447e-05,0.0237981178776559,2.32065690407809e-05,0.0134142017576768,4.72607130951054e-05,0.027318331268847,0.960918996212779,555.444506481375
19.336472,51.169239,0.001544,"2021-10-09 12:06:23",412.468018,0.603052,0,51.160519,51.162857,51.177959,51.175617,19.317963,19.350525,19.355042,19.322449,-1.17198200000001,0.71,0.00155297559238955,0.00154573000784718,0.0015679381041585,0.00155172491722567,0.0015409075414705,9.45041458257653e-06,0.00612073483327496,2.18669839674768e-06,0.00141625543830808,9.70010235311535e-06,0.00628244971056694,0.931542653236067,603.330733961184
19.341427,51.350983,0.005884,"2021-10-09 12:07:02",414.844727,0.654696,0,51.342297,51.344677,51.359692,51.357304,19.330994,19.363586,19.351776,19.319214,1.20472699999999,0.71,0.00618736634347356,0.00597198998029982,0.00594426205366009,0.00588979015751961,0.00595717543313002,0.000124090594377182,0.0210894959852451,5.17428449824997e-05,0.00879382137703937,0.000134446262944588,0.022849466849862,0.965777857735306,164.136277657258
19.346172,51.200466,0.001699,"2021-10-09 12:06:23",412.852783,0.545378,0,51.191757,51.194103,51.209187,51.206833,19.327606,19.360229,19.364746,19.332123,-0.787216999999998,0.71,0.00163860468009625,0.00168100677577105,0.00169114041662062,0.00170612897985625,0.00169432881974729,2.66081673737633e-05,0.0156610755584246,3.30302323283596e-06,0.00194409843015654,2.68123951460301e-05,0.0157812802507534,0.895286079196423,526.948840021438
19.350746,51.383331,0.004785,"2021-10-09 12:07:02",413.630981,0.702213,0,51.375,51.377319,51.391666,51.389347,19.339905,19.372589,19.36145,19.328766,-0.00901899999996658,0.71,0.00478739019760984,0.00482557416599492,0.0047886953195975,0.00482589895058862,0.0047524003830703,2.12429556954204e-05,0.00443948917354658,2.30514101950749e-05,0.00481743159771681,3.13469404991811e-05,0.00655108474382049,0.998600569973616,208.693954017475
19.35095,51.215782,0.002442,"2021-10-09 12:06:23",412.968964,0.591285,0,51.207428,51.209789,51.224152,51.221775,19.332428,19.365051,19.369415,19.336853,-0.671035999999958,0.71,0.0025082074589661,0.00244109688467707,0.00241725333719548,0.00242904012777551,0.00247422095369321,3.53986971511992e-05,0.0144957809791971,2.27836548527664e-05,0.00932991599212383,4.20970627057554e-05,0.0172387644167713,0.923968588750268,378.36551545875
19.36038,51.24678,0.002727,"2021-10-09 12:06:23",410.779114,0.751079,0,51.238281,51.240677,51.25526,51.252899,19.341919,19.374481,19.378937,19.346191,-2.86088599999999,0.71,0.00271319125159426,0.0027242205112214,0.00272526571925233,0.00274062492045053,0.00271927608565952,9.78059038323866e-06,0.00358657513136731,5.46163220745736e-06,0.0020027987559433,1.12022040069906e-05,0.00410788559112233,1.03354712730794,379.005180530963
19.362469,51.368298,0.004542,"2021-10-09 12:07:02",412.713806,0.723785,0,51.360092,51.362415,51.376507,51.374187,19.351562,19.384247,19.373322,19.340668,-0.92619400000001,0.71,0.00471391547937011,0.00455139804725059,0.00453738464697453,0.00450678384949638,0.00458860922114663,8.20080811679611e-05,0.0180555000369795,3.29576963386055e-05,0.00725620791250673,8.83828893213988e-05,0.0194590245093348,1.01388595711576,223.224561232003
19.364204,51.321224,0.001429,"2021-10-09 12:07:01",413.511597,0.682303,0,51.312771,51.315155,51.32967,51.327297,19.353363,19.386108,19.374817,19.342224,-0.128402999999992,0.71,0.00137022443155632,0.00137452563981295,0.00144424734097842,0.00148194532683997,0.00137238085942022,4.75701614838214e-05,0.0332891263007847,4.00357782489168e-05,0.0280166397823071,6.21754276510688e-05,0.0435097464318186,0.984701674455154,689.084446784572
19.364992,51.26236,0.001527,"2021-10-09 12:06:23",413.669495,0.7977,0,51.253773,51.256134,51.270962,51.268589,19.346375,19.37912,19.383606,19.35083,0.0294949999999972,0.71,0.00147698340552436,0.00148860427537603,0.00154378384364074,0.00155421432788839,0.00148552545938123,3.39252308069948e-05,0.0222169160491125,2.93269289181291e-05,0.0192055854080741,4.48440636548124e-05,0.029367428719589,1.0679069678633,699.349684258875
19.366467,51.119732,0.002913,"2021-10-09 12:06:01",413.808197,0.667103,0,51.110554,51.112991,51.128937,51.126484,19.343018,19.375671,19.389557,19.357056,0.168197000000021,0.71,0.00298027701117253,0.00289012475440595,0.00287728628799501,0.00289141372126332,0.00287385840061879,4.11024236076711e-05,0.0141099978055857,2.76772903489407e-05,0.0095013011839824,4.95524129330147e-05,0.0170107837051201,0.974231191794043,334.442564982507
19.374134,51.353359,0.003473,"2021-10-09 12:07:02",413.040405,0.686724,0,51.344685,51.347004,51.362019,51.359699,19.363647,19.396332,19.384521,19.351868,-0.599594999999965,0.71,0.00348772474720478,0.00348727800613575,0.0035255233594978,0.00348374449494606,0.00344313844998064,1.99502762628623e-05,0.00574439281971271,2.11153045154306e-05,0.00607984581498147,2.90494338627088e-05,0.00836436333507307,0.987770141794066,284.414092080065
19.375669,51.306278,0.000876,"2021-10-09 12:07:01",413.165894,0.70941,0,51.29797,51.300339,51.314594,51.312206,19.364868,19.397491,19.386383,19.353638,-0.474106000000006,0.71,0.000843696210616531,0.000849016947121026,0.000898746564479108,0.00089785357619054,0.000867570873911311,2.60934143912972e-05,0.0297870027297913,5.96029221678849e-06,0.00680398654884531,2.67654881873181e-05,0.0305542102594956,1.00367452334728,1145.74717277087
19.380568,51.135612,0.001667,"2021-10-09 12:06:01",413.111786,0.585767,0,51.126923,51.129375,51.144337,51.141876,19.357483,19.389984,19.40329,19.37088,-0.528213999999991,0.71,0.00160570195977325,0.00163648609245948,0.00171041683488528,0.0017402995886082,0.00164517321510183,5.43653220085635e-05,0.0326126706710039,1.54338676129962e-05,0.00925846887402291,5.65136488522047e-05,0.0339014090295169,0.920447163873512,552.157866750757
19.383474,51.385654,0.002771,"2021-10-09 12:07:02",413.044495,0.673754,0,51.377323,51.379627,51.39397,51.391674,19.37265,19.405487,19.394348,19.361511,-0.595505000000003,0.71,0.00279626112481413,0.00276270958486838,0.0027606926961989,0.00272355126487926,0.00272902342513528,2.61332631425156e-05,0.00943098633797027,2.96819207378283e-05,0.0107116278375418,3.95469829590411e-05,0.0142717369032989,0.978797453041212,353.228961761534
19.383688,51.218182,0.001995,"2021-10-09 12:06:23",413.065094,0.660325,0,51.209793,51.212231,51.226608,51.224155,19.365112,19.397736,19.402069,19.369476,-0.574905999999999,0.71,0.00201371501117991,0.00201175879055197,0.00197769064850546,0.00200505920157876,0.00202037088935104,1.47698593885091e-05,0.00740343828997952,1.7939927904854e-05,0.00899244506508974,2.32376797376092e-05,0.0116479597682252,0.96960255061803,486.016316099263
19.384537,51.1064,5e-06,"2021-10-09 12:06:02",414.303955,0.554164,0,51.097767,51.100201,51.114849,51.112427,19.361969,19.394684,19.407776,19.375153,0.663954999999987,0.71,3.02910074722213e-06,6.70254330796674e-06,4.92979558535612e-06,5.09610472818109e-06,4.63437211764331e-06,1.30245013456271e-06,0.260490026912542,2.58537955005293e-07,0.0517075910010586,1.32786227719622e-06,0.265572455439244,0.900665164696494,180133.032939299
19.385662,51.33839,0.001234,"2021-10-09 12:07:02",412.957397,0.616323,0,51.330292,51.332645,51.346451,51.344128,19.374573,19.40744,19.396667,19.364014,-0.682602999999972,0.71,0.00121712283546829,0.00121863730459355,0.00124754214476122,0.00127752527684701,0.00121209166451996,2.48767408357096e-05,0.0201594334162963,1.54915325824461e-05,0.0125539161932302,2.93059689544647e-05,0.0237487592823863,0.940188300920534,761.90299912523
19.388445,51.2337,0.002736,"2021-10-09 12:06:23",414.304962,0.730807,0,51.22472,51.227169,51.242722,51.240265,19.36972,19.402283,19.406952,19.374359,0.664962000000003,0.71,0.00278278191953346,0.00278387862079644,0.00275162985308796,0.00278941565347843,0.00278798831923749,2.35504814738536e-05,0.00860763211763655,3.67612930753202e-05,0.0134361451298685,4.36579642931265e-05,0.0159568582942714,1.01891063060261,372.408856214406
19.395351,51.370636,0.001832,"2021-10-09 12:07:02",413.074799,0.709768,0,51.362415,51.364719,51.378811,51.376507,19.384308,19.417084,19.406219,19.373383,-0.565201000000002,0.71,0.00183926233519707,0.00183506138773374,0.00181234167826985,0.00181717013232836,0.00185662602930068,1.17441890717272e-05,0.00641058355443627,1.74132323122094e-05,0.00950503947173003,2.1003491055333e-05,0.011464787693959,1.00392759413473,547.995411645595
19.397028,51.323627,0.00069,"2021-10-09 12:07:02",413.26416,0.676663,0,51.315166,51.317535,51.332031,51.329678,19.386169,19.419159,19.407745,19.374878,-0.375839999999982,0.71,0.000646161718031378,0.000662272942691637,0.000716375694040154,0.000720304866806439,0.000680494507859407,3.26356229273056e-05,0.0472980042424719,6.72139795112872e-06,0.00974115645091118,3.33205803411452e-05,0.0482906961465873,0.980802129218356,1421.45236118602
19.397749,51.264778,0.001155,"2021-10-09 12:06:23",413.917236,0.749477,0,51.256138,51.258606,51.273426,51.270966,19.379181,19.411774,19.41629,19.383667,0.277236000000016,0.71,0.0011209782006092,0.00114432635312252,0.00113198178938536,0.00115390112476391,0.00113820556982456,1.46238008295675e-05,0.012661299419539,1.18754554632177e-05,0.0102817796218335,1.88383118447945e-05,0.0163102267054498,1.03238354010701,893.838562863212
19.398401,51.276104,0.000842,"2021-10-09 12:07:01",413.428101,0.661798,0,51.267685,51.270065,51.284531,51.282154,19.387604,19.42038,19.40918,19.376465,-0.21189899999996,0.71,0.000815236625215924,0.000837990696435926,0.000857231705857856,0.0008590187677413,0.000810668723714838,1.77028196053171e-05,0.0210247263721105,2.21545579244673e-05,0.0263118265136191,2.83586716685915e-05,0.0336801326230303,0.970606302064959,1152.73907608665
19.398628,51.122284,0.002457,"2021-10-09 12:06:02",413.520264,0.556523,0,51.112995,51.115406,51.131306,51.128948,19.375732,19.408417,19.422546,19.389587,-0.119735999999989,0.71,0.00246773364953612,0.00244987713027132,0.00247114522295704,0.00245181516551735,0.00240507183470705,9.50407139412937e-06,0.00386816092557158,3.67187578132209e-05,0.0149445493745303,3.79288089505942e-05,0.0154370406799325,0.902118534876429,367.162610857317
19.401834,51.174084,0.001029,"2021-10-09 12:06:23",413.970154,0.683735,0,51.165295,51.167759,51.18288,51.180401,19.38324,19.415894,19.42041,19.387756,0.330153999999993,0.71,0.00100959013014137,0.00101709272732664,0.00102719080878664,0.00102807881502919,0.00102326662641703,8.52644766151459e-06,0.00828614933091797,4.05410733959395e-06,0.00393985164197663,9.44119145264501e-06,0.00917511317069486,0.985694450787939,957.914918161262
19.406767,51.189808,0.001032,"2021-10-09 12:06:23",413.807831,0.706458,0,51.181149,51.183624,51.198582,51.195995,19.388184,19.420807,19.424988,19.39267,0.167831000000035,0.71,0.00104390607659318,0.00102660571345976,0.00102333224485676,0.00102592070481706,0.00103037713405605,8.20635262939273e-06,0.00795189208274489,1.14753951392372e-06,0.00111195689333694,8.28619758477658e-06,0.0080292612255587,1.00159018856649,970.533128455903
19.406944,51.355694,0.001158,"2021-10-09 12:07:02",413.279205,0.688743,0,51.347015,51.349331,51.36433,51.362026,19.396423,19.42923,19.417389,19.384583,-0.360794999999996,0.71,0.00111314949985827,0.0011264256196965,0.00116632235782395,0.00118029209558539,0.00114416560456335,2.80846442687516e-05,0.0242527152579893,9.78239482687137e-06,0.0084476639264865,2.97395778761421e-05,0.0256818461797427,0.98917486873325,854.209731203152
19.412956,51.138161,0.001196,"2021-10-09 12:06:02",413.855743,0.571236,0,51.129379,51.131741,51.146664,51.144344,19.390045,19.422943,19.436279,19.403351,0.215743000000032,0.71,0.00118075803216506,0.0011864743839478,0.0011988186907231,0.00122488414261205,0.00118233491484811,1.69976036509547e-05,0.0142120431864169,9.66267437639305e-06,0.00807915917758616,1.95521304716174e-05,0.0163479351769376,0.911268658562493,761.930316523824
19.416126,51.22073,0.001359,"2021-10-09 12:06:24",413.957794,0.711521,0,51.212231,51.214825,51.229107,51.226612,19.397797,19.430115,19.434845,19.40213,0.317793999999992,0.71,0.00128857931323162,0.00131818926950382,0.00135799670961145,0.00139151362075951,0.00132729703397366,4.00363604613348e-05,0.0294601622232044,2.24173822609518e-05,0.0164954983524296,4.58851739282262e-05,0.0337639248919987,1.00516771513337,739.63775948004
19.417488,51.108707,1e-06,"2021-10-09 12:06:02",413.263397,0.625391,0,51.100208,51.102688,51.117352,51.114849,19.394775,19.427094,19.440125,19.407837,-0.376602999999989,0.71,6.64935654614824e-07,6.21865807691004e-07,8.4893559994714e-07,1.56169868383692e-06,4.41757032105766e-07,3.79232917143342e-07,0.379232917143342,3.94737388147717e-07,0.394737388147717,5.47389450982324e-07,0.547389450982324,0.946157440852895,946157.440852895
19.41844,51.340714,0.000591,"2021-10-09 12:07:02",413.222717,0.592301,0,51.332653,51.334957,51.348774,51.346455,19.407501,19.440216,19.429596,19.396729,-0.417282999999998,0.71,0.000552639938219189,0.000556914834392695,0.000615946439713705,0.000612832415699822,0.000574313217213419,3.00021647298858e-05,0.0507650841453228,1.17993372645784e-05,0.0199650376727215,3.22390174844469e-05,0.0545499449821436,0.924619097596602,1564.49931911439
19.419878,51.293522,0.000691,"2021-10-09 12:07:02",413.206726,0.738044,0,51.28508,51.287445,51.30191,51.299561,19.40921,19.441956,19.430695,19.397919,-0.433273999999983,0.71,0.000681717563294746,0.000678801771649912,0.000691315236084634,0.000695270964725743,0.000675512411059054,7.00386206176017e-06,0.0101358351110856,1.09513791643727e-05,0.0158485950280358,1.29994918893786e-05,0.0188125787111123,1.02411373689888,1482.074872502
19.42108,51.236195,0.001476,"2021-10-09 12:06:24",413.807892,0.727827,0,51.227173,51.22966,51.245239,51.242725,19.402374,19.435089,19.439667,19.407013,0.167891999999995,0.71,0.00144204558217123,0.00144626969669131,0.00148733349344699,0.00147392958135011,0.00143631020045999,1.98568943564769e-05,0.0134531804583177,2.80649263986758e-05,0.0190141777768806,3.43793011454185e-05,0.0232922094481155,1.01677536511805,688.872198589462
19.427221,51.154133,0.000712,"2021-10-09 12:06:02",414.060181,0.590887,0,51.145252,51.147572,51.162766,51.160488,19.404053,19.436981,19.450409,19.417603,0.420181000000014,0.71,0.000698048437028541,0.000697404095301662,0.000719196181885382,0.000721193439798555,0.000697015228592886,1.1340505594588e-05,0.0159276763968933,1.05958334765006e-05,0.0148817885905907,1.55202691407917e-05,0.0217981308157187,0.923713942197409,1297.35104241209
19.429588,51.161015,0.000798,"2021-10-09 12:06:24",413.531433,0.691287,0,51.152191,51.154633,51.16975,51.167301,19.41098,19.443512,19.447968,19.415527,-0.108566999999994,0.71,0.000803015736366328,0.000785098009045377,0.000790003244256883,0.000803328030398941,0.00078006504350461,8.08816221341134e-06,0.0101355416208162,1.2681929358176e-05,0.0158921420528521,1.50415989920028e-05,0.0188491215438632,0.990947887931172,1241.78933324708
19.429771,51.325943,0.000542,"2021-10-09 12:07:02",412.023743,0.67185,0,51.317547,51.319843,51.334347,51.332035,19.41922,19.451874,19.440552,19.407806,-1.61625699999996,0.71,0.00052450230530624,0.000537575631289596,0.000548227421906921,0.000554138824856057,0.000534051596959984,1.12843635639911e-05,0.0208198589741533,5.62036968919908e-06,0.01036968577343,1.26065624373815e-05,0.0232593402903717,0.977487812025769,1803.48304801802
19.430504,51.267265,0.000721,"2021-10-09 12:06:24",413.863617,0.692103,0,51.258606,51.261112,51.275951,51.273434,19.411835,19.44455,19.449036,19.416351,0.22361699999999,0.71,0.000722044171600589,0.000727126047550329,0.000736636668398955,0.000740217860966417,0.000724495738994957,8.64919698718179e-06,0.0119961123261883,2.4718607485924e-06,0.00342837829208377,8.99548242639083e-06,0.012476397262678,0.991517303273079,1375.19736931079
19.431314,51.278522,0.00055,"2021-10-09 12:07:02",413.334259,0.757137,0,51.270069,51.272434,51.286896,51.284534,19.420441,19.453217,19.441956,19.409241,-0.305741000000012,0.71,0.000548558706964884,0.000551621074586247,0.000564184483230286,0.000570912337761557,0.000540154441234256,9.92903452249974e-06,0.0180527900409086,6.96186136782827e-06,0.0126579297596878,1.21265510452829e-05,0.022048274627787,1.03795782039351,1887.19603707912
19.431559,51.124592,0.001235,"2021-10-09 12:06:02",412.198425,0.633874,0,51.115414,51.11792,51.133839,51.131306,19.408447,19.440735,19.454834,19.422607,-1.441575,0.71,0.00125177910530265,0.00124178461865219,0.00125127689804686,0.00126861535335455,0.0012386462203381,1.26821010984437e-05,0.0102689077720192,2.57826712677076e-06,0.00208766568969292,1.29415281032857e-05,0.010478970124118,0.951785820467758,770.676777706687
19.434523,51.176609,0.000773,"2021-10-09 12:06:24",413.973236,0.695392,0,51.167767,51.170216,51.185303,51.182888,19.415955,19.448395,19.452942,19.420471,0.333235999999999,0.71,0.000743497048739531,0.000760699953006918,0.000780654834011661,0.000773643271285009,0.000750345446893779,1.46305331446894e-05,0.0189269510280587,1.60191881261597e-05,0.0207233999044757,2.1694858568775e-05,0.0280657937500324,0.993815895493057,1285.66092560551
19.439447,51.192322,0.000814,"2021-10-09 12:06:24",413.011963,0.641277,0,51.183624,51.186047,51.200878,51.198589,19.420898,19.453339,19.457886,19.425049,-0.628037000000006,0.71,0.000794930891337892,0.000804531594324079,0.000825247210055915,0.000830093910999118,0.000797378580247508,1.44785103267134e-05,0.0177868677232351,1.17531186199352e-05,0.014438720663311,1.86484063280221e-05,0.0229095900835652,0.956732037237576,1175.34648309285
19.4398,51.357952,0.000442,"2021-10-09 12:07:03",412.828644,0.679412,0,51.349335,51.351624,51.366642,51.364334,19.429321,19.462097,19.450317,19.41745,-0.811355999999989,0.71,0.000412271692339079,0.000432221610608707,0.000449505855181506,0.000455977877044268,0.000433303464721555,1.70744153041438e-05,0.0386298988781534,6.14937906821653e-06,0.0139126223262817,1.81480169964379e-05,0.0410588619828912,0.982700700149008,2223.30475146834
19.44397,51.207909,0.000822,"2021-10-09 12:06:24",414.17337,0.689681,0,51.199142,51.201427,51.216507,51.214233,19.425323,19.458191,19.462769,19.429871,0.533369999999991,0.71,0.000813216959075021,0.000811973275228895,0.000822449745627648,0.000831027404037287,0.000811367854316198,7.77743157974389e-06,0.00946159559579548,7.51806231157971e-06,0.00914606120630135,1.08171023337303e-05,0.0131594918901828,0.989828208265459,1204.17056966601
19.44932,51.390278,0.000401,"2021-10-09 12:07:03",413.598389,0.639146,0,51.381958,51.384258,51.398624,51.396317,19.438446,19.471161,19.460114,19.427368,-0.041610999999989,0.71,0.000388608197043784,0.000395259493963501,0.000405542343938839,0.000406961994456306,0.000396100845015143,7.60018534854608e-06,0.018953080669691,3.46422571187624e-06,0.00863896686253427,8.35246533157001e-06,0.020829090602419,0.955304982393457,2382.30668926049
19.450109,51.111237,0,"2021-10-09 12:06:02",414.789124,0.635657,0,51.102692,51.105213,51.1199,51.117359,19.427185,19.459961,19.472931,19.440186,1.14912400000003,0.71,0,1.20713870347557e-07,0,0,0,5.39848839848467e-08,Inf,0,NA,5.39848839848467e-08,Inf,0.952974197787644,Inf
19.451448,51.342999,0.000327,"2021-10-09 12:07:03",413.26358,0.624027,0,51.334961,51.337223,51.351063,51.348782,19.440277,19.472961,19.462433,19.429657,-0.376419999999996,0.71,0.000311575408745249,0.000317436857723645,0.000324624161371355,0.000331346046502079,0.00031943828106234,7.87310512887428e-06,0.0240767740944168,5.34694273824613e-06,0.0163515068447894,9.51712041619677e-06,0.0291043437804183,0.945256418555079,2890.69241148342
19.452883,51.29586,0.000372,"2021-10-09 12:07:02",413.24939,0.712093,0,51.287445,51.289753,51.304234,51.301922,19.442017,19.474731,19.463531,19.430756,-0.390609999999981,0.71,0.000361703683200836,0.00036238834704277,0.000365848872074447,0.000377684669709914,0.000367586035407436,6.81040368900393e-06,0.0183075367983977,3.12114429531933e-06,0.00839017283687992,7.49153790081868e-06,0.0201385427441362,1.00557269289949,2703.15240026743
19.453791,51.23864,0.000513,"2021-10-09 12:06:24",413.863373,0.586237,0,51.229664,51.232037,51.247589,51.245243,19.43515,19.467712,19.472382,19.439758,0.223373000000038,0.71,0.000513064414616966,0.000514287338933946,0.000518609274429344,0.000525812445910067,0.000519491532115789,5.45632813019799e-06,0.0106361172128616,4.59020637936466e-06,0.00894777072000908,7.1303233636035e-06,0.0138992658159912,0.920746338694779,1794.82717094499
19.459831,51.156494,0.000279,"2021-10-09 12:06:02",413.156708,0.725088,0,51.147572,51.150127,51.165344,51.162769,19.437042,19.46936,19.482849,19.4505,-0.483292000000006,0.71,0.000276389063608115,0.000276094312791985,0.000282796889631277,0.000285113040748382,0.000274386801277674,3.97446273616176e-06,0.0142453861511174,3.26202409951785e-06,0.0116918426506016,5.14170742720486e-06,0.0184290588788705,1.01481653897167,3637.33526513143
19.462137,51.163391,0.00027,"2021-10-09 12:06:24",415.075714,0.735987,0,51.154633,51.157017,51.172108,51.169754,19.443573,19.476135,19.480713,19.448029,1.43571400000002,0.71,0.000265518180610326,0.000266661373924833,0.000274135638459496,0.000266368021111214,0.000262810446826918,3.56443663373265e-06,0.0132016171619728,5.08378180238754e-06,0.0188288214903242,6.20886832926758e-06,0.022995808626917,1.02263232112404,3787.52711527424
19.464344,51.12711,0.000198,"2021-10-09 12:06:02",414.296295,0.712723,0,51.11792,51.120464,51.136395,51.133846,19.440796,19.47348,19.487488,19.454926,0.656295,0.71,0.000195866813299563,0.000203101605740184,0.00020063123781511,0.000200341721473132,0.000197689638647271,2.75548727881936e-06,0.0139166024182796,2.194586171329e-07,0.00110837685420656,2.76421276828851e-06,0.0139606705469117,1.00601892364738,5080.90365478477
19.467125,51.178967,0.000111,"2021-10-09 12:06:24",414.117279,0.618418,0,51.170223,51.172573,51.187664,51.185307,19.448486,19.48114,19.485657,19.453003,0.47727900000001,0.71,0.000110821659213817,0.000112210055726018,0.000106942882086817,0.000110685003798507,0.000111913048237661,1.98895797687225e-06,0.0179185403321825,6.45622600400519e-07,0.0058164198234281,2.09111988559042e-06,0.018838917888202,0.941562968010304,8482.54926135409
19.472042,51.194698,5e-06,"2021-10-09 12:06:24",413.372986,0.59213,0,51.18605,51.188412,51.203247,51.200878,19.45343,19.486084,19.49057,19.457947,-0.267013999999961,0.71,1.33400647685121e-05,8.41908514150982e-06,1.21853004027352e-05,9.26398112932588e-06,7.93094912406652e-06,3.2913007495628e-06,0.658260149912559,2.07249400094021e-06,0.414498800188041,3.88945908938579e-06,0.777891817877159,0.924509565615807,184901.913123161
19.472626,51.360287,1e-06,"2021-10-09 12:07:03",412.586761,0.68087,0,51.351624,51.353909,51.368946,51.36665,19.462189,19.49472,19.483032,19.450378,-1.05323899999996,0.71,1.32355953753617e-06,1.83638348044358e-06,2.56489827661358e-06,2.03210243379414e-06,6.62780402065179e-07,6.11441925907009e-07,0.611441925907009,2.38450264448713e-07,0.238450264448713,6.56292432816754e-07,0.656292432816754,0.983709284748513,983709.284748513
19.474224,51.31329,0,"2021-10-09 12:07:02",413.495483,0.645332,0,51.305023,51.307247,51.321552,51.319279,19.463226,19.495789,19.485046,19.452179,-0.144517000000008,0.71,0,0,4.09665086414762e-07,9.31672040538215e-08,0,1.7743840372848e-07,Inf,0,NA,1.7743840372848e-07,Inf,0.959454735891189,Inf
19.476938,51.210201,0,"2021-10-09 12:06:24",414.616272,0.608329,0,51.201427,51.203796,51.218857,51.216511,19.458252,19.490875,19.495453,19.46283,0.976271999999994,0.71,0,0,0,0,0,0,NA,0,NA,0,NA,0.934967471220791,Inf
19.478609,51.14299,0,"2021-10-09 12:06:02",414.034271,0.722533,0,51.134277,51.136829,51.15176,51.14922,19.455322,19.487885,19.501282,19.468689,0.394271000000003,0.71,0,0,0,0,0,0,NA,0,NA,0,NA,1.01299256467607,Inf
19.481752,51.225517,0,"2021-10-09 12:06:24",415.109894,0.606339,0,51.217113,51.219456,51.233784,51.231476,19.463135,19.495758,19.500214,19.46756,1.46989400000001,0.71,0,0,0,0,0,0,NA,0,NA,0,NA,0.93367391680447,Inf
19.48209,51.392616,0,"2021-10-09 12:07:03",413.090057,0.717951,0,51.384266,51.3866,51.400967,51.398632,19.471222,19.503937,19.492798,19.460175,-0.549942999999985,0.71,0,0,0,0,0,0,NA,0,NA,0,NA,1.00972948773471,Inf
19.484072,51.345299,0,"2021-10-09 12:07:03",414.844116,0.632085,0,51.337231,51.33952,51.353359,51.35107,19.473053,19.505646,19.495087,19.462494,1.204116,0.71,0,0,0,0,0,0,NA,0,NA,0,NA,0.950595312015055,Inf
19.485603,51.298122,0,"2021-10-09 12:07:02",413.193298,0.664336,0,51.289761,51.291988,51.306458,51.304241,19.474792,19.507477,19.496124,19.463593,-0.446701999999959,0.71,0,0,0,0,0,0,NA,0,NA,0,NA,0.972338583465657,Inf
19.491184,51.256504,0,"2021-10-09 12:06:24",412.162903,0.676242,0,51.248016,51.250332,51.264927,51.262604,19.472595,19.505249,19.509674,19.477051,-1.47709700000001,0.71,0,0,0,0,0,0,NA,0,NA,0,NA,0.980511724847796,Inf
19.492764,51.158997,0,"2021-10-09 12:06:02",414.03244,0.714287,0,51.150131,51.152668,51.167877,51.165348,19.469421,19.501953,19.51532,19.48291,0.392440000000022,0.71,0,0,0,0,0,0,NA,0,NA,0,NA,1.00712755814197,Inf
19.493742,51.37756,0,"2021-10-09 12:07:03",413.593994,0.725749,0,51.369343,51.371674,51.385788,51.38345,19.482819,19.515472,19.5047,19.471954,-0.0460059999999771,0.71,0,0,0,0,0,0,NA,0,NA,0,NA,1.01528892981309,Inf
19.494761,51.165722,0,"2021-10-09 12:06:24",412.895142,0.715819,0,51.157024,51.159412,51.174526,51.172108,19.476227,19.508759,19.513306,19.480774,-0.744857999999965,0.71,0,0,0,0,0,0,NA,0,NA,0,NA,1.00821467989759,Inf
19.495859,51.272064,0,"2021-10-09 12:06:24",413.238037,0.725879,0,51.263477,51.265804,51.280628,51.278309,19.477234,19.509857,19.514404,19.48175,-0.401962999999967,0.71,0,0,0,0,0,0,NA,0,NA,0,NA,1.01538186050421,Inf
19.50474,51.197014,0,"2021-10-09 12:06:24",413.006958,0.631535,0,51.188416,51.190784,51.205608,51.203251,19.486145,19.518768,19.523315,19.490631,-0.633041999999989,0.71,0,0,0,0,0,0,NA,0,NA,0,NA,0.950229686036487,Inf
19.505276,51.362595,0,"2021-10-09 12:07:03",413.561737,0.717248,0,51.353912,51.356243,51.371277,51.368946,19.494781,19.527435,19.515747,19.483093,-0.0782629999999926,0.71,0,0,0,0,0,0,NA,0,NA,0,NA,1.0092297525856,Inf
19.506779,51.315567,0,"2021-10-09 12:07:03",412.788116,0.664688,0,51.307251,51.309544,51.323822,51.32156,19.49585,19.528473,19.517517,19.485107,-0.851883999999984,0.71,0,0,0,0,0,0,NA,0,NA,0,NA,0.97257911623888,Inf
19.509563,51.212547,0,"2021-10-09 12:06:24",413.61264,0.583686,0,51.203796,51.206158,51.221222,51.218861,19.490936,19.523621,19.528137,19.495514,-0.0273599999999874,0.71,0,0,0,0,0,0,NA,0,NA,0,NA,0.919124228054075,Inf
19.514404,51.227867,0,"2021-10-09 12:06:25",414.621368,0.629434,0,51.219463,51.221813,51.23613,51.233795,19.495819,19.528473,19.532928,19.500275,0.981368000000032,0.71,0,0,0,0,0,0,NA,0,NA,0,NA,0.948834632776439,Inf
19.516817,51.34761,0,"2021-10-09 12:07:03",413.67868,0.572718,0,51.339523,51.341854,51.355682,51.353363,19.505707,19.538391,19.527771,19.495148,0.0386799999999994,0.71,0,0,0,0,0,0,NA,0,NA,0,NA,0.912198392633971,Inf
19.518181,51.300396,0,"2021-10-09 12:07:03",413.470917,0.645492,0,51.291992,51.294296,51.308758,51.306469,19.507538,19.540192,19.528809,19.496216,-0.169083000000001,0.71,0,0,0,0,0,0,NA,0,NA,0,NA,0.959562359653608,Inf
19.519173,51.243401,0,"2021-10-09 12:06:25",413.930237,0.599284,0,51.234356,51.236691,51.252216,51.24992,19.500519,19.533173,19.537872,19.505127,0.290236999999991,0.71,0,0,0,0,0,0,NA,0,NA,0,NA,0.929107804647017,Inf
19.527481,51.167999,0,"2021-10-09 12:06:25",414.169403,0.721175,0,51.159424,51.161621,51.176731,51.17453,19.50885,19.541443,19.546021,19.513367,0.529403000000002,0.71,0,0,0,0,0,0,NA,0,NA,0,NA,1.01202439724791,Inf
19.528051,51.332817,0,"2021-10-09 12:07:03",413.897491,0.553534,0,51.32439,51.32671,51.341236,51.338913,19.517334,19.549927,19.538727,19.506073,0.257491000000016,0.71,0,0,0,0,0,0,NA,0,NA,0,NA,0.900277673363058,Inf
19.528606,51.274452,0,"2021-10-09 12:06:25",414.636932,0.707463,0,51.265808,51.268063,51.282856,51.280636,19.509949,19.542694,19.547241,19.514496,0.996932000000015,0.71,0,0,0,0,0,0,NA,0,NA,0,NA,1.00229930478326,Inf
19.529472,51.285378,0,"2021-10-09 12:07:03",413.726288,0.725275,0,51.276966,51.279293,51.293758,51.291447,19.518707,19.551483,19.540253,19.507568,0.0862880000000246,0.71,0,0,0,0,0,0,NA,0,NA,0,NA,1.01495015918271,Inf
19.539402,51.317844,0,"2021-10-09 12:07:03",413.391785,0.682865,0,51.309551,51.311874,51.326145,51.323822,19.528534,19.561249,19.550232,19.517578,-0.248214999999959,0.71,0,0,0,0,0,0,NA,0,NA,0,NA,0.985091167468778,Inf
