"lon","lat","ff.xco2","time","obs","uncert","qf","lat1","lat2","lat3","lat4","lon1","lon2","lon3","lon4","obs_enhance","uncert_bg","ver_0.8","ver_0.9","ver_1.1","ver_1.2","wind_ff.xco2","uncert_ver","uncert_ver_percent","uncert_wind","uncert_wind_percent","uncert_trans","uncert_trans_percent","uncert_total","uncert_total_percent"
19.098898,51.23494,0,"2020-04-17 09:42:37",417.799316,0.456289,0,51.225677,51.228191,51.24419,51.241688,19.077942,19.110596,19.119904,19.087128,2.41931599999998,0.67,0,0,0,0,0,0,NA,0,NA,0,NA,0.810616833973364,Inf
19.108595,51.25119,0,"2020-04-17 09:42:37",416.746826,0.521255,0,51.242313,51.244823,51.260059,51.257553,19.087646,19.120422,19.129303,19.09668,1.366826,0.67,0,0,0,0,0,0,NA,0,NA,0,NA,0.848885607738169,Inf
19.11524,51.189648,0,"2020-04-17 09:42:21",416.052826,0.590786,0,51.180035,51.182575,51.199265,51.196728,19.090302,19.121979,19.139282,19.107635,0.672825999999986,0.67,0,0,0,0,0,0,NA,0,NA,0,NA,0.89326821156694,Inf
19.118231,51.267677,0,"2020-04-17 09:42:37",415.590363,0.576943,0,51.258148,51.260651,51.277203,51.2747,19.097107,19.12973,19.139191,19.106628,0.210363000000029,0.67,0,0,0,0,0,0,NA,0,NA,0,NA,0.884173752861393,Inf
19.126177,51.142456,0,"2020-04-17 09:42:22",415.395813,0.577638,0,51.133194,51.135712,51.151733,51.149216,19.100708,19.134094,19.150665,19.117432,0.0158129999999801,0.67,0,0,0,0,0,0,NA,0,NA,0,NA,0.884627412555139,Inf
19.127787,51.284164,0,"2020-04-17 09:42:37",413.984802,0.630393,0,51.275146,51.277653,51.293171,51.290668,19.106903,19.139496,19.14859,19.115936,-1.39519799999999,0.67,0,0,0,0,0,0,NA,0,NA,0,NA,0.919943114789714,Inf
19.128761,51.174656,0,"2020-04-17 09:42:21",416.75061,0.519331,0,51.165203,51.167728,51.184097,51.18158,19.104156,19.136749,19.153992,19.121155,1.37061,0.67,0,0,0,0,0,0,NA,0,NA,0,NA,0.847705542957577,Inf
19.132763,51.298916,0,"2020-04-17 09:42:55",415.315582,0.610741,0,51.290066,51.292545,51.307755,51.305271,19.115387,19.14801,19.150146,19.117462,-0.0644179999999892,0.67,0,0,0,0,0,0,NA,0,NA,0,NA,0.906589526236102,Inf
19.134804,51.190456,0,"2020-04-17 09:42:38",415.272858,0.599081,0,51.181217,51.18372,51.199688,51.197189,19.113861,19.146393,19.155701,19.123077,-0.10714200000001,0.67,0,0,0,0,0,0,NA,0,NA,0,NA,0.898775858910886,Inf
19.137304,51.300762,0,"2020-04-17 09:42:37",414.598419,0.645736,0,51.291611,51.294113,51.30991,51.307415,19.116394,19.149017,19.158264,19.12561,-0.781581000000017,0.67,0,0,0,0,0,0,NA,0,NA,0,NA,0.9305240360657,Inf
19.137648,51.330448,0,"2020-04-17 09:42:55",414.594604,0.617013,0,51.32172,51.324203,51.339161,51.336681,19.120239,19.152893,19.154999,19.122314,-0.785395999999992,0.67,0,0,0,0,0,0,NA,0,NA,0,NA,0.910826570851444,Inf
19.139965,51.346085,0,"2020-04-17 09:42:55",414.902924,0.553926,0,51.337238,51.339722,51.354919,51.352436,19.122528,19.155212,19.157318,19.124634,-0.477076000000011,0.67,0,0,0,0,0,0,NA,0,NA,0,NA,0.869329634532264,Inf
19.140642,51.127937,0,"2020-04-17 09:42:22",416.242493,0.569745,0,51.118275,51.1208,51.1376,51.135071,19.115784,19.147919,19.165253,19.133301,0.862493000000029,0.67,0,0,0,0,0,0,NA,0,NA,0,NA,0.879493811817343,Inf
19.142296,51.361523,0,"2020-04-17 09:42:55",414.962158,0.506104,0,51.353046,51.35553,51.369991,51.367508,19.124847,19.157532,19.159668,19.126953,-0.417842000000007,0.67,0,0,0,0,0,0,NA,0,NA,0,NA,0.839667350095262,Inf
19.144131,51.159798,0,"2020-04-17 09:42:22",414.560272,0.628302,0,51.14983,51.152348,51.169769,51.167255,19.118164,19.151398,19.16922,19.136322,-0.819727999999998,0.67,0,0,0,0,0,0,NA,0,NA,0,NA,0.91851151500893,Inf
19.144684,51.20689,0,"2020-04-17 09:42:38",416.768921,0.590471,0,51.197651,51.20015,51.216125,51.213627,19.123688,19.156342,19.16568,19.133026,1.38892099999998,0.67,0,0,0,0,0,0,NA,0,NA,0,NA,0.893059909435532,Inf
19.147013,51.192184,0,"2020-04-17 09:42:21",415.764069,0.606872,0,51.182575,51.185101,51.201782,51.199268,19.12204,19.154907,19.172607,19.139374,0.384069000000011,0.67,0,0,0,0,0,0,NA,0,NA,0,NA,0.90398762402148,Inf
19.154629,51.113239,0,"2020-04-17 09:42:22",415.794861,0.584616,0,51.103733,51.106258,51.122738,51.12022,19.130066,19.162323,19.179443,19.147186,0.41486100000003,0.67,0,0,0,0,0,0,NA,0,NA,0,NA,0.889199565595935,Inf
19.15464,51.223515,0,"2020-04-17 09:42:38",415.973877,0.432659,0,51.214401,51.2169,51.232624,51.230133,19.133698,19.166351,19.175385,19.142883,0.59387700000002,0.67,0,0,0,0,0,0,NA,0,NA,0,NA,0.797554894838594,Inf
19.158487,51.144985,0,"2020-04-17 09:42:22",415.651886,0.586067,0,51.135715,51.138241,51.154255,51.151733,19.134186,19.166107,19.182678,19.150726,0.271885999999995,0.67,0,0,0,0,0,0,NA,0,NA,0,NA,0.890154216127183,Inf
19.162016,51.17717,0,"2020-04-17 09:42:22",416.493042,0.607762,0,51.167736,51.170246,51.186615,51.184101,19.13681,19.169708,19.18689,19.154083,1.11304200000001,0.67,0,0,0,0,0,0,NA,0,NA,0,NA,0.904585346246555,Inf
19.165508,51.301395,0,"2020-04-17 09:42:55",414.789673,0.590472,0,51.292553,51.295025,51.310238,51.307758,19.148071,19.180725,19.182831,19.150208,-0.590327000000002,0.67,0,0,0,0,0,0,NA,0,NA,0,NA,0.893060570613214,Inf
19.167961,51.317089,0,"2020-04-17 09:42:55",414.259979,0.734766,0,51.308247,51.310719,51.325928,51.323444,19.150574,19.183197,19.185303,19.152679,-1.12002100000001,0.67,0,0,0,0,0,0,NA,0,NA,0,NA,0.99437471546495,Inf
19.169462,51.09837,0,"2020-04-17 09:42:22",415.967896,0.579666,0,51.088764,51.091267,51.107983,51.10548,19.14389,19.177399,19.194702,19.161255,0.587896000000001,0.67,0,0,0,0,0,0,NA,0,NA,0,NA,0.885952973670725,Inf
19.172668,51.348568,0,"2020-04-17 09:42:55",414.965973,0.562512,0,51.339725,51.342205,51.357403,51.354923,19.155273,19.187897,19.190063,19.15741,-0.414026999999976,0.67,0,0,0,0,0,0,NA,0,NA,0,NA,0.874825554121506,Inf
19.172674,51.130463,0,"2020-04-17 09:42:22",415.578918,0.568498,0,51.120808,51.123325,51.14011,51.137604,19.14798,19.180206,19.197632,19.165314,0.198917999999992,0.67,0,0,0,3.59471073300969e-08,0,1.60760351169155e-08,Inf,0,NA,1.60760351169155e-08,Inf,0.87868650610101,Inf
19.175037,51.36401,0,"2020-04-17 09:42:56",415.081909,0.698884,0,51.355534,51.358006,51.372467,51.369995,19.157623,19.190277,19.192444,19.15976,-0.298090999999999,0.67,7.06202087950498e-08,2.42707778526856e-07,0,0,2.00922655385296e-07,1.05189583752217e-07,Inf,1.42073772116951e-07,Inf,1.76776144469507e-07,Inf,0.968162613126551,Inf
19.176279,51.162323,3e-06,"2020-04-17 09:42:22",416.959564,0.613366,0,51.152355,51.154873,51.172291,51.169773,19.151459,19.183411,19.201233,19.169281,1.579564,0.67,1.85781485685192e-06,1.08311662471756e-06,1.21484293229869e-06,2.15027448278254e-06,2.4855909926289e-06,7.75182583842397e-07,0.258394194614132,3.63742097415546e-07,0.121247365805182,8.5628053330952e-07,0.285426844436507,0.908359978178659,302786.659392886
19.177389,51.209389,1.4e-05,"2020-04-17 09:42:38",414.736481,0.575119,0,51.200153,51.202648,51.218616,51.216129,19.156403,19.188904,19.198303,19.165741,-0.643518999999969,0.67,1.67476309321969e-05,1.3282747941591e-05,1.48560059851995e-05,1.51184862121213e-05,1.65440062243729e-05,1.30765873310081e-06,0.0934041952214867,1.79888405263486e-06,0.128491718045347,2.22395035850148e-06,0.15885359703582,0.882984634161856,63070.3310115611
19.184044,51.08374,0,"2020-04-17 09:42:23",415.035706,0.586581,0,51.074146,51.076672,51.093342,51.090824,19.159271,19.190948,19.20813,19.176514,-0.344293999999991,0.67,0,0,0,3.23277313016647e-09,0,1.4457400949774e-09,Inf,0,NA,1.4457400949774e-09,Inf,0.890492711683257,Inf
19.187922,51.115746,0.000215,"2020-04-17 09:42:22",414.946747,0.574973,0,51.106258,51.108761,51.125233,51.122742,19.162384,19.195801,19.212921,19.179535,-0.433252999999979,0.67,0.000211637808161491,0.000213925345429899,0.000216335190972259,0.000213997752745085,0.000210889201727237,1.72322716410853e-06,0.00801501006562106,2.90677333476065e-06,0.0135198759756309,3.37917787025144e-06,0.0157171063732625,0.88288954617235,4106.46300545279
19.190569,51.147507,0.000329,"2020-04-17 09:42:22",415.571503,0.587755,0,51.138245,51.140759,51.156765,51.154263,19.166168,19.198517,19.215332,19.182739,0.191503000000012,0.67,0.00031941931310305,0.000320587744782749,0.000324245691391086,0.00033154573726351,0.000323639497775505,5.24451138356694e-06,0.0159407640837901,3.79044747350599e-06,0.0115211169407477,6.4708880149305e-06,0.0196683526289681,0.891266480951052,2709.01665942569
19.193163,51.289162,0.000356,"2020-04-17 09:42:38",414.940033,0.606568,0,51.280155,51.282642,51.298161,51.295673,19.172302,19.204956,19.21405,19.181366,-0.439966999999967,0.67,0.000322032008924128,0.000324385691844376,0.000351856349435826,0.000350327477995703,0.000327005525154786,1.6322150086787e-05,0.0458487361988399,2.05021897799936e-05,0.0575904207303191,2.62059605668343e-05,0.0736122487832424,0.90378356884309,2538.71789000868
19.194345,51.179691,0.000512,"2020-04-17 09:42:22",416.991638,0.531621,0,51.170246,51.172764,51.189129,51.186615,19.169769,19.201721,19.218842,19.186951,1.61163800000003,0.67,0.000497175380893226,0.000506399360771273,0.000510106037735202,0.000512917259827866,0.000503844654403129,6.4022684476408e-06,0.0125044305617984,5.76670017446728e-06,0.0112630862782564,8.61648839016556e-06,0.0168290788870421,0.855289943653755,1670.48817119874
19.196894,51.242451,0.000778,"2020-04-17 09:42:38",412.972565,0.512301,0,51.233204,51.235691,51.25169,51.249207,19.175934,19.208527,19.217834,19.185181,-2.40743500000002,0.67,0.000752898190362309,0.00075029093271007,0.000788659996699371,0.000764948182237081,0.000745604360332813,1.63738446967332e-05,0.0210460728749784,2.29071764895438e-05,0.0294436715803905,2.81574417317314e-05,0.0361920844880866,0.843417047132581,1084.08360813956
19.198189,51.303875,0.000196,"2020-04-17 09:42:56",415.035645,0.746646,0,51.295029,51.297497,51.312702,51.310242,19.180786,19.21344,19.215546,19.182922,-0.344355000000007,0.67,0.000197300780896437,0.000196829216770655,0.000173581398624375,0.000174621308015735,0.000200778325853583,1.23974703460052e-05,0.0632523997245162,3.37878661378754e-06,0.0172387072132018,1.28496486318338e-05,0.0655594317950702,1.00318505246097,5118.29108398453
19.200008,51.195454,0.000642,"2020-04-17 09:42:38",415.343079,0.537471,0,51.186234,51.188709,51.20467,51.20219,19.178955,19.21167,19.220917,19.188324,-0.0369210000000066,0.67,0.000637231503546542,0.000647456660938551,0.00064716709004531,0.000639633143624398,0.000643583358729609,4.53819213252194e-06,0.00706883509738619,1.11960369475748e-06,0.00174393098871881,4.67425932795759e-06,0.00728077776940435,0.858938342294049,1337.91019048917
19.200701,51.319561,0.000311,"2020-04-17 09:42:56",415.067749,0.663569,0,51.310726,51.31319,51.328388,51.325928,19.183258,19.215912,19.218079,19.185394,-0.312251000000003,0.67,0.000308583931221867,0.000305008546337526,0.00031389125488664,0.000313977513335686,0.000307205616834315,3.79706436664503e-06,0.0122092101821384,2.68303406687598e-06,0.00862711918609639,4.64934077138496e-06,0.0149496487825883,0.94298664772234,3032.11140746733
19.202076,51.100883,5.5e-05,"2020-04-17 09:42:23",414.86554,0.602295,0,51.091274,51.093792,51.110493,51.107986,19.17746,19.209045,19.226379,19.194763,-0.514459999999985,0.67,5.85460745650246e-05,5.9570475062817e-05,5.73319174578586e-05,5.45293043582162e-05,5.73155338046377e-05,2.19158024839382e-06,0.0398469136071604,1.637329655326e-06,0.0297696300968364,2.73566671679134e-06,0.0497393948507516,0.900921343421546,16380.3880622099
19.203066,51.335407,0.000416,"2020-04-17 09:42:56",415.012817,0.637643,0,51.326691,51.329151,51.344105,51.341648,19.185669,19.218353,19.22049,19.187744,-0.367183000000011,0.67,0.000393686491197868,0.000403980281236484,0.000414335563373125,0.000417355053930394,0.000401496929734341,1.00865101187334e-05,0.0242464185546477,1.02552193328724e-05,0.0246519695501742,1.43842695310062e-05,0.0345775709879956,0.924926264983273,2223.38044467133
19.206608,51.25869,0.00092,"2020-04-17 09:42:38",413.664642,0.650863,0,51.249832,51.252308,51.267544,51.265064,19.185669,19.218323,19.227356,19.194733,-1.71535799999998,0.67,0.000894773048136432,0.00090985582360918,0.000949239715163299,0.000933881437989946,0.000911891099944502,2.10650546004979e-05,0.0228967984788021,5.73385821720665e-06,0.00623245458392028,2.18314831236219e-05,0.0237298729604586,0.934089206256883,1015.31435462705
19.208454,51.164837,0.000716,"2020-04-17 09:42:22",416.221588,0.591386,0,51.154877,51.157379,51.174789,51.172291,19.183472,19.216064,19.23407,19.201294,0.841588000000002,0.67,0.000723794651991972,0.000721194127750327,0.000724398988213769,0.000719391017193031,0.0007219037218602,3.4270951507104e-06,0.00478644574121564,4.17456176158668e-06,0.00583039352176911,5.4011060972105e-06,0.00754344426984707,0.893665150392009,1248.13568490504
19.212683,51.197208,0.000903,"2020-04-17 09:42:22",415.195282,0.590509,0,51.187618,51.190128,51.206799,51.204296,19.187836,19.219757,19.237213,19.205475,-0.184717999999975,0.67,0.000887355083827905,0.000870161975913387,0.000901841283465825,0.000889620992607305,0.000898480286759383,1.33146429532201e-05,0.0147448980655815,3.19591988145897e-06,0.00353922467492688,1.36928310024056e-05,0.0151637109661191,0.893085034735491,989.019972021585
19.215111,51.08569,2.3e-05,"2020-04-17 09:42:06",416.606232,0.545994,0,51.075588,51.07811,51.095795,51.093277,19.184845,19.217102,19.245361,19.213013,1.22623199999998,0.67,2.35393374044611e-05,2.00355967107454e-05,2.11046098529954e-05,2.05774232290865e-05,2.19345924402561e-05,1.53673805850551e-06,0.0668146981958919,7.53356910222323e-07,0.0327546482705358,1.71146442984919e-06,0.0744114969499649,0.864297083206306,37578.1340524481
19.215851,51.086262,2.5e-05,"2020-04-17 09:42:23",416.099762,0.596533,0,51.076675,51.079178,51.09584,51.093342,19.19101,19.223633,19.240875,19.208191,0.719762000000003,0.67,2.69355865456835e-05,2.59110602949605e-05,2.59343751249317e-05,2.67181123347222e-05,2.7204872322834e-05,7.67039339792558e-07,0.0306815735917023,1.55908017112645e-06,0.0623632068450582,1.73755009389344e-06,0.0695020037557375,0.897079494856514,35883.1797942606
19.216227,51.275169,0.000805,"2020-04-17 09:42:38",414.134552,0.659754,0,51.265656,51.268131,51.284672,51.282196,19.19516,19.227783,19.237366,19.204742,-1.24544800000001,0.67,0.000780226270501482,0.000785992079417655,0.000815357351263909,0.000794485165952953,0.000776549707536752,1.42016345802459e-05,0.017641782087262,2.01173947275032e-05,0.0249905524565257,2.46251090428654e-05,0.0305901975687769,0.940305982711158,1168.08196610082
19.218122,51.069645,2e-06,"2020-04-17 09:42:06",416.593903,0.5795,0,51.059734,51.062256,51.079563,51.077045,19.187958,19.22049,19.248077,19.215637,1.21390300000002,0.67,2.85226222094037e-06,2.47838177730411e-06,4.06864878113872e-06,2.6867894672663e-06,2.82632357502808e-06,7.6924865045001e-07,0.384624325225005,5.84299003356666e-07,0.292149501678333,9.65996279259271e-07,0.482998139629636,0.885844371208021,442922.18560401
19.220356,51.118256,0.000632,"2020-04-17 09:42:23",414.747833,0.578181,0,51.108765,51.111279,51.12775,51.12524,19.195892,19.227509,19.244385,19.212982,-0.632166999999981,0.67,0.000622553422364095,0.00062927173376829,0.000629500996352266,0.000630569652042892,0.000625436942863555,3.64359567628736e-06,0.00576518303210026,4.64078220649502e-06,0.00734300982040352,5.90022448220242e-06,0.00933579823133294,0.884982072584418,1400.28808953231
19.224007,51.150005,0.000876,"2020-04-17 09:42:23",416.041595,0.541827,0,51.140759,51.143253,51.159256,51.156769,19.198578,19.231873,19.248474,19.215393,0.661594999999977,0.67,0.000902592073831738,0.000901881338281506,0.000885066117937509,0.00086432817156315,0.000898431200657128,1.65684232999083e-05,0.0189137252282059,1.58612540948113e-05,0.0181064544461316,2.2936696189842e-05,0.0261834431390891,0.861670759893297,983.642419969517
19.225857,51.291649,0.000601,"2020-04-17 09:42:38",414.43158,0.578034,0,51.282642,51.285126,51.30064,51.298168,19.205017,19.237671,19.246735,19.214111,-0.948419999999999,0.67,0.000570735286562703,0.000574086876423836,0.000607094448363714,0.00060492101208827,0.000585316075349482,1.76630106729898e-05,0.0293893688402492,1.10902094760001e-05,0.018452927580699,2.08560468990582e-05,0.0347022410966026,0.884886041019393,1472.35614146322
19.226477,51.182198,0.001032,"2020-04-17 09:42:22",416.797241,0.543398,0,51.172771,51.175266,51.19162,51.189133,19.201782,19.234558,19.252045,19.218903,1.41724099999999,0.67,0.00103644020848165,0.00102671803847705,0.00102185463976576,0.00102361989148074,0.00103922961268591,6.03637444907366e-06,0.005849200047552,5.11210815555934e-06,0.00495359317399161,7.91021278370978e-06,0.00766493486793584,0.862659484655777,835.910353348622
19.230927,51.306335,0.00062,"2020-04-17 09:42:56",415.431732,0.689768,0,51.297497,51.299953,51.315166,51.312714,19.213531,19.246185,19.24826,19.215607,0.0517320000000154,0.67,0.000617826500047104,0.00062207937989441,0.000604150400723101,0.000606380445676697,0.000615699664090546,8.23031819115303e-06,0.0132747067599242,3.04079668295491e-06,0.00490451077895953,8.77408582102398e-06,0.0141517513242322,0.961602773447012,1550.97221523712
19.232708,51.197937,0.001469,"2020-04-17 09:42:39",415.538086,0.53772,0,51.188721,51.191193,51.20715,51.204681,19.211731,19.244324,19.253662,19.220978,0.158086000000026,0.67,0.00146985744590184,0.00143815425653132,0.001433958587036,0.00144962110427373,0.0014686456833224,1.68127538169678e-05,0.0114450332314281,2.50539725418515e-07,0.000170551208589867,1.68146204555434e-05,0.011446303918001,0.859094173349308,584.815638767398
19.233398,51.322029,0.000673,"2020-04-17 09:42:56",415.754059,0.607604,0,51.31319,51.315647,51.330853,51.3284,19.215973,19.248627,19.250793,19.21814,0.374058999999988,0.67,0.00067137121735014,0.000696306314016595,0.000672225142665781,0.000662433861975074,0.000681396126260107,1.26165772625102e-05,0.0187467715639082,5.93695781422011e-06,0.00882163122469555,1.39436541089027e-05,0.0207186539508212,0.90447919877155,1343.95126117615
19.235455,51.308239,0.000668,"2020-04-17 09:42:38",414.670471,0.612707,0,51.299103,51.301579,51.317364,51.314892,19.214569,19.247192,19.256256,19.223694,-0.709528999999975,0.67,0.000680800686199153,0.000662393369443113,0.000659764414669735,0.000662834371089526,0.000671384759936201,8.39783748309775e-06,0.0125716129986493,2.3933867035763e-06,0.00358291422691063,8.73223764595177e-06,0.013072212044838,0.907915121542346,1359.15437356639
19.238161,51.353504,0.000649,"2020-04-17 09:42:56",415.874786,0.600142,0,51.344677,51.347126,51.362324,51.359867,19.220764,19.253418,19.255554,19.2229,0.494785999999976,0.67,0.000650573855304619,0.000648253538208958,0.000653165832736938,0.000646257328287699,0.000646476147628389,2.5931465969488e-06,0.00399560338512913,1.78463312667985e-06,0.0027498199178426,3.14790798310723e-06,0.0048503975086398,0.899483418509707,1385.95287905964
19.238173,51.135475,0.000959,"2020-04-17 09:42:23",416.143921,0.528806,0,51.125828,51.128338,51.145115,51.142612,19.213745,19.245178,19.262573,19.231079,0.763920999999982,0.67,0.000991963786110459,0.000985643107020676,0.000970826487247495,0.000957915050183622,0.000993033139189546,1.53926031477469e-05,0.016050681071686,2.40650635059935e-05,0.0250939139791382,2.85667553847393e-05,0.0297880660946186,0.853543078263809,890.034492454442
19.240555,51.368938,0.000571,"2020-04-17 09:42:56",415.76474,0.599442,0,51.360477,51.36293,51.377384,51.374935,19.223114,19.255798,19.257965,19.225281,0.384740000000022,0.67,0.000595913117335662,0.000582474571299165,0.000561742501435108,0.000572184384155904,0.000587895187746186,1.30296798183005e-05,0.0228190539725052,1.1946701824748e-05,0.0209224200083152,1.76775631990629e-05,0.0309589548144709,0.899016524696013,1574.4597630403
19.241982,51.167328,0.001179,"2020-04-17 09:42:23",416.40799,0.559472,0,51.157391,51.159878,51.17728,51.174793,19.216125,19.249207,19.267212,19.234131,1.02798999999999,0.67,0.0012049374760587,0.00118621643218765,0.00116619335749662,0.00117240922030457,0.00121052709167276,1.49535100005184e-05,0.0126832145890742,2.22930203128986e-05,0.0189084141754865,2.68437369977973e-05,0.0227682247648832,0.872873942505209,740.351096272442
19.242682,51.214363,0.00246,"2020-04-17 09:42:39",415.310852,0.542349,0,51.205143,51.207611,51.223587,51.221111,19.221619,19.254272,19.263489,19.230988,-0.0691479999999842,0.67,0.00249447506155696,0.0024774721810495,0.00242453369858652,0.00240921435686977,0.00250247343451635,3.56913314023337e-05,0.0145086713017617,3.00332535667938e-05,0.0122086396612983,4.66461944544091e-05,0.0189618676643939,0.861999095113717,350.406136225088
19.244911,51.199715,0.002006,"2020-04-17 09:42:22",416.214752,0.595513,0,51.190128,51.192623,51.20929,51.206806,19.219818,19.25296,19.270325,19.237274,0.83475199999998,0.67,0.00204614592308386,0.00204564824519762,0.0019900826976504,0.00198423566911016,0.00204839537897616,2.98162370997055e-05,0.0148635279659549,2.99780599650164e-05,0.0149441973903372,4.22811077675594e-05,0.0210773219180256,0.896401547832606,446.860193336294
19.247396,51.088211,0.000286,"2020-04-17 09:42:06",416.35556,0.658823,0,51.078114,51.080639,51.098309,51.095806,19.217163,19.249603,19.27771,19.245422,0.97556000000003,0.67,0.000291066803331341,0.000285215116769076,0.000280635599451153,0.000280603514841894,0.000299151440906998,4.35292958617145e-06,0.015220033518082,9.29947304771242e-06,0.0325156400269665,1.02678232818498e-05,0.0359014800064678,0.939652992031861,3285.49997213937
19.250532,51.072166,0.000113,"2020-04-17 09:42:06",416.212128,0.618459,0,51.062256,51.064774,51.082081,51.079571,19.220551,19.253021,19.280548,19.248138,0.832128000000012,0.67,0.000115415109378699,0.000107824486296902,0.000108730942878097,0.000106033676540497,0.000120892285359299,3.87933008484119e-06,0.0343303547331079,5.58068849661963e-06,0.0493866238638905,6.79656427935885e-06,0.0601465865429986,0.911806741983845,8069.08621224641
19.252184,51.120766,0.00101,"2020-04-17 09:42:23",414.842072,0.571653,0,51.111282,51.11377,51.130238,51.127758,19.22757,19.260284,19.277313,19.244415,-0.537928000000022,0.67,0.00103855277709397,0.00103223696270343,0.00100555486377024,0.000990474350448097,0.0010168385708914,1.97920600094892e-05,0.0195960990192962,4.83559985093389e-06,0.00478772262468702,2.03742156987103e-05,0.0201724907908022,0.880731033190104,872.010923950598
19.252657,51.230976,0.002875,"2020-04-17 09:42:39",418.353577,0.534338,0,51.221882,51.224354,51.240055,51.237606,19.231628,19.26416,19.274139,19.240814,2.97357699999998,0.67,0.0028183149172585,0.0028688744335808,0.00285408946819667,0.00290480433135849,0.00281649777570767,3.16024696151827e-05,0.0109921633444114,4.1367319511603e-05,0.014388632873601,5.20573838120357e-05,0.0181069161085342,0.856981388919253,298.080483102349
19.254013,51.056332,3.9e-05,"2020-04-17 09:42:07",415.843842,0.604204,0,51.045887,51.048405,51.066784,51.064274,19.222931,19.255524,19.28476,19.252289,0.463842,0.67,3.48733512381106e-05,3.47065474528943e-05,3.66231267597825e-05,3.21371893648111e-05,3.82201371114084e-05,2.54150833369351e-06,0.0651668803511157,5.5144633691885e-07,0.0141396496645859,2.60064562613494e-06,0.0666832211829472,0.902198688550789,23133.2997064305
19.255859,51.152512,0.001253,"2020-04-17 09:42:23",414.422668,0.554482,0,51.143261,51.145763,51.161758,51.15926,19.231934,19.263458,19.280182,19.248535,-0.957332000000008,0.67,0.00125687552226921,0.00127838436063,0.00124647477471262,0.00124714563813979,0.00127852357317334,1.30311998522963e-05,0.01039999988212,1.80478916709797e-05,0.0144037443503429,2.22606954823497e-05,0.0177659181822424,0.86968401665176,694.081417918404
19.25713,51.040581,1.2e-05,"2020-04-17 09:42:07",415.544769,0.63832,0,51.030895,51.033413,51.050274,51.04776,19.227264,19.259827,19.286926,19.254395,0.164768999999978,0.67,1.07420470323082e-05,1.10090774233024e-05,1.11256541904769e-05,1.24299191490243e-05,9.97734408831902e-06,7.18141514238467e-07,0.0598451261865389,1.43023371115668e-06,0.11918614259639,1.60040485596668e-06,0.133367071330557,0.925393117762695,77116.0931468913
19.260233,51.184689,0.002046,"2020-04-17 09:42:23",416.354614,0.565488,0,51.175274,51.177753,51.194111,51.191624,19.234619,19.2677,19.284973,19.252136,0.974614000000031,0.67,0.00216604796882654,0.00214666063245814,0.00206154926443838,0.00204530666008698,0.00211678523843009,5.8498309648738e-05,0.0285915491929316,5.00527221018231e-05,0.0244636960419468,7.69891370360908e-05,0.037629099235626,0.876742085263008,428.515193188176
19.263617,51.308792,0.001086,"2020-04-17 09:42:56",416.1875,0.649294,0,51.299957,51.302399,51.317616,51.31517,19.246246,19.2789,19.280975,19.248322,0.807500000000005,0.67,0.00110054563745841,0.00109859967939355,0.0010759146539625,0.00109100145273515,0.00109829100554154,9.9964361429805e-06,0.00920482149445719,8.69105336602443e-06,0.00800281157092489,1.32462501928573e-05,0.0121972837871614,0.932996623043976,859.112912563514
19.265411,51.200409,0.003161,"2020-04-17 09:42:39",414.60498,0.572051,0,51.191196,51.193661,51.209614,51.207153,19.244385,19.277039,19.286255,19.253723,-0.775019999999984,0.67,0.00336084966863809,0.0033433723465207,0.00323939391877396,0.00311422730178372,0.00335399279113971,0.000108719374859928,0.0343939812907081,0.000136466511335008,0.0431719428456209,0.000174479257179418,0.0551974872443587,0.880989430722078,278.705925568516
19.266121,51.324478,0.000973,"2020-04-17 09:42:56",414.971405,0.626236,0,51.315655,51.3181,51.333302,51.330856,19.248688,19.281342,19.283508,19.250854,-0.408594999999991,0.67,0.00100514545104936,0.00100883297204532,0.000962461995068428,0.000980384872094635,0.000989809261219913,2.02636012418777e-05,0.0208259005569144,1.18859425953365e-05,0.0122157683405309,2.34923214406211e-05,0.0241442152524369,0.917099519271431,942.54832401997
19.267094,51.105881,0.000848,"2020-04-17 09:42:23",414.901062,0.584256,0,51.096294,51.098774,51.115463,51.112995,19.241913,19.274811,19.292297,19.259216,-0.478937999999971,0.67,0.000857473157619788,0.0008347423133995,0.000819009073067151,0.000824409674690891,0.000851555667035065,1.60239196463711e-05,0.0188961316584564,2.51423627213594e-06,0.00296490126431125,1.62199687072904e-05,0.0191273215887859,0.88896292037356,1048.3053306292
19.268089,51.310711,0.001127,"2020-04-17 09:42:39",416.088745,0.623252,0,51.301586,51.304047,51.319836,51.317371,19.247223,19.279877,19.28891,19.256317,0.708745000000022,0.67,0.00113206072321162,0.00112241130099385,0.00114147403812142,0.00112087905270133,0.00112235409274919,8.33748046946472e-06,0.00739794185400597,3.28515252181152e-06,0.00291495343550268,8.96135077263859e-06,0.00795150911502981,0.915064508974261,811.947212931909
19.268591,51.340317,0.000909,"2020-04-17 09:42:56",415.167725,0.722863,0,51.331619,51.334061,51.349014,51.346573,19.251129,19.283783,19.28595,19.253265,-0.212274999999977,0.67,0.000924395802674116,0.000926885657848555,0.000896305952544882,0.000891029120610889,0.000925440392750728,1.61217988587547e-05,0.0177357523198621,1.162511319941e-05,0.0127889034096919,1.98760070270978e-05,0.0218657943092385,0.985611950599249,1084.28157381656
19.270329,51.137974,0.001365,"2020-04-17 09:42:23",415.555237,0.574841,0,51.128345,51.130825,51.147594,51.145123,19.245239,19.278198,19.295776,19.262665,0.175236999999981,0.67,0.00137096998250674,0.00137084757587987,0.00131312073218359,0.00130628999051907,0.00135560309878943,3.26227987223017e-05,0.0238994862434445,6.64461256813411e-06,0.00486784803526309,3.32926098805188e-05,0.0243901903886584,0.882803588795038,646.7425558938
19.27095,51.355953,0.000868,"2020-04-17 09:42:56",415.055115,0.700531,0,51.347134,51.349579,51.364765,51.362324,19.253479,19.286133,19.2883,19.255646,-0.324884999999995,0.67,0.000851774311635129,0.000845191485898604,0.000850339851319686,0.000860828171342949,0.000849384926013813,9.09724507175679e-06,0.0104806970872774,1.31628450479221e-05,0.0151645680275601,1.60006361639533e-05,0.0184339126312826,0.969352197200285,1116.76520414779
19.271841,51.263649,0.003291,"2020-04-17 09:42:39",415.661407,0.589319,0,51.254795,51.257259,51.272488,51.270031,19.251099,19.283875,19.292725,19.259949,0.281407000000002,0.67,0.00329081393821535,0.00329334069620366,0.00335995999025613,0.00336987482835153,0.00333595437755263,4.02581205394218e-05,0.0122327926282047,3.1787545211485e-05,0.00965893199984352,5.12948759618231e-05,0.0155864101980623,0.892298653138154,271.132984849029
19.273342,51.371387,0.000711,"2020-04-17 09:42:57",414.739166,0.681072,0,51.362934,51.365376,51.379833,51.377392,19.255859,19.288513,19.29071,19.258026,-0.640833999999984,0.67,0.000698944457617235,0.000702157444368719,0.000698827888903899,0.000705102363233272,0.000706019088767581,5.06879417973973e-06,0.00712910573803057,3.52203610893177e-06,0.00495363728401093,6.17231016631396e-06,0.0086811676038171,0.955384252132145,1343.71906066406
19.273951,51.16983,0.001964,"2020-04-17 09:42:23",415.781006,0.60241,0,51.159882,51.162373,51.179775,51.177288,19.249298,19.280945,19.298981,19.267273,0.401005999999995,0.67,0.00199869302252167,0.00201669393827234,0.00196807682586488,0.00196020482728995,0.00200458554624062,2.48702815274968e-05,0.0126630761341633,2.86983149649027e-05,0.0146121766623741,3.79753102038904e-05,0.019335697659822,0.900998229488895,458.756735992309
19.275209,51.216839,0.005284,"2020-04-17 09:42:39",415.596649,0.556833,0,51.207623,51.210083,51.226044,51.223591,19.254333,19.286926,19.296204,19.26355,0.216649000000018,0.67,0.00539095801310531,0.00544332667414629,0.00527821966831425,0.00533067501962203,0.00538078838235644,7.10020099097636e-05,0.0134371706869348,6.84397215043154e-05,0.0129522561514601,9.86168387792593e-05,0.018663292728853,0.871184825174475,164.872222780938
19.278502,51.202202,0.004407,"2020-04-17 09:42:23",414.915527,0.612635,0,51.192627,51.19511,51.211773,51.209293,19.253021,19.285858,19.30307,19.270386,-0.464472999999998,0.67,0.0047056455441822,0.00463557269013305,0.00453275689206065,0.00435873157968186,0.00463106602769827,0.000147007850100818,0.0333578057864349,0.00015843860761898,0.0359515787653686,0.000216134449765662,0.0490434421977904,0.907866559544463,206.005572848755
19.279819,51.090721,0.000667,"2020-04-17 09:42:06",415.266479,0.634453,0,51.080639,51.083145,51.100815,51.098312,19.249664,19.281982,19.310242,19.277771,-0.113520999999992,0.67,0.000679592589593111,0.000667411216326174,0.00061292485305472,0.000638909495023886,0.000664834674773587,2.6996611870799e-05,0.0404746804659655,1.53111615107086e-06,0.0022955264633746,2.70399957317052e-05,0.0405397237356899,0.922729976721338,1383.40326345028
19.281479,51.091236,0.000685,"2020-04-17 09:42:24",414.97168,0.594006,0,51.081665,51.084152,51.100811,51.098328,19.256805,19.288483,19.305573,19.273956,-0.408320000000003,0.67,0.00071428675117105,0.000689923664965941,0.000662549332850405,0.00066098263264372,0.000692527751457015,2.1981656099034e-05,0.0320900089036993,5.32292410234222e-06,0.00777069212020763,2.26169566002037e-05,0.0330174548908083,0.895401099255259,1307.15488942374
19.28162,51.280121,0.003379,"2020-04-17 09:42:39",414.908081,0.562698,0,51.270618,51.273075,51.289612,51.287155,19.260345,19.293121,19.302734,19.270111,-0.471919000000014,0.67,0.00306018934163972,0.00307516253835786,0.00332010410344515,0.00333728412273512,0.00313049815102389,0.000153741182857674,0.045499018306503,0.000175717342548403,0.0520027648855883,0.000233480054348866,0.0690973821689453,0.874945194693322,258.936133380681
19.283216,51.07468,0.000414,"2020-04-17 09:42:07",415.806793,0.606184,0,51.064777,51.067291,51.084583,51.082081,19.253082,19.285553,19.312927,19.280609,0.426793000000032,0.67,0.000421782346208614,0.00042424139647948,0.000395914198586669,0.000382860511423143,0.000429213495291913,1.78010376463166e-05,0.0429976754741947,1.07575656864613e-05,0.0259844581798583,2.07990903835748e-05,0.050239348752596,0.903525894641987,2182.42969720287
19.285536,51.123241,0.001421,"2020-04-17 09:42:23",415.783752,0.585891,0,51.113773,51.116241,51.13271,51.130245,19.260345,19.293304,19.310303,19.277374,0.403751999999997,0.67,0.00147251609041715,0.00144916871014787,0.0014134194003371,0.00139610456311439,0.00145633549787642,3.03269623942291e-05,0.0213419862028354,2.49859701650195e-05,0.0175833709817167,3.92940625686404e-05,0.0276524015261368,0.890038350536101,626.346481728431
19.286419,51.058846,0.000216,"2020-04-17 09:42:07",415.439667,0.599688,0,51.048405,51.050919,51.06929,51.066792,19.255585,19.288055,19.31723,19.284821,0.0596669999999904,0.67,0.00023828509602521,0.000236361927225635,0.000210963903559476,0.00021399462561866,0.000230741241423323,1.31059748417267e-05,0.0606758094524386,1.04236317735397e-05,0.0482575545071284,1.67457061930013e-05,0.0775264175601911,0.899180570088355,4162.87300966831
19.28837,51.154999,0.001929,"2020-04-17 09:42:23",415.835663,0.555443,0,51.145763,51.148239,51.16423,51.161762,19.263519,19.2966,19.313416,19.280273,0.455663000000015,0.67,0.00195434683792129,0.00192920859350842,0.00190806201601835,0.00188459969233403,0.00195167790683426,2.6152232239739e-05,0.0135574039604661,1.6035701705622e-05,0.00831296096714465,3.06770758109852e-05,0.0159030978802412,0.870297033885606,451.164869821465
19.291296,51.296593,0.001927,"2020-04-17 09:42:39",414.976807,0.61621,0,51.287601,51.290066,51.305573,51.30312,19.270386,19.30304,19.312073,19.279541,-0.403192999999987,0.67,0.0018379225672085,0.00186019246395896,0.00190926658466036,0.00189443106600523,0.00182477683481271,3.62994605717051e-05,0.0188372914227842,7.22826932982853e-05,0.0375104791376675,8.08853422336257e-05,0.0419747494725613,0.91028279707047,472.383392356238
19.292065,51.187183,0.004131,"2020-04-17 09:42:23",415.880493,0.596144,0,51.177765,51.180252,51.196594,51.194111,19.267761,19.2995,19.316711,19.285034,0.500493000000006,0.67,0.00444035428454958,0.00435196408394749,0.00412122791179779,0.00400251625856182,0.00428366184704667,0.000180545117914312,0.0437049426081608,0.000107948227275164,0.0261312581155081,0.000210355316962855,0.0509211612110519,0.896820892366675,217.095350367145
19.296316,51.012135,1.9e-05,"2020-04-17 09:42:08",414.505127,0.692836,0,51.002254,51.004749,51.022022,51.019531,19.266266,19.298798,19.326599,19.294159,-0.87487299999998,0.67,1.84123245454774e-05,1.97175834898595e-05,2.02051846642398e-05,2.25780455265874e-05,2.07559252621082e-05,1.60369751855978e-06,0.084405132555778,1.24162666009347e-06,0.065348771583867,2.02817220523546e-06,0.106745905538708,0.963805853323227,50726.6238591172
19.298025,51.202873,0.006468,"2020-04-17 09:42:39",415.262787,0.561718,0,51.193665,51.196121,51.212078,51.209625,19.2771,19.309601,19.318878,19.286316,-0.117212999999992,0.67,0.00654247415016292,0.00653627258146216,0.00631541443029033,0.00615178378267377,0.00650771545196956,0.000167496430390277,0.0258961704375815,2.80830654055645e-05,0.00434184684687144,0.000169834368594988,0.0262576327450507,0.87431524084149,135.175516518474
19.299484,50.996464,1.1e-05,"2020-04-17 09:42:08",415.241699,0.704231,0,50.986481,50.988979,51.006454,51.003967,19.269043,19.301544,19.329468,19.297089,-0.138301000000013,0.67,1.01733897293932e-05,9.72044831836132e-06,1.41625454989482e-05,1.17797474491988e-05,9.5049780612408e-06,1.75042578792165e-06,0.159129617083786,1.05714015091929e-06,0.0961036500835718,2.04488037246847e-06,0.185898215678952,0.972029475563978,88366.3159603616
19.299528,51.10836,0.001341,"2020-04-17 09:42:24",414.81958,0.584389,0,51.098774,51.101257,51.117947,51.115467,19.274902,19.306519,19.323975,19.292358,-0.560420000000022,0.67,0.00137101247394773,0.00133407882529507,0.00131634905715739,0.00127933885723876,0.00136135475108013,3.37603435845559e-05,0.0251754985716301,1.43929825181241e-05,0.0107330220120239,3.67003916152715e-05,0.0273679281247364,0.889050338658008,662.975644040274
19.303663,51.358398,0.001501,"2020-04-17 09:42:57",415.548065,0.631382,0,51.349579,51.352009,51.367207,51.364777,19.286194,19.318878,19.321075,19.288361,0.168065000000013,0.67,0.00136838655516455,0.00138140235984029,0.00151131984990115,0.0014808921534083,0.00139771616170792,6.83228408341657e-05,0.0455182150793909,7.30327024433045e-05,0.0486560309415753,0.000100008930630334,0.0666282016191433,0.920621116380559,613.338518574656
19.304598,51.266109,0.005124,"2020-04-17 09:42:39",416.092224,0.562034,0,51.257263,51.25972,51.274944,51.272491,19.283936,19.316345,19.325348,19.292786,0.712223999999992,0.67,0.00516546578105833,0.00521748014838842,0.00511711462517634,0.0050057550086482,0.00518048449870547,7.82111987685928e-05,0.0152636999938706,3.99405720665606e-05,0.0077948032916785,8.78193652324159e-05,0.0171388300609711,0.874518281608933,170.671015146162
19.306032,51.373833,0.001381,"2020-04-17 09:42:57",415.431183,0.583992,0,51.365387,51.367813,51.382267,51.379837,19.288574,19.321289,19.323486,19.290771,0.0511829999999804,0.67,0.00134115585359653,0.00133365804436874,0.0014021841372362,0.00140364638087866,0.00133034565032254,3.32208581750617e-05,0.0240556540007688,3.58180341535266e-05,0.0259363027903885,4.88524000281538e-05,0.0353746560667297,0.88878943425907,643.583949499688
19.307911,51.219299,0.007718,"2020-04-17 09:42:39",415.137604,0.514474,0,51.210087,51.21254,51.228474,51.226055,19.286987,19.319489,19.329651,19.296265,-0.242395999999985,0.67,0.00777236559612523,0.00780901844125339,0.00775406143969626,0.00767888095836485,0.00782918215684331,5.00483233901797e-05,0.00648462339857213,7.86176570508506e-05,0.0101862732639091,9.31964091278906e-05,0.012075202011906,0.844738720174215,109.450469056001
19.310116,51.204685,0.007542,"2020-04-17 09:42:23",416.19278,0.595701,0,51.19511,51.197598,51.214252,51.211777,19.285919,19.317627,19.335175,19.303131,0.812780000000032,0.67,0.00776914676287505,0.00772522442848821,0.00760736875983743,0.00713381582183272,0.00764212863189926,0.000252557659087088,0.033486828306429,7.08016346068984e-05,0.00938764712369377,0.00026229419098897,0.0347778031011628,0.896526491632703,118.871186904363
19.312475,51.093227,0.001134,"2020-04-17 09:42:07",415.894562,0.585285,0,51.083149,51.085651,51.103313,51.100819,19.282043,19.314453,19.342926,19.310303,0.514562000000012,0.67,0.00121568513911365,0.0011768456265858,0.00110132980602097,0.00108358591604919,0.00119498764759948,5.42530387054164e-05,0.0478421858072455,4.31247791862077e-05,0.0380289058079433,6.93046808565669e-05,0.0611152388505881,0.889639553992593,784.514597877066
19.31328,51.093719,0.00116,"2020-04-17 09:42:24",414.853119,0.56241,0,51.084156,51.08662,51.10326,51.100815,19.288574,19.32135,19.338928,19.305634,-0.526881000000003,0.67,0.00121652398809355,0.00119803026645227,0.00113276635179764,0.00111924343723461,0.00119945716966441,4.15418515386772e-05,0.0358119409816183,2.79004322361325e-05,0.0240520967552866,5.00415781947824e-05,0.0431392915472262,0.874759973137866,754.10342511885
19.314388,51.282578,0.003776,"2020-04-17 09:42:39",414.611328,0.574363,0,51.273087,51.275532,51.292068,51.289616,19.293182,19.325714,19.335358,19.302795,-0.768671999999981,0.67,0.00375308227012025,0.00373357695113103,0.00388091275518343,0.00386132417073784,0.00383472192416906,6.6128715802496e-05,0.0175129014307458,4.15226707842647e-05,0.0109964700170192,7.8084180489685e-05,0.0206790732229039,0.882492414622437,233.710914889417
19.315636,51.077187,0.000819,"2020-04-17 09:42:07",416.095642,0.606612,0,51.067295,51.069798,51.087086,51.084591,19.285614,19.317963,19.345428,19.312988,0.715642000000003,0.67,0.00089166499296587,0.000858041716685431,0.000799048018318439,0.00079356488462658,0.00084728554450778,4.17427398135614e-05,0.0509679362802948,2.00009003310052e-05,0.0244211237252811,4.62870645125989e-05,0.0565165622864455,0.903813100528252,1103.5568993019
19.317848,51.125713,0.002028,"2020-04-17 09:42:24",416.085938,0.57995,0,51.116253,51.118725,51.135181,51.13271,19.293365,19.325134,19.342285,19.310364,0.705938000000003,0.67,0.00206639183613344,0.00207383611600116,0.00197004322909274,0.00199504299726063,0.0020561852618286,4.47523571822481e-05,0.0220672372693531,1.99299897685214e-05,0.00982741112846225,4.89895699668907e-05,0.0241565926858436,0.88613881807535,436.952079918812
19.321728,51.157463,0.003506,"2020-04-17 09:42:24",415.990143,0.569575,0,51.148243,51.1507,51.166687,51.164234,19.296692,19.329651,19.346497,19.313477,0.610142999999994,0.67,0.00370316060975415,0.00363043390108314,0.00345819585487375,0.00339137897945264,0.0036050055111877,0.00012719310155429,0.0362786941113206,7.00074683356632e-05,0.0199679031191281,0.000145186537618916,0.0414108778148647,0.879383705616684,250.8225058804
19.322105,51.045601,0.000339,"2020-04-17 09:42:08",415.097198,0.630631,0,51.035934,51.038425,51.055267,51.052784,19.292267,19.324738,19.351776,19.319336,-0.282802000000004,0.67,0.000340684683675375,0.000351197009222485,0.000328439108179115,0.00032304718358117,0.000355427254205596,1.10194874935885e-05,0.0325058628129455,1.16158228450522e-05,0.0342649641446966,1.60111350312521e-05,0.0472304868178529,0.920106221268695,2714.17764386046
19.324646,51.189659,0.006975,"2020-04-17 09:42:23",417.914795,0.588671,0,51.180256,51.182713,51.199055,51.196598,19.299561,19.332977,19.35022,19.316772,2.53479500000003,0.67,0.00722219858208762,0.00715948784823388,0.00687993931167978,0.00665254751011759,0.00720315858467042,0.000228098044496359,0.0327022286016285,0.000161332482406379,0.0231301050044988,0.000279386627780335,0.0400554305061412,0.89187085628912,127.866789432132
19.32572,51.03019,2e-04,"2020-04-17 09:42:08",413.890564,0.599937,0,51.020138,51.022625,51.040253,51.037769,19.295319,19.327881,19.355774,19.323547,-1.48943600000001,0.67,0.000210420010806313,0.00019807310711461,0.000193604058384071,0.000200037310566512,0.000204242914694248,6.17024707340123e-06,0.0308512353670062,3.00019375229881e-06,0.015000968761494,6.86098473239442e-06,0.0343049236619721,0.899346653975025,4496.73326987512
19.330662,51.20533,0.007978,"2020-04-17 09:42:40",416.721161,0.579763,0,51.196125,51.198566,51.21452,51.212082,19.309692,19.342285,19.351593,19.318939,1.341161,0.67,0.00799417411313276,0.00792027834034446,0.00791737271712625,0.00782825529980452,0.00782755888609405,6.51917263085148e-05,0.00817143724097703,0.000106377931812155,0.0133339097282721,0.000124764680722213,0.015638591216121,0.886016451165116,111.057464422802
19.331596,51.329361,0.002839,"2020-04-17 09:42:57",415.94986,0.683948,0,51.320545,51.322964,51.338169,51.335743,19.314148,19.346863,19.348999,19.316284,0.569860000000006,0.67,0.00292683050512381,0.00291934409736543,0.00286887551578191,0.00282170901109943,0.00288378522395334,4.69737261189755e-05,0.0165458704188008,3.1667935554365e-05,0.0111546092125273,5.66514703055087e-05,0.0199547271241665,0.957436614044705,337.244316324306
19.331684,51.110832,0.002011,"2020-04-17 09:42:24",415.102966,0.59517,0,51.101261,51.10371,51.120396,51.11795,19.30658,19.339874,19.357391,19.324036,-0.277034000000015,0.67,0.00204527160651486,0.0020280530502796,0.00195779070834748,0.00193853656256308,0.00201447653332353,4.59401808047416e-05,0.0228444459496478,2.45828028808904e-06,0.00122241685136203,4.60059056464185e-05,0.0228771286158222,0.896173716986022,445.635861256103
19.331852,50.998955,5.4e-05,"2020-04-17 09:42:08",415.682526,0.645789,0,50.988983,50.991467,51.008938,51.006458,19.301605,19.334229,19.362061,19.329529,0.302526,0.67,6.12920758864148e-05,5.75417536398936e-05,6.1942301020064e-05,6.14834014706721e-05,5.89232483244113e-05,3.4237124694059e-06,0.0634020827667759,3.48126227565654e-06,0.0644678199195655,4.88272404555846e-06,0.09042081565849,0.930560816145211,17232.6077063928
19.334061,51.345196,0.003613,"2020-04-17 09:42:57",416.202148,0.557186,0,51.336506,51.338928,51.353882,51.351456,19.316559,19.349274,19.351471,19.318756,0.822148000000027,0.67,0.00357756987267786,0.00369606059172117,0.00365702004570038,0.0036491908663836,0.00359525991915299,4.50921710055607e-05,0.0124805344604375,1.25441314657184e-05,0.00347194338934914,4.68044775659761e-05,0.0129544637603034,0.871410489256733,241.187514325141
19.335197,50.98357,3.2e-05,"2020-04-17 09:42:09",415.89444,0.633397,0,50.973644,50.97612,50.993511,50.991032,19.304718,19.337463,19.365204,19.332947,0.514439999999979,0.67,2.79966884953921e-05,3.1672986466845e-05,3.06520153514349e-05,2.84620006693724e-05,2.87288218027735e-05,1.83574728318453e-06,0.0573671025995167,2.31307228572844e-06,0.0722835089290138,2.95301058019175e-06,0.0922815806309921,0.922004208026037,28812.6315008137
19.335936,51.142914,0.00331,"2020-04-17 09:42:24",416.741486,0.570818,0,51.133301,51.135769,51.152527,51.150066,19.311157,19.343079,19.360687,19.328796,1.36148600000001,0.67,0.00354425969084869,0.00344372993142818,0.00329098333641314,0.00328212313609521,0.00342990927598081,0.000115411773591549,0.0348676053146673,8.47886621731999e-05,0.0256159100221148,0.000143209618101118,0.0432657456498845,0.880189303293896,265.918218517793
19.336422,51.360828,0.00347,"2020-04-17 09:42:57",415.965912,0.622369,0,51.35202,51.354435,51.369629,51.367207,19.318939,19.351685,19.353882,19.321136,0.585912000000008,0.67,0.00347334660408935,0.00347999305084617,0.00354840909966383,0.00355531724155583,0.00348895946239905,4.26251276890991e-05,0.012283898469481,1.34063644300195e-05,0.00386350559942926,4.46836896164864e-05,0.0128771439816964,0.914463325758683,263.534099642272
19.338848,51.376259,0.003022,"2020-04-17 09:42:57",414.815216,0.568583,0,51.367817,51.370239,51.384689,51.382275,19.32135,19.354065,19.356323,19.323547,-0.564783999999975,0.67,0.00287189263456504,0.00290002567159562,0.00303614124252603,0.00306345643204863,0.0028716041455026,8.65382896851284e-05,0.0286360985059988,0.000106345928577457,0.0351905786159685,0.000137107009691805,0.045369625973463,0.87874151301013,290.781440440149
19.340672,51.221745,0.013213,"2020-04-17 09:42:40",414.377991,0.611805,0,51.212543,51.214985,51.230946,51.228485,19.31955,19.352203,19.361389,19.329712,-1.00200899999999,0.67,0.00783166361964522,0.0142921084413553,0.0106097719767306,0.0122939019976037,0.00815959202117395,0.00252487943260102,0.191090549655719,0.00357329904993011,0.270438132894127,0.00437532653060352,0.33113801033857,0.907317200050374,68.6685234277131
19.343208,51.207153,0.008111,"2020-04-17 09:42:23",417.978607,0.591305,0,51.197601,51.200054,51.216705,51.21426,19.317688,19.351074,19.3685,19.335236,2.59860700000002,0.67,0.00767076069547353,0.00756076643023812,0.00804999590368411,0.00757277922154075,0.0077372042782017,0.00026671283527417,0.032882854798936,0.000264313489662098,0.0325870410136973,0.000375496148205734,0.0462946798428966,0.893611629301207,110.172805979683
19.345091,51.09573,0.001667,"2020-04-17 09:42:07",415.861664,0.615518,0,51.085659,51.08815,51.105804,51.103317,19.314514,19.346924,19.375519,19.343018,0.481664000000023,0.67,0.00170137647064489,0.00170979042655462,0.00161060066628202,0.00160345772263377,0.00173037739019017,4.96621912672525e-05,0.0297913564890537,4.4814582377375e-05,0.0268833727518746,6.68930492287779e-05,0.0401278039764714,0.909814493618716,545.779540263177
19.346733,51.096172,0.001673,"2020-04-17 09:42:24",415.137421,0.588684,0,51.086624,51.089081,51.105728,51.103271,19.321442,19.354156,19.37149,19.338989,-0.242578999999978,0.67,0.00178260890349299,0.0017677236422995,0.00166487651238764,0.00163539730976672,0.00178593821060016,6.60216583942896e-05,0.0394630355016675,7.98593745704476e-05,0.0477342346505963,0.000103616500056291,0.0619345487485301,0.891879399129938,533.101852438696
19.350164,51.128181,0.003364,"2020-04-17 09:42:24",415.7854,0.569856,0,51.118732,51.121174,51.137623,51.135181,19.325195,19.358551,19.375916,19.342346,0.405399999999986,0.67,0.00353779682248078,0.00348126365831894,0.00326206623612678,0.00315563801593187,0.00345785059357743,0.000156274846495304,0.046455067329163,6.63623911369835e-05,0.0197272268540379,0.000169781608558021,0.0504701571218848,0.87956573919281,261.464250651846
19.351379,51.063847,0.001035,"2020-04-17 09:42:08",414.208466,0.638444,0,51.053432,51.05592,51.074268,51.071793,19.320435,19.352936,19.38208,19.349701,-1.17153400000001,0.67,0.00112210147368376,0.0010988765980969,0.00100638203376421,0.000948661423902581,0.00108428013842771,7.01439842387991e-05,0.067771965448115,3.48463200600456e-05,0.0336679420870006,7.83226949652527e-05,0.0756741014157031,0.925478658462984,894.182278708197
19.35387,51.159931,0.005814,"2020-04-17 09:42:24",415.248962,0.58169,0,51.150707,51.153168,51.169155,51.166691,19.329712,19.361511,19.378296,19.346558,-0.13103799999999,0.67,0.0062426340878217,0.00681088407618871,0.00575060498001217,0.0055569906657492,0.00605507866985343,0.000500829926857161,0.0861420582829654,0.000170468362252793,0.0293203237448905,0.000529046385645813,0.0909952503690769,0.88727872508591,152.610719829018
19.354555,51.048088,0.000749,"2020-04-17 09:42:08",415.541199,0.673617,0,51.038433,51.040913,51.057751,51.055279,19.324799,19.357086,19.384064,19.351837,0.161199000000011,0.67,0.000776114410069204,0.000768530954339535,0.000706562970449704,0.00067571136871899,0.000784823462265785,4.28204299725743e-05,0.057170133474732,2.5331013093717e-05,0.0338197771611709,4.97518788327657e-05,0.0664244043161091,0.950084135834427,1268.47014130097
19.356632,51.301495,0.003698,"2020-04-17 09:42:40",414.722473,0.595647,0,51.292522,51.294956,51.310459,51.308029,19.335724,19.368317,19.377533,19.344879,-0.657527000000016,0.67,0.00382607135012939,0.00371103186802086,0.00359133375854335,0.00348750089165911,0.00366333292332367,0.000128510784709726,0.0347514290723976,2.45133250017467e-05,0.00662880611188392,0.000130827844472615,0.035378000127803,0.896490583176937,242.425793179269
19.358175,51.192112,0.014563,"2020-04-17 09:42:24",417.849457,0.597296,0,51.18272,51.185169,51.201508,51.199055,19.333069,19.365906,19.382782,19.35022,2.46945699999998,0.67,0.00804373179870642,0.0163724268087394,0.0163993472148698,0.00749278309241802,0.0187694149422632,0.00445419867767904,0.305857218820232,0.00297438453015873,0.204242568849738,0.00535601056696916,0.367782089333871,0.897603029442968,61.6358600180573
19.361835,51.316093,0.00456,"2020-04-17 09:42:57",415.086517,0.597951,0,51.307281,51.309689,51.324894,51.322483,19.344391,19.377075,19.379242,19.346558,-0.293482999999981,0.67,0.00477925829965209,0.00480811382606272,0.00456040783314346,0.00455690415237898,0.00473386833330619,0.000128897399705058,0.0282669736195304,0.00012294347751441,0.0269612889285987,0.000178128151380016,0.0390631910921088,0.898023067705189,196.934883268682
19.363319,51.207771,0.111207,"2020-04-17 09:42:40",416.933624,0.581667,0,51.198578,51.201008,51.216953,51.214523,19.342346,19.374878,19.384277,19.351685,1.55362400000001,0.67,0.0580034465390119,0.096945773239348,0.129149007693545,0.100249142744367,0.0613408823358511,0.0261935566957684,0.235538740329012,0.035260669951766,0.31707239608807,0.0439251324166679,0.394985319419352,0.888350108992407,7.98825711504139
19.364386,51.331779,0.004654,"2020-04-17 09:42:57",415.986938,0.567328,0,51.322968,51.325378,51.34058,51.338169,19.346924,19.379608,19.381775,19.34906,0.606938000000014,0.67,0.00496844392210323,0.00495203020460989,0.0046726002304103,0.00462801994947391,0.00490284341926306,0.000169919165067414,0.0365103491764964,0.000175958869214557,0.0378080939438239,0.000244609988169888,0.0525590864138134,0.877930019658769,188.639883897458
19.365158,51.113281,0.005416,"2020-04-17 09:42:24",414.819702,0.58229,0,51.103718,51.106174,51.12286,51.120403,19.339935,19.372406,19.389618,19.357452,-0.560297999999989,0.67,0.00376855002007731,0.00371153815184986,0.00357027050428601,0.00360364382261607,0.00456712921439716,0.000787816748983059,0.145460995011643,0.00060024228885092,0.110827601338796,0.000990427198386245,0.182870605315038,0.887672588878374,163.898188493053
19.366261,51.318073,0.005009,"2020-04-17 09:42:40",415.079865,0.5878,0,51.308964,51.311398,51.327175,51.324741,19.345276,19.377991,19.387177,19.354523,-0.300135000000012,0.67,0.00521296868708931,0.0051278085206088,0.00481946826815158,0.00493641095400587,0.00511716007877529,0.000155059904844405,0.0309562597014184,7.64807251556785e-05,0.0152686614405427,0.00017289556214864,0.0345169818623757,0.891296174059373,177.938944711394
19.366852,51.347614,0.005729,"2020-04-17 09:42:57",415.223358,0.572222,0,51.338932,51.341339,51.356293,51.353882,19.349365,19.38208,19.384277,19.351532,-0.156641999999977,0.67,0.00590306400678524,0.0059358532984654,0.0057535540055662,0.00574926726600382,0.00586127492432441,9.72748164301869e-05,0.0169793709949707,9.3532495970728e-05,0.0163261469664388,0.000134947092277088,0.0235550867999804,0.881100468445408,153.796555846641
19.367777,50.986046,0.000123,"2020-04-17 09:42:09",415.048706,0.58994,0,50.97612,50.978592,50.995975,50.993515,19.337524,19.370056,19.397888,19.365265,-0.331294000000014,0.67,0.000114221982117862,0.000105532561340979,0.000108467099325355,0.00011227044722015,0.000112644687755516,6.66859351168598e-06,0.0542162074120811,7.32231150937873e-06,0.0595309878811279,9.90385709026945e-06,0.080519163335524,0.892708913195162,7257.79604223709
19.368528,51.14537,0.005774,"2020-04-17 09:42:24",415.827728,0.563768,0,51.135773,51.13821,51.154968,51.152531,19.34317,19.376709,19.394226,19.360748,0.447727999999984,0.67,0.00711586010282106,0.00651210208936082,0.00864182785397338,0.00919949397907212,0.00584082732841302,0.00143887558158455,0.249199096221778,4.72540570894269e-05,0.00818393784021942,0.0014396513068072,0.249333444199376,0.875634872775111,151.651346168187
19.369255,51.363247,0.004394,"2020-04-17 09:42:57",415.314301,0.612432,0,51.354443,51.356853,51.372051,51.36964,19.351746,19.38446,19.386658,19.353943,-0.0656989999999951,0.67,0.00448905054380135,0.00451966551708194,0.00433657209294064,0.00449997984816064,0.00453605082649697,7.88274530338606e-05,0.0179397935898636,0.000100445102689161,0.0228596046174694,0.000127683146914703,0.0290585222837284,0.907729569269937,206.583880125156
19.371658,51.378681,0.003525,"2020-04-17 09:42:58",415.334198,0.51902,0,51.370243,51.372654,51.387104,51.384693,19.354156,19.386871,19.389069,19.356384,-0.0458019999999806,0.67,0.0035166489178275,0.00354631058669843,0.0035555211976337,0.00352113032738581,0.00359571662345431,1.70043583949057e-05,0.00482393145954771,5.00042039871583e-05,0.014185589783591,5.28163669785393e-05,0.0149833665187346,0.847515051895581,240.429801956193
19.373156,51.22419,2.478073,"2020-04-17 09:42:40",416.81546,0.691592,0,51.214985,51.217422,51.233379,51.230953,19.352295,19.384888,19.394226,19.36145,1.43545999999998,0.67,2.47871908324128,2.58247724554768,2.24225544187034,2.37005837348688,2.43985173309076,0.129203704704955,0.0521387806997431,0.0270265170170647,0.0109062634624019,0.132000113377068,0.0532672416741024,0.97191744731513,0.392206947622257
19.376183,51.209602,0.524496,"2020-04-17 09:42:24",414.880219,0.625051,0,51.200058,51.202503,51.219151,51.216709,19.351135,19.383698,19.401062,19.368561,-0.499780999999984,0.67,0.611046834888816,0.539666750198895,0.616284718840033,0.558249415211498,0.625911557826255,0.0417010222263277,0.0795068450976323,0.0717116286567614,0.136724834234696,0.0829550055109751,0.158161369221072,0.920038197870244,1.75413768240414
19.378832,51.09864,0.002905,"2020-04-17 09:42:25",413.654083,0.588825,0,51.089092,51.091553,51.108196,51.105732,19.354248,19.385834,19.403137,19.371552,-1.72591699999998,0.67,0.00305789533015744,0.00297920658554872,0.00271985834910759,0.00276914652356745,0.00287176821406994,0.000141292259376717,0.0486376108009353,2.34984211820852e-05,0.0080889573776541,0.000143232951368839,0.0493056631218034,0.891972477793277,307.047324541576
19.380445,51.082169,0.001978,"2020-04-17 09:42:08",415.484741,0.609794,0,51.072296,51.07478,51.092045,51.089573,19.350494,19.382874,19.410583,19.377869,0.10474099999999,0.67,0.00202835702183921,0.00206252578749173,0.00190569653838105,0.00205289417603063,0.00201718294850386,6.46868854926546e-05,0.0327031777010387,2.77065285939625e-05,0.0140073450930043,7.03707672366009e-05,0.0355767276221441,0.90595183502659,458.01407230869
19.38324,51.240791,0.760315,"2020-04-17 09:42:40",414.557892,0.614107,0,51.23172,51.234146,51.249859,51.247433,19.362152,19.394897,19.404053,19.371521,-0.822108000000014,0.67,0.584727844378539,0.655527366811093,0.691559028575328,0.75180797710978,0.661305880353247,0.0725087814506336,0.0953667643682338,0.0700100199015292,0.092080282384971,0.100791499016873,0.132565448553393,0.914432246655305,1.20270183628536
19.38356,51.130627,0.011698,"2020-04-17 09:42:24",414.957611,0.540845,0,51.121181,51.123638,51.140079,51.137623,19.358612,19.390747,19.408081,19.375977,-0.42238900000001,0.67,0.00887214201389174,0.0071068188603602,0.00606048860738863,0.00620461986014116,0.0070026003304838,0.00235680033822553,0.201470365722819,0.00332014894669598,0.28382193081689,0.0040715963530913,0.348059185595085,0.861063233404994,73.6077306723366
19.38665,51.162384,0.02968,"2020-04-17 09:42:24",416.654938,0.580446,0,51.153179,51.155605,51.171585,51.169159,19.361572,19.395081,19.411896,19.378357,1.27493800000002,0.67,0.0132787438458522,0.0156384124933031,0.0236536972419924,0.037634924527366,0.0227032428608589,0.0100393271972537,0.338252264058414,0.00493331228377833,0.166216721151561,0.0111859581915362,0.376885383811868,0.886534085400366,29.8697468126808
19.386894,51.050568,0.001216,"2020-04-17 09:42:08",415.908356,0.601125,0,51.04092,51.043392,51.060215,51.057755,19.357178,19.389618,19.416779,19.384125,0.528356000000031,0.67,0.00128793617868891,0.00125987235638612,0.00119886191567603,0.00114897993584826,0.00126954619804561,5.40477820961579e-05,0.0444471892238141,3.78628797448086e-05,0.0311372366322439,6.59906085142697e-05,0.0542685925281823,0.900139583608987,740.246368099496
19.389362,51.303928,0.004904,"2020-04-17 09:42:40",416.109131,0.584363,0,51.294964,51.297394,51.312893,51.310467,19.368378,19.401001,19.410065,19.377625,0.729130999999995,0.67,0.00516166245503027,0.00514522010992615,0.00484207079717495,0.00478609175553891,0.005225978989485,0.000174611500922479,0.035605934119592,0.000227673526864435,0.0464260862284738,0.000286922308455254,0.0585078116752148,0.889033294142245,181.287376456412
19.390642,51.035152,0.000973,"2020-04-17 09:42:08",414.456604,0.578817,0,51.025116,51.027584,51.045197,51.042736,19.360413,19.392822,19.420929,19.388367,-0.923395999999968,0.67,0.00102116331714475,0.000983693540660857,0.000910716005836667,0.000883878200694631,0.000989993673809719,5.59977385082232e-05,0.057551632588102,1.20163419881245e-05,0.0123497862159553,5.72724994461645e-05,0.0588617671594702,0.885397720106134,909.966824363961
19.392982,51.25721,0.006199,"2020-04-17 09:42:40",415.24527,0.588399,0,51.248005,51.250431,51.266407,51.263988,19.372009,19.404541,19.413971,19.381378,-0.13472999999999,0.67,0.00424056363561762,0.00417255149974498,0.00776889887762961,0.00403342854535981,0.00417428362048527,0.00165075342142678,0.266293502407934,0.00143169068193434,0.230955102747918,0.00218511442883201,0.352494665080176,0.891693982219274,143.844810811304
19.394547,51.318512,0.00557,"2020-04-17 09:42:58",415.07785,0.650827,0,51.309696,51.312115,51.327312,51.324902,19.377136,19.409729,19.411926,19.379303,-0.302149999999983,0.67,0.00575674775642242,0.00567673995152043,0.00548600721220665,0.00542925134807131,0.00574127715976843,0.000134339033160113,0.0241183183411334,0.000121111241134628,0.0217434903293767,0.000180872630764204,0.032472644661437,0.934064139470041,167.695536709164
19.396055,51.210201,2.071137,"2020-04-17 09:42:40",414.499481,0.559761,0,51.201019,51.203445,51.21941,51.216961,19.374939,19.407501,19.416168,19.384338,-0.880518999999993,0.67,2.22655191326736,2.29293318187323,2.02500057382226,1.97357663599196,2.26081745040468,0.136095692328572,0.0657106180463061,0.134124332739668,0.0647587932327355,0.191079496815474,0.0922582604702025,0.893724650675058,0.431514018954351
19.39695,51.003906,0.000426,"2020-04-17 09:42:09",415.762817,0.679348,0,50.993954,50.99641,51.013866,51.01141,19.366638,19.39917,19.427307,19.394775,0.382816999999989,0.67,0.00048386590992329,0.00045936606100201,0.000417294697811143,0.000397108255128856,0.000444120777604484,3.46299428036327e-05,0.0812909455484335,1.2813324724504e-05,0.0300782270528262,3.69244394551692e-05,0.0866770879229323,0.954156017885657,2239.80285888652
19.397108,51.334194,0.005476,"2020-04-17 09:42:58",415.072998,0.574126,0,51.325382,51.327793,51.342991,51.340588,19.379669,19.412292,19.41452,19.381866,-0.307002000000011,0.67,0.00580705831838648,0.00593073791074935,0.00550391036042133,0.0055438253403764,0.00587500420449731,0.000203927520189842,0.0372402337819288,0.000282138578721992,0.0515227499492316,0.000348121546437511,0.0635722327314666,0.882338248669189,161.128241174067
19.398909,51.320503,0.005742,"2020-04-17 09:42:40",414.823395,0.592201,0,51.311401,51.313828,51.329601,51.327179,19.378082,19.410522,19.4198,19.387238,-0.55660499999999,0.67,0.0059182110943513,0.00580696783307692,0.00552293461841009,0.00550009270679832,0.00593600944775189,0.000181740261600507,0.0316510382446024,0.000137185396119619,0.0238915702054369,0.000227704535736813,0.0396559623366097,0.89420471719308,155.73053242652
19.399607,51.350029,0.005445,"2020-04-17 09:42:58",415.342651,0.546838,0,51.341351,51.34375,51.358704,51.356297,19.382141,19.414825,19.417023,19.384338,-0.0373490000000061,0.67,0.00575189011860271,0.00571998041457427,0.00549288785332738,0.00546319395375845,0.00566155412681638,0.000148704062398007,0.0273102042971547,0.000153126891565794,0.0281224777898612,0.000213449626596705,0.0392010333510937,0.864830528950466,158.830216519828
19.401846,51.147812,0.031047,"2020-04-17 09:42:24",416.571838,0.590041,0,51.138214,51.140667,51.157421,51.154968,19.376801,19.408905,19.426453,19.394287,1.19183800000002,0.67,0.0361691719920784,0.0382046094785333,0.042176634596018,0.0496719341119443,0.0260871262580816,0.00697939175880987,0.224800842555154,0.0035071603567396,0.112962938665237,0.00781102317822889,0.251587051187841,0.892809830682935,28.7567182234333
19.402006,51.365662,0.004034,"2020-04-17 09:42:58",414.837952,0.573518,0,51.356857,51.359257,51.374451,51.372051,19.384521,19.417236,19.419434,19.386719,-0.542048000000023,0.67,0.00411927431632319,0.00410628088559807,0.00401990357903772,0.00397046550053357,0.00417157521428273,6.21570571198563e-05,0.0154082937828102,9.72803669425105e-05,0.0241151132728087,0.000115442494525502,0.0286173759359202,0.88194269068402,218.627340278637
19.40443,51.381092,0.002358,"2020-04-17 09:42:58",414.930573,0.54383,0,51.372662,51.375061,51.389515,51.387115,19.386932,19.419647,19.421844,19.38913,-0.449427000000014,0.67,0.002395814629893,0.00241124512490839,0.00238085423084053,0.00239442208038588,0.00243231997878801,1.99605036112529e-05,0.00846501425413609,5.25521609786423e-05,0.0222867518993394,5.62152232757282e-05,0.0238402134333029,0.862931672880392,365.959148804237
19.404951,51.17968,0.410035,"2020-04-17 09:42:24",417.831604,0.588757,0,51.169773,51.172207,51.189587,51.18716,19.379089,19.412628,19.430603,19.397247,2.45160400000003,0.67,0.390721734031357,0.363262633970927,0.419402192665459,0.383324722395373,0.40234038245672,0.0221910428581796,0.0541198747867366,0.00544091624349025,0.0132693946699434,0.0228483249430289,0.0557228649823282,0.892220180785944,2.17596102963392
19.40555,51.226631,1.029621,"2020-04-17 09:42:40",413.333862,0.588478,0,51.217422,51.219875,51.235809,51.233383,19.384979,19.416748,19.426758,19.394287,-2.04613799999998,0.67,0.958171454866536,0.967385884536721,1.07261715290623,1.18633291070251,0.976756653479859,0.0928893444753179,0.0902170259496629,0.0373807379073871,0.0363053375051472,0.100128666642251,0.0972480812281908,0.897347260745557,0.871531622553889
19.407742,51.212059,1.998208,"2020-04-17 09:42:24",413.916107,0.606113,0,51.202511,51.204956,51.221592,51.219158,19.383759,19.414764,19.431671,19.401123,-1.46389299999998,0.67,2.31238994649688,2.08903625322008,2.03154138742717,1.99380677059566,2.07945543606013,0.132692651131351,0.0664058251850411,0.0574506129921384,0.0287510674525066,0.144595686648803,0.0723626802859376,0.914975891139454,0.457898222376977
19.410067,51.100693,0.008128,"2020-04-17 09:42:08",414.750153,0.620205,0,51.090649,51.093109,51.110748,51.108288,19.379364,19.412109,19.440613,19.40799,-0.629846999999984,0.67,0.0126808320582298,0.00819773595298522,0.0108305714180596,0.00809438051462262,0.00520727646516977,0.00208595977757502,0.25663875216228,0.0020652634174496,0.254092448012992,0.00293539455220527,0.361145983292972,0.912996636667506,112.327342109683
19.410994,51.101097,0.008787,"2020-04-17 09:42:25",414.714325,0.583063,0,51.091564,51.09399,51.110626,51.1082,19.385895,19.419067,19.436554,19.403229,-0.665675000000022,0.67,0.00564966124227653,0.00722009282433148,0.00908250723180293,0.00769817759857206,0.00945722569091393,0.00137170657462642,0.156106358783023,0.000473921130970679,0.0539343497178422,0.00145126846767022,0.165160858958714,0.888180481742965,101.07892133185
19.412334,51.289894,0.005088,"2020-04-17 09:42:40",415.423492,0.560276,0,51.280422,51.282841,51.299362,51.296947,19.391266,19.423767,19.433441,19.400787,0.0434920000000147,0.67,0.00530401722509564,0.00527383780370742,0.00491920485016353,0.00498354321376324,0.00526684133945918,0.000171241351994861,0.0336559260996189,0.000126459923888072,0.0248545447893223,0.000212874876354174,0.0418386156356473,0.873389513041984,171.656743915484
19.412924,51.084641,0.004954,"2020-04-17 09:42:08",414.335785,0.625411,0,51.07478,51.077251,51.094509,51.092052,19.382935,19.415344,19.443359,19.410645,-1.04421500000001,0.67,0.00476598040695326,0.00635751804216288,0.00460663010311446,0.00329480543101116,0.00685643691450662,0.00109014329751833,0.220053148469587,0.00134522604302724,0.271543407958668,0.00173148650470134,0.349512818873909,0.916538006285891,185.00969040894
19.415445,51.133087,0.038147,"2020-04-17 09:42:25",414.598541,0.563846,0,51.123642,51.126095,51.142532,51.140087,19.390808,19.422729,19.43985,19.408142,-0.781458999999984,0.67,0.0506104544849086,0.0408367000453251,0.0388373001460968,0.0463416372644801,0.0476783143572881,0.00535338223435298,0.140335602651663,0.00673965701565912,0.176675938229982,0.00860707139715997,0.225629050702807,0.875726209151031,22.9566206818631
19.415833,51.243217,0.011719,"2020-04-17 09:42:40",414.885895,0.560776,0,51.23415,51.236572,51.252277,51.249863,19.394989,19.42746,19.436615,19.404114,-0.49410499999999,0.67,0.00760447102212574,0.00757021175843725,0.0264361005800095,0.0142927056578028,0.0168779776679219,0.00776304855200006,0.662432677873544,0.00364794809297754,0.31128492985558,0.00857743831862222,0.731925788772269,0.873752421813016,74.5586160775677
19.416264,51.068802,0.003916,"2020-04-17 09:42:08",415.07486,0.588852,0,51.058399,51.060863,51.079197,51.076748,19.385284,19.417877,19.447235,19.414612,-0.305139999999994,0.67,0.00554545732707392,0.00268139217269005,0.00399481709059977,0.00250863800476068,0.00443030550539677,0.00122391892762627,0.312543137800375,0.000363668910467631,0.0928674439396401,0.00127680563040838,0.326048424516952,0.891991204069086,227.781206350635
19.419506,51.053032,0.00202,"2020-04-17 09:42:09",414.948151,0.605092,0,51.043396,51.045856,51.062672,51.060226,19.389709,19.422272,19.449097,19.41684,-0.431849,0.67,0.00415704495231316,0.00406467690057386,0.0026061965265296,0.00245693970800834,0.00203395622558191,0.000982865439677612,0.486567049345352,9.86854174873758e-06,0.00488541670729583,0.0009829149813839,0.486591574942525,0.90279415958781,446.927801776144
19.419785,51.164822,0.31584,"2020-04-17 09:42:25",417.862274,0.569619,0,51.155613,51.158062,51.174038,51.171589,19.395142,19.427368,19.443848,19.411957,2.48227400000002,0.67,0.372176279046471,0.331920622881555,0.343234497554329,0.295386651362111,0.338517307342509,0.0289033764855044,0.0915127168360702,0.0160352778009396,0.0507702564619415,0.0330535218458807,0.104652741406664,0.880033147368561,2.78632582120239
19.421766,51.197014,1.662753,"2020-04-17 09:42:24",415.223267,0.632704,0,51.187634,51.190063,51.206387,51.203964,19.397736,19.431152,19.447388,19.414001,-0.156732999999974,0.67,1.80093737171388,1.66177108908343,1.65092891148941,1.555730271481,1.76766300875215,0.0874959603240918,0.0526211411581226,0.0741825786029854,0.0446143104856737,0.11471093252704,0.0689885584491744,0.928640376925978,0.558495685724806
19.421946,51.306355,0.005434,"2020-04-17 09:42:40",416.506226,0.602666,0,51.297394,51.299809,51.315308,51.312897,19.401062,19.433716,19.442749,19.410126,1.12622600000003,0.67,0.0055883596955083,0.00545613170886934,0.0053046178585313,0.00527194102302129,0.00561518702014881,0.000127158259004636,0.0234004893273162,0.000128118570610208,0.0235772121108222,0.000180509254522567,0.0332184862941787,0.901169429208288,165.83905579836
19.42313,51.037617,0.001586,"2020-04-17 09:42:09",414.822021,0.618707,0,51.027588,51.030048,51.047649,51.045197,19.392883,19.42514,19.453278,19.42099,-0.557978999999989,0.67,0.00152283702413618,0.00154580853627308,0.00159611342459088,0.00150491321632068,0.00162692446171573,3.93834573216736e-05,0.0248319403037034,2.89379643956019e-05,0.0182458791901652,4.8871898816899e-05,0.0308145641972881,0.911974974567539,575.015746889999
19.425587,51.259636,0.004585,"2020-04-17 09:42:40",415.536407,0.554995,0,51.250439,51.252853,51.268829,51.266418,19.404602,19.437103,19.446564,19.414032,0.156407000000002,0.67,0.00460072397711824,0.00468938454777644,0.00457597119743947,0.00434395685024048,0.00467758821639238,0.00012840229563655,0.0280048627342531,6.54697556690193e-05,0.0142791179212692,0.000144129935933161,0.0314351005306786,0.870011190042081,189.751622691839
19.426514,51.022045,0.001947,"2020-04-17 09:42:09",414.708557,0.633419,0,51.012196,51.01466,51.031895,51.029449,19.396515,19.429016,19.45639,19.424072,-0.671443000000011,0.67,0.00127828017634416,0.00125240393116507,0.00110493721378943,0.00130546752014175,0.00124665621074389,0.000327606063389706,0.168261974006012,0.000495217842544878,0.254349174393877,0.00059377305794765,0.30496818590018,0.922019512877816,473.55907184274
19.427254,51.320919,0.005444,"2020-04-17 09:42:58",415.22287,0.704355,0,51.312115,51.314514,51.329712,51.32732,19.40979,19.442444,19.444672,19.411987,-0.157129999999995,0.67,0.00549955109078109,0.00555779123937118,0.00538201542522892,0.00531448107121494,0.0056038107242132,9.5594700096883e-05,0.0175596436621754,0.000113003246797487,0.0207573928724259,0.000148013784741107,0.0271884248238624,0.972119328031842,178.567106545158
19.427563,51.212669,1.098988,"2020-04-17 09:42:41",414.499634,0.594176,0,51.203445,51.205902,51.221806,51.219418,19.407532,19.439178,19.449371,19.416229,-0.880365999999981,0.67,0.97408124084235,0.997073865393225,0.993496936189296,1.05492398362325,0.9352431800186,0.0517842076444027,0.0471199027144998,0.115785072593018,0.105356084500485,0.126837641087846,0.115413126519894,0.904451715777426,0.822985979626188
19.429279,51.118198,0.038047,"2020-04-17 09:42:25",413.958771,0.576816,0,51.108646,51.111073,51.127743,51.12532,19.404205,19.4375,19.454926,19.421692,-1.42122899999998,0.67,0.0389758644664713,0.0562851685278117,0.0438843423385611,0.0371253539380319,0.0342259348287852,0.00794389714907255,0.208791682631286,0.00270190109392172,0.0710148262391705,0.0083908147063547,0.220538142464707,0.884130705058611,23.2378559428762
19.429504,51.006367,0.000869,"2020-04-17 09:42:09",414.813568,0.731788,0,50.996418,50.998871,51.016315,51.013866,19.399231,19.431641,19.459717,19.427368,-0.56643200000002,0.67,0.000952419229708696,0.00163432453459875,0.000831050197918519,0.00163473653004473,0.000934066934456106,0.000413335019522632,0.475644441337896,4.60092705849332e-05,0.0529450754717298,0.000415887835051149,0.478582088666455,0.99217631996873,1141.74490215044
19.431618,51.322929,0.005294,"2020-04-17 09:42:40",415.328552,0.580385,0,51.313831,51.31625,51.332016,51.329605,19.410614,19.443176,19.452515,19.419861,-0.0514479999999935,0.67,0.00543835909547682,0.00539987016535012,0.00518332890291238,0.00523809048347336,0.005465843125107,0.000107264377696961,0.0202614993760787,0.000121511439063448,0.0229526707713351,0.000162082314106093,0.030616228580675,0.886423586382761,167.439287189792
19.432308,51.352436,0.003538,"2020-04-17 09:42:58",416.232971,0.685809,0,51.343754,51.346149,51.361099,51.358704,19.414886,19.44754,19.449768,19.417084,0.852971000000025,0.67,0.00370455156323875,0.00368985911083846,0.00353429665119095,0.00361648837143283,0.00372533965417776,8.07065375661462e-05,0.0228113447049593,0.000132469139854237,0.0374418145433117,0.000155118078313384,0.043843436493325,0.958766920863782,270.991215620063
19.432772,50.990978,0.000625,"2020-04-17 09:42:10",414.894653,0.620378,0,50.981064,50.983521,51.000889,50.998444,19.402679,19.435089,19.462891,19.43042,-0.48534699999999,0.67,0.000687796784359734,0.000726395020400378,0.000687083566093757,0.000616253291919847,0.00067322959889669,4.66141516694477e-05,0.0745826426711163,3.41034764337567e-05,0.0545655622940107,5.77574777905863e-05,0.0924119644649381,0.913109449200876,1460.9751187214
19.433611,51.150269,0.303775,"2020-04-17 09:42:25",416.667419,0.544938,0,51.140667,51.143116,51.159863,51.157425,19.408997,19.440674,19.458405,19.426514,1.287419,0.67,0.279483094580819,0.263033809398743,0.254042090889374,0.215571718318698,0.30516694850097,0.0326489515552765,0.107477414386558,0.000984256224098311,0.00324008303546477,0.0326637841955501,0.107526242105342,0.864247850238561,2.84502625376861
19.43478,51.368061,0.002123,"2020-04-17 09:42:58",414.755951,0.534488,0,51.359264,51.36166,51.37685,51.374462,19.417297,19.449982,19.452179,19.419495,-0.624049000000014,0.67,0.00215212587860018,0.00221866910957014,0.00212853732507644,0.00212965116673415,0.00218465884179251,3.97583342224225e-05,0.0187274301565815,4.35993851515925e-05,0.0205366863643865,5.90053516703253e-05,0.0277933827933704,0.857074924161028,403.709337805477
19.437197,51.383492,0.001125,"2020-04-17 09:42:58",415.377106,0.535773,0,51.375065,51.37746,51.391911,51.389515,19.419708,19.452393,19.454651,19.421906,-0.00289399999996931,0.67,0.00118369352014262,0.00116748838422272,0.00112485641783885,0.00114093325857789,0.00115507994713618,2.63040458067043e-05,0.0233813740504038,2.12697345977259e-05,0.0189064307535341,3.38275691656805e-05,0.0300689503694937,0.85787686101987,762.55720979544
19.439753,51.214481,0.424795,"2020-04-17 09:42:24",415.857544,0.617946,0,51.20496,51.207378,51.224018,51.2216,19.414825,19.448334,19.466736,19.431702,0.477544000000023,0.67,0.403077354330845,0.446014194880039,0.536967814963722,0.534354008363693,0.391232904221429,0.0626876903194623,0.147571629419985,0.02373198551586,0.0558669134897067,0.0670294983877531,0.157792578509053,0.913920244096887,2.15143832695038
19.442694,51.103153,0.040031,"2020-04-17 09:42:08",415.188568,0.598274,0,51.093121,51.09557,51.113194,51.110748,19.41217,19.444885,19.473114,19.440674,-0.19143200000002,0.67,0.0243111181721684,0.0525626995609877,0.0358599660888916,0.029788910463562,0.0445763861446047,0.0107760719647466,0.269193174408499,0.00321407336596136,0.0802896097015154,0.011245176503336,0.280911706011242,0.898308540018735,22.4403222507241
19.444477,51.103519,0.045441,"2020-04-17 09:42:25",413.369324,0.581121,0,51.093994,51.096424,51.113056,51.110626,19.419159,19.451843,19.469055,19.436615,-2.01067599999999,0.67,0.057039250139228,0.0349505945727573,0.0402765773698636,0.0487408044441964,0.0592396013637635,0.00839662791801644,0.184780878898273,0.00975708459520711,0.214719847609144,0.0128726089116248,0.283281814036327,0.886999053382354,19.5197960736417
19.444983,51.292313,0.005455,"2020-04-17 09:42:41",413.876556,0.583236,0,51.282848,51.285252,51.301777,51.299366,19.423828,19.456482,19.466003,19.433502,-1.503444,0.67,0.00547927780883791,0.00553348779562053,0.00528417660991089,0.00533952437390202,0.00548907751928413,0.000103111704286474,0.0189022372660815,2.40964449718237e-05,0.00441731346871195,0.000105889858915486,0.0194115231742412,0.888292881266456,162.840124888443
19.445765,51.087101,0.025828,"2020-04-17 09:42:08",415.302673,0.609074,0,51.077251,51.0797,51.096954,51.094513,19.415405,19.448029,19.47583,19.44342,-0.0773269999999684,0.67,0.0247421037822125,0.0205935843896596,0.0244484434401741,0.0307602941980207,0.0177556278634997,0.00364955772511585,0.141302374365644,0.0057080290779807,0.221001590443732,0.00677501789990447,0.262312912339495,0.905492704743414,35.0585684041898
19.447777,51.135529,0.209697,"2020-04-17 09:42:25",414.850891,0.609667,0,51.126095,51.128521,51.144947,51.142536,19.422791,19.456116,19.47348,19.439911,-0.529109000000005,0.67,0.216006718796943,0.204259681590438,0.1988172091529,0.209671425322785,0.235584680500019,0.0064733184657567,0.0308698668352752,0.0183053544307542,0.0872943076474827,0.0194162265333571,0.0925918183538966,0.906074412364567,4.32087446346188
19.448429,51.24564,0.004951,"2020-04-17 09:42:41",415.983307,0.532974,0,51.236576,51.238983,51.254688,51.252289,19.427521,19.460236,19.469299,19.436676,0.603307000000029,0.67,0.00530301434955173,0.00504820565276035,0.00500832738472587,0.00494660062575877,0.00695536048815834,0.00014683179100673,0.029656996769689,0.00141729689311914,0.286264773403179,0.00142488247167807,0.287796903994763,0.856132767137235,172.921181001259
19.448822,51.071255,0.011611,"2020-04-17 09:42:09",414.434113,0.572567,0,51.060867,51.063324,51.081646,51.079205,19.417969,19.450256,19.479614,19.447296,-0.945886999999971,0.67,0.0273221327231473,0.0199648229388866,0.0194835903324144,0.0204992467834183,0.0118984166914307,0.00557349951501136,0.480018905779981,0.000203234291536849,0.0175035993055593,0.00557720369191303,0.480337928853073,0.881342200674642,75.9057962858188
19.451321,51.167274,1.059215,"2020-04-17 09:42:25",415.686798,0.562288,0,51.158062,51.160503,51.176472,51.174042,19.427429,19.459229,19.476074,19.443909,0.306798000000015,0.67,1.09449430335664,1.09218845526448,0.917982870238032,0.893279151211512,1.11413276527279,0.0979757647646718,0.0924984679830552,0.0388327242320008,0.0366617959828749,0.105390848523489,0.0994990143865869,0.881007960177717,0.831755554989041
19.451832,51.055489,0.009182,"2020-04-17 09:42:09",414.766479,0.583139,0,51.045856,51.048309,51.065125,51.062683,19.422333,19.45459,19.481537,19.449188,-0.613520999999992,0.67,0.0122963803172672,0.0154256397920036,0.0129764007115941,0.0082599747608519,0.00628430274223987,0.00291605447040982,0.317583802048554,0.00204898138078785,0.223151969155723,0.0035639442157829,0.388144654300033,0.888236339618783,96.736695667478
19.454645,51.308769,0.005344,"2020-04-17 09:42:41",415.096924,0.546589,0,51.299816,51.302227,51.317719,51.315311,19.433777,19.466309,19.475433,19.44281,-0.283075999999994,0.67,0.00540898001255382,0.00550821910900859,0.00521777956596696,0.00529408822752147,0.00537692098455966,0.000110736038961922,0.0207215641770063,2.32786514254732e-05,0.00435603507213197,0.000113156378243407,0.0211744719766854,0.864673087198489,161.802598652412
19.455444,51.04007,0.006958,"2020-04-17 09:42:09",415.326721,0.595202,0,51.030048,51.032497,51.050095,51.047653,19.425201,19.457581,19.485748,19.453308,-0.053278999999975,0.67,0.00564032555752651,0.00816570460894554,0.012837009012869,0.00670887788662869,0.00890674630963389,0.00281627982791771,0.404754214992485,0.00137797173035438,0.198041352451047,0.003135321061517,0.450606648680224,0.896200452489374,128.801444738341
19.455984,51.199444,0.864986,"2020-04-17 09:42:25",415.556976,0.580243,0,51.190063,51.192505,51.20882,51.20639,19.431213,19.463135,19.480408,19.447449,0.176976000000025,0.67,0.795358330707665,0.800015276788229,0.943247019372969,0.917660646728324,0.721148721561851,0.067018522913544,0.077479315172204,0.101708314971033,0.117583770108456,0.121803381512009,0.140815436911128,0.894660831151538,1.03430671843421
19.45829,51.262047,0.005403,"2020-04-17 09:42:41",414.99942,0.547075,0,51.252857,51.255264,51.27124,51.268833,19.437164,19.469788,19.479156,19.446625,-0.380580000000009,0.67,0.00566614534876557,0.00548342734079413,0.00532525386449447,0.00515214373056984,0.00545880371351728,0.000190159498407445,0.0351951690556071,3.94591842434602e-05,0.00730319900859895,0.000194210355171218,0.0359449111921558,0.86498040055406,160.092615316317
19.459986,51.323315,0.004461,"2020-04-17 09:42:58",415.299835,0.641892,0,51.314518,51.316906,51.332104,51.329716,19.442505,19.475189,19.477448,19.444733,-0.0801650000000222,0.67,0.00445264594764013,0.00448237526711265,0.00444670387911403,0.00443052500203272,0.00455071542798235,1.90930977475027e-05,0.00428000397836869,6.34383875033735e-05,0.0142206652103505,6.62493425674842e-05,0.0148507829113392,0.927860627493685,207.993864042521
19.461315,51.215038,0.151361,"2020-04-17 09:42:41",416.134369,0.562754,0,51.205906,51.208267,51.224201,51.221813,19.43927,19.4729,19.482239,19.449432,0.754368999999997,0.67,0.0931160633465001,0.101287285897103,0.1421798273141,0.143598735538075,0.112408516059863,0.026954953339178,0.178083874572565,0.027543565538131,0.181972671547697,0.0385385198479467,0.254613274541967,0.875829482278412,5.78636162735719
19.462736,51.120621,0.186539,"2020-04-17 09:42:25",415.431,0.602496,0,51.111073,51.113506,51.130173,51.127747,19.437561,19.470001,19.487183,19.454987,0.0509999999999877,0.67,0.188032231484201,0.194458390504123,0.167036306032689,0.159107421142898,0.187737260899507,0.0151345483951878,0.0811334273003917,0.000847298407672094,0.00454220515641284,0.0151582475807042,0.0812604741137466,0.901183223593137,4.83107137699429
19.464293,51.32534,0.00414,"2020-04-17 09:42:41",414.814026,0.593537,0,51.31625,51.318653,51.334423,51.33202,19.443237,19.475922,19.485291,19.452576,-0.565973999999983,0.67,0.00417420865173708,0.00416626791330344,0.00404658983908059,0.0040028467634171,0.00415146949678717,7.68290268644666e-05,0.0185577359576006,8.11015895500557e-06,0.00195897559299652,7.72558997566942e-05,0.0186608453518585,0.89509003811766,216.205323216826
19.465115,51.354828,0.001972,"2020-04-17 09:42:58",415.708466,0.649096,0,51.346161,51.348537,51.363483,51.361103,19.447601,19.480347,19.482574,19.449829,0.328465999999992,0.67,0.00199261295071076,0.00197287737848473,0.00198484240276479,0.00200706237206264,0.00196330341587769,1.46357838957415e-05,0.007421797107374,6.14941360604456e-06,0.00311836389758852,1.58751837136158e-05,0.00805029600081939,0.932858841126578,473.052150672707
19.465321,50.993427,0.00108,"2020-04-17 09:42:10",414.384888,0.640457,0,50.983532,50.985973,51.003338,51.000896,19.43515,19.46759,19.495331,19.462952,-0.995112000000006,0.67,0.00147983005236121,0.00117230780402387,0.00167033439411774,0.00174754437067702,0.00241471027018112,0.000295796953278205,0.27388606785019,0.000943782682964399,0.873872854596666,0.000989050853208341,0.91578782704476,0.926869002109031,858.212038989843
19.466156,51.152702,0.80755,"2020-04-17 09:42:25",415.821899,0.590173,0,51.143124,51.145538,51.162277,51.15987,19.440735,19.474274,19.491913,19.458466,0.441898999999978,0.67,0.899227970989557,0.863531948960772,0.813386989368424,0.754092249837345,0.876108974917036,0.0557428555929292,0.0690271259896344,0.0484785160750346,0.0600315968980677,0.0738744371923844,0.0914797067579523,0.895913836481774,1.1094221243041
19.469578,51.184559,1.057837,"2020-04-17 09:42:25",415.363495,0.590852,0,51.174656,51.17709,51.194458,51.192032,19.444611,19.476807,19.494995,19.462677,-0.0165049999999951,0.67,1.08673447336929,1.06055418726375,1.07546770414015,1.0085207654017,1.03337876554674,0.029939016319348,0.0283021073372816,0.0172945834377506,0.0163490059789463,0.0345752413506472,0.0326848478079772,0.893980723068711,0.845102528148204
19.471209,51.231449,0.011388,"2020-04-17 09:42:41",414.609711,0.5572,0,51.222271,51.22467,51.24062,51.23822,19.450134,19.48288,19.492249,19.459625,-0.770288999999991,0.67,0.0112439325684837,0.0113151274997321,0.0139192534994946,0.0112174681258384,0.0108363917701182,0.00117720338461635,0.103372267704281,0.00039004591990773,0.0342506076490806,0.00124013855209362,0.108898713741975,0.871420322200274,76.520927485096
19.474155,51.216919,0.063068,"2020-04-17 09:42:25",416.239532,0.573483,0,51.207386,51.20982,51.226452,51.224026,19.448395,19.481354,19.498871,19.466797,0.859532000000002,0.67,0.0315811968530198,0.0348035655608487,0.0648322987339269,0.0784791480500271,0.0529857010749188,0.0204228650557286,0.323822938030833,0.00712926193987475,0.113040875560899,0.0216314537859074,0.342986201971005,0.882185168250913,13.9878411912684
19.475281,51.10561,0.152667,"2020-04-17 09:42:08",416.601807,0.610201,0,51.095581,51.098022,51.115643,51.113201,19.444946,19.477417,19.50589,19.473175,1.22180700000001,0.67,0.161205106823218,0.155168791447224,0.154614816903197,0.128493252743121,0.135265863039785,0.0126717876890405,0.0830027949002765,0.0123044619449239,0.0805967363275881,0.0176627853689671,0.115694848061252,0.906397944827762,5.93709147902141
19.476185,51.105965,0.146915,"2020-04-17 09:42:26",416.182922,0.59332,0,51.096432,51.098862,51.115482,51.113056,19.451904,19.483734,19.501221,19.469116,0.802922000000024,0.67,0.152661963377024,0.133971611267973,0.144588270906008,0.144363029118677,0.15640361165917,0.00676984847010239,0.0460800358717788,0.00670946164824485,0.0456690034934816,0.00953140723699371,0.0648770189360767,0.894996910678421,6.09193690690822
19.477655,51.294724,0.005317,"2020-04-17 09:42:41",416.124664,0.492126,0,51.285263,51.287659,51.304173,51.301777,19.456543,19.489136,19.498901,19.466095,0.744664,0.67,0.00551716433332667,0.00555093173735413,0.00514634593732797,0.00529150265317348,0.00554839128914591,0.000168255170442297,0.0316447565247879,0.00016361834966257,0.0307726819000509,0.000234692920061236,0.0441401015725477,0.831317060426867,156.350773072572
19.478203,51.089554,0.089004,"2020-04-17 09:42:09",416.278809,0.60236,0,51.079712,51.082153,51.099396,51.096966,19.448151,19.48053,19.508514,19.475891,0.898809000000028,0.67,0.0748201066260036,0.0802336720948599,0.089098772042556,0.0721334952200201,0.0760108925626026,0.0078586027200825,0.0882949386553694,0.00918751437766907,0.103225859261034,0.0120899982279554,0.135836571704141,0.901045913179319,10.1236563882446
19.480982,51.0737,0.052938,"2020-04-17 09:42:09",417.732727,0.572972,0,51.063324,51.065765,51.08408,51.08165,19.450317,19.482727,19.512238,19.479706,2.35272700000002,0.67,0.0441476461854112,0.0556304561877079,0.0396111621957256,0.0420478931226702,0.0406823204519785,0.00701642254521173,0.132540378276696,0.00866607411645529,0.163702333228594,0.011150382321914,0.2106309706055,0.881658235264621,16.6545437165103
19.481237,51.248043,0.005332,"2020-04-17 09:42:41",414.141815,0.573654,0,51.238987,51.241383,51.257092,51.254696,19.460297,19.492889,19.502106,19.469391,-1.23818499999999,0.67,0.0056601399111082,0.00549061702706709,0.0050852251678029,0.00502204678504965,0.00762014820631678,0.000268712106437124,0.0503961189867075,0.00161796511304643,0.30344431977615,0.00164012722164508,0.307600754247015,0.882032653439374,165.422478139418
19.484249,51.057934,0.030437,"2020-04-17 09:42:09",415.121613,0.565009,0,51.048313,51.050751,51.067554,51.065125,19.454651,19.487091,19.513702,19.481598,-0.258386999999971,0.67,0.0276984998120371,0.0370482809004625,0.0293900552115549,0.0259500295142855,0.0281895092274767,0.00423926710492599,0.139280057329106,0.00158921596590542,0.0522132919113388,0.00452736048633155,0.14874529310811,0.87644490247475,28.7953774181013
19.484409,51.169697,1.110667,"2020-04-17 09:42:25",415.389069,0.590031,0,51.160511,51.162918,51.178883,51.176479,19.45929,19.492767,19.509491,19.476135,0.00906900000001087,0.67,1.08350409258051,1.13271815311038,1.04640509960452,0.92092830226749,1.1372271995961,0.0835562683398843,0.075230711221171,0.0187808972440705,0.0169095662733029,0.085640948617931,0.0771076736933131,0.896867299571781,0.807503328695082
19.487349,51.311176,0.003979,"2020-04-17 09:42:41",415.399109,0.562499,0,51.302227,51.304626,51.320118,51.317722,19.46637,19.499207,19.508392,19.475494,0.0191090000000145,0.67,0.00388919431941121,0.00396610331106741,0.00390001861724216,0.00381695488304358,0.00392827257490296,6.53799596474288e-05,0.0164312539953327,3.58697062782493e-05,0.00901475402821044,7.45732857797435e-05,0.0187417154510539,0.874817198368994,219.858557016585
19.487698,51.201881,0.151109,"2020-04-17 09:42:25",415.125702,0.603542,0,51.192505,51.194931,51.211246,51.208828,19.463196,19.495483,19.512604,19.480469,-0.254298000000006,0.67,0.141481782212524,0.159183474913839,0.178720125272391,0.197649101900337,0.158754898230567,0.0225395641409614,0.149160964211009,0.00540646648709615,0.0357785868948649,0.0231789091965219,0.153391983247337,0.902053328576277,5.96955395493503
19.487986,51.042515,0.022463,"2020-04-17 09:42:09",415.496033,0.581476,0,51.032505,51.034943,51.052532,51.050095,19.457642,19.490021,19.517944,19.48584,0.116033000000016,0.67,0.0238239093786169,0.0218222816768006,0.0203957881592834,0.0268348108347754,0.0224531928884298,0.00244022632696576,0.108633144591807,6.93467509514257e-06,0.000308715447408742,0.00244023618048243,0.108633583247226,0.887141642201862,39.4934622357593
19.491215,51.026947,0.021041,"2020-04-17 09:42:10",415.02829,0.647739,0,51.017109,51.019558,51.036777,51.034348,19.461426,19.493561,19.52121,19.488861,-0.351709999999969,0.67,0.012230612711812,0.0169325603472002,0.0171738813787871,0.0198349833296053,0.0211019928017605,0.00339739393478796,0.161465421547833,4.31284237284171e-05,0.00204973260436372,0.00339766767195783,0.161478431251263,0.931921325148539,44.2907335748557
19.492805,51.325691,0.002607,"2020-04-17 09:42:59",416.738495,0.55729,0,51.316906,51.319275,51.334473,51.332108,19.47525,19.507996,19.510223,19.477509,1.358495,0.67,0.00259672938813487,0.0025695392348659,0.00256998148818262,0.00257729911895402,0.00254818288714734,1.68931287819145e-05,0.00647991130875124,4.15899793479303e-05,0.0159531949934524,4.48899118088198e-05,0.0172189918714307,0.871476991156453,334.283464195034
19.493988,51.217438,0.023333,"2020-04-17 09:42:41",415.221802,0.557155,0,51.208271,51.210667,51.226604,51.224213,19.472961,19.505524,19.514893,19.48233,-0.15819799999997,0.67,0.0196046031448138,0.0244259213637537,0.0293538598029588,0.0294491184417143,0.0251702574290455,0.00420408631164688,0.180177701609175,0.00129913718686343,0.0556781034099102,0.00440023853286025,0.188584345470375,0.87140177652111,37.3463239412467
19.49423,51.011265,0.008422,"2020-04-17 09:42:10",415.340393,0.702286,0,51.001328,51.003769,51.021198,51.018772,19.464294,19.496674,19.524475,19.491974,-0.0396069999999895,0.67,0.00563261383405236,0.00625053457436991,0.00808346349680512,0.0125785644476516,0.00517073923967175,0.00272150523935192,0.323142393653755,0.00229898853103384,0.272974178465191,0.00356257477586718,0.423008166215528,0.970627795674034,115.249085214205
19.494522,51.123055,0.458985,"2020-04-17 09:42:26",416.936005,0.563833,0,51.113506,51.115925,51.132587,51.130173,19.470062,19.502167,19.519623,19.487244,1.55600500000003,0.67,0.510190817914078,0.542601864126281,0.518352258273188,0.489823704818071,0.575678335759031,0.0314711558349064,0.0685668504088507,0.0825146490344895,0.179776352243515,0.0883125186758363,0.192408289325003,0.880117465366908,1.9175299091842
19.495407,51.341373,0.001614,"2020-04-17 09:42:59",414.64743,0.592221,0,51.332584,51.334961,51.350147,51.347782,19.477875,19.51062,19.512878,19.480133,-0.73257000000001,0.67,0.00164230230105594,0.00164032437403586,0.00159495727903189,0.00160864953335162,0.00167977190337354,2.06302743297423e-05,0.0127820782712158,4.65077588869766e-05,0.0288152161629347,5.08780881677916e-05,0.0315229790382847,0.894217935086062,554.03837365927
19.4972,51.32774,0.002246,"2020-04-17 09:42:41",416.42746,0.527875,0,51.318661,51.321056,51.336819,51.334427,19.475983,19.508881,19.518127,19.485352,1.04746,0.67,0.00221512693686912,0.00228594784945858,0.00228002412217118,0.00231049432144391,0.00226543007328656,3.72520954631213e-05,0.0165859730468038,1.37391365798781e-05,0.00611715787171778,3.97049428957409e-05,0.0176780689651562,0.852966597940085,379.771414933252
19.497784,50.995872,0.005805,"2020-04-17 09:42:10",413.867889,0.669721,0,50.985977,50.988415,51.005772,51.003342,19.467651,19.500061,19.527618,19.495392,-1.512111,0.67,0.00648675171345867,0.00444531970210636,0.00411183652526982,0.0069552985342751,0.00760333126289256,0.00124553580993453,0.214562585690703,0.0012716122308111,0.219054647857209,0.00177998795484061,0.306630138646099,0.947327496802515,163.19164458269
19.497932,51.357204,9e-04,"2020-04-17 09:42:59",415.031372,0.6867,0,51.348541,51.35091,51.36586,51.363491,19.480408,19.513153,19.515381,19.482666,-0.348628000000019,0.67,0.000909541172469185,0.000910261936657121,0.000879986109867898,0.000871766711223341,0.000916069998777178,1.75513723697731e-05,0.0195015248553034,1.13632051090021e-05,0.0126257834544468,2.09086848560995e-05,0.0232318720623328,0.959404445704299,1066.00493967144
19.499573,51.155113,0.969895,"2020-04-17 09:42:25",416.350037,0.572358,0,51.145542,51.147961,51.164703,51.162281,19.474335,19.50647,19.523743,19.491974,0.970036999999991,0.67,1.18817891032272,1.08346456850889,0.926111696916881,0.993647713794641,1.11017598941771,0.104379570019647,0.107619453672456,0.099193638888821,0.102272554130933,0.143994696546408,0.148464211637763,0.892876336788859,0.920590720427324
19.500374,51.372833,0.000466,"2020-04-17 09:42:59",415.005554,0.556077,0,51.364048,51.366421,51.381611,51.379242,19.482849,19.515594,19.517792,19.485077,-0.374445999999978,0.67,0.000491642035158432,0.00048126584419706,0.0004707090898472,0.000463293456299262,0.000494290682433543,1.17452112449759e-05,0.0252043159763431,2.00045333931534e-05,0.0429281832471104,2.31976581461771e-05,0.0497803822879338,0.870701803413276,1868.45880560789
19.50275,51.186977,0.282483,"2020-04-17 09:42:25",414.52713,0.591801,0,51.177094,51.179501,51.196857,51.194462,19.476898,19.510254,19.528381,19.495056,-0.852869999999996,0.67,0.233947486511179,0.27915495690552,0.381894589770457,0.419185934552394,0.255658243639684,0.0776972403206765,0.275051030754688,0.0189679671260564,0.0671472871856233,0.0799790280657631,0.283128641602373,0.897510483800242,3.17721945674693
19.503969,51.233845,0.00523,"2020-04-17 09:42:41",415.326965,0.557507,0,51.22467,51.227066,51.243011,51.24062,19.482941,19.515564,19.524872,19.49231,-0.0530350000000226,0.67,0.00560942678294989,0.00497374228730589,0.00484634163254644,0.00526899690499736,0.00507121028891573,0.000295184444242448,0.0564406203140435,0.00011228128149034,0.0214686962696635,0.000315817894198279,0.0603858306306462,0.871615829818357,166.656946427984
19.50606,51.219349,0.010555,"2020-04-17 09:42:25",413.580963,0.615333,0,51.209824,51.212246,51.22887,51.22646,19.481415,19.51358,19.531006,19.498932,-1.799037,0.67,0.00793839073854506,0.0123702864499456,0.00860065138688043,0.0118733758330485,0.00962453581034512,0.00195488737129158,0.185209604101524,0.000657937538156212,0.0623342054150841,0.00206263579881432,0.19541788714489,0.90969168148084,86.1858532904633
19.507959,51.108044,0.416624,"2020-04-17 09:42:09",417.700012,0.610122,0,51.098034,51.100464,51.118073,51.115643,19.477478,19.51004,19.538605,19.505951,2.32001200000002,0.67,0.472419011410417,0.459174815776875,0.376541377169918,0.366560856224164,0.440935961561466,0.0474951103812727,0.113999938508758,0.0171911528840593,0.041262992252149,0.0505106052984161,0.121237867473828,0.907579294679871,2.17841337676147
19.509157,51.108376,0.444731,"2020-04-17 09:42:26",417.425842,0.602913,0,51.098866,51.101261,51.117878,51.11549,19.483795,19.51712,19.534576,19.501282,2.04584199999999,0.67,0.481564689361924,0.483511838589483,0.399327580763113,0.387140378474745,0.466999236607361,0.0449691470216784,0.101115386653232,0.0157460211101315,0.035405719660045,0.047646210391363,0.107134898154981,0.902593068294709,2.02952586686044
19.510406,51.297119,0.003532,"2020-04-17 09:42:41",415.264648,0.546529,0,51.287663,51.290054,51.306568,51.30418,19.489197,19.521881,19.531677,19.498962,-0.115351999999973,0.67,0.00376582120417851,0.00370093496495211,0.00363859776807516,0.00361348934673036,0.00367480153629208,8.85943260902146e-05,0.0250833312826202,0.000100975934675987,0.0285888829773461,0.000134332028939745,0.0380328507756921,0.864635163456873,244.800442654834
19.510872,51.091988,0.214446,"2020-04-17 09:42:09",416.949158,0.561894,0,51.082153,51.084583,51.101826,51.0994,19.480591,19.513062,19.541016,19.508575,1.56915800000002,0.67,0.255314027293624,0.258491990780379,0.244192156725836,0.212546244296226,0.237296099524544,0.0221116793089399,0.103110709964,0.0161574603245926,0.0753451233624902,0.0273859432191441,0.127705544608638,0.874857049535524,4.0796146793856
19.513018,51.140373,0.912578,"2020-04-17 09:42:26",415.556305,0.57489,0,51.130951,51.133366,51.149792,51.147381,19.488373,19.520752,19.538086,19.505707,0.176305000000013,0.67,1.10140221842776,1.05618456394999,0.883427359048852,0.850544740828619,1.01417364560616,0.11105775991133,0.121696731579471,0.0718389699471411,0.0787209092780464,0.13226739446889,0.144938180044763,0.89268873396027,0.978205407055912
19.513548,51.076134,0.134772,"2020-04-17 09:42:09",417.500244,0.568438,0,51.065769,51.068203,51.086506,51.084087,19.482788,19.514893,19.544739,19.512299,2.12024400000001,0.67,0.145170477702272,0.148728860843113,0.14455519388474,0.107957173507327,0.14607222881343,0.0166353597181244,0.123433352017663,0.00799046842293596,0.0592887871585786,0.0184548849513979,0.13693411800224,0.878841477527415,6.52095003062516
19.513935,51.250439,0.004925,"2020-04-17 09:42:41",415.938232,0.522047,0,51.241394,51.243786,51.259476,51.257095,19.49295,19.525543,19.534821,19.502167,0.558232000000032,0.67,0.00506390062613911,0.00506665344719414,0.00477239047984111,0.0046788507878423,0.00497284392526887,0.00017352500904173,0.0352335043739552,3.38307639962009e-05,0.00686919065912709,0.000176792107729669,0.0358968746659227,0.849372180769096,172.461356501339
19.516491,51.060371,0.086464,"2020-04-17 09:42:10",416.87738,0.613947,0,51.050755,51.053192,51.069981,51.067562,19.487152,19.519287,19.546387,19.513763,1.49738000000002,0.67,0.0779518890992366,0.081192943938163,0.0862355592727391,0.0857185037121228,0.081416636690178,0.00378462647803838,0.0437711241445964,0.00356902482348731,0.0412775816928122,0.00520205111171909,0.0601643587125173,0.908767286022538,10.5103544367892
19.517473,51.172108,0.499271,"2020-04-17 09:42:26",415.389618,0.583119,0,51.162922,51.165344,51.181305,51.17889,19.492828,19.524597,19.541504,19.509552,0.00961799999998902,0.67,0.448246585795332,0.4932828475742,0.525616897218107,0.542730077322986,0.459792571778092,0.0360188054228833,0.0721427950409363,0.0279154643062975,0.0559124489631834,0.045570028434572,0.0912731330971997,0.889384278955125,1.78136578923095
19.52013,51.044952,0.070918,"2020-04-17 09:42:10",417.13031,0.581243,0,51.034954,51.03738,51.054958,51.052536,19.490082,19.5224,19.550598,19.518005,1.75031000000001,0.67,0.0469827796624543,0.0468205327285471,0.053756683579818,0.0492423611003615,0.0554471228408867,0.010107668276742,0.142526132670719,0.0109395621501131,0.154256495531643,0.0148942599020174,0.210020867791215,0.887110626712942,12.5089628403641
19.520266,51.313568,0.002265,"2020-04-17 09:42:41",415.533844,0.530702,0,51.304626,51.307011,51.322506,51.320118,19.499237,19.531982,19.541229,19.508484,0.153843999999992,0.67,0.00214901396462883,0.00213808029954562,0.00224068847857434,0.00221470484559972,0.00227509860618933,5.59446089542619e-05,0.0246996066023231,7.14079291700777e-06,0.00315266795452882,5.63984946122578e-05,0.0248999976213059,0.854719027508333,377.359394043414
19.521049,51.204288,0.03166,"2020-04-17 09:42:25",415.454742,0.566426,0,51.194935,51.197338,51.213642,51.211254,19.495575,19.52887,19.546265,19.512665,0.0747420000000147,0.67,0.0260256098886518,0.0200820800522967,0.0447117484986371,0.0463016986147372,0.0280439847611012,0.0114951208415621,0.363080253997538,0.00255690889629924,0.0807614938818457,0.0117760598786729,0.371953881196237,0.877426400937575,27.7140366689063
19.523672,51.266846,0.00453,"2020-04-17 09:42:41",414.758667,0.533979,0,51.257671,51.260052,51.27602,51.27364,19.502655,19.535309,19.544586,19.511932,-0.621332999999993,0.67,0.00467551205099349,0.00472167856652873,0.0045505720389314,0.00449492269860471,0.00477719102293677,9.84160658073516e-05,0.021725400840475,0.000174790448567029,0.0385850879838916,0.000200592679126782,0.0442809446195987,0.856757616060939,189.129716569744
19.523794,51.029381,0.045308,"2020-04-17 09:42:10",416.334991,0.596506,0,51.019562,51.021988,51.039204,51.036785,19.493652,19.526215,19.553711,19.521271,0.954991000000007,0.67,0.0370890670955873,0.0398468225317869,0.0349526038976226,0.0429114124472861,0.0384775075811144,0.00420184658285785,0.0927396173492066,0.00482988750823731,0.106601207474117,0.00640182224433802,0.141295626475192,0.89708438363626,19.7996906426296
19.525576,51.328064,0.001257,"2020-04-17 09:42:59",415.381348,0.612708,0,51.319279,51.321636,51.336838,51.334476,19.508057,19.540802,19.54303,19.510315,0.00134800000000723,0.67,0.00125362281045847,0.0012725031565961,0.0013109454389512,0.00130609656582218,0.00129891231404022,2.70166804299641e-05,0.0214929836356119,2.96364814730596e-05,0.0235771531209703,4.01026439970959e-05,0.031903455844945,0.907915797236848,722.28782596408
19.526554,51.219833,0.006942,"2020-04-17 09:42:42",414.550598,0.579996,0,51.210674,51.213058,51.228989,51.226608,19.505585,19.538177,19.547577,19.514954,-0.829402000000016,0.67,0.00673622971091512,0.0111190698792796,0.00858072991177418,0.00855135760761572,0.00755460776419679,0.00175654574190239,0.253031653976144,0.000433179104271079,0.062399755729052,0.00180917027384724,0.260612254947745,0.886170769723917,127.653524881002
19.526709,51.013699,0.025202,"2020-04-17 09:42:10",415.712738,0.625952,0,51.003773,51.006207,51.023624,51.021206,19.496735,19.528992,19.556885,19.524567,0.332738000000006,0.67,0.0343789912146188,0.0260434594841961,0.0259077660066672,0.0218983302188908,0.0313879951823763,0.00461856736889675,0.183261938294451,0.0043741591418456,0.173563968805872,0.00636116598897004,0.252407189467901,0.916927680210789,36.3831315058642
19.5282,51.343742,0.000713,"2020-04-17 09:42:59",415.655365,0.616388,0,51.334961,51.337322,51.35252,51.350159,19.510681,19.543396,19.545654,19.512939,0.275365000000022,0.67,0.00069178228663939,0.000690940053501644,0.000695778390613793,0.000689105202454755,0.000668035757146014,9.74558973917907e-06,0.0136684288067028,3.17945210329722e-05,0.0445925961191756,3.32545949769427e-05,0.0466403856619113,0.910403299450232,1276.86297258097
19.529997,51.330135,0.001106,"2020-04-17 09:42:41",415.583923,0.529298,0,51.321056,51.323441,51.339203,51.336823,19.508942,19.541687,19.551025,19.518188,0.203923000000032,0.67,0.00107662655977454,0.00109333183371566,0.00113826883135158,0.00108246960757269,0.00108051179819261,2.44766116835046e-05,0.0221307519742356,1.80228803382567e-05,0.0162955518429084,3.0396196064511e-05,0.0274829982500099,0.853847980455496,772.01444887477
19.530731,51.359577,0.000325,"2020-04-17 09:42:59",415.797882,0.551447,0,51.350918,51.353275,51.368225,51.365864,19.513214,19.545929,19.548157,19.515442,0.41788200000002,0.67,0.000311109762525679,0.000299373755172771,0.000308785394903088,0.000317440953725213,0.0003054808089939,9.59905615146279e-06,0.0295355573891163,1.38021523236888e-05,0.0424681609959655,1.6811938846107e-05,0.0517290426034063,0.867752150150976,2670.00661584916
19.531143,51.157543,0.708539,"2020-04-17 09:42:26",414.790894,0.578889,0,51.147968,51.150375,51.16711,51.164703,19.506531,19.53891,19.556519,19.523804,-0.589106000000015,0.67,0.591312504229862,0.655143899732194,0.636550825640777,0.649400080114537,0.626395313544675,0.0420188728980557,0.0593035427803631,0.0580843577242219,0.0819776437489282,0.0716894573271295,0.101179267940268,0.888342193421464,1.25376612073783
19.5334,51.283058,0.003567,"2020-04-17 09:42:42",414.887909,0.493064,0,51.274261,51.276642,51.291851,51.289471,19.512482,19.545105,19.554199,19.521515,-0.492091000000016,0.67,0.00357677921704715,0.00342300525389914,0.00346288052735098,0.00340720045116329,0.00350367359436497,7.98508865279281e-05,0.0223860068763465,4.47785308526995e-05,0.0125535550470142,9.15493359048672e-05,0.0256656394462762,0.831872656406785,233.213528569326
19.535727,51.189384,0.064455,"2020-04-17 09:42:26",415.383636,0.577689,0,51.179504,51.181915,51.199276,51.196869,19.510315,19.542236,19.560333,19.528442,0.00363600000002862,0.67,0.0591134277509106,0.0585298228292991,0.0740555300808722,0.0955561536513668,0.0698044190420168,0.0154094855793474,0.239073548667247,0.00378261048001852,0.0586860674892332,0.0158669589986129,0.246171111606747,0.884802995648672,13.7274531944562
19.536585,51.236237,0.004627,"2020-04-17 09:42:42",414.764984,0.604559,0,51.22707,51.22945,51.245396,51.243015,19.515625,19.548187,19.557526,19.524933,-0.615015999999969,0.67,0.00492501626645576,0.00479319151421857,0.00456335464292246,0.00451729779287762,0.00478611330862838,0.000169999034622283,0.0367406601733916,0.000112510099508155,0.0243159929777729,0.000203858270040347,0.0440584115064507,0.902436494186264,195.037063796469
19.540644,51.110474,0.64781,"2020-04-17 09:42:09",416.725555,0.615402,0,51.100464,51.10289,51.120487,51.118073,19.510101,19.542572,19.570984,19.538666,1.34555499999999,0.67,0.768953309490492,0.750297027253538,0.614605807773127,0.547192388053424,0.716727885035523,0.0932638728291283,0.143967942497226,0.0487323038536532,0.0752262296871817,0.105228263380009,0.162436923449791,0.915801620995493,1.41368861393849
19.542389,51.110775,0.614316,"2020-04-17 09:42:26",415.860718,0.574746,0,51.101269,51.10368,51.120289,51.117889,19.517181,19.549652,19.566956,19.534637,0.480718000000024,0.67,0.799614832892711,0.725119427892865,0.589300626108335,0.604385921400328,0.756828346041274,0.0917835181179863,0.149407663349133,0.100771446288589,0.164038452992578,0.13630516712586,0.221881193271639,0.89320325967901,1.45398013348018
19.543201,51.299507,0.002199,"2020-04-17 09:42:42",415.145935,0.512429,0,51.290058,51.292439,51.308949,51.306568,19.521942,19.554657,19.564484,19.531738,-0.234064999999987,0.67,0.00217586144022564,0.00215089697252206,0.00218219107723743,0.00217069428348337,0.0021902561930894,1.75020954631366e-05,0.00795911571766105,6.18280515987093e-06,0.00281164400176032,1.85620695302457e-05,0.00844114121429999,0.843494801635167,383.581083053737
19.543407,51.094414,0.46577,"2020-04-17 09:42:09",417.710327,0.590149,0,51.084591,51.087017,51.104244,51.101826,19.513123,19.545532,19.573669,19.541077,2.33032700000001,0.67,0.518588793536761,0.513757488230131,0.423194079135285,0.450812042301395,0.537347473854267,0.0410931056793752,0.0882261753212426,0.050612917142555,0.108665043138362,0.0651944070918313,0.13997124566166,0.89522407972365,1.92203035773805
19.546028,51.142776,0.695439,"2020-04-17 09:42:26",414.681244,0.545985,0,51.133373,51.135761,51.15218,51.149792,19.520813,19.554138,19.571228,19.538147,-0.698756000000003,0.67,0.666243974683366,0.725650720201562,0.668177856142608,0.651549469054023,0.730051828348683,0.0293717696266653,0.0422348611836054,0.0244749656413997,0.0351935477322953,0.0382325096501602,0.0549760793544225,0.86513660483137,1.24401508231688
19.546251,51.078564,0.311513,"2020-04-17 09:42:10",418.35672,0.571177,0,51.068207,51.070629,51.088928,51.086514,19.514954,19.547577,19.577545,19.5448,2.97672,0.67,0.326170555984933,0.321880268946775,0.286773683480962,0.303161927859623,0.30264775046981,0.0157407729872138,0.0505300677249867,0.00626867805970818,0.0201233273080359,0.0169430888226222,0.054389668561576,0.880585165437081,2.82680069671918
19.5466,51.252823,0.004288,"2020-04-17 09:42:42",414.991119,0.573181,0,51.243786,51.246166,51.261856,51.25948,19.525604,19.558167,19.567444,19.534882,-0.388880999999969,0.67,0.00450219632888956,0.00442324013433227,0.00426320158168908,0.00417060940261595,0.00450318294824666,0.000132264105341928,0.0308451738204124,0.000152157321900927,0.0354844500701788,0.000201607649085949,0.0470167092084768,0.881723595809165,205.625838574899
19.549229,51.062798,0.184783,"2020-04-17 09:42:10",417.737915,0.51098,0,51.053192,51.055618,51.072403,51.069992,19.519348,19.55191,19.579224,19.546448,2.35791499999999,0.67,0.204831899119095,0.229918310585027,0.183035181078033,0.195808559026399,0.211917172695371,0.0190712876234457,0.103209102695842,0.0191867575147837,0.10383399725507,0.0270526463686513,0.146402246790296,0.843049468344265,4.5623756965969
19.54937,51.174526,0.146715,"2020-04-17 09:42:26",414.576752,0.586272,0,51.165344,51.167744,51.183697,51.181305,19.524658,19.557404,19.574158,19.541565,-0.803247999999996,0.67,0.096981149140953,0.121613560521422,0.189068087937394,0.183057356399612,0.132681378573709,0.039417981156751,0.268670423315619,0.00992326887513519,0.0676363621656626,0.0406478597670554,0.277053196790072,0.891216643969154,6.0744753022469
19.552813,51.047379,0.118254,"2020-04-17 09:42:10",417.337555,0.604284,0,51.037388,51.039806,51.057377,51.054962,19.522461,19.554962,19.583008,19.550659,1.95755500000001,0.67,0.141183034762947,0.126010338902498,0.13250240622172,0.118240242098291,0.125189783597979,0.00981525626811489,0.0830014736762806,0.00490433961497338,0.0414729278922775,0.0109723198398409,0.0927860354815979,0.902318981546253,7.63034638613707
19.553074,51.315952,0.001091,"2020-04-17 09:42:42",414.713196,0.556901,0,51.307018,51.309391,51.324879,51.32251,19.532043,19.564789,19.574005,19.54129,-0.666804000000013,0.67,0.00106862660553564,0.00107617394239694,0.00109685990390523,0.00112632149147196,0.00111154433026017,2.23559601839472e-05,0.0204912558972935,1.45270352419022e-05,0.0133153393601304,2.66612773262217e-05,0.0244374677600566,0.871228284958554,798.559381263569
19.558369,51.330421,0.000538,"2020-04-17 09:42:59",415.629456,0.595023,0,51.32164,51.323994,51.339191,51.336842,19.540863,19.573547,19.575806,19.543091,0.249456000000009,0.67,0.000523232316805687,0.000524379149350379,0.00056863483729173,0.000570282020535356,0.000525572448772445,2.31613531214483e-05,0.0430508422331753,8.78760574654734e-06,0.0163338396775973,2.47723695510376e-05,0.0460452965632669,0.896076096736583,1665.56895304198
19.559196,51.222218,0.004435,"2020-04-17 09:42:42",415.612396,0.537472,0,51.213062,51.215439,51.231365,51.228992,19.538239,19.57077,19.580261,19.547638,0.232395999999994,0.67,0.00462322581590216,0.00493466300997235,0.00438024013722966,0.00432413479353246,0.00624958828753502,0.000247906197776063,0.0558976770633739,0.0012831076831777,0.289314021009627,0.0013068369483319,0.29466447538487,0.858939962166629,193.673046711754
19.56098,51.346104,0.000238,"2020-04-17 09:42:59",414.752502,0.598238,0,51.337326,51.339676,51.354874,51.352524,19.543457,19.576172,19.57843,19.545715,-0.627498000000003,0.67,0.000212891197970184,0.00021895246954427,0.00024392254930716,0.000251085957137443,0.00021705922420483,1.63790765110253e-05,0.0688196492059887,1.48073645680718e-05,0.0622158175129069,2.20801311772781e-05,0.0927736604087317,0.898214175534729,3774.00914090222
19.562544,51.000729,0.051548,"2020-04-17 09:42:11",414.404724,0.642478,0,50.990849,50.993275,51.010616,51.008205,19.532593,19.564789,19.592529,19.56015,-0.975276000000008,0.67,0.0463946023905239,0.0464222820313081,0.0386079449391975,0.0497774432464596,0.0523917436483285,0.00496268810171541,0.0962731454511409,0.000596616855316162,0.01157400588415,0.00499842223776214,0.0969663660619644,0.928279572493582,18.0080618548456
19.562799,51.332516,0.000436,"2020-04-17 09:42:42",415.321503,0.522376,0,51.323444,51.325817,51.341579,51.339207,19.541748,19.574432,19.58374,19.551086,-0.0584969999999885,0.67,0.000423184743066245,0.000415751707958646,0.000439924357222341,0.000460149304653505,0.000425047844536653,1.70867919829453e-05,0.0391898898691406,7.74434339674196e-06,0.0177622554971146,1.87598857916328e-05,0.0430272609899834,0.849574414473466,1948.5651708107
19.564301,51.159939,0.254795,"2020-04-17 09:42:26",415.232697,0.584457,0,51.150379,51.152767,51.169495,51.16711,19.538971,19.572021,19.589722,19.55661,-0.147303000000022,0.67,0.219341770355906,0.204339250323164,0.268015700447445,0.331346300949518,0.203176115172323,0.0495848217127005,0.194606729773742,0.0365000634989378,0.143252667826832,0.0615703595872785,0.241646655496688,0.891224379170985,3.49780952990045
19.566183,51.285435,0.002134,"2020-04-17 09:42:42",414.982544,0.488071,0,51.276653,51.279018,51.29422,51.291855,19.545166,19.578003,19.587158,19.55426,-0.397455999999977,0.67,0.00214002896174609,0.00213784752234226,0.00215961917749474,0.0022028975265174,0.00213448469054907,2.86128278892352e-05,0.0134080730502508,3.42727974024426e-07,0.00016060354921482,2.86148804345427e-05,0.0134090348802918,0.828922977036957,388.436259155088
19.567591,51.191795,0.020468,"2020-04-17 09:42:26",415.577484,0.591516,0,51.181927,51.184315,51.201664,51.19928,19.542297,19.574921,19.593384,19.560394,0.197484000000031,0.67,0.0173152793056737,0.0170250923990288,0.0230198902515055,0.0248007865862554,0.0135240789345053,0.00343007777503084,0.167582459206119,0.00491009367343542,0.239891228915156,0.00598952864795478,0.29262891576875,0.89377125301132,43.666760455898
19.569279,51.238613,0.00406,"2020-04-17 09:42:42",415.340607,0.532465,0,51.22945,51.231827,51.247761,51.245403,19.548279,19.580872,19.590332,19.557587,-0.0393930000000182,0.67,0.00429694309748223,0.00431426899360845,0.00403430322517798,0.00405405709959195,0.00418837451613532,0.000140756024535941,0.0346689715605766,9.07744908908266e-05,0.0223582489878883,0.000167488108950012,0.0412532288054217,0.855814818916608,210.791827319362
19.573195,51.112892,0.69492,"2020-04-17 09:42:09",416.753632,0.598176,0,51.10289,51.105305,51.122894,51.120495,19.542633,19.575226,19.603333,19.571045,1.37363199999999,0.67,0.791630411617791,0.839051975340357,0.691976719266676,0.669043829817872,0.788889964100754,0.0738485342338161,0.106269116205917,0.0664467988434996,0.0956179111890571,0.0993417489529533,0.142954223440041,0.903649993117375,1.30036549979476
19.576084,51.096832,0.635263,"2020-04-17 09:42:10",417.032562,0.59353,0,51.087021,51.089432,51.106655,51.104248,19.545593,19.578339,19.605957,19.573761,1.65256199999999,0.67,0.723094135337832,0.743875814659022,0.568542157009401,0.571294106549483,0.686996705348992,0.0824469810567383,0.129784012380287,0.036581253868179,0.0575844238814145,0.0901980754780185,0.141985406796899,0.8996185601242,1.41613561646782
19.578966,51.145172,0.380651,"2020-04-17 09:42:26",414.385529,0.577332,0,51.135761,51.138172,51.154591,51.152187,19.554199,19.586151,19.60318,19.571289,-0.994470999999976,0.67,0.315171624657316,0.322053166168627,0.420690180112181,0.446284788598501,0.292939520545042,0.05823324149796,0.152983287835734,0.0620213819105053,0.162935029490282,0.0850750388154392,0.223498792372644,0.888509988944102,2.33418535336595
19.579006,51.080982,0.48528,"2020-04-17 09:42:10",418.382141,0.545899,0,51.070633,51.073048,51.091339,51.088932,19.547668,19.580383,19.609619,19.577606,3.00214099999999,0.67,0.592887427383845,0.573073522845002,0.460516524148238,0.449241373619782,0.563700265905954,0.0662866944282983,0.136594737941597,0.0554515018045523,0.1142670248198,0.0864221899202448,0.178087269041058,0.868547358013143,1.78978601634756
19.579363,51.255196,0.003259,"2020-04-17 09:42:42",415.596161,0.548686,0,51.24617,51.248531,51.264221,51.26186,19.558228,19.591003,19.600342,19.567505,0.216161,0.67,0.00331057528088874,0.00326587200795443,0.00327910778175429,0.00320990877588494,0.00328323620172218,3.65646058858962e-05,0.0112195783632698,1.71375825879584e-05,0.00525854022336863,4.03815197899982e-05,0.0123907701104628,0.866000189507293,265.725740873671
19.581837,51.065216,0.357874,"2020-04-17 09:42:10",418.455231,0.544514,0,51.055622,51.058033,51.07481,51.072407,19.551971,19.584381,19.611694,19.579285,3.07523100000003,0.67,0.408708985634752,0.392731829413483,0.321404716994869,0.317615371224102,0.393410479928491,0.041030342222588,0.114650246239146,0.0251280859369356,0.0702148966869222,0.0481135083501163,0.134442592504949,0.864702495591262,2.41622050104579
19.58242,51.176922,0.04479,"2020-04-17 09:42:26",414.352997,0.557305,0,51.167751,51.170132,51.186077,51.183704,19.557465,19.590576,19.607635,19.574219,-1.02700299999998,0.67,0.0293872525690306,0.0436549703118331,0.0572772139454579,0.0541738166684193,0.0310666590117876,0.0109182270725787,0.243764837521293,0.00970386747330029,0.216652544614876,0.0146072833322205,0.326128228002243,0.871608992468152,19.4599015956274
19.585184,51.049797,0.285798,"2020-04-17 09:42:10",418.613068,0.586953,0,51.039814,51.042225,51.059784,51.057384,19.555054,19.58725,19.615723,19.583069,3.233068,0.67,0.317580794261795,0.292676256822297,0.240781707238231,0.241461642675474,0.273841832476771,0.0336738324999634,0.117823891349707,0.00845428713267758,0.0295813376324452,0.0347188992647715,0.121480553624488,0.891414172074439,3.11903572479317
19.585836,51.209099,0.0052,"2020-04-17 09:42:26",415.08017,0.578427,0,51.199753,51.202137,51.218441,51.216064,19.560913,19.593872,19.611267,19.577942,-0.299829999999986,0.67,0.00541885459435199,0.00459676024616345,0.00750715165712492,0.00501384883675045,0.00557607051170362,0.00113646711288789,0.218551367863055,0.000265922009029925,0.0511388478903702,0.00116716409024706,0.224454632739819,0.885143579653049,170.219919164048
19.588558,51.034225,0.186472,"2020-04-17 09:42:11",417.537201,0.631606,0,51.024426,51.026836,51.044033,51.041626,19.558563,19.590851,19.618744,19.58606,2.15720099999999,0.67,0.204005159038105,0.220416919766108,0.170071847948261,0.175576706670928,0.214463851068818,0.0207989284337652,0.111539150294764,0.0197932277087251,0.106145843390563,0.0287117970026665,0.153973770875341,0.921222289419401,4.94027140492621
19.589239,51.271599,0.002154,"2020-04-17 09:42:42",414.503387,0.553868,0,51.262436,51.26479,51.280758,51.278397,19.568054,19.60083,19.61026,19.577576,-0.87661300000002,0.67,0.00210931869556581,0.00211315833736955,0.00218073977794136,0.00220270707290126,0.00210195077074051,4.10230100787907e-05,0.019045037176783,3.68043629649187e-05,0.0170865194823207,5.51130518949735e-05,0.0255863750673043,0.869292680552096,403.571346588717
19.591539,51.018539,0.10435,"2020-04-17 09:42:11",417.038269,0.614596,0,51.008636,51.011044,51.028446,51.026051,19.561554,19.593903,19.621826,19.589264,1.65826900000002,0.67,0.147362845204056,0.150540093019999,0.118906841006351,0.118428243112258,0.115434911071032,0.0201032845141673,0.192652463001124,0.00783821578717656,0.0751146697381559,0.0215772953584063,0.206778105974186,0.909446987400026,8.71535205941568
19.591972,51.224586,0.004086,"2020-04-17 09:42:42",414.809021,0.559571,0,51.215439,51.217793,51.233723,51.231369,19.570831,19.603668,19.613068,19.580322,-0.570979000000023,0.67,0.00426783559971551,0.00410500557431233,0.00529743463970162,0.00390232537630053,0.00410830806223297,0.000555167423848508,0.135870637261015,1.57741820800646e-05,0.00386054382772017,0.000555391477538937,0.135925471742275,0.872937576520047,213.641110259434
19.594755,51.003151,0.084692,"2020-04-17 09:42:11",416.239624,0.633011,0,50.993275,50.995697,51.013016,51.010616,19.56485,19.596893,19.625092,19.59259,0.859623999999997,0.67,0.100255745809983,0.0952747432606039,0.0903584662517539,0.0710986243602084,0.0830681117283137,0.0112330174359187,0.132633748593949,0.00114826240879869,0.0135580976809933,0.011291553802516,0.133324916196524,0.921808236732714,10.8842421566702
19.597263,51.162327,0.089821,"2020-04-17 09:42:26",414.844604,0.554469,0,51.152771,51.15517,51.171894,51.169495,19.572083,19.604004,19.621857,19.589783,-0.535395999999992,0.67,0.0674759871644575,0.0739164984192171,0.113886215014668,0.117490574709164,0.0669696153011253,0.0226970382286877,0.25269188974391,0.0161583690800768,0.179895225838911,0.0278612353581548,0.310186207659175,0.870121899733987,9.68728804771698
19.599085,51.287804,0.001171,"2020-04-17 09:42:42",414.127686,0.516352,0,51.279022,51.281384,51.296581,51.29422,19.578064,19.610779,19.619904,19.587219,-1.25231400000001,0.67,0.00109279151634938,0.00109624692712545,0.00117968892250785,0.00117142784160866,0.0011362125047011,4.37092792816597e-05,0.0373264554070536,2.45984738263472e-05,0.0210063824306979,5.01556179296758e-05,0.0428314414429341,0.845883792503194,722.360198550977
19.60095,51.19418,0.013119,"2020-04-17 09:42:26",415.256836,0.52785,0,51.184322,51.186695,51.204041,51.201672,19.574982,19.608368,19.626526,19.593445,-0.123163999999974,0.67,0.00649728754077851,0.00492901535882015,0.00778364880434812,0.00743193205543877,0.00748045625265824,0.00309238282379684,0.235717876651943,0.00398705251976237,0.303914362357067,0.00504573278367545,0.384612606423923,0.852966049687398,65.0176118368319
19.602089,51.240978,0.003208,"2020-04-17 09:42:42",414.771606,0.54237,0,51.231827,51.234188,51.250126,51.247768,19.580963,19.613678,19.623077,19.590393,-0.608393999999976,0.67,0.00314766277257628,0.00314939238863228,0.00319939083755162,0.00324362264825819,0.00314869419240388,4.10129526436287e-05,0.0127845862355451,4.19355387149609e-05,0.0130721754099005,5.86570685583802e-05,0.0182846223685724,0.862012308694401,268.707078770075
19.604258,51.226555,0.003744,"2020-04-17 09:42:26",415.738739,0.60685,0,51.217056,51.219433,51.23605,51.233673,19.578857,19.612183,19.629883,19.596619,0.358739000000014,0.67,0.00377030158236415,0.00383057408023881,0.00377024816381149,0.00364192915907571,0.00380505828756028,6.89559325362471e-05,0.0184177170235703,4.31747291815122e-05,0.0115317118540364,8.13571009306525e-05,0.0217299949066914,0.903972858618542,241.445742152388
19.605705,51.115303,0.574009,"2020-04-17 09:42:10",415.719482,0.628047,0,51.105312,51.107716,51.125301,51.122898,19.575287,19.607513,19.635925,19.603394,0.339482000000032,0.67,0.554307689735915,0.572308777936788,0.57241764237108,0.546212693364994,0.6139981321595,0.012750401608969,0.0222128949353912,0.0282765865237475,0.0492615734661783,0.0310183508044025,0.0540380913964808,0.918860801370711,1.60077769054268
19.606949,51.115585,0.564969,"2020-04-17 09:42:27",414.4776,0.628584,0,51.106098,51.108475,51.12508,51.122711,19.581482,19.614777,19.63205,19.598877,-0.9024,0.67,0.5358114790856,0.549722112542639,0.55562470617633,0.557562601574145,0.58152770058183,0.0109179886118823,0.0193249339554601,0.0117087694690496,0.0207246228891312,0.0160093022274095,0.0283366029417712,0.918843916459052,1.62636165251377
19.608267,51.099243,0.634086,"2020-04-17 09:42:10",416.739166,0.607083,0,51.089436,51.091843,51.109055,51.106659,19.578461,19.610413,19.638733,19.606018,1.35916600000002,0.67,0.706494199850468,0.716123898625612,0.557495984095771,0.562854003020027,0.717615538828561,0.0756710255719961,0.119338742019215,0.0590643033350605,0.0931487264110239,0.0959932082992006,0.151388310574907,0.909210902337062,1.43389209403308
19.608952,51.304245,0.00049,"2020-04-17 09:42:42",415.791382,0.529437,0,51.294815,51.297169,51.313679,51.311321,19.587677,19.6203,19.629974,19.597382,0.411382000000003,0.67,0.000448398721193128,0.000467426791510048,0.000495340465829456,0.000517647640598805,0.00046110231701983,2.6639306839323e-05,0.054365932325149,2.04337475958573e-05,0.0417015257058312,3.35736609515674e-05,0.0685176754113621,0.853934153255502,1742.72276174592
19.611271,51.083389,0.623541,"2020-04-17 09:42:10",417.815857,0.568874,0,51.073048,51.075455,51.093739,51.091343,19.580444,19.612854,19.642517,19.60968,2.435857,0.67,0.714251476917626,0.656301637683076,0.542202844930174,0.511397390791319,0.670004112205668,0.0829358733403039,0.133007890965155,0.0328543817156593,0.0526900103051111,0.0892063309672423,0.143064098378843,0.883445186392816,1.41681972218798
19.612091,51.257561,0.002146,"2020-04-17 09:42:42",415.748779,0.526239,0,51.248535,51.250896,51.266586,51.264233,19.591064,19.623779,19.633057,19.600403,0.368779000000018,0.67,0.00206999574005251,0.00208231665927719,0.00215939569053033,0.00216510132439177,0.00202991727374671,4.49403944115945e-05,0.0209414699028865,8.20828829123228e-05,0.0382492464642697,9.35801192405084e-05,0.0436067657225109,0.851955100858161,396.996785115639
19.614355,51.067623,0.537137,"2020-04-17 09:42:11",418.109833,0.56133,0,51.058041,51.06044,51.077209,51.074818,19.584442,19.617065,19.644287,19.611786,2.72983299999999,0.67,0.633885868781633,0.578296661843074,0.468249375897628,0.442372050902526,0.591137333695771,0.0784981059641828,0.146141684457006,0.0381840021426161,0.0710880131933122,0.087292443313218,0.162514299542236,0.878414104827325,1.63536324034152
19.615549,51.179302,0.015839,"2020-04-17 09:42:27",414.943939,0.570051,0,51.170135,51.172535,51.188477,51.186085,19.590637,19.622742,19.639557,19.607697,-0.436060999999995,0.67,0.0108323842991383,0.0148306716469427,0.0152969324293767,0.0211828742057135,0.0129520461681685,0.0036959239420581,0.233343262962188,0.00204138463146054,0.128883428970297,0.00422221565046618,0.266570847305144,0.879702205127394,55.5402617038572
19.61787,51.0522,0.43068,"2020-04-17 09:42:11",417.2565,0.571512,0,51.042233,51.044628,51.06218,51.059788,19.587311,19.619965,19.648315,19.615814,1.87650000000002,0.67,0.469000012353857,0.442107593574166,0.388237655407505,0.391516158009794,0.476184128371995,0.0343917815159809,0.0798546055446756,0.0321762777438208,0.0747104062037262,0.047096788481705,0.109354482403885,0.8818979950251,2.04768736654848
19.61923,51.211475,0.003782,"2020-04-17 09:42:26",415.112366,0.555416,0,51.202148,51.204517,51.220814,51.218445,19.593933,19.627045,19.644287,19.611328,-0.267633999999987,0.67,0.00390890068991258,0.00453604422369491,0.00605630886438391,0.00382978623610253,0.00404085149460758,0.00096275097312164,0.254561336097737,0.000183035647157293,0.0483965222520605,0.000979995655284733,0.259121008800828,0.870280353361768,230.111145785766
19.621145,51.036629,0.342367,"2020-04-17 09:42:11",419.117554,0.624642,0,51.02684,51.029236,51.046429,51.044033,19.590912,19.623535,19.651215,19.618805,3.73755399999999,0.67,0.361455254056639,0.337335529188108,0.286130146015105,0.251113596206249,0.345786288029459,0.0456030321532674,0.133199263227085,0.00241780175246045,0.00706201752055676,0.0456670812170664,0.133386340438963,0.917149448274863,2.6788488618204
19.621979,51.27396,0.001163,"2020-04-17 09:42:42",415.351562,0.527706,0,51.264801,51.267155,51.283115,51.280762,19.600922,19.633545,19.643005,19.610321,-0.0284379999999942,0.67,0.00111868751044333,0.00115258335073593,0.00120289982718695,0.0012234345223241,0.0011954907359246,4.15345156534591e-05,0.0357132550760611,2.2974419698026e-05,0.0197544451401771,4.74651445908309e-05,0.0408126780660626,0.852862019724727,733.329337682482
19.624161,51.020947,0.223157,"2020-04-17 09:42:11",417.409943,0.658587,0,51.011047,51.013447,51.030849,51.028454,19.593964,19.626434,19.654144,19.621887,2.029943,0.67,0.244304765275734,0.242623589129865,0.202149999389928,0.191585101159207,0.232238062950703,0.0236411974735065,0.105939753059534,0.00642128119282402,0.0287747244891445,0.0244977360206743,0.109778030806447,0.939806882098199,4.21141564951222
19.624771,51.226944,0.003144,"2020-04-17 09:42:43",414.749603,0.568981,0,51.2178,51.220158,51.236084,51.23373,19.603729,19.636292,19.645721,19.613129,-0.630397000000016,0.67,0.00316365536000872,0.00309557206907172,0.00316852225764652,0.00312995649421169,0.00308030437011893,2.9424590408387e-05,0.00935896641488136,4.5039611820853e-05,0.0143255762788973,5.37993787480345e-05,0.0171117616883061,0.878999079211903,279.579859800224
19.62538,51.132656,0.21823,"2020-04-17 09:42:27",415.114044,0.568038,0,51.123158,51.12553,51.142162,51.139801,19.599823,19.633026,19.650757,19.61734,-0.265956000000017,0.67,0.178323361119689,0.16521348196982,0.277296099748334,0.252192784921447,0.193169705253866,0.0475540841416296,0.217908097610913,0.017720304353525,0.0812001299249643,0.0507484000233578,0.232545479646968,0.879853720540483,4.03177253604217
19.62743,51.00555,0.148213,"2020-04-17 09:42:12",417.049774,0.631245,0,50.995701,50.998096,51.015415,51.01302,19.596924,19.629578,19.65744,19.625092,1.66977400000002,0.67,0.194769500175599,0.161345701621731,0.138251368094824,0.142262080055452,0.187995671248038,0.0228656079230334,0.154275319459382,0.0281305966132028,0.189798442870752,0.0362514343372042,0.244590112454401,0.921240694127493,6.2156537829171
19.631744,51.290165,0.000538,"2020-04-17 09:42:43",415.327881,0.523574,0,51.281387,51.283741,51.298935,51.296585,19.61084,19.643524,19.65271,19.619965,-0.0521190000000047,0.67,0.000488501198760783,0.000502726968942824,0.000550490475221843,0.000571101695582422,0.000544398295997545,3.40552605732627e-05,0.0632997408424957,4.52427848790286e-06,0.00840943956859268,3.43544737777909e-05,0.0638558992152247,0.850311551524634,1580.50474261084
19.633799,51.196564,0.004649,"2020-04-17 09:42:27",414.959351,0.580019,0,51.186703,51.189098,51.20644,51.204044,19.608429,19.640289,19.658173,19.626587,-0.420648999999969,0.67,0.00460470309664486,0.00721351288953292,0.00590244953529502,0.00682398867008523,0.00399625026684618,0.00120448149535491,0.25908399555924,0.000461563762730775,0.0992823752916273,0.00128989022002595,0.277455414073123,0.886184915340912,190.61839435167
19.639914,51.117966,0.284672,"2020-04-17 09:42:27",414.171539,0.612723,0,51.108479,51.110859,51.127457,51.125088,19.614868,19.647247,19.664612,19.632111,-1.208461,0.67,0.238624703211536,0.291691036022492,0.37874989240904,0.379480254778385,0.248191257010739,0.0622844246138611,0.218793645366812,0.02579578075043,0.0906157990614815,0.0674149230809025,0.23681613604746,0.91042531082072,3.1981554589869
19.641085,51.101643,0.480031,"2020-04-17 09:42:10",415.797089,0.607993,0,51.091846,51.094242,51.111446,51.109058,19.610504,19.643341,19.671082,19.638794,0.417089000000033,0.67,0.442073138133232,0.463367900151528,0.507267184262352,0.454435626010954,0.459413768306866,0.0252686158480567,0.0526395500458444,0.0145785843395093,0.03037008930571,0.0291725567652348,0.0607722350540586,0.905210763367969,1.88573397003104
19.64403,51.085789,0.549081,"2020-04-17 09:42:11",416.563232,0.600332,0,51.075459,51.077854,51.096127,51.093739,19.612915,19.645447,19.675079,19.642578,1.18323200000003,0.67,0.600521787803621,0.579008123838293,0.483109936057641,0.488604835868231,0.578348056937745,0.052784718770848,0.0961328451919625,0.0206949344260523,0.0376901302832411,0.0566966211216869,0.10325729923579,0.901395039408702,1.64164310804545
19.644085,51.149952,0.05892,"2020-04-17 09:42:27",415.123749,0.55774,0,51.140575,51.142933,51.159336,51.156979,19.618469,19.651947,19.669342,19.636078,-0.25625100000002,0.67,0.0413241799839614,0.0427620396619218,0.0699238998229053,0.0668815137014506,0.0573633956781157,0.0133362749423925,0.226345467454047,0.00110068547162868,0.0186810161511995,0.0133816194029923,0.227115061150582,0.871867521667052,14.797480001138
19.644897,51.259918,0.001299,"2020-04-17 09:42:43",414.304016,0.552831,0,51.250896,51.253246,51.268936,51.266586,19.62384,19.656525,19.665802,19.633148,-1.07598400000001,0.67,0.00117822464622019,0.00117941730784774,0.00131477974879427,0.00135995685353146,0.00125953520992229,8.2911171511929e-05,0.0638269218721547,2.79058206820523e-05,0.0214825409407639,8.74814105362926e-05,0.0673451967177002,0.868632328556794,668.693093577208
19.646879,51.070023,0.534221,"2020-04-17 09:42:11",417.298676,0.606948,0,51.060444,51.062836,51.079601,51.077213,19.617157,19.649658,19.677002,19.644348,1.918676,0.67,0.673458503062014,0.588374426428358,0.512169811969461,0.465792817059371,0.566010399982164,0.0796401111118324,0.149077088156086,0.0224785002972397,0.0420771558909884,0.0827516179510589,0.154901469524895,0.907818101261215,1.69933061646999
19.650518,51.054596,0.523175,"2020-04-17 09:42:11",417.03183,0.578212,0,51.044636,51.047024,51.064564,51.062183,19.620056,19.652496,19.680969,19.648376,1.65183000000002,0.67,0.596111732712194,0.544066632288686,0.451993896642016,0.438174374039616,0.567400719455758,0.0657086272094291,0.125595885142503,0.0312723061300203,0.0597740834902668,0.072770741513588,0.139094455036246,0.88798913155761,1.69730803566227
19.651627,51.21386,0.00297,"2020-04-17 09:42:27",414.323761,0.602601,0,51.204525,51.206913,51.223206,51.220821,19.627106,19.658691,19.675934,19.644379,-1.05623900000001,0.67,0.00297949709387702,0.00287706044663187,0.00316443924899825,0.00302845261507901,0.00290321454454307,0.000105129283491845,0.0353970651487693,4.72244484382274e-05,0.0159004876896389,0.000115248925278301,0.038804351945556,0.901125950399452,303.409410908906
19.65365,51.039028,0.417258,"2020-04-17 09:42:11",417.675812,0.596391,0,51.02924,51.031635,51.048813,51.046432,19.623596,19.655945,19.683777,19.651276,2.29581200000001,0.67,0.503500387452063,0.497412797263842,0.400190258944528,0.359111588789594,0.471121733064135,0.0629920327459535,0.1509666267536,0.0380874109096719,0.0912802412648096,0.0736114601082567,0.176417133064571,0.900000484411131,2.15694003329147
19.654818,51.276314,0.000558,"2020-04-17 09:42:43",414.214661,0.540719,0,51.267162,51.269512,51.285465,51.283123,19.633636,19.66629,19.67572,19.643066,-1.16533900000002,0.67,0.000546124350399303,0.000562356227178427,0.000617103709535455,0.000650755905275399,0.000567788902445458,4.49724804331052e-05,0.0805958430700811,6.92179929955696e-06,0.0124046582429336,4.55020362384958e-05,0.0815448678109243,0.860974470603766,1542.96500108202
19.656582,51.023342,0.314469,"2020-04-17 09:42:12",417.111694,0.582469,0,51.013454,51.01585,51.03323,51.030853,19.626434,19.658844,19.687195,19.654175,1.731694,0.67,0.379167621514481,0.399713722185083,0.291335527945403,0.270702977308937,0.349283272838724,0.0559552061652125,0.177935523581696,0.0246174084063404,0.078282464746415,0.0611310223506527,0.194394431090672,0.889891643884038,2.82982311097131
19.659817,51.00795,0.247314,"2020-04-17 09:42:12",416.489899,0.612136,0,50.998104,51.000488,51.017796,51.015423,19.629639,19.66214,19.690216,19.657501,1.10989899999998,0.67,0.300037371902189,0.253813599455866,0.230031110079769,0.204090835930375,0.27576665151248,0.0353150452137604,0.142794363496447,0.0201190628272123,0.0813502787032366,0.0406439307584202,0.164341407111689,0.908439547577876,3.67322330146241
19.662397,51.167099,0.012736,"2020-04-17 09:42:27",413.866577,0.568621,0,51.157562,51.159924,51.176636,51.174282,19.636902,19.670197,19.687683,19.654572,-1.51342299999999,0.67,0.0111408899717129,0.0121321937618617,0.0124133858821849,0.0167752426929759,0.0129719632039063,0.00217185572995263,0.170528873268893,0.000166851181592648,0.0131007523235433,0.00217825540938773,0.171031360661725,0.878768790090789,68.9988057546159
19.667501,51.245689,0.001287,"2020-04-17 09:42:43",414.833374,0.553345,0,51.236553,51.238892,51.254826,51.252483,19.646454,19.679016,19.688477,19.655945,-0.546626000000003,0.67,0.00120417656913875,0.00125350529133359,0.00137523653221614,0.00145265426289043,0.00125737180780975,9.92766205193484e-05,0.077138011281545,2.0950295612024e-05,0.0162783959689386,0.000101463107916,0.0788369136876459,0.86895954987546,675.182245435478
19.670736,51.120094,0.129622,"2020-04-17 09:42:10",415.854828,0.632034,0,51.110123,51.112507,51.130077,51.127697,19.64035,19.672607,19.701538,19.668762,0.474828000000002,0.67,0.109082877692818,0.101715464615019,0.175852307371091,0.191123318569856,0.102786405510823,0.0400540839414656,0.309006834807869,0.0189756308404694,0.146392054130236,0.0443215997701318,0.341929608940857,0.922134144993115,7.11402497255956
19.67164,51.120354,0.142406,"2020-04-17 09:42:28",415.339661,0.570317,0,51.110859,51.113239,51.129822,51.12746,19.647308,19.679047,19.696838,19.664642,-0.0403390000000172,0.67,0.0970592406281145,0.110627987300032,0.171792404113286,0.197555762572985,0.101733685533304,0.0417140323549248,0.29292327819702,0.0287596693659525,0.201955460907212,0.0506673373816566,0.355794962162104,0.881322108860516,6.1887989892316
19.67359,51.104034,0.285208,"2020-04-17 09:42:11",416.267975,0.59488,0,51.09425,51.09663,51.113827,51.11145,19.643402,19.675873,19.703949,19.671143,0.887974999999983,0.67,0.191921850690163,0.221303619238996,0.276927104116767,0.314416837632495,0.227572413179581,0.049985763900224,0.175260735674399,0.0407545142783843,0.142894008156799,0.0644942402603207,0.226130544235508,0.898299349563806,3.14962886582356
19.676701,51.088177,0.407311,"2020-04-17 09:42:11",416.532196,0.591899,0,51.077854,51.080242,51.098507,51.09613,19.645508,19.678162,19.707611,19.67514,1.152196,0.67,0.341958032014466,0.371190344723806,0.438212156618115,0.45208999291945,0.379211136301168,0.0458330971896006,0.112526048129318,0.0198696041718618,0.0487823902911088,0.049954719175848,0.122645151188767,0.895399296497902,2.19831847531224
19.67757,51.262268,0.000611,"2020-04-17 09:42:43",415.060516,0.519046,0,51.25325,51.255596,51.271282,51.268936,19.656616,19.689148,19.698517,19.665894,-0.319483999999989,0.67,0.000592693988338863,0.000592423604837919,0.000676836592839467,0.000716623508655437,0.000566844108410398,5.6010588010039e-05,0.0916703568085744,3.12229303723456e-05,0.0511013590382089,6.41253253423845e-05,0.104951432638927,0.847530975379695,1387.12107263453
19.679722,51.072407,0.490471,"2020-04-17 09:42:11",417.078705,0.5417,0,51.062847,51.065228,51.081982,51.079605,19.649719,19.682312,19.70932,19.677063,1.69870500000002,0.67,0.518708153665116,0.575475656730991,0.480133247772967,0.466478054118658,0.530764594216944,0.043186416723711,0.0880509076453267,0.0284918737091802,0.0580908426985085,0.0517383171053514,0.105487005562717,0.863142944973134,1.75982462770099
19.680511,51.184063,0.004433,"2020-04-17 09:42:27",415.878723,0.562923,0,51.174923,51.177277,51.193207,51.190857,19.655396,19.688538,19.70575,19.672363,0.498722999999984,0.67,0.00329209936897458,0.00348619287323289,0.00615827827856705,0.00344231031895049,0.00376479890098227,0.00120311708443358,0.271400199511296,0.000472489528311741,0.106584599213115,0.0012925699490628,0.291579054604736,0.875090837951166,197.403753203511
19.686466,51.041412,0.4895,"2020-04-17 09:42:12",417.698151,0.604777,0,51.031643,51.034016,51.051189,51.048824,19.656006,19.688904,19.716614,19.683868,2.318151,0.67,0.610701092458514,0.566150687272378,0.467790659478716,0.445324788345607,0.545559898090694,0.069829627725849,0.142655010675892,0.0396403340925566,0.0809812749592575,0.080296531651748,0.164037858328392,0.906147202569373,1.851168953155
19.689388,51.025726,0.435343,"2020-04-17 09:42:12",416.581573,0.585053,0,51.01585,51.01823,51.03561,51.033234,19.658936,19.691528,19.719604,19.687256,1.201573,0.67,0.526263524632161,0.492883039622419,0.37886823930456,0.389685755888814,0.507158913244109,0.0640743970132924,0.147181411009922,0.0507815192520143,0.116647147770871,0.0817575137229583,0.187800225851704,0.893236421032618,2.05179920438049
19.690193,51.137405,0.044166,"2020-04-17 09:42:28",415.106232,0.581489,0,51.127911,51.130268,51.146896,51.144543,19.665558,19.697754,19.715485,19.683044,-0.273768000000018,0.67,0.0248434695817411,0.0235881413967758,0.0402993577584283,0.0484555414038135,0.0350358498251204,0.0113849142840522,0.257775535118694,0.0064559911019089,0.146175589863445,0.0130880133848932,0.296336851534963,0.88724334498229,20.0888317932865
19.692566,51.01033,0.342567,"2020-04-17 09:42:12",417.329224,0.578514,0,51.000492,51.002869,51.020172,51.017803,19.662231,19.694916,19.722931,19.690277,1.94922400000002,0.67,0.423691340343159,0.39241548705275,0.321337327892549,0.293965537259408,0.403485954408535,0.0527521802922693,0.153990840601311,0.0430762057650692,0.125745345480064,0.0681054478636083,0.198809131830002,0.887815746776719,2.59165578347219
19.695162,51.169464,0.006873,"2020-04-17 09:42:27",414.376831,0.564545,0,51.159924,51.162296,51.179001,51.17664,19.670258,19.702087,19.719879,19.687744,-1.00316900000001,0.67,0.00366824967662286,0.00475407071673657,0.0053032578732826,0.00545119559346586,0.00497714342081199,0.00116375544101621,0.169322776228169,0.00134057304330097,0.19504918424283,0.00177523598738874,0.258291282902479,0.876135953198938,127.475040477075
19.699085,51.201309,0.002477,"2020-04-17 09:42:27",415.445953,0.572964,0,51.191471,51.193817,51.211151,51.208805,19.673096,19.706482,19.724548,19.691223,0.0659529999999791,0.67,0.00224442178234111,0.00220192494753424,0.00242827061775658,0.00244508668791341,0.00225664497805902,0.000126425368935452,0.0510397129331658,0.000155814530282977,0.0629045338243752,0.000200652789060531,0.0810063742674732,0.881582546082635,355.907366202114
19.700113,51.248035,0.000686,"2020-04-17 09:42:43",413.839752,0.548661,0,51.238903,51.24123,51.257168,51.254833,19.679077,19.71167,19.721039,19.688538,-1.54024800000002,0.67,0.000600002362573003,0.000681249528862882,0.000794464385799297,0.000802952631674695,0.000631098185129246,8.54889739324758e-05,0.12461949552839,3.88214455945586e-05,0.0565910285634965,9.38907306504683e-05,0.136866954300974,0.865984354209976,1262.36786327985
19.703573,51.122478,0.067994,"2020-04-17 09:42:11",416.169861,0.608535,0,51.112514,51.114887,51.132446,51.130081,19.672668,19.705444,19.734131,19.701599,0.78986100000003,0.67,0.0532348362486626,0.0573925390449423,0.0755681334583059,0.084867086782486,0.0539691070327537,0.012962692454602,0.190644651801659,0.00991709692255538,0.145852529966694,0.0163211582629406,0.240038213120872,0.905252023710549,13.3137044990815
19.705162,51.122696,0.072841,"2020-04-17 09:42:28",415.401794,0.577704,0,51.113247,51.115574,51.13216,51.129826,19.679108,19.712769,19.730347,19.69693,0.0217939999999999,0.67,0.0532895429032726,0.0501959185855439,0.0716263011422749,0.0849452495805894,0.0436566381363029,0.0145518215459533,0.199775147869377,0.0206364601784223,0.283308304092781,0.0252511187673117,0.346660792236675,0.885030807720839,12.1501737719257
19.706232,51.106415,0.166975,"2020-04-17 09:42:11",416.354248,0.589274,0,51.096634,51.099014,51.116196,51.113831,19.675934,19.708466,19.73642,19.70401,0.974247999999989,0.67,0.114896601174808,0.0910608999742114,0.154410664780407,0.195681379570779,0.10824556477242,0.0416980938417184,0.249726568897849,0.0415279819046779,0.24870778203131,0.0588498454637564,0.352447045747905,0.894207554982124,5.35533795467659
19.70875,51.154697,0.007604,"2020-04-17 09:42:28",414.094025,0.600266,0,51.145321,51.147671,51.164062,51.161716,19.684143,19.716614,19.73407,19.701355,-1.28597500000001,0.67,0.00711354358926298,0.0092114962369565,0.0177128415474971,0.0110831361630991,0.00757008711605848,0.00429738726916828,0.565148246865897,2.39800302046408e-05,0.00315360733885334,0.00429745417463156,0.565157045585424,0.899576421916661,118.30305390803
19.711941,51.074791,0.375661,"2020-04-17 09:42:12",416.69339,0.541308,0,51.065231,51.067608,51.084351,51.081985,19.682373,19.714661,19.74176,19.709381,1.31339000000003,0.67,0.309304079793388,0.341573757270725,0.363313271421422,0.37260828271075,0.354733633056316,0.0275815689469995,0.0734214330127416,0.0147978830782582,0.0393915873041337,0.0313004838489102,0.0833210896231182,0.861913029924235,2.29439050080854
19.71365,51.186417,0.003598,"2020-04-17 09:42:28",415.62265,0.586953,0,51.177277,51.179642,51.195572,51.193211,19.688599,19.720734,19.737427,19.705811,0.242650000000026,0.67,0.00245931146439108,0.0029431078569481,0.00270674555950479,0.00404387602153473,0.00257922336961261,0.000654990006846694,0.182042803459337,0.000720383863861305,0.20021786099536,0.000973634849612921,0.27060446070398,0.890738329799398,247.564849860866
19.715714,51.059364,0.47825,"2020-04-17 09:42:12",416.794556,0.580077,0,51.049419,51.051788,51.069321,51.066956,19.684998,19.717804,19.745911,19.713409,1.414556,0.67,0.40751473307902,0.475822808201239,0.416020426646092,0.411256414780715,0.491064962545119,0.035979306168077,0.0752311681507099,0.00906154691630526,0.0189473014454893,0.0371028584458479,0.0775804672155732,0.886998279611552,1.8546749181632
19.717358,51.218594,0.001374,"2020-04-17 09:42:27",414.72525,0.496522,0,51.209278,51.211628,51.227909,51.225567,19.691742,19.725067,19.742218,19.709229,-0.654749999999979,0.67,0.00123857169726619,0.0012838087416571,0.00138192912984763,0.00145256297819595,0.00129515839694437,8.49102633203091e-05,0.0617978626785365,5.5749432160254e-05,0.0405745503349738,0.000101576335843123,0.073927464223525,0.833926919341109,606.933711310851
19.719131,51.043785,0.464108,"2020-04-17 09:42:12",417.066437,0.604271,0,51.034016,51.036392,51.053558,51.051193,19.688965,19.721344,19.748901,19.716675,1.68643700000001,0.67,0.606131620846536,0.507572115573697,0.46557752971232,0.414369477323407,0.531309195180253,0.0720592146527131,0.155263892569646,0.0475184208157976,0.102386558335124,0.0863164569082456,0.185983557508695,0.906363046562575,1.95291407724619
19.722063,51.028099,0.504651,"2020-04-17 09:42:12",416.766144,0.612319,0,51.018234,51.020599,51.037975,51.035614,19.69162,19.724335,19.75235,19.719666,1.386144,0.67,0.644087727290937,0.549599507578338,0.460288725545049,0.400679234184504,0.546665844414759,0.0921699123986988,0.182640899153472,0.0297089813961738,0.0588703507893055,0.0968396423329931,0.191894284035884,0.912804729440082,1.80878414872869
19.722809,51.233978,0.000777,"2020-04-17 09:42:44",416.143219,0.550973,0,51.224854,51.227188,51.243103,51.240772,19.701782,19.734253,19.743652,19.711121,0.763218999999992,0.67,0.000672965153999097,0.000761859439403588,0.000877164819533827,0.000941405062285092,0.000693846450338461,0.000104745633142653,0.134807764662359,5.87984388454066e-05,0.0756736664677048,0.000120120373264123,0.154595074986002,0.867451013693514,1116.41057103412
19.723757,51.139748,0.016442,"2020-04-17 09:42:28",416.052399,0.54414,0,51.130276,51.13261,51.149231,51.1469,19.697876,19.731293,19.748871,19.715515,0.672398999999984,0.67,0.0165152799647888,0.0155157557794804,0.0215978922219857,0.0186372417389434,0.0136802981413477,0.00244030568284518,0.148419029488212,0.00195281811186853,0.118770107764781,0.00312547442858972,0.190090890925053,0.863132729185033,52.4956044997587
19.725183,51.012703,0.435666,"2020-04-17 09:42:13",416.833496,0.602787,0,51.002872,51.005245,51.022537,51.020172,19.694946,19.727448,19.755646,19.722992,1.45349600000003,0.67,0.537917414242211,0.496853198719553,0.412363536849805,0.377888513186137,0.499465697500301,0.0646604165987907,0.148417403696388,0.0451131987401133,0.103549964284827,0.0788426925928721,0.180970497107583,0.904692399406723,2.07657333692949
19.731775,51.203663,0.001614,"2020-04-17 09:42:28",416.018158,0.525929,0,51.193829,51.196186,51.213512,51.211155,19.706543,19.738159,19.756195,19.724609,0.638158000000033,0.67,0.00149614679929607,0.00150542447872617,0.0025908059480885,0.00172902333134357,0.00149364858610415,0.000459149927241104,0.284479508823485,8.51013008911444e-05,0.0527269522249965,0.000466969899564069,0.28932459700376,0.851763776584733,527.734681898843
19.736095,51.124847,0.019535,"2020-04-17 09:42:11",415.348236,0.629908,0,51.114895,51.11726,51.134811,51.13245,19.705505,19.738037,19.766907,19.734192,-0.0317640000000097,0.67,0.0233535394507781,0.0284586794247179,0.0264909096803407,0.0399877906274296,0.0232807362907947,0.00772164748759252,0.395272459052599,0.00264863553175748,0.135584107077424,0.00816327814684346,0.417879608233604,0.91964706685451,47.0768910598674
19.737671,51.12505,0.024177,"2020-04-17 09:42:28",413.380127,0.564567,0,51.115582,51.117935,51.134521,51.132172,19.71283,19.744904,19.76236,19.730408,-1.99987299999998,0.67,0.0161090126665097,0.0166615076870153,0.0374267448929082,0.0297689726292701,0.015232206201141,0.00903157958391846,0.37356080505929,0.00632492435148858,0.261609147184869,0.0110260644761722,0.456055940611828,0.876217707871071,36.2417879749791
19.741837,51.09293,0.133833,"2020-04-17 09:42:12",415.376984,0.609911,0,51.082626,51.084995,51.103241,51.10088,19.710541,19.743011,19.772949,19.740326,-0.00301600000000235,0.67,0.0952098505389732,0.110070019264045,0.160011277234681,0.178922397087658,0.089226010394848,0.0344927763859347,0.257729979795227,0.0315419048381208,0.23568107147057,0.0467401688446583,0.34924248014061,0.907235400160635,6.7788617169206
19.742355,51.157032,0.005855,"2020-04-17 09:42:28",415.63739,0.574978,0,51.147675,51.150005,51.166401,51.164066,19.716644,19.749969,19.767181,19.734161,0.257389999999987,0.67,0.00400155736597535,0.0044947040061701,0.00934774122710338,0.00422084948620343,0.00394062696740567,0.00222418854841707,0.379878488201036,0.00135366615306811,0.231198318201214,0.00260373323381483,0.444702516450014,0.882896641691853,150.793619417908
19.744535,51.07716,0.23475,"2020-04-17 09:42:12",418.416199,0.55272,0,51.067612,51.069977,51.086712,51.084362,19.714691,19.747314,19.77478,19.741852,3.03619900000001,0.67,0.177299858596572,0.199686559905259,0.259728550201836,0.271473980290197,0.183281738736289,0.0397261818712522,0.169227611805121,0.0363935565554509,0.155031124836852,0.0538763443899325,0.229505194419308,0.870231037647373,3.70705447347124
19.745218,51.188786,0.001976,"2020-04-17 09:42:28",413.67337,0.576394,0,51.179646,51.181988,51.197906,51.195576,19.720795,19.75351,19.770569,19.737488,-1.70663000000002,0.67,0.00169335004718006,0.00178405298748568,0.00191102620254936,0.0025640562479395,0.00166148184246042,0.000341429431978261,0.172788174078067,0.000222397922002536,0.112549555669299,0.000407473793920595,0.206211434170342,0.883815710015891,447.275156890633
19.747686,51.061741,0.357253,"2020-04-17 09:42:12",417.265442,0.589267,0,51.0518,51.054157,51.071674,51.069324,19.717834,19.750183,19.778931,19.745972,1.88544200000001,0.67,0.279452571230811,0.303931432039004,0.298366215041887,0.345347717222471,0.306408492257006,0.032983433877413,0.0923251417830306,0.035952496211163,0.10063595326327,0.0487902540899242,0.136570593080882,0.893597272927329,2.50130096297954
19.751593,51.046158,0.393828,"2020-04-17 09:42:12",416.16037,0.587857,0,51.036396,51.038757,51.05592,51.05357,19.721436,19.754028,19.78183,19.748962,0.780370000000005,0.67,0.38884206921319,0.446350221715557,0.432888517251639,0.387912160989708,0.418012921401557,0.0275784366927548,0.0700266022038931,0.0171013219255046,0.0434233267454437,0.0324503525715211,0.0823972713253531,0.891924255657966,2.2647558214702
19.754786,51.030464,0.468437,"2020-04-17 09:42:13",415.52832,0.587042,0,51.020603,51.022964,51.040333,51.037979,19.724396,19.756989,19.784882,19.752411,0.148320000000012,0.67,0.496659451714949,0.489450004035654,0.441845714498724,0.384497509834728,0.50507957662638,0.0453860230260969,0.0968882112772836,0.025910214412661,0.0553120577850618,0.0522611738964546,0.111564999981758,0.892328157160265,1.9049053707548
19.756159,51.142097,0.014511,"2020-04-17 09:42:28",415.65448,0.603097,0,51.13261,51.134964,51.151585,51.149235,19.731354,19.763306,19.78067,19.748932,0.274479999999983,0.67,0.00542631698467732,0.00612342248760049,0.0107267018947791,0.00851672360128658,0.00765034995184333,0.00369505012564925,0.254637869591982,0.00485121217239939,0.334312740155702,0.00609816816533429,0.420244515562972,0.901478329780574,62.1237909021138
19.758028,51.015064,0.491732,"2020-04-17 09:42:13",415.377441,0.601808,0,51.005249,51.00761,51.024891,51.022537,19.72757,19.759949,19.788055,19.755676,-0.0025590000000193,0.67,0.518426495050291,0.539105473380729,0.42987983057594,0.393102729115491,0.505452159587668,0.0612715438834186,0.124603531768155,0.00970161788340165,0.0197294824892455,0.0620348569710064,0.126155826692195,0.902729855684087,1.83581677760261
19.760612,51.17416,0.002065,"2020-04-17 09:42:28",415.090179,0.555583,0,51.164654,51.166981,51.183681,51.181351,19.734985,19.767975,19.785675,19.752655,-0.289821000000018,0.67,0.00249251095149281,0.00301949625365183,0.00257918603661327,0.00259921661213804,0.00196509396378446,0.000339935644361939,0.164617745453724,7.06442356894771e-05,0.0342102836268654,0.000347198574801103,0.168134903051382,0.870386460393227,421.494653943451
19.763613,51.20602,0.001015,"2020-04-17 09:42:28",415.706177,0.597282,0,51.196194,51.198517,51.215839,51.21352,19.73822,19.771332,19.789581,19.756256,0.32617700000003,0.67,0.000840946226657412,0.00109238728105824,0.0010492424554396,0.00118096695674634,0.000936565069671571,0.00012535634858096,0.12350379170538,5.54618711171266e-05,0.0546422375538193,0.000137077471808332,0.135051696362889,0.897577743883076,884.313048160666
19.771442,51.111149,0.035947,"2020-04-17 09:42:12",416.885712,0.599011,0,51.101391,51.103745,51.120914,51.118572,19.741089,19.773804,19.80191,19.769318,1.50571200000002,0.67,0.0236714864922006,0.0287635755286137,0.0375094360916947,0.0362925578276157,0.0290002002664247,0.00598421482507437,0.166473275240614,0.004912129199156,0.136649211315437,0.00774208242928482,0.215374925008619,0.89876254815237,25.0024354786872
19.777527,51.079517,0.098878,"2020-04-17 09:42:12",416.313385,0.5609,0,51.069977,51.07233,51.089062,51.086716,19.747406,19.780273,19.807648,19.774841,0.933384999999987,0.67,0.0826104494470068,0.0723081540662588,0.139850250036188,0.175666864870764,0.0900070912263916,0.0430788005831258,0.435676293848235,0.00627267974910574,0.0634385783400325,0.0435330859337534,0.440270696552857,0.874873670635318,8.84801139419606
19.778818,51.191109,0.001248,"2020-04-17 09:42:28",415.480286,0.545032,0,51.181992,51.184315,51.200237,51.19791,19.75354,19.78656,19.803589,19.77066,0.100285999999983,0.67,0.00108566331332145,0.0014547105411224,0.00129652457825322,0.0013148631926488,0.00116044915583673,0.00013304417827558,0.106605912079792,6.19077956064548e-05,0.0496056054538901,0.000146742388320059,0.117582041923124,0.863689702704234,692.059056654034
19.781164,51.064087,0.224745,"2020-04-17 09:42:12",417.044281,0.547641,0,51.054165,51.056515,51.074024,51.071674,19.750244,19.783112,19.811462,19.778992,1.66428100000002,0.67,0.155854910306422,0.163410545468673,0.219625945826619,0.259890981909658,0.157730529269265,0.0440490977792628,0.195995896590637,0.0473863866913301,0.210845120876238,0.0646977021139648,0.287871597205565,0.867753684832181,3.86105891046377
19.784286,51.048512,0.330916,"2020-04-17 09:42:13",415.725769,0.58308,0,51.038761,51.041119,51.05827,51.055923,19.75412,19.786591,19.814636,19.781891,0.345769000000018,0.67,0.228122386458419,0.273124142050617,0.300312838255984,0.307766428738311,0.287860956171392,0.0393405287430685,0.118883731046757,0.0304445134554927,0.0920007296579577,0.0497448047671903,0.150324568069209,0.889582391912816,2.68824230896305
19.787151,51.032825,0.3707,"2020-04-17 09:42:13",415.814911,0.5938,0,51.022968,51.025318,51.042675,51.040333,19.75705,19.789459,19.817719,19.784943,0.434911,0.67,0.372148182789365,0.368961584223505,0.373451409089981,0.348350117494879,0.384893446948342,0.0104054636406239,0.0280697697346207,0.0100362825855841,0.0270738672392343,0.0144568544889283,0.0389987981897175,0.895381170586982,2.41537947285401
19.792931,51.176502,0.00198,"2020-04-17 09:42:28",413.639557,0.584177,0,51.166988,51.169327,51.18602,51.183685,19.768036,19.800018,19.817596,19.785736,-1.74044299999997,0.67,0.0016273001209485,0.00140747810712298,0.00158375637193094,0.00363093235329652,0.00140155489143545,0.000910090033429348,0.459641431024923,0.000409022458810182,0.206576999399082,0.000997779154301471,0.503928865808824,0.888911560782197,448.945232718281
19.801476,51.129566,0.005615,"2020-04-17 09:42:12",416.198761,0.572334,0,51.119629,51.121979,51.139507,51.137173,19.770905,19.803497,19.83139,19.799408,0.818760999999995,0.67,0.00505232799158287,0.00811529884500466,0.00606929638371486,0.00858296991799956,0.00702891166663428,0.00156825012760969,0.279296549885965,0.000999786527475873,0.178056371767742,0.00185983374613702,0.331225956569372,0.881175162233686,156.932353024699
19.804216,51.113503,0.015658,"2020-04-17 09:42:12",416.561493,0.508285,0,51.103748,51.106098,51.12326,51.120922,19.773834,19.806396,19.83432,19.801971,1.18149299999999,0.67,0.00976591294675311,0.0154248092232919,0.0185962500375858,0.019180966539987,0.0121300869704897,0.00373473905842805,0.238519546457277,0.00249461122660311,0.159318637540114,0.00449125383455915,0.286834451051166,0.840995726853595,53.7102903853363
19.810202,51.081867,0.055337,"2020-04-17 09:42:13",416.590271,0.568532,0,51.072338,51.07468,51.0914,51.089066,19.780334,19.812836,19.840454,19.807709,1.21027099999998,0.67,0.0422773806331815,0.0486366062265332,0.0593895855637697,0.0926854475031981,0.0488957464766883,0.0195774881348649,0.353786582844478,0.00455465404567545,0.0823075708057077,0.020100321269735,0.36323474835526,0.878938369818468,15.8833758573553
19.811085,51.193447,0.000721,"2020-04-17 09:42:29",414.005829,0.55609,0,51.184322,51.186657,51.202576,51.200237,19.786591,19.818481,19.835083,19.80365,-1.37417099999999,0.67,0.000639587173221347,0.000680714348851915,0.000812279055905029,0.000870489539441328,0.000635082888595253,9.49926733087157e-05,0.131751280594613,6.07525720942567e-05,0.0842615424330883,0.000112758516301006,0.156391839529828,0.870710112962106,1207.64232033579
19.813601,51.066441,0.099521,"2020-04-17 09:42:13",417.224457,0.561382,0,51.056519,51.058865,51.076359,51.074032,19.783173,19.815857,19.844513,19.811523,1.84445699999998,0.67,0.0862684863936296,0.077227739968691,0.126095524617287,0.172453712088952,0.0853780869468863,0.0383398965159702,0.385244285286223,0.0100005497255884,0.100486829167597,0.0396227038409706,0.39813410075231,0.874996976328301,8.79208384490008
19.833754,51.131908,0.003982,"2020-04-17 09:42:12",416.779449,0.666312,0,51.121979,51.124317,51.141846,51.139511,19.803558,19.835876,19.864258,19.831482,1.399449,0.67,0.00288478302178239,0.0040598532597768,0.00331999779504752,0.00364307806603265,0.00450689941651208,0.000486505040753229,0.122176052424216,0.000371159936856554,0.0932094266339914,0.000611920626720216,0.153671679236619,0.944919073672901,237.297607652662
19.836779,51.115845,0.006413,"2020-04-17 09:42:12",416.557281,0.543185,0,51.106098,51.10844,51.125595,51.123264,19.806458,19.839264,19.867126,19.834412,1.17728099999999,0.67,0.00402225706665585,0.00539987537460228,0.00917914187861416,0.00847154460904735,0.00535250189676044,0.00213468234137002,0.332867977759242,0.000749885400236164,0.116932075508524,0.00226256421169529,0.352809014766146,0.862528297171642,134.496849707101
19.840061,51.099983,0.016255,"2020-04-17 09:42:13",416.152252,0.566522,0,51.089706,51.092045,51.110271,51.107937,19.808868,19.841675,19.871063,19.838531,0.77225199999998,0.67,0.011227419733435,0.0145388446090314,0.0169805480811965,0.0201756978060867,0.0126227378174755,0.00328786219678625,0.202267745111427,0.00256839722031052,0.158006596143373,0.00417213399908906,0.256667732949189,0.877419274455551,53.9784235284867
19.843245,51.084206,0.030488,"2020-04-17 09:42:13",415.431824,0.581048,0,51.074688,51.077015,51.093735,51.091404,19.812958,19.845825,19.873199,19.840576,0.0518240000000105,0.67,0.0212234493537744,0.025521702583459,0.0349100999439149,0.048780692456445,0.0240092736512122,0.0106098787884381,0.348001797049269,0.00458115133467982,0.150260802108364,0.0115566636819018,0.379056142807065,0.886933106146939,29.0912196978135
19.866518,51.134243,0.001924,"2020-04-17 09:42:12",417.363861,0.591379,0,51.124325,51.126652,51.144176,51.141846,19.835938,19.868622,19.897583,19.86438,1.98386099999999,0.67,0.00169513680182849,0.00182583140612879,0.00286417738385525,0.00340623241220991,0.00255358541197109,0.000752469281311576,0.391096300057992,0.000445184114140884,0.231384674709399,0.000874299099165133,0.454417411208489,0.893660945795392,464.480741057896
19.869623,51.118179,0.002544,"2020-04-17 09:42:13",416.087402,0.558004,0,51.108444,51.110767,51.127918,51.125595,19.839325,19.871918,19.900024,19.867188,0.707402000000002,0.67,0.00400655231409681,0.00212417383230574,0.00519588451625409,0.00359932185378764,0.00233904845922386,0.00121954266049058,0.479379976607934,0.00014492262429744,0.0569664403684904,0.00122812331131272,0.482752873943678,0.871934614694742,342.741593826549
19.87257,51.102318,0.009568,"2020-04-17 09:42:13",415.414978,0.589867,0,51.092045,51.094376,51.112591,51.110271,19.841705,19.874298,19.904053,19.871124,0.0349780000000237,0.67,0.00671348956417258,0.00858797286354647,0.00804232370262615,0.0141548030717497,0.00807235392128929,0.00284409479216809,0.297250709883789,0.00105758148451141,0.110533181909637,0.00303436217074017,0.317136514500436,0.892665830556308,93.2970140631593
19.875744,51.08654,0.016668,"2020-04-17 09:42:13",414.441315,0.569794,0,51.077026,51.079346,51.096058,51.093739,19.845917,19.878326,19.90564,19.87326,-0.938685000000021,0.67,0.0161329890399421,0.0169012447919895,0.0203306488482542,0.0261793443755584,0.0148620850068179,0.00421552079823863,0.252911015013117,0.00127697473792552,0.0766123552871083,0.00440468842049951,0.264260164416817,0.879536584637661,52.7679736403685
19.902517,51.120502,0.003906,"2020-04-17 09:42:13",416.626099,0.608455,0,51.110779,51.113087,51.130234,51.127918,19.871979,19.904846,19.932648,19.900146,1.24609900000002,0.67,0.00136000886995319,0.00148784405115902,0.00420096388800312,0.00287875173141787,0.00190469248154535,0.00132116666749907,0.338240314259873,0.0014151381175389,0.362298545196852,0.00193600032412759,0.495647804436147,0.905053167014101,231.708440095776
19.90559,51.104637,0.006045,"2020-04-17 09:42:13",414.600494,0.592583,0,51.094379,51.096699,51.114902,51.112595,19.87442,19.906799,19.93634,19.904114,-0.779505999999969,0.67,0.00543923066779513,0.00409117582411178,0.00895682408628223,0.00696731446294305,0.00663842411002888,0.00181582459641326,0.300384548620887,0.000419614212321013,0.0694150888868507,0.00186367782948695,0.308300716209586,0.89445966101555,147.966858728792
