"lon","lat","ff.xco2","time","obs","uncert","qf","lat1","lat2","lat3","lat4","lon1","lon2","lon3","lon4","obs_enhance","uncert_bg","ver_0.8","ver_0.9","ver_1.1","ver_1.2","wind_ff.xco2","uncert_ver","uncert_ver_percent","uncert_wind","uncert_wind_percent","uncert_trans","uncert_trans_percent","uncert_total","uncert_total_percent"
17.939329,51.44759,0.005253,"2021-10-08 12:54:04",413.208435,0.629095,0,51.43988,51.440922,51.455311,51.454269,17.925903,17.958893,17.952789,17.919769,0.198435000000018,0.68,0.00803051382289595,0.00678397994773605,0.00477601634733217,0.00368093869025779,0.00567431075286333,0.00171291790666202,0.326083743891494,0.00029791169033647,0.0567126766298249,0.00173863139572554,0.330978754183426,0.926371168519471,176.350879215586
18.017895,51.418961,0.001219,"2021-10-08 12:54:05",412.657227,0.654983,0,51.411388,51.412373,51.426533,51.425556,18.004395,18.037201,18.031342,17.998596,-0.352773000000013,0.68,0.00532800212289274,0.00350745538770211,0.00261977260241132,0.00253425880480249,0.0036459042404902,0.00151672839227334,1.24423986240635,0.00171608044574101,1.40777723194504,0.00229028319475621,1.87882132465645,0.944144043928739,774.523415856225
18.024048,51.403816,0.002252,"2021-10-08 12:54:05",413.504028,0.640288,0,51.39587,51.396854,51.411758,51.41077,18.010681,18.043518,18.037323,18.004486,0.494028000000014,0.68,0.00171992160904509,0.00298635803400785,0.000848655615167786,0.00109409476934282,0.00167495773346552,0.000868844240310804,0.385810053423981,0.000408030499697786,0.181185834679301,0.000959884994468027,0.426236676051522,0.934007304212982,414.745694588358
18.030245,51.38847,0.001575,"2021-10-08 12:54:05",413.186584,0.717836,0,51.380646,51.381626,51.39629,51.395306,18.016815,18.049622,18.04364,18.010773,0.176583999999991,0.68,0.00142910811814487,0.000655126109049363,0.00182738296310189,0.000822775377898923,0.00120610646900706,0.000501688681479489,0.318532496177453,0.000260847117300958,0.165617217333941,0.000565449159278576,0.359015339224492,0.988781493874532,627.797773888592
18.037256,51.561184,0.108427,"2021-10-08 12:54:27",414.696106,0.712757,0,51.55336,51.554455,51.569042,51.567944,18.029205,18.062195,18.045319,18.012329,1.686106,0.68,0.161633432650052,0.148900304695985,0.0817720753276304,0.0698380482259736,0.139642112541491,0.0403326339322317,0.371979616997904,0.0220724177535895,0.203569385426043,0.0459773094623901,0.424039302594281,0.986172628921732,9.09526805059378
18.038198,51.450565,0.010877,"2021-10-08 12:54:05",413.885925,0.648356,0,51.442902,51.443768,51.458176,51.45734,18.024628,18.057556,18.051636,18.018799,0.875924999999995,0.68,0.0106161078455819,0.0107136197255656,0.0107517801045161,0.00726737593451111,0.0119277304112587,0.00155564889337778,0.143021871230834,0.000742978598999957,0.0683073089087025,0.00172396655363132,0.158496511320338,0.939557595252509,86.3802146963785
18.044432,51.435253,0.005771,"2021-10-08 12:54:05",413.358521,0.597283,0,51.427105,51.42799,51.443363,51.442501,18.03125,18.064178,18.057678,18.02478,0.348521000000005,0.68,0.00852150576914464,0.00919756198062817,0.00713672276252895,0.00594214772861887,0.00827104437204773,0.00152480577167536,0.264218640040783,0.00176779832874221,0.306324437487821,0.00233455425562103,0.404532014489868,0.905070401810032,156.83077487611
18.050789,51.419941,0.002144,"2021-10-08 12:54:05",413.243744,0.643803,0,51.412373,51.413265,51.427425,51.426533,18.037262,18.070129,18.064331,18.031403,0.233744000000002,0.68,0.00474353365841676,0.00626193906792233,0.00553331322329449,0.00302781184188012,0.00613288475078194,0.00171936884806925,0.801944425405433,0.00282056745664952,1.31556317940743,0.00330330592183366,1.54072104563137,0.936425765685147,436.765748920311
18.052053,51.578014,0.145694,"2021-10-08 12:54:27",413.2883,0.666287,0,51.569885,51.571186,51.586048,51.584763,18.04425,18.07724,18.059753,18.027222,0.278300000000002,0.68,0.22990616419798,0.180363991325312,0.112572837039372,0.110756932918612,0.171735371470586,0.0502361739915904,0.344806059217198,0.0184140303582493,0.126388391822925,0.0535046698087921,0.367240036026138,0.953520380516509,6.54467843917051
18.055149,51.545738,0.103879,"2021-10-08 12:54:27",412.939941,0.582062,0,51.53751,51.538525,51.55405,51.552959,18.04834,18.080597,18.062622,18.029663,-0.0700590000000147,0.68,0.126053904031616,0.133193354961022,0.0675480314363597,0.0668894004279817,0.11618375093134,0.0314002640000169,0.302277303401235,0.008700772824362,0.083758727214952,0.0325834317869053,0.313667168406563,0.89568847925549,8.6224210789042
18.056902,51.4048,0.002283,"2021-10-08 12:54:05",412.930817,0.586483,0,51.396862,51.397755,51.412647,51.411758,18.043579,18.076447,18.070251,18.037384,-0.0791830000000004,0.68,0.00106540557922404,0.00191354393002533,0.00135386499750886,0.00230651143522432,0.00434445644156283,0.000556819946141424,0.243898355734308,0.00145766982894977,0.638488755562754,0.00156040051994716,0.683486868132792,0.897978142350237,393.332519645308
18.063107,51.389462,0.002651,"2021-10-08 12:54:05",412.811066,0.678209,0,51.381626,51.382553,51.397186,51.39629,18.049683,18.082611,18.076538,18.043701,-0.198934000000008,0.68,0.00325496824760627,0.00152717215677472,0.00207913146885409,0.00246469957755202,0.0012019631036204,0.000644755134745665,0.243212046301647,0.00102462381561952,0.386504645650518,0.00121060445535097,0.456659545586936,0.960400392151184,362.278533440658
18.064754,51.466724,0.01543,"2021-10-08 12:54:06",413.033112,0.662443,0,51.459019,51.459839,51.474514,51.473667,18.05127,18.084106,18.078033,18.045197,0.023112000000026,0.68,0.0284225658098318,0.0165373886981699,0.0180502285448642,0.0174655032143321,0.0187350040477271,0.00526038956598773,0.340919608942821,0.00233699077399682,0.151457600388647,0.00575614665064215,0.373049037630729,0.949349177844097,61.5261942867205
18.069345,51.373905,0.000717,"2021-10-08 12:54:05",413.618927,0.7019,0,51.365963,51.366901,51.381771,51.38084,18.056061,18.088959,18.082733,18.049805,0.608926999999994,0.68,0.00120088490563727,0.00137974182581618,0.000507002175452704,0.000218683710225183,0.000704432331278872,0.000481499208330602,0.671547013013392,8.88668377641564e-06,0.0123942591023928,0.000481581208906181,0.671661379227588,0.977273678106835,1363.00373515598
18.071222,51.451347,0.015088,"2021-10-08 12:54:06",412.78537,0.687263,0,51.443771,51.444569,51.458996,51.458176,18.057617,18.090515,18.084534,18.051727,-0.224629999999991,0.68,0.0188968679569052,0.0194365448927195,0.0147998196898052,0.0141184280419128,0.01558745533234,0.00249596535646442,0.165427184283167,0.000353168252397394,0.0234072277569853,0.00252082741875995,0.167074987987802,0.966817865856789,64.0785966235942
18.072981,51.530285,0.089242,"2021-10-08 12:54:27",412.368713,0.606125,0,51.522816,51.523682,51.537945,51.536945,18.066498,18.097504,18.081177,18.048981,-0.641286999999977,0.68,0.112000492386922,0.114785803539068,0.0623676208531095,0.0679368766840689,0.109405827297781,0.0242207163052573,0.271404902459126,0.0142579790169354,0.159767587200369,0.0281057478816545,0.314938570198499,0.911360218952411,10.2122343622107
18.077562,51.436062,0.01056,"2021-10-08 12:54:06",413.815674,0.712652,0,51.42799,51.428783,51.444168,51.443371,18.06424,18.097168,18.090668,18.057739,0.80567400000001,0.68,0.00849889947687781,0.00875608363379124,0.00669130108819251,0.00679640391158005,0.0113001749215819,0.00159656665007483,0.151190023681329,0.000523382706314783,0.049562756279809,0.00168016502921604,0.15910653685758,0.985025733703707,93.2789520552752
18.083841,51.420731,0.006448,"2021-10-08 12:54:06",413.268494,0.698371,0,51.413265,51.414059,51.428223,51.427425,18.07019,18.103119,18.097351,18.064392,0.258493999999985,0.68,0.00557769805794764,0.00739532220057122,0.00405532147486783,0.0027756359976791,0.00611022590136148,0.00185031960574085,0.28696023662234,0.000238842355656471,0.0370413082593783,0.00186567100911294,0.289341037393446,0.974743830126313,151.169948840929
18.089951,51.405602,0.003608,"2021-10-08 12:54:05",412.103516,0.688408,0,51.397755,51.398571,51.413441,51.412647,18.076508,18.109558,18.103241,18.070312,-0.906483999999978,0.68,0.00428627384012872,0.00350508049604497,0.00130463625593662,0.0022201254213411,0.00326597206518544,0.00120006058248372,0.332611026187282,0.000241850272062606,0.0670316718577067,0.00122418828442683,0.33929830499635,0.967629615659296,268.190026513108
18.090187,51.515034,0.066943,"2021-10-08 12:54:27",412.182007,0.593661,0,51.507351,51.508068,51.523041,51.522182,18.085388,18.115112,18.098022,18.067108,-0.827992999999992,0.68,0.108040035195993,0.0835885124224653,0.0582608764639018,0.049813307955284,0.0886943672321742,0.0230810023323189,0.344785897439895,0.0153805392699492,0.229755751459439,0.0277361435116521,0.414324776476288,0.903107234262853,13.4906896055279
18.096182,51.390282,0.001862,"2021-10-08 12:54:05",413.197968,0.638812,0,51.382553,51.383343,51.398006,51.397186,18.082672,18.115601,18.10965,18.076599,0.187968000000012,0.68,0.00096703230538373,0.00274840472398644,0.00199236084267622,0.00148898892391599,0.0022482170730213,0.000657683454733406,0.353213455818156,0.000273096711343381,0.146668480850366,0.000712130142864799,0.382454426887647,0.932995861980824,501.071891504202
18.097601,51.467777,0.026955,"2021-10-08 12:54:06",412.883667,0.773299,0,51.459839,51.46101,51.475693,51.474514,18.084167,18.117126,18.111053,18.078094,-0.126332999999988,0.68,0.0218377438519002,0.0379329460395153,0.0215190041218136,0.0240300474290216,0.0277276961873897,0.00677415584945438,0.25131351695249,0.000546378713900249,0.0202700320497217,0.00679615458709558,0.252129645227067,1.02977547607145,38.2035049553495
18.102409,51.374741,0.000851,"2021-10-08 12:54:05",412.821686,0.729992,0,51.366901,51.367676,51.382553,51.381771,18.08902,18.121948,18.115723,18.082794,-0.188313999999991,0.68,0.0010823556920411,0.00147287584028335,0.00040211333876581,0.000307127465924839,0.00263505861314336,0.000483129897433301,0.567720208499766,0.00126151994338794,1.48239711326432,0.00135086900377476,1.58739013369537,0.997642293064536,1172.31761817219
18.104038,51.452374,0.014207,"2021-10-08 12:54:06",413.111908,0.754024,0,51.444576,51.445724,51.460163,51.458996,18.090576,18.123474,18.117554,18.084625,0.101908000000037,0.68,0.0270144375637115,0.01845816354802,0.0104156356446164,0.00958695068413218,0.0174650617191883,0.00712157597885726,0.501272329053091,0.00230379753516235,0.16215932534401,0.00748494004689796,0.526848739839372,1.01538574783355,71.4708064921204
18.107592,51.499622,0.058743,"2021-10-08 12:54:27",413.67453,0.6692,0,51.492207,51.492798,51.507477,51.506763,18.103729,18.132416,18.115631,18.085876,0.664530000000013,0.68,0.0710622579765512,0.0690521993106422,0.0489121435178461,0.04056192690425,0.0783281810759882,0.0130330782129943,0.221866064262879,0.0138488143495977,0.235752589237828,0.0190171182516082,0.323734202400426,0.954248547699495,16.2444639820829
18.108521,51.359348,0.00044,"2021-10-08 12:54:05",411.829529,0.686928,0,51.351498,51.352261,51.367146,51.366375,18.095093,18.127991,18.121826,18.088898,-1.18047100000001,0.68,0.000296149650618351,0.000340753362326408,0.000228094087556913,0.000221399000918195,0.000314943268773059,9.01178231513687e-05,0.204813234434929,8.84284626835935e-05,0.200973778826349,0.000126256940649317,0.28694759238481,0.966576480742634,2196.76472896053
18.110374,51.437038,0.013046,"2021-10-08 12:54:06",412.800415,0.632984,0,51.428783,51.429916,51.445324,51.444168,18.097229,18.130127,18.123596,18.090729,-0.209585000000004,0.68,0.0158582536845066,0.0113323770378158,0.011122897736629,0.00989815632438104,0.0135883135427787,0.00230741516246801,0.17686763471317,0.000383473583628119,0.0293939585794971,0.00233906321447879,0.179293516363544,0.929017876831615,71.2109364427115
18.116718,51.42168,0.005183,"2021-10-08 12:54:06",412.021179,0.669851,0,51.414062,51.415173,51.429356,51.428223,18.10318,18.136047,18.13028,18.097412,-0.988820999999973,0.68,0.00519408779984655,0.00854988882249772,0.00515865326001215,0.00434208546410377,0.00584437298100308,0.00164172513079442,0.316751906385186,0.000467661319760839,0.0902298513912481,0.00170703500698797,0.329352692839662,0.954517300089168,184.163090891215
18.121078,51.548107,0.138621,"2021-10-08 12:54:28",413.238495,0.61379,0,51.539806,51.540619,51.55611,51.555347,18.113495,18.146576,18.128662,18.095642,0.228495000000009,0.68,0.205965001390285,0.174175353187425,0.106964230257216,0.0918798673167601,0.165170137092893,0.0470801356140871,0.339632058736318,0.0187730748730359,0.135427351361164,0.0506849830781214,0.365637119037674,0.917445982938303,6.61837660194562
18.123213,51.516174,0.094905,"2021-10-08 12:54:27",413.227631,0.590501,0,51.508068,51.509357,51.524323,51.523041,18.115204,18.148071,18.130829,18.098083,0.217630999999983,0.68,0.137950500074418,0.108935631599721,0.0657969921598459,0.0584828550515973,0.117420261656006,0.0324396684947925,0.341812006688715,0.0159206941971513,0.167754008715571,0.0361358630140646,0.380758263674881,0.901330811409868,9.49718994162445
18.125177,51.484024,0.044392,"2021-10-08 12:54:27",413.156189,0.618426,0,51.476627,51.4771,51.491978,51.491394,18.122498,18.150177,18.133057,18.104401,0.146188999999993,0.68,0.0579321628226175,0.066761401662776,0.038072950668249,0.035764784416953,0.0542299833269843,0.0133247268959796,0.300160544602171,0.00695650472371079,0.156706269681717,0.015031344079072,0.338604795437736,0.919280511476678,20.7082472399684
18.128994,51.391132,0.00254,"2021-10-08 12:54:06",411.369446,0.686525,0,51.383343,51.384399,51.399067,51.398006,18.115692,18.148438,18.142426,18.109711,-1.64055400000001,0.68,0.00145007347926918,0.00167543578400651,0.00240028781096245,0.00419273545589722,0.000939572591175795,0.00107790147760875,0.424370660475888,0.00113167307357641,0.445540580148193,0.00156286772981242,0.61530225583166,0.966291373334431,380.429674541115
18.130653,51.468876,0.030724,"2021-10-08 12:54:06",413.712036,0.676988,0,51.46101,51.461994,51.476658,51.475693,18.117188,18.150116,18.144073,18.111115,0.702036000000021,0.68,0.0344821124308021,0.0344102355861263,0.0332461954866757,0.028752398169415,0.0355398045466915,0.00250881482075457,0.081656516754152,0.00340528805183457,0.110834788824195,0.00422967357142428,0.137666761210268,0.959547102690911,31.2311906877656
18.135305,51.375572,0.000536,"2021-10-08 12:54:06",412.738098,0.758344,0,51.367676,51.368702,51.38361,51.382553,18.122009,18.154724,18.14856,18.115784,-0.271902000000011,0.68,0.00061274813020602,0.00144779234722931,0.00188915466909348,0.000591735098392103,0.000718322093136569,0.000616817469715719,1.15077886140992,0.000128921188416993,0.240524605255584,0.000630146382810654,1.17564623658704,1.01857057655347,1900.31823983856
18.137104,51.453487,0.028052,"2021-10-08 12:54:06",413.117554,0.667262,0,51.445728,51.446743,51.461151,51.460163,18.123535,18.156494,18.150574,18.117645,0.107553999999993,0.68,0.0305387127993302,0.0282040428365731,0.0186759059192189,0.0181593263294092,0.0221909726481697,0.00584532996380098,0.208374802645123,0.00414437218519904,0.147738920048447,0.00716545205797659,0.255434623484122,0.952727621278608,33.9629124938902
18.138735,51.532661,0.13046,"2021-10-08 12:54:28",413.101746,0.570736,0,51.524963,51.525818,51.540051,51.539234,18.130371,18.163422,18.147156,18.114075,0.0917460000000005,0.68,0.200317704871436,0.162128298978262,0.10442316762713,0.0914635584174385,0.143884616178507,0.0442020229151595,0.338816671126471,0.00949263713464894,0.0727628172209792,0.0452098328858048,0.346541720725163,0.888922668563224,6.81375646606794
18.140882,51.500748,0.06888,"2021-10-08 12:54:27",412.073395,0.702427,0,51.492802,51.494083,51.50877,51.507481,18.132477,18.165588,18.148529,18.115692,-0.936604999999986,0.68,0.112034127229496,0.0906911274802369,0.0567717126027255,0.0565000966495312,0.0882018619629343,0.0240322599237151,0.348900405396561,0.0136626196191413,0.198353943367324,0.0276444694631376,0.401342471880627,0.978042896309205,14.1992290404937
18.141327,51.360134,0.000368,"2021-10-08 12:54:06",414.144531,0.714005,0,51.352264,51.353252,51.368176,51.367146,18.128052,18.160767,18.154602,18.121887,1.13453099999998,0.68,0.000435576389359831,0.00147868469683881,0.000222205911150293,0.000560275235328825,0.000531422006874418,0.000499102704699695,1.35625734972743,0.000115556809256016,0.314013068630477,0.000512305461618341,1.39213440657158,0.986003753786914,2679.35802659488
18.14241,51.468575,0.023047,"2021-10-08 12:54:27",413.334656,0.679788,0,51.461334,51.46167,51.476528,51.476055,18.140808,18.167297,18.150391,18.122711,0.324656000000004,0.68,0.0527359551542444,0.0483103243276813,0.0257450842308462,0.0264546537113699,0.0403613566420205,0.0140796402494554,0.610909890634592,0.012243098993455,0.531223109014407,0.0186582352466043,0.809573274031512,0.961696342244535,41.7276149713427
18.143436,51.438171,0.008965,"2021-10-08 12:54:06",412.136688,0.638118,0,51.42992,51.430954,51.446335,51.445324,18.130188,18.163116,18.156616,18.123688,-0.873311999999999,0.68,0.0233519771451847,0.0140385760557032,0.0137708591637389,0.00968691825260234,0.0110719877572277,0.00573280908950872,0.639465598383571,0.00148986533101274,0.166186874624957,0.00592324225077005,0.660707445707758,0.932539364704119,104.020007217414
18.156042,51.517403,0.09479,"2021-10-08 12:54:27",412.67807,0.574658,0,51.509365,51.510265,51.525177,51.524323,18.148132,18.181244,18.16394,18.13089,-0.33193,0.68,0.148517156630213,0.126622045308813,0.0830979853557171,0.0788684723635958,0.138888600980775,0.0300771708367853,0.317303205367499,0.0311824197943457,0.328963179600651,0.0433241215695826,0.457053714205956,0.891352229185397,9.40344159917076
18.158436,51.485115,0.057401,"2021-10-08 12:54:27",412.022858,0.641205,0,51.477108,51.478352,51.493259,51.491985,18.150269,18.183319,18.166199,18.133118,-0.987142000000006,0.68,0.0809177824946966,0.0721390179987157,0.0481477095883685,0.0443117081069541,0.0760960257528859,0.0156249915327937,0.272207653748083,0.0132193794843228,0.230298766298893,0.0204668599044995,0.356559291728358,0.934859745833219,16.286471417453
18.161058,51.343647,0.001319,"2021-10-08 12:53:34",412.885956,0.697817,0,51.33588,51.336735,51.351395,51.350555,18.140991,18.173889,18.180878,18.14798,-0.124043999999969,0.68,0.00029702678900592,0.000346995237846863,0.000981481707251272,0.000143208338020795,0.000502990648775974,0.000506313492352814,0.38386163180653,0.000577005745762144,0.437456971768115,0.00076765160273462,0.581995149912525,0.974345500722399,738.70015217771
18.162027,51.392307,0.002096,"2021-10-08 12:54:06",412.881683,0.761822,0,51.384399,51.385479,51.400135,51.399067,18.148529,18.181458,18.175446,18.142517,-0.128316999999981,0.68,0.00168138569815863,0.00109042179804932,0.00275905886596266,0.00275767464347071,0.00366237811626464,0.000717413836142145,0.342277593579268,0.00110759658791294,0.528433486599684,0.00131964116859265,0.629599794175882,1.02116330777051,487.196234623336
18.16378,51.469727,0.037483,"2021-10-08 12:54:07",412.991974,0.752903,0,51.461994,51.462856,51.477528,51.476658,18.150177,18.18338,18.177338,18.144135,-0.0180259999999635,0.68,0.058628682353342,0.0553248923822652,0.0300344245864059,0.0296446171138676,0.046964965398401,0.0138748935495217,0.370164969440058,0.00670476203218555,0.178874744075596,0.0154099482451693,0.411118326846018,1.01464298840228,27.0694178268091
18.170191,51.454342,0.029752,"2021-10-08 12:54:07",412.94342,0.734731,0,51.446747,51.447575,51.462009,51.461155,18.156555,18.189636,18.183807,18.150635,-0.0665799999999876,0.68,0.0369247602678497,0.0229648239538459,0.0219179754308171,0.0219668922723476,0.0231571393450557,0.00657802961440064,0.221095375584856,0.00466327069009147,0.156738057612647,0.00806328513305824,0.271016574786846,1.00114667203569,33.6497268094814
18.171864,51.533173,0.14897,"2021-10-08 12:54:28",412.596252,0.587546,0,51.525822,51.52652,51.540798,51.540051,18.163483,18.196472,18.180054,18.147247,-0.413747999999998,0.68,0.227456076886496,0.176630493118871,0.125579206205277,0.106102712991408,0.186784901356244,0.0474122409306707,0.318267039878303,0.0267391731789005,0.179493677780093,0.0544325635291891,0.365392787334289,0.900318391508448,6.04362214881149
18.173637,51.501987,0.082111,"2021-10-08 12:54:27",413.419006,0.64581,0,51.494083,51.495045,51.509678,51.508778,18.165649,18.198608,18.181671,18.14859,0.409006000000034,0.68,0.124360537034711,0.0919066612503527,0.0777236842133112,0.0656681508876627,0.11729586119197,0.0222245276882548,0.270664438239149,0.0248794539439494,0.302997819341494,0.0333604085633719,0.40628428058813,0.938394092564268,11.4283602996464
18.176491,51.439041,0.010823,"2021-10-08 12:54:07",413.31665,0.660744,0,51.430954,51.431774,51.44717,51.446335,18.163177,18.196228,18.189789,18.156677,0.306649999999991,0.68,0.0237264913020578,0.014715112778401,0.0137848734140275,0.0134164572050169,0.0162564478046617,0.00493037746193837,0.455546286790943,0.00384202778789945,0.354987322174947,0.00625058392793676,0.577527850682506,0.948167550243859,87.6067218187063
18.182732,51.42371,0.013287,"2021-10-08 12:54:07",412.406311,0.696384,0,51.416214,51.417038,51.431213,51.430389,18.169067,18.202118,18.196381,18.16333,-0.603688999999974,0.68,0.02069783284367,0.0101557515448871,0.0107622278113535,0.00993926621852435,0.00969918523166385,0.00452215315330147,0.340344182531909,0.00253696815233173,0.190936114422498,0.00518517854541769,0.390244490510852,0.973333222248449,73.2545512341724
18.189241,51.51796,0.124242,"2021-10-08 12:54:28",412.889191,0.648476,0,51.510265,51.51088,51.525879,51.525181,18.181305,18.214142,18.197052,18.164032,-0.120809000000008,0.68,0.171463022447054,0.140152833852904,0.0931294661988843,0.0762989281685098,0.16042933335555,0.0377451796009871,0.303803702459612,0.0255883088087676,0.205955383918221,0.0456010979122611,0.367034480387156,0.94074469581646,7.57187340687094
18.191118,51.486362,0.066217,"2021-10-08 12:54:27",412.658813,0.731685,0,51.478352,51.479382,51.494228,51.493267,18.18338,18.216248,18.199219,18.16626,-0.351186999999982,0.68,0.100617374178276,0.0839596772840389,0.0526464517929363,0.0488739154367943,0.0802551329596623,0.0217542700292222,0.328529985188429,0.00992645901097559,0.149908014723947,0.0239119813691984,0.361115444209167,0.999167014106251,15.089282421527
18.193886,51.344631,0.000339,"2021-10-08 12:53:34",412.914368,0.735295,0,51.336742,51.337704,51.352337,51.351398,18.17395,18.206757,18.213776,18.180939,-0.0956319999999664,0.68,0.000345795286583506,0.000375273748378045,0.000298740284411065,0.000259277201286838,0.00105255803904322,4.51536084223987e-05,0.133196485021825,0.000504561728177636,1.48838267899008,0.000506578114307326,1.49433072067058,1.00152832892854,2954.36085229657
18.194944,51.393223,0.002068,"2021-10-08 12:54:06",414.212006,0.699878,0,51.385479,51.386311,51.400951,51.400135,18.181519,18.214539,18.208466,18.175507,1.20200599999998,0.68,0.00466805114178569,0.00284849146143318,0.00258883372595817,0.00207764354355956,0.00308626904369268,0.00107023108956791,0.517519869230133,0.000720024945867435,0.348174538620617,0.0012898955414099,0.623740590623741,0.975823180045703,471.868075457303
18.201193,51.377682,0.002824,"2021-10-08 12:54:06",414.057404,0.664286,0,51.369781,51.370636,51.385529,51.384689,18.187744,18.220795,18.214661,18.181641,1.04740400000003,0.68,0.00150801721423736,0.0034998754102602,0.00131080791623824,0.00281865545805977,0.0030771636782415,0.000941600807709752,0.333428048055861,0.000179013753634694,0.0633901393890558,0.000958466486148597,0.339400313791996,0.950619171095347,336.621519509684
18.202303,51.566162,0.23643,"2021-10-08 12:54:29",415.498291,0.701015,0,51.558395,51.559345,51.573917,51.572987,18.194153,18.227448,18.210602,18.17746,2.488291,0.68,0.332052908367378,0.247881024589558,0.170862669377841,0.168454361418259,0.235265273541494,0.0671835301214684,0.284158229164947,0.000823585977036976,0.00348342417221578,0.0671885779983757,0.28417957957271,0.978946543606158,4.14053438060381
18.206747,51.502583,0.111687,"2021-10-08 12:54:28",413.303497,0.696,0,51.495045,51.49559,51.510288,51.509678,18.1987,18.231445,18.2146,18.181732,0.293497000000002,0.68,0.161451133613349,0.13362194006419,0.0836601798639289,0.0771711144388399,0.121615292441264,0.0350631279908092,0.313940995736381,0.00702036291082092,0.0628574758997996,0.0357590329832827,0.320171846170841,0.97370154998331,8.71812789298047
18.207247,51.36227,0.000935,"2021-10-08 12:54:06",412.633575,0.721392,0,51.354359,51.355213,51.370102,51.369247,18.193817,18.226807,18.220673,18.187592,-0.376424999999983,0.68,0.000852493309461731,0.000832401249504922,0.000699187105998701,0.000581123859853201,0.0009950420909314,0.000139739584025837,0.149454100562392,4.24561696542123e-05,0.0454076680793714,0.000146046833876744,0.156199822328068,0.99136594605306,1060.28443428135
18.215881,51.424629,0.009947,"2021-10-08 12:54:07",411.987946,0.739272,0,51.417038,51.418076,51.432262,51.431213,18.202179,18.235229,18.229492,18.196472,-1.02205399999997,0.68,0.0192301331051954,0.0111957508489244,0.0125627719076042,0.0088856508629969,0.012715107341191,0.00407703634843639,0.409875977524519,0.00195734747200842,0.196777668845725,0.00452254734775096,0.454664456393984,1.00446181780022,100.981383110507
18.221958,51.409458,0.009312,"2021-10-08 12:54:07",412.503204,0.669772,0,51.40152,51.402531,51.417461,51.416424,18.208435,18.241455,18.235352,18.202301,-0.506796000000008,0.68,0.00471944906637922,0.0105092025060662,0.00830981474981292,0.00449028511749077,0.0106994009142201,0.00272851694145364,0.293010839932737,0.000981040594669448,0.105352297537527,0.00289952502113517,0.311375109657987,0.954464739646965,102.498361216384
18.25247,51.330971,0.000388,"2021-10-08 12:53:35",412.938141,0.686187,0,51.323215,51.324417,51.338848,51.337646,18.23233,18.26535,18.272339,18.239288,-0.0718590000000177,0.68,0.000586923197096315,0.000619399400334424,0.000274785030040186,0.000232606954193382,0.000362527317995386,0.00017667090008094,0.455337371342628,1.80119061804711e-05,0.0464224386094616,0.00017758669910684,0.457697678110413,0.966050014495127,2489.81962498744
18.259789,51.346405,0.000394,"2021-10-08 12:53:35",414.054077,0.705958,0,51.33852,51.339722,51.354401,51.353195,18.239624,18.272644,18.279663,18.246643,1.04407700000002,0.68,0.000723359889304108,0.000689065545318984,0.000361425965499615,0.00091327820746812,0.000567972615474417,0.000234163797489466,0.59432435911032,0.00012301721614272,0.312226436910457,0.000264510717216132,0.671346998010486,0.980192209584385,2487.79748625478
18.263021,51.472618,0.068298,"2021-10-08 12:54:08",414.554565,0.678174,0,51.464802,51.465672,51.480335,51.479488,18.24942,18.282562,18.27652,18.243408,1.54456500000003,0.68,0.114152424249467,0.0813418170811207,0.0586459461019657,0.0597694617217201,0.0873761935295089,0.0229514820130443,0.336049108510415,0.0134903200175051,0.197521450371974,0.0266225329518022,0.389799598111251,0.960743843871388,14.0669396449587
18.283825,51.584217,0.26823,"2021-10-08 12:54:30",414.55191,0.677714,0,51.576443,51.577229,51.592133,51.591309,18.276001,18.30896,18.291931,18.25882,1.54191000000003,0.68,0.302273948482858,0.26704730895806,0.23254057870379,0.227831922948571,0.254399968862451,0.0303826719847455,0.113270968887692,0.00977930880138203,0.0364586690578311,0.0319177323374551,0.118993894558607,0.960580557493001,3.58118240872759
18.290251,51.488911,0.131934,"2021-10-08 12:54:28",412.520905,0.671524,0,51.481033,51.481934,51.496838,51.49593,18.282379,18.315186,18.298218,18.265259,-0.489094999999963,0.68,0.206639084029234,0.168886955177508,0.110915730857036,0.0953655814183351,0.1593440120319,0.0451127618897228,0.341934314806819,0.0193818053801613,0.146905311596414,0.0491000576895107,0.372156212117504,0.956951042760868,7.25325573969461
18.296165,51.473457,0.093128,"2021-10-08 12:54:08",411.81842,0.791774,0,51.465672,51.466522,51.48119,51.480343,18.282623,18.315552,18.30954,18.276611,-1.19157999999999,0.68,0.132009348405354,0.118945792374658,0.0713720124647716,0.0718214392283648,0.145767206067962,0.0274407623604832,0.294656412254995,0.037221539566932,0.399681508965424,0.0462432529852431,0.496555847706846,1.0447222145253,11.2181321893019
18.300236,51.380455,0.005905,"2021-10-08 12:54:07",414.466309,0.678283,0,51.372589,51.373486,51.388382,51.387486,18.286865,18.319855,18.313782,18.280731,1.45630900000003,0.68,0.00427799135613485,0.00391135119737332,0.00430881066988712,0.00290771767148378,0.00431708477275661,0.00107922785114052,0.182765089100851,0.00112282562513318,0.190148285373951,0.00155739209550232,0.263741252413602,0.960453150111519,162.650829824135
18.303593,51.302406,0.000167,"2021-10-08 12:53:35",412.05426,0.620271,0,51.294785,51.295624,51.309803,51.30899,18.28363,18.316406,18.323273,18.290527,-0.955739999999992,0.68,0.000226224829892711,0.000243213028772774,0.000144501943349006,0.000164752298129428,0.000203783217468302,4.29437793529408e-05,0.257148379358927,2.60096625056958e-05,0.155746482070035,5.02062817660725e-05,0.300636417760913,0.920399976076527,5511.37710225465
18.306204,51.365013,0.001279,"2021-10-08 12:54:07",413.637573,0.706669,0,51.357189,51.358044,51.372952,51.372059,18.292969,18.325775,18.319702,18.286743,0.627572999999984,0.68,0.00120890900042462,0.00247776654288083,0.00198437439899009,0.002797364915693,0.00226131025665956,0.000706611979182619,0.552472227664283,0.000694598243713073,0.543079158493411,0.000990841667116226,0.774700287033797,0.980704877793625,766.774728532936
18.308867,51.442745,0.047884,"2021-10-08 12:54:08",413.560822,0.631632,0,51.434628,51.435459,51.450851,51.450024,18.295532,18.328461,18.322021,18.289124,0.550821999999982,0.68,0.0578995048599099,0.0734768535104252,0.0431812696705908,0.0455677805076012,0.0560621983515523,0.0124430118687374,0.259857402655112,0.00578285951227128,0.120768096071157,0.0137211518650661,0.286549825934885,0.928195697809737,19.3842556555371
18.32107,51.41222,0.026848,"2021-10-08 12:54:08",413.563385,0.68608,0,51.404377,51.405212,51.420116,51.419277,18.307587,18.340576,18.334473,18.301483,0.553384999999992,0.68,0.0302328214890213,0.018767991110797,0.0154174555126464,0.0116584571794774,0.0253117646149248,0.00777807547738792,0.289707817244782,0.0010862824582854,0.0404604610505588,0.00785356401330771,0.292519517778148,0.966005923826408,35.9805543737488
18.32563,51.348381,0.001481,"2021-10-08 12:53:35",413.673889,0.738105,0,51.340664,51.341442,51.356098,51.355335,18.305695,18.33847,18.34549,18.312714,0.663888999999983,0.68,0.000752814098249323,0.000780758135092645,0.000659159179964269,0.00126450889758281,0.000827143348831267,0.000362595999362802,0.244831869927618,0.000462346471965338,0.312185328808466,0.000587571373445562,0.396739617451426,1.00359321254436,677.64565330477
18.333429,51.381313,0.002267,"2021-10-08 12:54:08",414.078064,0.814397,0,51.373486,51.374279,51.389191,51.388386,18.319916,18.352783,18.346741,18.313843,1.06806399999999,0.68,0.00498632681219345,0.0066638749669517,0.00450820960350351,0.00539741656937801,0.0068341897166862,0.00160939482254276,0.709922727191335,0.00322949081963428,1.42456586662297,0.00360829082100231,1.59165894177429,1.06096912932076,468.005791495703
18.33642,51.303192,0.000432,"2021-10-08 12:53:36",413.165466,0.661123,0,51.295628,51.296494,51.310669,51.309803,18.316498,18.349426,18.356323,18.323364,0.15546599999999,0.68,0.000269368848720771,0.000267486308279577,0.000196720160343668,0.00017118932101971,0.000255600604002219,0.000101672473190974,0.23535294720133,0.000124733209107242,0.288734280340838,0.000160921301445646,0.372503012605661,0.948411117092511,2195.39610438081
18.337526,51.537663,0.258718,"2021-10-08 12:54:30",411.881165,0.667524,0,51.530285,51.530972,51.545254,51.544537,18.329132,18.362244,18.345886,18.312866,-1.12883499999998,0.68,0.35910467726715,0.298634876838082,0.229702463803517,0.191685718202944,0.306924551895104,0.064448343922046,0.249106532680548,0.0340871797426492,0.131754186962829,0.0729076460812033,0.28180353157184,0.955669302338995,3.69386475753135
18.338915,51.506321,0.217311,"2021-10-08 12:54:29",411.453918,0.626421,0,51.498413,51.49942,51.514088,51.513123,18.33075,18.364166,18.347137,18.313995,-1.556082,0.68,0.328746294344384,0.274610522146512,0.189031894860142,0.160597880768837,0.260791033648073,0.0676656881242004,0.311377188104608,0.0307450266387717,0.141479385023177,0.0743229575053384,0.342011943736573,0.927538231693627,4.26825255828571
18.339331,51.365875,0.001536,"2021-10-08 12:54:08",411.576263,0.829246,0,51.358044,51.358856,51.373745,51.372955,18.325836,18.358856,18.352661,18.319794,-1.43373700000001,0.68,0.00214221005140937,0.00421705916696097,0.00139039918985896,0.00279180867244114,0.00226739747989785,0.0011495937288737,0.748433417235481,0.000517176117778521,0.336703201678725,0.00126057006083208,0.82068363335422,1.07240408314818,698.179741632926
18.341829,51.443573,0.064518,"2021-10-08 12:54:08",412.166992,0.699461,0,51.435459,51.436371,51.451767,51.450851,18.328522,18.36145,18.35498,18.322083,-0.843007999999998,0.68,0.0916783179487885,0.0739530308466503,0.050894954923781,0.0393480106470605,0.0773818948460183,0.0202783901906893,0.314305933083625,0.00909614727809022,0.140986194210766,0.0222250535214328,0.344478339710357,0.975776431117821,15.1240960835398
18.343872,51.318531,0.000368,"2021-10-08 12:53:36",413.276154,0.59294,0,51.310352,51.311218,51.326599,51.325741,18.3237,18.356659,18.363953,18.330994,0.266154000000029,0.68,0.000913506857773572,0.000423929586388136,0.000451157610407233,0.000338289420127763,0.00145883317620547,0.000235971017367793,0.641225590673349,0.000771335536038148,2.09602047836453,0.000806623102937703,2.19191060580898,0.902207567160036,2451.65099771749
18.354057,51.413048,0.020843,"2021-10-08 12:54:08",412.984558,0.624243,0,51.405212,51.406078,51.420986,51.420116,18.340637,18.373535,18.367371,18.334534,-0.0254419999999982,0.68,0.0332442637684541,0.0255250745258603,0.0206984869265423,0.0190240720485342,0.0250891675750273,0.00577322027022439,0.276986051442901,0.00300249388635624,0.144052866015268,0.00650730680282837,0.312205863015323,0.923104364679762,44.2884596593466
18.354906,51.522423,0.273603,"2021-10-08 12:54:29",412.912354,0.659751,0,51.514679,51.515339,51.530334,51.529636,18.34671,18.379883,18.362793,18.32962,-0.0976459999999975,0.68,0.363355903657604,0.281260919777296,0.211970643599095,0.215934523874118,0.286684684819681,0.0615276227496392,0.224879196315973,0.00925014804534157,0.0338086499246776,0.0622190774608773,0.227406415356839,0.949495969238987,3.47034195253337
18.35656,51.490704,0.188018,"2021-10-08 12:54:29",413.735626,0.737698,0,51.48267,51.483688,51.498596,51.497589,18.34845,18.381744,18.364777,18.331421,0.725626000000034,0.68,0.293594274153819,0.234884358812025,0.1744516318329,0.147440722645755,0.228841827043414,0.0575344002504278,0.306004745558552,0.0288668049363848,0.15353213488275,0.0643700212786334,0.342360950965511,1.00535657298464,5.34712938646638
18.360207,51.397705,0.01556,"2021-10-08 12:54:08",413.492249,0.603827,0,51.389984,51.390839,51.405506,51.404644,18.34671,18.379639,18.373627,18.340729,0.482249000000024,0.68,0.0190022209245172,0.0145779572500437,0.0156509421438572,0.00838151107399944,0.0166964436714127,0.0038752341395095,0.249051037243541,0.000803587026492458,0.0516444104429601,0.00395767504289664,0.25434929581598,0.909407889299815,58.4452371015306
18.362095,51.475216,0.164955,"2021-10-08 12:54:09",414.007141,0.684477,0,51.467453,51.468353,51.483051,51.482128,18.348633,18.381653,18.375763,18.342621,0.997140999999999,0.68,0.198951059552855,0.186224654821571,0.1216511941242,0.122261600145331,0.188567693916553,0.0357672733222577,0.216830489056153,0.016696695990477,0.101219702285332,0.039472490394039,0.239292476093716,0.965643226573307,5.85397973128009
18.368279,51.570499,0.279198,"2021-10-08 12:54:30",411.985718,0.71827,0,51.562729,51.563648,51.578266,51.577358,18.360077,18.393341,18.376617,18.343292,-1.02428199999997,0.68,0.278751879669059,0.258223710678899,0.240447497824557,0.292510296861006,0.260675172878638,0.0204926361354765,0.0733982196701857,0.0130976166642612,0.0469115705136182,0.024320684572293,0.0871090930891087,0.98939541569489,3.54370524034875
18.36939,51.304073,0.000274,"2021-10-08 12:53:36",413.287598,0.618311,0,51.296494,51.297474,51.311665,51.310669,18.349487,18.382294,18.389221,18.356384,0.277598000000012,0.68,0.000380424581094072,0.000342192267147999,0.000245736304872549,0.000212784342026053,0.000333086045166506,6.90523196342959e-05,0.252015765088671,4.1780143210731e-05,0.152482274491719,8.07081359813629e-05,0.294555240807894,0.919080246352191,3354.30746843865
18.370853,51.53854,0.303188,"2021-10-08 12:54:30",412.944214,0.634866,0,51.530975,51.53186,51.546177,51.545258,18.362305,18.395233,18.379059,18.345947,-0.0657860000000028,0.68,0.358585200786632,0.305027623103419,0.263007790470447,0.236409169604853,0.3005018010949,0.0465070847867838,0.153393553790994,0.00189942946141211,0.00626485699108179,0.0465458566109163,0.153521434261634,0.931461944860682,3.07222563182145
18.372355,51.507023,0.255348,"2021-10-08 12:54:29",412.653229,0.672824,0,51.49942,51.500061,51.514751,51.514095,18.364227,18.397308,18.380341,18.347198,-0.356770999999981,0.68,0.358798163249295,0.286661226164935,0.222000621608807,0.185784950702579,0.295931057351979,0.066012494363083,0.25851972352665,0.0286965550548669,0.112382141449578,0.0719801478468409,0.281890392119151,0.959308749392005,3.7568680756928
18.37365,51.475208,0.167986,"2021-10-08 12:54:29",413.654907,0.67884,0,51.467236,51.468212,51.483109,51.48209,18.36554,18.398529,18.381927,18.348602,0.644906999999989,0.68,0.229091453017613,0.190986537506776,0.154554869740485,0.145892741180748,0.176369539068525,0.0333892724523408,0.198762232878578,0.00592805732569639,0.0352889962597859,0.0339114343334721,0.201870598344339,0.961443566195413,5.72335531648717
18.374723,51.444489,0.08269,"2021-10-08 12:54:09",414.523712,0.755026,0,51.436375,51.437244,51.452667,51.451771,18.361542,18.394409,18.388092,18.355042,1.513712,0.68,0.125443699828261,0.0847222791997874,0.0853889944842452,0.0600227672414484,0.0898179841540707,0.0236109771540871,0.285536064265172,0.00504024593153365,0.0609535122933082,0.0241429559337949,0.291969475556838,1.01638926745476,12.2915620686269
18.376842,51.31942,0.000422,"2021-10-08 12:53:36",412.887482,0.643467,0,51.311218,51.312214,51.327618,51.326599,18.35672,18.389557,18.396851,18.364014,-0.122518000000014,0.68,0.000604322681657391,0.000549530722730891,0.000454293959334736,0.000506052917881124,0.000827869868484577,7.294536018994e-05,0.17285630376763,0.000286993336284737,0.680078995935395,0.000296118558427337,0.701702745088475,0.936189012846872,2218.45737641439
18.383551,51.587021,0.238439,"2021-10-08 12:54:31",413.714996,0.642987,0,51.579113,51.580082,51.595005,51.594013,18.37558,18.408844,18.391602,18.358398,0.704995999999994,0.68,0.216142681427694,0.23578949301257,0.246698169051056,0.28610432347444,0.243070046560909,0.0257507625280108,0.10799727615034,0.00327464442720938,0.0137336779101128,0.02595814066721,0.108867008615243,0.936219048746552,3.92645099478924
18.384205,51.334755,0.000663,"2021-10-08 12:53:36",413.871185,0.722265,0,51.327015,51.32803,51.342449,51.341431,18.364258,18.397095,18.404083,18.371216,0.861185000000035,0.68,0.000879380802005082,0.000809163767151094,0.000666595458796355,0.000487470463440384,0.000850624080319339,0.000151444356074386,0.228422859840703,0.000132670259507694,0.200105972108136,0.000201337504565405,0.303676477474215,0.992001396552339,1496.23136734893
18.393101,51.398624,0.01799,"2021-10-08 12:54:08",414.058319,0.627819,0,51.390839,51.391724,51.406391,51.405506,18.3797,18.412506,18.406555,18.373688,1.04831899999999,0.68,0.022830576857126,0.0229007754497187,0.0211080819556185,0.0160278018447197,0.0192713894786641,0.00305475026026171,0.169802682615993,0.000906079189704482,0.0503657137134231,0.00318629544307877,0.177114810621388,0.925508967671114,51.4457458405288
18.399237,51.383053,0.011213,"2021-10-08 12:54:08",413.861755,0.689277,0,51.375137,51.376007,51.390934,51.39006,18.385895,18.41864,18.412598,18.379822,0.851755000000026,0.68,0.0153868358846152,0.0110949440974537,0.00827025775254709,0.00786319903867641,0.00962822968427639,0.0030131013780151,0.268715007403469,0.00112060183687131,0.0999377362767601,0.00321473613085053,0.286697238103142,0.96825261025075,86.3508971952867
18.403875,51.539501,0.309845,"2021-10-08 12:54:30",413.151825,0.634036,0,51.531864,51.532837,51.547131,51.546177,18.395325,18.428833,18.412598,18.37912,0.141824999999983,0.68,0.315350078822233,0.322471577085673,0.271065170604655,0.284343581219701,0.295915786779182,0.02189735655384,0.07067197002966,0.0098494411250337,0.0317882848683493,0.0240105334076839,0.0774920796129803,0.930042017873667,3.00163635970781
18.405174,51.367611,0.004485,"2021-10-08 12:54:08",413.578552,0.591756,0,51.359669,51.360565,51.375477,51.374603,18.391785,18.424561,18.418518,18.385773,0.568552000000011,0.68,0.00464609498211164,0.00514080165045677,0.00573764453978666,0.00402429189868436,0.00455985272132047,0.000655692177318087,0.1461966950542,5.2928866835971e-05,0.0118013081016658,0.000657824973941149,0.146672234992452,0.901429751156293,200.987681417234
18.405598,51.507847,0.280421,"2021-10-08 12:54:30",411.880646,0.731371,0,51.500061,51.500885,51.515625,51.514751,18.397369,18.430115,18.413452,18.380402,-1.12935399999998,0.68,0.36998994532571,0.306883407313038,0.265777564301928,0.231097919196802,0.330608008493079,0.0520286028164293,0.185537469791597,0.035487574032923,0.126551057277889,0.0629789125165873,0.224587004955361,1.0006347400839,3.56833026087169
18.40686,51.475967,0.222424,"2021-10-08 12:54:29",412.25296,0.743611,0,51.468212,51.468838,51.483715,51.483112,18.39859,18.431671,18.414795,18.381989,-0.757040000000018,0.68,0.297615769840196,0.251377421226782,0.175489087537391,0.153593049167435,0.301826421806008,0.0578914515455805,0.260275202071631,0.0561459909016628,0.252427754656255,0.0806460938693493,0.362578201405196,1.01087146155057,4.54479490320545
18.420208,51.275398,0.000173,"2021-10-08 12:53:36",413.329071,0.595174,0,51.26767,51.268513,51.283215,51.282364,18.40033,18.433044,18.440094,18.407349,0.319071000000008,0.68,0.000238481251427755,0.000189164657175307,0.000155006514955004,0.000141063337611824,0.000193818954446365,3.77214409765315e-05,0.218043011425038,1.47212238662385e-05,0.085093779573633,4.04922405093354e-05,0.23405919369558,0.903676984279019,5223.56638311571
18.422865,51.492199,0.273677,"2021-10-08 12:54:30",413.256012,0.688055,0,51.484299,51.485119,51.500061,51.499241,18.414703,18.447662,18.430756,18.39801,0.246012000000007,0.68,0.400288927857982,0.322167957012557,0.25199962189568,0.237538812251665,0.297652853435591,0.0659669756064341,0.241039530564987,0.0169534885490412,0.0619470709962517,0.068110664690945,0.248872447048692,0.969772522641079,3.54349295936845
18.426296,51.399544,0.02714,"2021-10-08 12:54:09",413.704071,0.701542,0,51.391724,51.392563,51.407238,51.406403,18.412567,18.445526,18.439667,18.406647,0.694071000000008,0.68,0.0337955392296062,0.0278102549746665,0.0189426178115047,0.0252948601227867,0.0323971582217419,0.00533551632984134,0.196592348188701,0.00371737222836431,0.136970236859407,0.00650281406701882,0.23960258168824,0.977038107933764,35.9999302849582
18.427679,51.290737,0.000311,"2021-10-08 12:53:36",412.706268,0.663921,0,51.282898,51.283752,51.298687,51.297806,18.407745,18.440491,18.447662,18.414886,-0.303731999999968,0.68,0.000369554883815173,0.000358212119887011,0.000260286472369832,0.000234428042462989,0.000351601229811544,5.91611702040867e-05,0.190228843099957,2.87094049242561e-05,0.0923131991133638,6.57592122141212e-05,0.211444412264055,0.950363666479982,3055.83172501602
18.428288,51.47702,0.263248,"2021-10-08 12:54:09",412.777832,0.815394,0,51.469189,51.470142,51.484833,51.483887,18.414673,18.447784,18.441803,18.408752,-0.232168000000001,0.68,0.360109058598469,0.264219295497423,0.226480492504743,0.175865250974631,0.313626654159408,0.0675131026631057,0.256461977538692,0.0356230879831693,0.135321400288584,0.0763349423832603,0.289973494131998,1.06446906890931,4.04359793392281
18.432352,51.383961,0.012518,"2021-10-08 12:54:09",413.0867,0.700513,0,51.376011,51.376862,51.391773,51.390942,18.418701,18.45163,18.445648,18.412689,0.0767000000000166,0.68,0.0195619609327828,0.0167184814020055,0.0126170047727123,0.0109593687007273,0.017074464699173,0.00355499785594406,0.283990881606012,0.00322190708702235,0.257381936972548,0.00479778021934849,0.383270508016336,0.976289650597625,77.9908652019193
18.43458,51.461601,0.197686,"2021-10-08 12:54:09",413.628632,0.789187,0,51.453903,51.454861,51.469299,51.468338,18.42099,18.454041,18.448242,18.4151,0.618631999999991,0.68,0.258537551701949,0.246387818849663,0.164200734866844,0.137313571583932,0.228662903285099,0.0519413148235071,0.262746551720947,0.0219039783730533,0.110801869495328,0.0563709539937179,0.285154001769058,1.04326113961134,5.27736480889565
18.435093,51.305878,0.000944,"2021-10-08 12:53:37",412.466003,0.591549,0,51.298386,51.299274,51.313446,51.31255,18.415314,18.448059,18.455048,18.422211,-0.54399699999999,0.68,0.000596801815586999,0.000786350110588547,0.000474093617674116,0.00063150275837519,0.000557055392161666,0.000181977481010592,0.192772755307831,0.000273611156146055,0.289842326425906,0.000328601382167729,0.348094684499712,0.901293696516218,954.760271733282
18.438198,51.3685,0.008149,"2021-10-08 12:54:09",413.299255,0.718219,0,51.360569,51.361431,51.376331,51.375484,18.424622,18.457611,18.451508,18.418579,0.289255000000026,0.68,0.00573644418895021,0.00954149686924072,0.00979786699853002,0.00470781699493282,0.00868905517663772,0.00227695439982133,0.279415192026178,0.00038187667761543,0.0468617839753872,0.00230875532176372,0.283317624464808,0.989062112464195,121.372206708086
18.438404,51.508781,0.33711,"2021-10-08 12:54:30",414.188904,0.617853,0,51.500889,51.501862,51.516586,51.515625,18.430176,18.463226,18.446594,18.413513,1.17890399999999,0.68,0.40011519867294,0.353484683947527,0.276856586884398,0.2488165919435,0.358494492434713,0.0606365647831156,0.17987174745073,0.015121119612818,0.0448551499890776,0.0624935296414127,0.18538023090805,0.920895092209771,2.73173472222649
18.439953,51.476719,0.264045,"2021-10-08 12:54:30",413.6875,0.730983,0,51.468838,51.469654,51.484539,51.483719,18.431732,18.464752,18.447815,18.414856,0.677500000000009,0.68,0.390626589579909,0.308938709779195,0.228133476520239,0.194928812098279,0.270662018133195,0.0761937867503148,0.288563641615311,0.00467893839321656,0.017720230995537,0.0763373146229284,0.289107215144875,1.00128094553569,3.79208447626612
18.442558,51.321217,0.000656,"2021-10-08 12:53:37",412.849854,0.602343,0,51.313099,51.313999,51.329395,51.328487,18.422546,18.455383,18.462708,18.42981,-0.160145999999997,0.68,0.000886040654539012,0.000850172857721421,0.000550400328622098,0.000980460692482657,0.000779991045057655,0.000176308580254419,0.268763079656127,8.76749087666746e-05,0.133650775558955,0.0001969050662085,0.300160161903201,0.908414623627672,1384.77838967633
18.446951,51.430893,0.095081,"2021-10-08 12:54:09",413.695374,0.581202,0,51.423321,51.424286,51.438488,51.437511,18.433258,18.46637,18.460754,18.427582,0.685374000000024,0.68,0.119360855361066,0.113624675505866,0.0954702915968886,0.0705015117642524,0.118694756031604,0.0191588219797616,0.20150000504582,0.0166974470192319,0.17561286712626,0.0254138780317419,0.267286608594166,0.894897552796191,9.4119493147547
18.449928,51.33654,0.001028,"2021-10-08 12:53:37",414.810699,0.643961,0,51.328899,51.329815,51.344227,51.343304,18.430054,18.462921,18.469971,18.437042,1.80069900000001,0.68,0.00212120467465863,0.00161846771154203,0.00120915969804554,0.000950816502486579,0.00319433371940224,0.000485640611363995,0.472413046073925,0.0015318292633024,1.49010628725914,0.00160696847987618,1.56319891038539,0.936529952467456,911.021354540327
18.453053,51.415737,0.057876,"2021-10-08 12:54:09",413.271362,0.690322,0,51.40781,51.408741,51.42366,51.422695,18.439636,18.472534,18.466431,18.43335,0.26136200000002,0.68,0.076299865410209,0.0685357852877789,0.0691947625990738,0.0457457877128312,0.0653668306329694,0.0119212290259044,0.205978799949968,0.00529681713729258,0.0915200970573741,0.0130449980174004,0.225395639252893,0.969079272122397,16.7440609600248
18.455805,51.49313,0.311313,"2021-10-08 12:54:30",412.96405,0.657928,0,51.485123,51.486099,51.501034,51.500072,18.447723,18.480774,18.463806,18.430817,-0.0459500000000048,0.68,0.422352198404734,0.34947291756082,0.275289752446873,0.226924736775503,0.347794695892435,0.0742280118662155,0.238435310655885,0.0257964545547262,0.0828634029247934,0.0785827895483806,0.25242373286172,0.949444315374633,3.04980619304248
18.457312,51.351944,0.003329,"2021-10-08 12:53:37",413.600281,0.64442,0,51.344173,51.345097,51.359745,51.358807,18.437347,18.470276,18.477386,18.444427,0.590281000000004,0.68,0.00274774485827072,0.00493997596685901,0.00497219617952593,0.00276635736747878,0.0040080226693888,0.00112462326322925,0.337826152967631,0.000480141534104211,0.144229959178195,0.00122283006872106,0.367326545124979,0.936845041462769,281.419357603715
18.459204,51.400379,0.038207,"2021-10-08 12:54:09",412.364655,0.636721,0,51.392567,51.393505,51.408173,51.407246,18.445587,18.478607,18.472626,18.439758,-0.645344999999963,0.68,0.0331310429329059,0.045484762062878,0.0342177251286391,0.0303673148015958,0.0489366816590621,0.00586450585805193,0.153492968776715,0.00758703066109574,0.198576979639745,0.00958934112499562,0.250983880571508,0.931614505739478,24.3833461339408
18.465212,51.384773,0.023941,"2021-10-08 12:54:09",413.294922,0.640606,0,51.376862,51.377792,51.392715,51.391773,18.451721,18.484711,18.478699,18.445709,0.284921999999995,0.68,0.025065168718611,0.027211863528021,0.0205297325239682,0.0143783510292557,0.0226014698360113,0.00500808980135277,0.209184653997442,0.000947190862560337,0.039563546324729,0.00509687492376764,0.212893150819416,0.934238741098863,39.0225446346796
18.471073,51.369308,0.007923,"2021-10-08 12:54:09",413.779572,0.691162,0,51.361431,51.362339,51.377262,51.376331,18.457672,18.490631,18.484589,18.451599,0.769571999999982,0.68,0.011693515380488,0.0085688460346592,0.0115977814239617,0.0109897313958542,0.0104360256510303,0.00177785909273927,0.224392161143414,0.00177697747913926,0.224280888443678,0.00251364912328746,0.317259765655366,0.96959333159625,122.37704551259
18.471731,51.509659,0.32633,"2021-10-08 12:54:30",413.104279,0.665491,0,51.501862,51.50275,51.517471,51.51659,18.463318,18.496613,18.479767,18.446655,0.0942790000000286,0.68,0.428818146608474,0.351005800495748,0.321844464302147,0.288094496667469,0.338617159441665,0.0528409597900658,0.161924921981019,0.00868833376272162,0.0266243795014912,0.05355048249183,0.164099171059449,0.952966906695142,2.92025528359373
18.472813,51.477619,0.314354,"2021-10-08 12:54:30",413.578918,0.674814,0,51.469654,51.470631,51.485519,51.484543,18.464813,18.497925,18.480927,18.447876,0.568917999999996,0.68,0.42874799395424,0.360067664329715,0.250853508124984,0.240784884518065,0.347695852071564,0.0782852186276451,0.24903522343487,0.0235762496971216,0.0749990446984025,0.0817582717855461,0.260083446641513,0.961487571215229,3.05861408226149
18.478449,51.261738,0.000169,"2021-10-08 12:53:37",413.318268,0.563072,0,51.253677,51.254749,51.269714,51.268642,18.458374,18.491333,18.498474,18.465485,0.308267999999998,0.68,0.000204206121833066,0.000184831600312039,0.000130991067335188,0.000125634217323448,0.00018473012914533,3.40268791589642e-05,0.201342480230558,1.1122880987603e-05,0.0658158638319705,3.57987009088757e-05,0.211826632596897,0.882864699977039,5224.05147915408
18.482992,51.589497,0.192372,"2021-10-08 12:54:32",413.487549,0.681995,0,51.581757,51.582352,51.597263,51.596653,18.475037,18.508179,18.490936,18.457916,0.47754900000001,0.68,0.105345107312862,0.159293930775447,0.218059582649496,0.230812000723234,0.171716794112025,0.0504446005305847,0.262224234974865,0.0146054361501914,0.075922879370134,0.0525164401671284,0.272994199608719,0.96450772755475,5.0137635807433
18.493647,51.292652,0.000891,"2021-10-08 12:53:37",413.917084,0.618601,0,51.284576,51.285656,51.300587,51.29953,18.473541,18.506531,18.513733,18.480682,0.907083999999998,0.68,0.000694382516027032,0.00093820603938251,0.000425491658041981,0.000560900469231923,0.000597458147606281,0.000216759232665856,0.243276355405001,0.000207565434389659,0.232957838821166,0.000300113269448818,0.336827462905519,0.919275414263307,1031.73447167599
18.494429,51.478771,0.366544,"2021-10-08 12:54:10",412.826385,0.680901,0,51.47102,51.471832,51.486511,51.485703,18.480865,18.513916,18.507935,18.474915,-0.183614999999975,0.68,0.446853304422541,0.376472768346986,0.289775289046189,0.297679408924339,0.401638866420955,0.064362654968343,0.175593257476164,0.0248158180310933,0.0677021531687692,0.0689809841849644,0.188192915952694,0.964771759526639,2.6320762569477
18.501101,51.573902,0.194826,"2021-10-08 12:54:32",412.051453,0.732189,0,51.566303,51.566883,51.581501,51.580914,18.492889,18.526184,18.509277,18.476105,-0.95854700000001,0.68,0.136475072602066,0.178579901798861,0.261201456964215,0.246548646206355,0.179011398212752,0.0509196207340055,0.261359473242819,0.011182612165528,0.0573979456824446,0.052133085373298,0.26758792652571,1.00060910964849,5.13591158083874
18.501118,51.3078,0.000838,"2021-10-08 12:53:37",413.341034,0.66969,0,51.300121,51.301167,51.315357,51.31432,18.48111,18.51413,18.521088,18.488068,0.331033999999988,0.68,0.0009032973654531,0.000867242904158409,0.000651729747974746,0.00171597893618549,0.00089028454269133,0.000414434864934243,0.494552344790266,3.6970754688277e-05,0.044117845690068,0.000416080633982507,0.496516269668863,0.954402886218967,1138.90559214674
18.503788,51.247284,0.000103,"2021-10-08 12:53:37",414.000549,0.630503,0,51.239353,51.240128,51.255081,51.254318,18.483704,18.516479,18.523651,18.490875,0.990548999999987,0.68,0.000119864116700937,0.000113788011847985,9.32319430408736e-05,0.000107519841158931,0.000116003230270161,1.02009371052772e-05,0.0990382243230791,9.19467230136103e-06,0.08926866312001,1.3733212171784e-05,0.133332157007612,0.927326281951289,9003.16778593484
18.506084,51.478497,0.3567,"2021-10-08 12:54:30",413.295349,0.626771,0,51.470631,51.471493,51.486389,51.485519,18.497986,18.531006,18.514099,18.480988,0.285348999999997,0.68,0.46068188498992,0.371767237300002,0.295447491127444,0.275951437931742,0.390736002262149,0.072811564630577,0.204125496581376,0.0240670880040462,0.0674715110850749,0.076686039596182,0.21498749536356,0.927966936431437,2.60153332332895
18.506914,51.448029,0.247756,"2021-10-08 12:54:10",412.546448,0.683966,0,51.439907,51.440735,51.456131,51.455311,18.493561,18.526611,18.520203,18.487183,-0.463551999999993,0.68,0.328197491002249,0.277847358610898,0.221643653939973,0.17887991270044,0.268610573479219,0.0564662899012256,0.227910887733195,0.0147464103259089,0.0595198918529073,0.0583600763596941,0.235554643922626,0.966237749039391,3.89995701028185
18.511465,51.262653,0.000219,"2021-10-08 12:53:37",412.375793,0.581966,0,51.254757,51.25552,51.270489,51.269714,18.491394,18.52417,18.531342,18.498566,-0.634207000000004,0.68,0.000265042433242193,0.000258804600596651,0.000209172708043637,0.000178834879070127,0.000303484904175476,3.59061753925999e-05,0.163955138778995,5.97398486503747e-05,0.272784697033675,6.97000928843988e-05,0.318265264312323,0.895033200509402,4086.90959136713
18.512278,51.239521,8e-05,"2021-10-08 12:53:15",413.906403,0.608605,0,51.2318,51.23267,51.247234,51.246384,18.487762,18.520508,18.536774,18.503906,0.896403000000021,0.68,8.38957763571934e-05,8.12643368164405e-05,6.35011209672226e-05,6.2613291661725e-05,8.70509394269442e-05,1.0322980233632e-05,0.1290372529204,4.98576708252783e-06,0.0623220885315978,1.14639345037022e-05,0.143299181296278,0.912578789012993,11407.2348626624
18.516014,51.338459,0.002956,"2021-10-08 12:53:37",412.964264,0.658426,0,51.330723,51.331707,51.3461,51.34515,18.495911,18.528992,18.53598,18.502991,-0.0457359999999767,0.68,0.00454147024618342,0.00391353104108583,0.00210940338919037,0.00430718011484226,0.00294810573908856,0.00101432742597255,0.343141889706547,5.58208542293517e-06,0.00188839155038402,0.00101434278562909,0.34314708580145,0.946533584384245,320.207572525117
18.516146,51.59026,0.144105,"2021-10-08 12:54:32",413.608246,0.675795,0,51.582352,51.583237,51.598164,51.597263,18.50824,18.541046,18.523987,18.491028,0.598246000000017,0.68,0.06711768684847,0.119643741301919,0.181833116435712,0.18410907633522,0.128022124036657,0.0485711929266881,0.337054182205254,0.011372310654662,0.0789168360199991,0.0498847695388852,0.346169595356755,0.959993423027964,6.6617634573954
18.519016,51.417492,0.117813,"2021-10-08 12:54:10",413.89212,0.683329,0,51.409618,51.410442,51.425365,51.424541,18.505524,18.538513,18.532501,18.499481,0.882119999999986,0.68,0.146350389114392,0.143757635656284,0.106248999971838,0.0915299909829717,0.154566411081493,0.0237522872941041,0.201610070994747,0.0259885862074605,0.220591837975949,0.0352076378753853,0.298843403320391,0.96466476042497,8.18810114694448
18.519075,51.278194,0.000377,"2021-10-08 12:53:37",413.505432,0.610117,0,51.270435,51.27121,51.285904,51.285126,18.499084,18.53186,18.539001,18.506226,0.495431999999994,0.68,0.000530429891842194,0.000472181732770881,0.000357154379331005,0.00033267890041862,0.00076252478790751,8.38965403677974e-05,0.2225372423549,0.000272607191844906,0.72309599958861,0.000285225017365677,0.756565032800204,0.913587891252019,2423.3100563714
18.522226,51.494946,0.352617,"2021-10-08 12:54:31",412.584137,0.691927,0,51.486973,51.487885,51.502819,51.501926,18.514008,18.547272,18.530365,18.497253,-0.425862999999993,0.68,0.461253261291643,0.347388903342634,0.323401773566813,0.326524946542854,0.404332330690194,0.0567907473727187,0.161055046616353,0.0365682610223409,0.103705326238783,0.0675457378474024,0.191555534325919,0.972484138703737,2.75790486194295
18.523424,51.353855,0.008113,"2021-10-08 12:53:37",414.35733,0.639863,0,51.346024,51.346966,51.361588,51.360687,18.503296,18.536316,18.543427,18.510437,1.34733,0.68,0.00562102444031724,0.0123247191390272,0.0133530824990624,0.00574402862479222,0.00679605975775746,0.0036333118806559,0.447838269524947,0.000931217375707155,0.11478089186579,0.00375074939484554,0.462313496221563,0.933723046138427,115.089738215016
18.525114,51.40213,0.077034,"2021-10-08 12:54:10",412.550415,0.695735,0,51.394367,51.395199,51.40987,51.409046,18.511505,18.544495,18.538605,18.505615,-0.459585000000004,0.68,0.103847663204106,0.0829461975304524,0.0683618393155803,0.0575845707819711,0.0935312800828604,0.0173433951399859,0.225139485681464,0.0116653386177243,0.151431038472939,0.0209015186062606,0.271328486204281,0.973079680039126,12.63182075498
18.526621,51.293503,0.000637,"2021-10-08 12:53:37",412.223999,0.668097,0,51.28566,51.286438,51.301395,51.300587,18.506622,18.539398,18.54657,18.513794,-0.786000999999999,0.68,0.000885175431206293,0.000756887279362922,0.000802553168546015,0.000583307739344936,0.000782520447477966,0.000122667618960924,0.192570830393915,0.000102898495212971,0.161536099235433,0.000160110727493932,0.251351220555623,0.953285700639869,1496.52386285694
18.531187,51.386551,0.049011,"2021-10-08 12:54:10",413.303436,0.706116,0,51.378662,51.379498,51.394413,51.393585,18.517639,18.550629,18.544586,18.511597,0.293435999999986,0.68,0.0470149418017423,0.0454469131595435,0.0395046190583713,0.0317471339054998,0.0473179574238634,0.00700086537741454,0.142842736883853,0.00119716188642373,0.0244263917574368,0.00710248636851823,0.144916169197083,0.980331704459575,20.0022791711978
18.533808,51.464146,0.33618,"2021-10-08 12:54:10",413.007233,0.655127,0,51.456532,51.457294,51.471745,51.470989,18.520111,18.553131,18.547485,18.514404,-0.00276700000000574,0.68,0.457299926005213,0.397855983263699,0.297898091329807,0.262387153256915,0.438682773689952,0.0780777750521865,0.232249910917325,0.0724804063665951,0.215599995141279,0.106534258640902,0.316896479983646,0.95023204239447,2.82655732760566
18.534309,51.574638,0.169664,"2021-10-08 12:54:32",412.278717,0.743571,0,51.566883,51.56776,51.582394,51.581512,18.526215,18.559021,18.542175,18.509369,-0.731283000000019,0.68,0.0775842805008868,0.155157213455234,0.231355312398736,0.207452058770109,0.138862490920926,0.0589762128674689,0.34760593212154,0.0217799559405922,0.128371109608357,0.0628693897295269,0.370552325357925,1.00957931447012,5.95046276446461
18.536427,51.542908,0.230055,"2021-10-08 12:54:32",412.763062,0.696341,0,51.535477,51.536011,51.55032,51.549774,18.527863,18.56076,18.54483,18.511841,-0.246938,0.68,0.161944787792718,0.242102098891056,0.274561244290873,0.268613830736017,0.203236472636825,0.0450163904038704,0.195676644297539,0.018963562559938,0.0824305603439961,0.0488476418054993,0.212330276696874,0.974513663521943,4.23600297112405
18.536686,51.248138,0.000157,"2021-10-08 12:53:38",413.56897,0.623877,0,51.240128,51.240993,51.255917,51.255081,18.516541,18.549438,18.55661,18.523712,0.558969999999988,0.68,0.000188084481199582,0.00016813565701221,0.000127403958977063,0.000139634368324897,0.000167702299649198,2.37867726183619e-05,0.151508105849439,7.56766865623831e-06,0.0482017111862313,2.4961573678121e-05,0.158990915147267,0.922833956761497,5877.9232914745
18.537077,51.371101,0.029387,"2021-10-08 12:54:10",412.076385,0.726432,0,51.363216,51.364059,51.378971,51.378132,18.523529,18.55658,18.550537,18.517517,-0.933614999999975,0.68,0.0242590776140745,0.0201493243734127,0.0194805740411219,0.0177126235451808,0.0222922351449871,0.00468054054424818,0.159272485937598,0.00501675633990361,0.170713456286916,0.00686114450804778,0.233475499644325,0.995063076356449,33.8606552678548
18.539297,51.479431,0.382263,"2021-10-08 12:54:31",412.879974,0.732275,0,51.471497,51.472397,51.487305,51.486389,18.531067,18.564148,18.547424,18.51416,-0.130025999999987,0.68,0.497101301085505,0.400033270407174,0.336845010796435,0.32047120260944,0.4172399845447,0.0693823072182955,0.181504114231028,0.0247324629570144,0.0647001225779488,0.0736586673708806,0.192691072300695,1.00202408898382,2.62129499581131
18.544388,51.263561,0.000345,"2021-10-08 12:53:38",412.940186,0.570569,0,51.25552,51.256351,51.271275,51.270489,18.524231,18.557159,18.564301,18.531403,-0.069814000000008,0.68,0.000387260648589516,0.000395350324896988,0.000290495086451597,0.000265980978063055,0.000375709778735289,5.74480960809958e-05,0.166516220524626,2.17150927924613e-05,0.0629422979491632,6.14152179701134e-05,0.178015124551053,0.88766490723292,2572.94176009542
18.545149,51.240376,0.000123,"2021-10-08 12:53:16",412.596375,0.674859,0,51.23267,51.233521,51.248077,51.247234,18.520569,18.553375,18.569672,18.536865,-0.413624999999968,0.68,0.000142638148873056,0.000125105524959706,0.000109106209663069,0.000106860144055383,0.000110462505635,1.4403799478918e-05,0.117104060804211,8.86534728457963e-06,0.0720759941835742,1.6913421354211e-05,0.137507490684643,0.958036883510788,7788.91775212023
18.549097,51.590931,0.097126,"2021-10-08 12:54:32",413.364471,0.683015,0,51.583237,51.58392,51.598866,51.598175,18.541107,18.574036,18.556946,18.524048,0.35447099999999,0.68,0.0750334271879114,0.11213655677952,0.138628077634382,0.14830473352667,0.106904608218408,0.0299568567116244,0.308432929510372,0.0069145201818028,0.0711912379980932,0.030744493057869,0.31654235794606,0.964289745915814,9.9282349310773
18.551977,51.41827,0.158427,"2021-10-08 12:54:10",412.473389,0.561573,0,51.410442,51.411194,51.426128,51.425365,18.538574,18.571472,18.565552,18.532532,-0.536610999999994,0.68,0.213899893654005,0.202375342598837,0.151806546092619,0.135431130736852,0.226614826757483,0.0339366836275843,0.214210226966264,0.0482160746945897,0.304342534382332,0.0589617533202075,0.372169853119781,0.88387822842493,5.57908833989743
18.552065,51.279083,0.000559,"2021-10-08 12:53:38",413.009521,0.613609,0,51.27121,51.271992,51.286652,51.285908,18.531952,18.56485,18.57193,18.539093,-0.000478999999984353,0.68,0.000659177893787101,0.000642223037107743,0.000518570623835947,0.000443947437338043,0.000660232251320054,8.89907536173374e-05,0.159196339208117,7.1582011383191e-05,0.12805368762646,0.000114207436636346,0.204306684501513,0.915923587382888,1638.50373413755
18.55348,51.527611,0.300477,"2021-10-08 12:54:31",411.461761,0.575602,0,51.519836,51.520367,51.53537,51.534836,18.54541,18.578278,18.56131,18.528381,-1.54823899999997,0.68,0.220445444095832,0.288779973038663,0.295982597026926,0.320835177622485,0.286373959184545,0.0381622575630566,0.127005586327927,0.00997235579595888,0.0331884164044465,0.0394437039643879,0.131270293448044,0.89178106516478,2.96788461401299
18.556326,51.354622,0.010645,"2021-10-08 12:53:38",414.068329,0.68321,0,51.34697,51.347828,51.362476,51.361588,18.536377,18.569305,18.576477,18.543488,1.05832900000001,0.68,0.0220918721472442,0.015565277713747,0.0188887120895152,0.0115984597760415,0.0132170887330229,0.00483220912801301,0.453941674778112,0.00181874138493401,0.170854052130954,0.00516314490229781,0.485030051883308,0.963951535174504,90.5543950375297
18.558048,51.402912,0.107203,"2021-10-08 12:54:10",413.12384,0.589001,0,51.395203,51.395954,51.410629,51.409878,18.544556,18.577454,18.571564,18.538666,0.113839999999982,0.68,0.122118646596678,0.132290205102908,0.103221273312715,0.085012429262452,0.125828541027311,0.0181787176667755,0.169572844666432,0.0131702463636799,0.122853337720771,0.0224481884634008,0.209398883085369,0.899903383239717,8.39438619478668
18.560993,51.225918,6.3e-05,"2021-10-08 12:53:16",412.080475,0.684817,0,51.218353,51.219299,51.233624,51.232647,18.536469,18.569366,18.58548,18.552551,-0.929525000000012,0.68,7.18976757789968e-05,8.31650499269895e-05,8.20640377326592e-05,6.63897128829489e-05,7.04143518619079e-05,9.08207154795273e-06,0.144159865840519,5.24273847965818e-06,0.0832180711056854,1.04866739421144e-05,0.166455141938324,0.965077366639054,15318.6883593501
18.564112,51.387333,0.059394,"2021-10-08 12:54:10",412.866302,0.682378,0,51.379498,51.380249,51.395161,51.394413,18.55069,18.583557,18.577545,18.544678,-0.143697999999972,0.68,0.0726082516812828,0.0558474831558383,0.063021774074352,0.0586056673725507,0.067568923472768,0.00651326628060607,0.109662024457118,0.00578054382327533,0.0973253834272036,0.00870846281124784,0.146621928330266,0.963387550370325,16.2202840416595
18.567038,51.575325,0.120268,"2021-10-08 12:54:32",414.118408,0.705627,0,51.56776,51.568401,51.583073,51.582397,18.559082,18.591736,18.575134,18.542236,1.108408,0.68,0.0725042552042111,0.118245365806091,0.172681524689521,0.154072393127106,0.10212125348635,0.0384380330103238,0.319603161358997,0.0128316875162753,0.106692449498414,0.0405232598172713,0.336941329508026,0.98079131201047,8.1550479929031
18.567089,51.309486,0.001237,"2021-10-08 12:53:38",414.312378,0.582571,0,51.301975,51.302708,51.316925,51.316174,18.547058,18.579956,18.586884,18.554016,1.30237800000003,0.68,0.00141765238207824,0.00137650244700124,0.00113506964559123,0.00126910355441011,0.00296020310711876,0.000112897992449865,0.0912675767581769,0.0012184886024054,0.985035248508815,0.00122370765744564,0.989254371419268,0.89542753336126,723.870277575796
18.569202,51.543549,0.217617,"2021-10-08 12:54:32",413.691345,0.627939,0,51.536011,51.536823,51.551159,51.55032,18.560822,18.593689,18.577545,18.544891,0.681345000000022,0.68,0.146676160691344,0.19988168521213,0.260872910801278,0.263470390184798,0.18494992782778,0.0482719218590975,0.221820546460513,0.0230991082544871,0.106145697507489,0.0535139910875962,0.245909056220774,0.927130592183821,4.26037760002124
18.570017,51.371891,0.027111,"2021-10-08 12:54:10",413.777649,0.728576,0,51.364059,51.364803,51.379719,51.378971,18.556641,18.589417,18.583435,18.550598,0.767649000000006,0.68,0.0301236306328771,0.0343155206773005,0.0290457418931349,0.0366487583742109,0.0228566792825985,0.00392444025966789,0.144754537260444,0.00300825902861702,0.11096082876386,0.00494478045366606,0.182390190463873,0.996618000354065,36.7606506714642
18.570818,51.512165,0.329677,"2021-10-08 12:54:31",413.056122,0.578196,0,51.504505,51.505081,51.519779,51.519245,18.562561,18.595581,18.578735,18.545868,0.0461220000000253,0.68,0.281981168951874,0.267297359025146,0.323761577742099,0.369369672337538,0.310448596888188,0.0406581130617383,0.123327114301993,0.0135965342317508,0.0412419860401265,0.0428712946020558,0.130040295810917,0.893615444314195,2.71057867037796
18.573042,51.449512,0.402699,"2021-10-08 12:54:11",410.859436,0.721126,0,51.441486,51.442249,51.457672,51.456898,18.559662,18.592651,18.586304,18.553345,-2.15056399999997,0.68,0.556058215667242,0.457952907194691,0.320406157025343,0.303158979647759,0.478595121741691,0.103813455879735,0.257794173513554,0.0536666623493095,0.133267433863281,0.116864640800408,0.290203454193847,0.99803810154994,2.47837243586386
18.574528,51.324802,0.002262,"2021-10-08 12:53:38",413.084839,0.58254,0,51.316727,51.317474,51.332882,51.332127,18.554352,18.587219,18.594574,18.561707,0.0748389999999972,0.68,0.00233845591806551,0.00188237177963074,0.00194202092368792,0.0015389992826312,0.00250006600538812,0.000321191004931855,0.141994255053871,0.000168338086779933,0.0744200206807837,0.000362631180553828,0.160314403427864,0.895406602109552,395.847304204046
18.578039,51.241215,0.00019,"2021-10-08 12:53:16",412.417542,0.599814,0,51.233524,51.234509,51.2491,51.248081,18.553436,18.586334,18.6026,18.569733,-0.592457999999965,0.68,0.000213320499921478,0.000203212449903989,0.000170221706508332,0.000140179034482957,0.000188608546593639,2.90389733244206e-05,0.152836701707477,9.83906139342994e-07,0.00517845336496312,2.90556370267018e-05,0.152924405403694,0.906739673467655,4772.3140708824
18.58217,51.591808,0.062017,"2021-10-08 12:54:33",412.884827,0.638864,0,51.58392,51.584713,51.599655,51.598873,18.574097,18.606964,18.590027,18.557007,-0.125173000000018,0.68,0.0567944624690122,0.0919716778304311,0.115488219482416,0.113226096881233,0.0859667291860409,0.0276431897155536,0.445735680790003,0.0169350159150309,0.273070543803004,0.0324182155846438,0.522731115414221,0.933594211206182,15.0538434817257
18.584635,51.559818,0.139433,"2021-10-08 12:54:32",412.811493,0.587107,0,51.551739,51.552364,51.567993,51.567352,18.577057,18.609833,18.592133,18.559509,-0.198507000000006,0.68,0.0829718261539744,0.142238102402864,0.206557549136636,0.192488474796231,0.136110196033012,0.0490694253156722,0.351921175874235,0.00234957721761078,0.0168509407214273,0.0491256451755277,0.352324379275549,0.899726602064712,6.45275223271902
18.584923,51.279884,0.000655,"2021-10-08 12:53:38",413.868042,0.606343,0,51.271999,51.272999,51.287678,51.286652,18.564911,18.597778,18.604919,18.572021,0.858042000000012,0.68,0.000876679118124368,0.000874228800811509,0.000680094939707503,0.000601028558312258,0.000810585850485319,0.000129220347974625,0.19728297400706,0.000110015809934845,0.167963068602817,0.000169709683772916,0.25909875385178,0.911071820687248,1390.94934456068
18.585012,51.418983,0.243465,"2021-10-08 12:54:10",412.776733,0.623799,0,51.411194,51.411911,51.426849,51.426128,18.571564,18.604462,18.59848,18.565613,-0.233267000000012,0.68,0.311838918445697,0.249209900435983,0.19402111784622,0.187707463968974,0.277835310181583,0.0501706371183347,0.206069197290513,0.0243034794008824,0.0998232986297101,0.0557472146375829,0.228974245323077,0.924463598169689,3.79711087084258
18.588173,51.496513,0.358936,"2021-10-08 12:54:31",412.508453,0.575053,0,51.48872,51.48933,51.504257,51.503681,18.580017,18.613037,18.596161,18.563171,-0.501547000000016,0.68,0.327082462673673,0.334022331120013,0.357704069050283,0.374963753072662,0.383308281570692,0.0196304982317674,0.0546908034629222,0.0172338055716243,0.0480135889730321,0.0261220312247722,0.072776292221377,0.890936761686433,2.4821605012772
18.589422,51.355412,0.013825,"2021-10-08 12:53:38",414.156036,0.636485,0,51.347828,51.348583,51.363235,51.362476,18.569366,18.602234,18.609375,18.576538,1.14603599999998,0.68,0.0131155183251542,0.015049549263435,0.0138402743003951,0.0157804436336757,0.0228622453118605,0.00107133705262669,0.0774927343672109,0.00639029744326289,0.46222766316549,0.00647948026416495,0.468678500120431,0.931426400146299,67.372614838792
18.591049,51.403629,0.154504,"2021-10-08 12:54:10",412.602631,0.691785,0,51.395954,51.396637,51.411335,51.410629,18.577515,18.610382,18.604523,18.571625,-0.407369000000017,0.68,0.181978627743522,0.18933974389382,0.135965673972659,0.147468703564735,0.164579818777254,0.022867178455832,0.148003795732357,0.00712467978340305,0.0461132383847865,0.0239513864431039,0.15502114147921,0.970329920767956,6.28028996510094
18.592472,51.295246,0.000982,"2021-10-08 12:53:38",413.566589,0.591279,0,51.287189,51.288219,51.303143,51.302128,18.572388,18.605316,18.612488,18.57959,0.556589000000031,0.68,0.00135305080786946,0.00120324089741129,0.000988288917164092,0.000880189858083408,0.00125235921479519,0.000192142466752701,0.195664426428413,0.000191172834137949,0.194677020507077,0.000271045715778997,0.276013967188388,0.901116490419957,917.633900631321
18.593636,51.481121,0.419552,"2021-10-08 12:54:11",413.646301,0.707749,0,51.473392,51.474201,51.488895,51.488087,18.580078,18.613007,18.607056,18.574127,0.636301000000003,0.68,0.46403403314323,0.398901737735221,0.377571248499367,0.366292586226218,0.425526538173357,0.0386788104076459,0.0921907425245165,0.00422463645683864,0.0100693989227525,0.0389088412541811,0.0927390198454093,0.982253808813559,2.34119682140368
18.59713,51.388062,0.095449,"2021-10-08 12:54:10",411.833649,0.778926,0,51.380249,51.380917,51.395855,51.395168,18.583618,18.616455,18.610504,18.577606,-1.17635100000001,0.68,0.112859827258921,0.100177924996377,0.0801386528795092,0.0820908694145626,0.111694195962461,0.0135076012669434,0.141516425179346,0.0114870882267605,0.120347915921178,0.0177315675538321,0.185770071491918,1.03413738060468,10.8344496076929
18.599951,51.310406,0.001524,"2021-10-08 12:53:38",413.573364,0.523895,0,51.302708,51.303722,51.317913,51.316925,18.580017,18.612915,18.619873,18.586945,0.563364000000036,0.68,0.00180916717821622,0.00175945712016195,0.00132473290507431,0.00130479874766257,0.00253311229837109,0.000235812304303411,0.154732483138721,0.000713550149156941,0.468208759289331,0.000751505993470961,0.4931141689442,0.858409305510057,563.260699153581
18.600155,51.57618,0.082049,"2021-10-08 12:54:33",412.76239,0.618484,0,51.568401,51.569214,51.583862,51.583073,18.591797,18.624695,18.608093,18.575195,-0.247610000000009,0.68,0.057922566205785,0.0881592204031986,0.148243315047809,0.151323556662126,0.0769285599072679,0.041955469718348,0.511346509017149,0.00362069791223034,0.0441284831287443,0.04211141048052,0.513247089916026,0.920160762665231,11.2147712058067
18.602228,51.544315,0.167607,"2021-10-08 12:54:32",413.037201,0.652087,0,51.536831,51.537434,51.551785,51.551159,18.59375,18.626617,18.610382,18.577606,0.0272009999999909,0.68,0.124158380308523,0.176588645378522,0.239533496008014,0.219932642072998,0.135744528656535,0.0454630922468191,0.271248171298448,0.0225301695523262,0.134422604976678,0.0507395437178868,0.302729263800956,0.943499844655896,5.62923890205001
18.602442,51.249863,0.000342,"2021-10-08 12:53:38",413.126953,0.605538,0,51.241955,51.242859,51.257809,51.256908,18.582397,18.615173,18.622375,18.589569,0.116953000000024,0.68,0.000371229231070823,0.00041464854932161,0.000306798338159558,0.000255333090999574,0.000403355721378771,6.08328518133752e-05,0.177873835711623,4.33850466515214e-05,0.126856861554156,7.47187937048154e-05,0.21847600498484,0.910536256843679,2662.38671591719
18.603651,51.512745,0.265839,"2021-10-08 12:54:32",411.86026,0.63302,0,51.505081,51.505817,51.520565,51.519779,18.595642,18.628387,18.611725,18.578827,-1.14974000000001,0.68,0.193526979441218,0.27570879412326,0.306787431316436,0.367488667814837,0.278432286523301,0.0633460286086455,0.238287191151959,0.00890479829805129,0.0334969598066924,0.0639688578389228,0.240630072483431,0.93123913962699,3.50301926965942
18.605251,51.481033,0.393669,"2021-10-08 12:54:31",412.913849,0.645184,0,51.473232,51.473866,51.488754,51.48814,18.597107,18.630066,18.61319,18.58017,-0.0961509999999635,0.68,0.381679378855008,0.370377730702042,0.38584781127762,0.381819807605283,0.396665894106471,0.00842437156313955,0.021399631576628,0.00211912414518366,0.00538300995299011,0.00868681318876691,0.022066287131491,0.937410184806724,2.38121412863783
18.606133,51.45039,0.470336,"2021-10-08 12:54:11",413.006622,0.659515,0,51.442257,51.443073,51.458492,51.457672,18.592712,18.625732,18.619324,18.586365,-0.00337799999999788,0.68,0.55245686951405,0.49654010464345,0.368486151448716,0.346203808617894,0.472883935311509,0.0872411139769452,0.185486788119441,0.0018016623367927,0.00383058565959804,0.0872597155342267,0.1855263376272,0.951301368221509,2.02259952081386
18.607441,51.325741,0.002509,"2021-10-08 12:53:38",413.414154,0.606076,0,51.317478,51.318462,51.333832,51.332886,18.58728,18.620209,18.627594,18.594635,0.404154000000005,0.68,0.00711559627530381,0.00472660599897612,0.00284853489787569,0.00208777074394812,0.0031121648348348,0.0020820027043464,0.829813752230532,0.000426501944884951,0.16998881820843,0.00212523861481397,0.847046080037452,0.910896610167789,363.051658097963
18.609703,51.212589,4.9e-05,"2021-10-08 12:53:17",413.269501,0.572146,0,51.204578,51.205364,51.220577,51.219776,18.584717,18.617523,18.634552,18.601898,0.259501,0.68,5.62227719804644e-05,4.69844110537969e-05,5.93807574570792e-05,5.60209729819284e-05,4.47975804545737e-05,5.26907551637761e-06,0.107532153395461,2.97155935796182e-06,0.0606440685298331,6.04924142477224e-06,0.123453906628005,0.888679382765569,18136.3139339912
18.610172,51.265251,0.000595,"2021-10-08 12:53:38",413.037201,0.605105,0,51.257343,51.25824,51.273163,51.272282,18.590088,18.622925,18.630127,18.597321,0.0272009999999909,0.68,0.000681328269913522,0.000689621499221261,0.000537695311450805,0.00047880669418134,0.000678088534238156,9.10760728162102e-05,0.15306902994321,5.87524659986507e-05,0.0987436403338667,0.000108382209335971,0.182154973673901,0.910248357741833,1529.82917267535
18.610992,51.242283,0.000254,"2021-10-08 12:53:16",412.853882,0.585532,0,51.234509,51.235367,51.24992,51.249104,18.586426,18.619171,18.635437,18.602661,-0.156117999999992,0.68,0.000265738482393152,0.00029736545818133,0.000264719914576955,0.000212012833727363,0.00029508611576474,3.0751244222687e-05,0.1210678906405,2.90522710698632e-05,0.114379019960091,4.2304532565201e-05,0.166553277815752,0.897355963268576,3532.89749318337
18.612272,51.435028,0.434878,"2021-10-08 12:54:11",412.615112,0.688725,0,51.427475,51.428314,51.442516,51.441696,18.59845,18.631531,18.625885,18.592896,-0.39488799999998,0.68,0.541492039855968,0.441342350840104,0.3325546220763,0.294498471455688,0.409892645001561,0.0977552095957187,0.224787663656747,0.0176673139497494,0.0406259087600417,0.0993388895916494,0.228429328666084,0.972939022041105,2.23726889389922
18.615185,51.592583,0.042155,"2021-10-08 12:54:33",413.677765,0.690079,0,51.584713,51.585583,51.600555,51.599651,18.607056,18.640015,18.623108,18.590088,0.667765000000031,0.68,0.0460793792383745,0.0535499105931054,0.0785032608491585,0.0777911405221612,0.0468064079126384,0.0174068120169833,0.412924018906021,0.00328904207709138,0.0780225851522091,0.0177148215452336,0.420230614286173,0.968980309987453,22.9861299961441
18.617882,51.280788,0.000885,"2021-10-08 12:53:38",412.935089,0.580846,0,51.272999,51.27388,51.288548,51.287678,18.597839,18.630676,18.637787,18.60498,-0.074910999999986,0.68,0.00118917983443447,0.00103555376210733,0.00082071658346021,0.000776022803046938,0.00105273195337582,0.000169819599885976,0.191886553543476,0.000118604401653708,0.134016273055037,0.000207136912685951,0.23405300868469,0.894305383312491,1010.51455741524
18.618132,51.419846,0.332125,"2021-10-08 12:54:11",412.641418,0.665518,0,51.411911,51.412746,51.427692,51.426853,18.604523,18.637573,18.631622,18.598541,-0.368582000000004,0.68,0.463190029046883,0.363008134410628,0.280848416332723,0.221449785116682,0.348544707296056,0.0908434106711905,0.273521748351345,0.0116104863741394,0.0349581825341045,0.0915823599620508,0.275746661534214,0.955877365031843,2.8780650810142
18.621124,51.497074,0.337275,"2021-10-08 12:54:32",412.620911,0.702701,0,51.489334,51.490032,51.504993,51.504257,18.613098,18.645935,18.628998,18.596222,-0.389089000000013,0.68,0.297526658200315,0.34088358975272,0.335002288990033,0.399541186494501,0.333603621364012,0.0366107763075424,0.108548740071284,0.00259605672981052,0.00769715137442895,0.0367027036113867,0.108821298973795,0.978537574063145,2.90130479301207
18.622389,51.356403,0.031481,"2021-10-08 12:53:38",413.312134,0.652829,0,51.348583,51.349522,51.364155,51.363239,18.602295,18.635223,18.642395,18.609436,0.302134000000024,0.68,0.0226570126306585,0.0204266319409082,0.026348258180364,0.0290199881369804,0.0300714462902491,0.00451442323156614,0.143401519378868,0.000996704986611517,0.031660524970983,0.00462314156651516,0.146854978130147,0.942659576241044,29.9437621499013
18.624142,51.40448,0.237666,"2021-10-08 12:54:11",412.89859,0.652944,0,51.396641,51.397491,51.412182,51.411343,18.610443,18.643463,18.637665,18.604584,-0.111409999999978,0.68,0.269857828095183,0.236702850750476,0.189234825763477,0.176807977608116,0.28353684319448,0.0383008814933287,0.161154231119843,0.0324355842815616,0.136475491999536,0.050189885941814,0.211178233074205,0.944062970244492,3.97222560334458
18.625429,51.296135,0.001419,"2021-10-08 12:53:38",413.330902,0.557912,0,51.288219,51.289082,51.304001,51.303143,18.605377,18.638184,18.645355,18.612579,0.32090199999999,0.68,0.00157282462447583,0.00155557415033946,0.00127626879155133,0.00212591455716117,0.00152847166281329,0.000322627022061472,0.227362242467563,7.74081551230446e-05,0.0545512016370998,0.000331783389945619,0.233814933013121,0.879582804415945,619.861032005599
18.626625,51.481976,0.401626,"2021-10-08 12:54:11",413.09964,0.685491,0,51.474201,51.475025,51.489716,51.488903,18.613098,18.646149,18.640198,18.607117,0.0896400000000313,0.68,0.35029125140929,0.36765758511035,0.370837385336946,0.389326211782316,0.364679391138909,0.0199465181392985,0.049664409523533,0.0261251976675244,0.0650485717247499,0.0328692795638813,0.0818405172072558,0.966115055580881,2.40550924387585
18.630127,51.388882,0.149517,"2021-10-08 12:54:11",413.562317,0.567685,0,51.380917,51.38179,51.396709,51.395859,18.616547,18.649567,18.643585,18.610565,0.552317000000016,0.68,0.156382848989945,0.165301218283064,0.119520739492485,0.119839616962652,0.153514213500787,0.021228842982772,0.141982804515687,0.0028264567722569,0.0189039157571173,0.0214161768827358,0.143235731607347,0.886072746368645,5.92623411631216
18.63291,51.311279,0.00274,"2021-10-08 12:53:39",412.678802,0.547826,0,51.303722,51.304585,51.318737,51.317913,18.612976,18.645752,18.652771,18.619934,-0.331197999999972,0.68,0.00245468186242597,0.00217960422367206,0.00328705654959795,0.00360641498061995,0.00339520325673768,0.000587564020060504,0.214439423379746,0.000463298665894724,0.16908710434114,0.000748249377874443,0.273083714552717,0.873220410980602,318.693580649855
18.632996,51.57692,0.057048,"2021-10-08 12:54:33",412.799988,0.701227,0,51.569218,51.570065,51.584736,51.583874,18.624786,18.657745,18.641113,18.608185,-0.210012000000006,0.68,0.0316204255657394,0.0676788835287486,0.105570293171588,0.0885289326940965,0.0742411843271013,0.0285248174570365,0.500014329284751,0.0121574172278836,0.213108561700386,0.0310075475426564,0.543534349015852,0.97728234074581,17.1308782208984
18.635151,51.545135,0.136735,"2021-10-08 12:54:33",412.282013,0.668327,0,51.537434,51.538311,51.552631,51.551788,18.626678,18.65976,18.643555,18.610443,-0.727986999999985,0.68,0.0818012958404935,0.115489822912708,0.189881613017756,0.184740616643111,0.140643241699416,0.0460256381826937,0.336604659982402,0.00276354420817309,0.0202109497069009,0.0461085300862515,0.337210882994489,0.95456114286918,6.98110317672271
18.63522,51.250679,0.000463,"2021-10-08 12:53:39",413.159393,0.649461,0,51.242859,51.243683,51.258648,51.257812,18.615265,18.64801,18.655243,18.622437,0.149393000000032,0.68,0.000510930493029876,0.000552325470400406,0.000421443264424158,0.000387496839074309,0.000519100967337849,6.63748543914673e-05,0.143358216828223,3.96693744357181e-05,0.0856789944615941,7.73258078755708e-05,0.167010384180499,0.940318880221109,2030.92630717302
18.635983,51.373413,0.067815,"2021-10-08 12:54:11",412.62027,0.699978,0,51.365463,51.366344,51.38126,51.38039,18.622375,18.655426,18.649445,18.616425,-0.389729999999986,0.68,0.0707812821914637,0.0853913622795603,0.0727745517018382,0.0620198998288142,0.0771637734044755,0.00863472283190333,0.127327624152523,0.00661058107008107,0.0974796294342118,0.010874659556414,0.160357731422459,0.975954639675671,14.3914272605717
18.638203,51.481571,0.382376,"2021-10-08 12:54:32",412.239716,0.60945,0,51.473866,51.474537,51.489456,51.488754,18.630127,18.662994,18.646088,18.613251,-0.770284000000004,0.68,0.339523237110552,0.347371788862707,0.373145669117137,0.381032471986755,0.336940533253053,0.0199038671999136,0.0520531288572336,0.0321277266431421,0.0840212948593586,0.0377935807878568,0.0988387890135803,0.913924317024538,2.39011945578315
18.639072,51.451229,0.485237,"2021-10-08 12:54:11",412.971893,0.681466,0,51.443073,51.443935,51.459339,51.458492,18.625763,18.658844,18.652496,18.619385,-0.0381069999999681,0.68,0.526454158656458,0.464536139681331,0.393835802742775,0.417637265357515,0.526730697420698,0.0529520632810406,0.109126186339955,0.0293404748226783,0.060466276938235,0.0605374633474144,0.124758547570392,0.964603905043174,1.98790262293101
18.640442,51.326607,0.005815,"2021-10-08 12:53:39",413.447754,0.647218,0,51.318462,51.319286,51.334644,51.333832,18.62027,18.653076,18.660461,18.627655,0.437753999999984,0.68,0.00655363062665898,0.00402633038254628,0.00504722379278034,0.00430433905312697,0.00518247981750432,0.00104889707722012,0.180377829272592,0.000447259310280048,0.0769147567119601,0.00114027451485732,0.196091920009858,0.938771771917951,161.439685626475
18.64257,51.213387,8.4e-05,"2021-10-08 12:53:17",412.627228,0.521279,0,51.205364,51.206188,51.221375,51.220577,18.617615,18.650513,18.667633,18.634613,-0.382771999999989,0.68,9.20659954481003e-05,0.000100169318790299,7.66818408787429e-05,6.84893442029941e-05,9.22360017453914e-05,1.24523833142577e-05,0.148242658503068,5.82373268403051e-06,0.0693301510003632,1.374691647535e-05,0.16365376756369,0.856814913519821,10200.1775419026
18.642937,51.266048,0.000758,"2021-10-08 12:53:39",412.757721,0.663634,0,51.258244,51.259083,51.274029,51.273163,18.622986,18.655762,18.663025,18.630188,-0.252278999999987,0.68,0.00093136444956137,0.000899882288983846,0.000706359956563506,0.000639041852344191,0.00086595620648372,0.000125318505040945,0.165327843061932,7.63365656758135e-05,0.100707870284714,0.000146737857981078,0.193585564618837,0.95016320044927,1253.51345705708
18.648111,51.593582,0.021675,"2021-10-08 12:54:33",413.105225,0.696374,0,51.585583,51.586567,51.601528,51.600555,18.640076,18.673096,18.656128,18.623199,0.0952250000000276,0.68,0.011693846466225,0.0436730100204224,0.0531017529973045,0.0422393490340931,0.0329457860915414,0.017136695824629,0.790620337929829,0.00796964927463195,0.367688547849225,0.0188992500736537,0.871937719661071,0.973495726508004,44.9132976474281
18.650677,51.281582,0.001112,"2021-10-08 12:53:39",411.915314,0.68503,0,51.27388,51.27475,51.289455,51.288548,18.630737,18.663574,18.670715,18.637848,-1.09468599999997,0.68,0.00129519872288143,0.00132435766930902,0.000994716481204776,0.00094416254639576,0.00126501936768468,0.000171859819332653,0.154550197241595,0.000108201032542715,0.0973030868189883,0.00020308436903012,0.182629828264496,0.965228543995287,868.011280571301
18.650696,51.561386,0.088627,"2021-10-08 12:54:33",413.06311,0.631349,0,51.553211,51.554043,51.56966,51.568813,18.643066,18.676147,18.658203,18.625244,0.0531100000000038,0.68,0.0407638385929348,0.0757463250347455,0.110181215243819,0.109420186068596,0.0904969891333212,0.0286620351009693,0.323400714240235,0.00132228199691658,0.0149196294235005,0.0286925196838578,0.323744679204506,0.928345205452588,10.4747447781442
18.652246,51.529793,0.15769,"2021-10-08 12:54:32",411.611359,0.670983,0,51.521748,51.52264,51.53767,51.536793,18.644348,18.677368,18.660278,18.627228,-1.398641,0.68,0.0805923982394863,0.151879942823319,0.199121843081229,0.235054098690287,0.146005598147634,0.0579266876748703,0.367345346406686,0.00826211978391665,0.0523946970886971,0.0585129367602221,0.371063077939135,0.957100804543234,6.06950855820429
18.654058,51.497936,0.289001,"2021-10-08 12:54:32",413.429901,0.676931,0,51.490036,51.490681,51.505604,51.504993,18.645996,18.678894,18.661896,18.629089,0.419900999999982,0.68,0.183410029999811,0.241085665535351,0.289800966314987,0.336325385780327,0.260228670294835,0.058018312800761,0.200754712962104,0.0203451094450573,0.0703980589861534,0.0614820957562306,0.212740079640661,0.961465353956958,3.32685822525513
18.655287,51.357304,0.047888,"2021-10-08 12:53:39",410.709229,0.76145,0,51.349529,51.350323,51.364941,51.364155,18.635284,18.668091,18.675232,18.642456,-2.300771,0.68,0.0628911249519361,0.043568309829511,0.0350448711632575,0.0380184561949627,0.038505900420943,0.0109220742309903,0.228075389053423,0.00663414623411866,0.138534627341268,0.0127790297661025,0.266852442492952,1.02096493872305,21.3198492048749
18.658276,51.296925,0.00154,"2021-10-08 12:53:39",412.927612,0.643775,0,51.289082,51.289989,51.304897,51.304001,18.638245,18.671112,18.678345,18.645416,-0.0823879999999804,0.68,0.0019642093978535,0.00183254179860478,0.00146751449095631,0.00217606881662745,0.00188289206566418,0.000294754438989984,0.191398986357132,0.000242461304846205,0.157442405744289,0.000381664333743703,0.247833982950456,0.936400766922296,608.052446053439
18.658382,51.198994,3.1e-05,"2021-10-08 12:53:17",412.782898,0.533944,0,51.191639,51.192486,51.206493,51.205654,18.634155,18.667053,18.682922,18.649872,-0.227102000000002,0.68,4.02999318343188e-05,3.14239956841273e-05,3.43319736891116e-05,3.40035509797019e-05,3.00336667336569e-05,3.715194163996e-06,0.119844973032129,6.83300805517353e-07,0.0220419614683017,3.77750812931098e-06,0.121855100945516,0.864578622885316,27889.6329963005
18.659666,51.482738,0.350356,"2021-10-08 12:54:12",412.14975,0.736958,0,51.475025,51.475788,51.49049,51.489716,18.64621,18.679016,18.673126,18.640259,-0.860250000000008,0.68,0.308801173081632,0.299368342016018,0.344350030673162,0.377397598174384,0.329363229840726,0.0319030504564937,0.0910589527694507,0.0148441301355132,0.0423687053611562,0.0351873958671231,0.100433261788361,1.00336695510262,2.86384978451239
18.659739,51.228546,0.000251,"2021-10-08 12:53:17",413.333344,0.604246,0,51.220993,51.22179,51.236073,51.23526,18.635101,18.668121,18.684143,18.651245,0.32334400000002,0.68,0.000267960449069429,0.000235241409341028,0.000198646816188678,0.000227256250693371,0.000279153632119376,2.60708508464129e-05,0.103867931659015,1.99076241866422e-05,0.0793132437714829,3.2802481074036e-05,0.130687175593769,0.909677541545356,3624.21331292971
18.663115,51.389683,0.216635,"2021-10-08 12:54:11",412.820618,0.636851,0,51.38179,51.382641,51.397568,51.396713,18.649658,18.682556,18.676605,18.643646,-0.189381999999966,0.68,0.237865340936372,0.239998625353033,0.202261849990698,0.165095199139341,0.232919994547969,0.0306945640918248,0.141687927120848,0.0115152300764548,0.0531549845429171,0.0327834834711144,0.15133050278632,0.932230632938813,4.30323185514258
18.665804,51.312069,0.002153,"2021-10-08 12:53:39",412.259033,0.691641,0,51.304585,51.305477,51.319656,51.318737,18.645813,18.678741,18.685699,18.652832,-0.750967000000003,0.68,0.00363674280865121,0.00252788636193149,0.00296933118468377,0.00207360826083407,0.00243279280251303,0.000645626995591145,0.299873198138014,0.000197843387984152,0.0918919591194389,0.000675260115514826,0.313636839533129,0.96993181660219,450.502469392564
18.665951,51.467319,0.416751,"2021-10-08 12:54:12",411.926117,0.621165,0,51.459736,51.460499,51.474945,51.474186,18.652374,18.685242,18.679474,18.646667,-1.08388300000001,0.68,0.388046864765776,0.36378343494662,0.423578610708384,0.440191001165081,0.384341774500788,0.0304017441469037,0.0729494209897605,0.0229167831234968,0.0549891496924945,0.0380715772710191,0.0913532955434279,0.921789239588369,2.21184649728104
18.666042,51.577919,0.031058,"2021-10-08 12:54:33",412.197815,0.699687,0,51.570065,51.571056,51.585724,51.584736,18.657806,18.690796,18.674194,18.641174,-0.812184999999999,0.68,0.020761974719886,0.0552702508891063,0.0666491124720118,0.0550292347594909,0.0418696326985136,0.0190641579884912,0.613824392700469,0.00764497879681718,0.246151677404121,0.0205399079991595,0.661340330966563,0.975901524637406,31.4219049725483
18.66814,51.251617,0.000616,"2021-10-08 12:53:39",413.024109,0.699446,0,51.243683,51.244549,51.259502,51.258648,18.648071,18.680878,18.68811,18.655334,0.014109000000019,0.68,0.000703562264907068,0.000741993671133758,0.000530002002643511,0.000517243770868587,0.000705636625030287,0.000100652988093208,0.163397707943519,6.33826654015918e-05,0.102893937340246,0.000118946989392341,0.193095762000553,0.975512542750931,1583.62425771255
18.668297,51.545845,0.075731,"2021-10-08 12:54:33",411.516663,0.616092,0,51.538311,51.539112,51.553467,51.552639,18.65979,18.69281,18.676697,18.643646,-1.493337,0.68,0.0380531038056789,0.0987997788014992,0.139427668823599,0.141380315903681,0.0941166032150127,0.0438348633216817,0.578823247041261,0.0130005847095407,0.171667939279036,0.045722100183833,0.603743515651886,0.918727306064874,12.1314561548755
18.668974,51.374214,0.103739,"2021-10-08 12:54:11",413.141174,0.688249,0,51.366344,51.367172,51.382111,51.381268,18.655487,18.688354,18.682434,18.649536,0.131173999999987,0.68,0.136005955297533,0.140387196011438,0.11289951037074,0.0944905391496999,0.128536791494151,0.0200390801848247,0.193168241305822,0.0175346865239643,0.169026947666396,0.0266276166065896,0.2566789404813,0.967882077511071,9.32997308159006
18.669687,51.514301,0.189493,"2021-10-08 12:54:32",412.492645,0.631406,0,51.506428,51.507309,51.522049,51.521152,18.661346,18.69458,18.677826,18.644775,-0.517355000000009,0.68,0.0985841012033576,0.16882117720997,0.253604332182273,0.244211252388682,0.16078273203347,0.0628203649178052,0.331518129523546,0.0203012251688163,0.107134433297358,0.0660192244104791,0.348399278128897,0.930286017753552,4.90934239129441
18.671064,51.482422,0.347659,"2021-10-08 12:54:32",413.47934,0.669995,0,51.474545,51.47522,51.490108,51.489456,18.663055,18.695984,18.679047,18.646149,0.469339999999988,0.68,0.261203890460486,0.293810831909592,0.322880837448428,0.390155258971722,0.28985656027988,0.0494686143119035,0.142290619002826,0.0408724970952235,0.117564904389714,0.0641693448676151,0.184575531965561,0.956771135040005,2.75203902398616
18.675615,51.214142,0.000139,"2021-10-08 12:53:17",412.867615,0.606118,0,51.206188,51.20702,51.22226,51.221386,18.650543,18.683655,18.700623,18.667664,-0.14238499999999,0.68,0.000159630462463076,0.000140671425058775,0.000137736096970766,0.000128514793793517,0.000138014306974691,1.13762297941366e-05,0.0818433798139323,6.96990222364272e-07,0.00501431814650555,1.13975611294291e-05,0.0819968426577631,0.910922076828696,6553.39623617767
18.681374,51.594421,0.009161,"2021-10-08 12:54:34",413.58136,0.684216,0,51.586575,51.587269,51.602203,51.601532,18.673157,18.70639,18.689423,18.656189,0.571360000000027,0.68,0.00971319381070096,0.0292943673240907,0.0214299789615126,0.0265912369431926,0.0308739901416718,0.00938447189512085,1.02439383201843,0.0153534025690128,1.67595268737177,0.0179943125235859,1.96423016303743,0.964818806791823,105.318066454734
18.683588,51.282524,0.001359,"2021-10-08 12:53:39",411.885071,0.801747,0,51.274754,51.275589,51.290264,51.289455,18.663635,18.696411,18.703583,18.670776,-1.12492900000001,0.68,0.00175044763527725,0.00165634616993513,0.00124286601678751,0.00118666666082844,0.00167169570146546,0.000251385967794207,0.18497863708183,0.000221109250954111,0.16269996391031,0.000334789793245431,0.246350105405026,1.05128415002472,773.571854322828
18.683836,51.56237,0.043025,"2021-10-08 12:54:33",412.988098,0.665656,0,51.554043,51.555035,51.570648,51.56966,18.676208,18.709167,18.691254,18.658264,-0.0219020000000114,0.68,0.020273834999822,0.0509785675890502,0.0884068368808363,0.073791761101947,0.0619970992643117,0.0266185574337405,0.61867652373598,0.0134153000431391,0.311802441444256,0.0298080169602205,0.692806902038826,0.952043291143371,22.1276767261678
18.68421,51.421455,0.527432,"2021-10-08 12:54:11",412.741211,0.703406,0,51.413609,51.414356,51.429291,51.428558,18.670654,18.703522,18.69754,18.664764,-0.26878899999997,0.68,0.677802786219871,0.579977455197011,0.470233122881622,0.42300284137811,0.537372617034308,0.0990058277814033,0.187712971115524,0.00702907771413772,0.0133269837896406,0.0992550344727776,0.188185461770954,0.983377629755829,1.86446334267892
18.690195,51.406082,0.414333,"2021-10-08 12:54:11",412.812103,0.668647,0,51.398357,51.399097,51.413788,51.41304,18.676544,18.709473,18.703613,18.670746,-0.197897000000012,0.68,0.588116827141241,0.465393636703128,0.367660972195925,0.364676268449353,0.485488726501618,0.0923969954921816,0.223001777536864,0.0503146967295494,0.121435407581702,0.105208238664891,0.253921938790517,0.959456921436272,2.31566619467016
18.691179,51.297844,0.001919,"2021-10-08 12:53:39",413.685699,0.686007,0,51.289993,51.290798,51.30571,51.304897,18.671173,18.703979,18.711212,18.678406,0.675699000000009,0.68,0.00230771877368144,0.0022022788645228,0.00175929341704848,0.00171256837945245,0.00214960062210304,0.000264933674689551,0.138058194210292,0.000163059263634896,0.0849709555158395,0.000311091908351315,0.162111468656235,0.965922202264331,503.346640054367
18.692652,51.229328,0.000367,"2021-10-08 12:53:17",413.010101,0.610684,0,51.22179,51.222675,51.236965,51.236073,18.668182,18.701111,18.717133,18.684174,0.000101000000029217,0.68,0.000417774787331325,0.000409041899994565,0.000335111022713588,0.000308931362096945,0.00039373158770577,4.67248304044205e-05,0.127315614180982,1.89020869386329e-05,0.0515043240834684,5.04033596792664e-05,0.137338854711898,0.913966602451369,2490.37221376395
18.696188,51.390488,0.297008,"2021-10-08 12:54:11",412.67337,0.679046,0,51.382641,51.383377,51.398315,51.397568,18.682617,18.715515,18.709564,18.676666,-0.336630000000014,0.68,0.363876534708979,0.340397734398352,0.270255783456907,0.2375281930973,0.353597105303334,0.0512155894438372,0.172438417294609,0.0400145401012671,0.134725462281377,0.064993846028648,0.218828604039783,0.963186207406229,3.24296385082634
18.69928,51.578777,0.008782,"2021-10-08 12:54:34",413.613556,0.691208,0,51.571056,51.571777,51.586426,51.585724,18.690857,18.72406,18.70752,18.674255,0.603556000000026,0.68,0.00743968788773204,0.0499749007057094,0.0326583134724501,0.0372018993317063,0.053128700636187,0.0185621879896642,2.11366294575998,0.0313578527430976,3.57069605364354,0.0364399471956454,4.1493904800325,0.970307358013749,110.488198361848
18.701357,51.546803,0.056212,"2021-10-08 12:54:33",413.650604,0.574158,0,51.539112,51.540096,51.554455,51.553467,18.692871,18.7258,18.709717,18.676758,0.640603999999996,0.68,0.0249250494303724,0.07707176555767,0.0964845774984912,0.0703452926870719,0.0697946204277913,0.0266871158318854,0.474758340423493,0.00960436301077416,0.170859656492816,0.0283627562177443,0.504567640677157,0.890427905506261,15.8405305896652
18.702007,51.375031,0.151301,"2021-10-08 12:54:11",411.641632,0.77019,0,51.367176,51.367924,51.382843,51.382111,18.688416,18.721344,18.715363,18.682495,-1.36836799999998,0.68,0.201301158710188,0.241486129986614,0.170314127960109,0.176964693906253,0.202546923845778,0.0347084203656486,0.229399808102052,0.036236340259519,0.23949835268451,0.050177154160855,0.331637954546599,1.0286449255694,6.7986657429191
18.702726,51.515034,0.142211,"2021-10-08 12:54:33",413.355103,0.69801,0,51.507309,51.508068,51.522816,51.522049,18.694611,18.7276,18.710754,18.677856,0.345102999999995,0.68,0.0546243315679321,0.111556221368608,0.17920977058992,0.148524339082118,0.123738540589064,0.0471620241696549,0.33163415045007,0.0130620013146661,0.0918494442389555,0.0489374335465547,0.34411848272324,0.975711449406085,6.86101250540454
18.704021,51.483059,0.276581,"2021-10-08 12:54:32",412.639252,0.591979,0,51.475224,51.47604,51.490948,51.490108,18.696045,18.729034,18.71225,18.679138,-0.370747999999992,0.68,0.173639516118607,0.238323415549044,0.295794237671334,0.324933005077673,0.213604846573968,0.0584877523815115,0.211466992965936,0.0445308651405917,0.161004787532736,0.0735106463637109,0.265783428231552,0.904567825853767,3.27053494583419
18.706236,51.328293,0.006918,"2021-10-08 12:53:39",414.028198,0.638217,0,51.320206,51.321011,51.336395,51.335583,18.686127,18.718994,18.726349,18.693512,1.01819799999998,0.68,0.0089713705087277,0.00568832372016279,0.0135681275733002,0.0125986413366798,0.0086525668178493,0.00345015712838159,0.498721758945012,0.00122652395932241,0.177294587933277,0.00366168611889581,0.529298369311334,0.93259548949919,134.807095909105
18.707458,51.185764,2.7e-05,"2021-10-08 12:53:18",413.306244,0.547304,0,51.178066,51.178928,51.19363,51.192745,18.682556,18.715485,18.732117,18.699158,0.296244000000002,0.68,2.40220344341326e-05,2.788495660663e-05,2.66656960013784e-05,3.37328610989996e-05,2.21372012073435e-05,3.58423826948944e-06,0.132749565536646,3.43851800183317e-06,0.127352518586414,4.96690749072332e-06,0.183959536693456,0.872892701562266,32329.3593171209
18.708786,51.267788,0.001178,"2021-10-08 12:53:39",413.173828,0.756478,0,51.259937,51.26067,51.275604,51.274872,18.68869,18.721497,18.72876,18.695923,0.163828000000024,0.68,0.00140924126617825,0.00142127210285754,0.00112197087546072,0.00101438871412131,0.00138707120478642,0.000179978963957629,0.152783500812928,0.000147835666655319,0.125497170335585,0.000232911596539726,0.197717823887713,1.01718190051328,863.482088720952
18.70966,51.24464,0.000656,"2021-10-08 12:53:17",413.71579,0.657131,0,51.236954,51.23785,51.252422,51.251495,18.685059,18.717957,18.734009,18.701233,0.705790000000036,0.68,0.000838499598856212,0.00080903260965657,0.000614109015824411,0.000591471410528592,0.000797001252293964,0.000114176789152085,0.174049983463545,9.97029416528572e-05,0.15198619154399,0.000151581713129628,0.231069684648823,0.94563268457579,1441.51323868261
18.714542,51.595016,0.004268,"2021-10-08 12:54:34",411.955627,0.779564,0,51.587269,51.587887,51.602844,51.602203,18.706451,18.739471,18.722595,18.689484,-1.054373,0.68,0.00821006453528977,0.0174182143961933,0.014786193056152,0.0156902898565463,0.0193153368148244,0.0055869894120798,1.30904156796621,0.0106400739005603,2.49298826161207,0.0120177212191029,2.81577348151427,1.03453586487821,242.393595332288
18.717079,51.422237,0.585999,"2021-10-08 12:54:12",412.864075,0.565023,0,51.414356,51.415241,51.430161,51.429291,18.703613,18.736664,18.730591,18.697601,-0.145924999999977,0.68,0.714149219661851,0.589761711120871,0.474728673424804,0.44967641449562,0.601745836370725,0.105741664062163,0.1804468336331,0.0111346947799746,0.0190012180566427,0.106326294708687,0.181444498554924,0.890480921455075,1.5195946092998
18.718454,51.531441,0.064712,"2021-10-08 12:54:33",412.7612,0.545726,0,51.523407,51.524395,51.539455,51.538479,18.710358,18.743408,18.726349,18.693481,-0.248800000000017,0.68,0.0351864122017187,0.0846214082985872,0.10997415870048,0.0973841142876826,0.0924242251912959,0.0293717660190398,0.453884380316476,0.019595502354534,0.302810952443658,0.0353084175743372,0.54562395806554,0.872618789293242,13.4846518310861
18.723078,51.406853,0.519272,"2021-10-08 12:54:12",413.895142,0.602813,0,51.399105,51.399963,51.414673,51.413788,18.709534,18.742523,18.736755,18.703674,0.88514200000003,0.68,0.681868655477094,0.614974490837984,0.462756053299407,0.419774207287486,0.611593067311873,0.107932897230221,0.207854259868086,0.0652808527426051,0.12571610397365,0.126139208968945,0.242915483540312,0.917439160385206,1.76677956906054
18.724119,51.298611,0.002239,"2021-10-08 12:53:39",414.341064,0.693567,0,51.290802,51.291565,51.306469,51.30571,18.704041,18.736816,18.74411,18.711273,1.33106400000003,0.68,0.00285194610271381,0.00268989340000225,0.0032452148277759,0.002694814052595,0.00676198489775765,0.00036167675327602,0.161534950100947,0.00319823329240878,1.42842040750727,0.00321861868921004,1.43752509567219,0.971311249288953,433.814760736468
18.724417,51.200684,0.000101,"2021-10-08 12:53:18",411.990082,0.651347,0,51.193298,51.194183,51.20821,51.207287,18.699951,18.732941,18.748688,18.715759,-1.01991800000002,0.68,0.000110489068165846,9.6077336860718e-05,9.74060150615142e-05,0.000100242437000556,0.000110828963980348,5.65146936117944e-06,0.0559551421898955,6.95012708254239e-06,0.0688131394311127,8.95786650960144e-06,0.0886917476198163,0.941622490432999,9322.99495478217
18.725803,51.484417,0.226393,"2021-10-08 12:54:12",413.639038,0.724188,0,51.476673,51.477436,51.492126,51.491375,18.71225,18.745178,18.739319,18.70636,0.629038000000037,0.68,0.128213045650489,0.202099176242254,0.254886448482581,0.276365030826065,0.182996597532594,0.0573394011730276,0.253273737143055,0.0306858904638034,0.135542576244864,0.0650340741491562,0.287261859461892,0.995528849478727,4.39734819309222
18.729,51.391235,0.432972,"2021-10-08 12:54:12",410.933014,0.712232,0,51.383377,51.384212,51.399174,51.398315,18.715546,18.748444,18.742615,18.709625,-2.07698599999998,0.68,0.58411186478593,0.476083968393549,0.403207238535536,0.335475368996151,0.535600476511629,0.0924606548742186,0.213548808870363,0.0725692916842172,0.167607354942623,0.117538397110554,0.271468818100372,0.991710490324328,2.29047257172364
18.731667,51.313717,0.003688,"2021-10-08 12:53:40",413.708466,0.702731,0,51.306293,51.307049,51.321239,51.320454,18.7117,18.744537,18.751495,18.718719,0.698465999999996,0.68,0.00445904394737405,0.00682320610335686,0.00939475631456366,0.00498696272460967,0.00738725756593726,0.00228386645785391,0.619269646923512,0.00261577011022988,0.709265214270574,0.00347250619393,0.94156892460141,0.977876738991304,265.150959596341
18.73205,51.468994,0.302522,"2021-10-08 12:54:12",412.603607,0.752817,0,51.461395,51.462147,51.476593,51.47583,18.718567,18.751312,18.745605,18.712677,-0.40639299999998,0.68,0.229153946632905,0.265327309922526,0.342051786437053,0.349621828388928,0.248614439550421,0.0510704296676828,0.168815589172632,0.038118401551121,0.126002081009385,0.0637275554470297,0.210654284471971,1.0164618226044,3.35996001151783
18.733797,51.253258,0.001017,"2021-10-08 12:53:40",414.301788,0.745765,0,51.245274,51.246235,51.261169,51.260235,18.713867,18.746643,18.753937,18.721069,1.291788,0.68,0.0011563000623525,0.00114363696371294,0.000885291561421843,0.000914833265493383,0.00120198434684517,0.000125519908678836,0.1234217391139,0.000130803686067584,0.128617193773436,0.000181286656330825,0.178256299243682,1.00924004483069,992.369758928898
18.734488,51.547695,0.027402,"2021-10-08 12:54:34",413.318787,0.592661,0,51.5401,51.540852,51.55518,51.554459,18.725861,18.759003,18.742767,18.709778,0.308786999999995,0.68,0.0178607701244381,0.0539102934185363,0.0462112623884486,0.0399980340691929,0.059070600608572,0.0144758080168731,0.528275600936906,0.0223930822410097,0.817206125137205,0.0266645673130841,0.973088362640831,0.90241789658173,32.9325558930637
18.735798,51.515926,0.082429,"2021-10-08 12:54:33",413.811005,0.640771,0,51.508068,51.509048,51.523804,51.522823,18.727692,18.760681,18.743866,18.710846,0.801005000000032,0.68,0.0577029240502536,0.0888669038938663,0.158008650827555,0.150622207286627,0.0824999840520778,0.0443456347644308,0.537985839503461,5.0193304580309e-05,0.000608927738785003,0.0443456631704626,0.537986184115573,0.935389764901791,11.3478237622899
18.737192,51.483841,0.207305,"2021-10-08 12:54:33",413.403015,0.698548,0,51.47604,51.476749,51.491688,51.490952,18.729126,18.762054,18.7453,18.712311,0.393014999999991,0.68,0.127097486764671,0.169837660752152,0.262353388050812,0.252876780986242,0.184753018599163,0.0567582295651258,0.273790933962644,0.0159466589777247,0.076923658270301,0.0589558526010724,0.284391850660005,0.976649937725857,4.71117405622564
18.739197,51.329033,0.017783,"2021-10-08 12:53:40",414.286133,0.594284,0,51.321003,51.321789,51.337173,51.336391,18.719055,18.751862,18.759247,18.72644,1.27613300000002,0.68,0.0165902110920101,0.0183228291747663,0.0188207404603798,0.0240838157572064,0.0112799257079138,0.00289620032611601,0.162863427212282,0.00459836793049406,0.258582237558008,0.00543442397620858,0.305596579666456,0.903107416435029,50.7848741176983
18.74045,51.186813,3.5e-05,"2021-10-08 12:53:18",412.21698,0.659336,0,51.178928,51.17976,51.194439,51.193634,18.715546,18.748596,18.765076,18.732208,-0.793020000000013,0.68,4.08404468344663e-05,4.10192220446069e-05,5.14368463147387e-05,4.26648486188316e-05,3.80335119669966e-05,5.92911749165489e-06,0.169403356904425,2.14501688267384e-06,0.0612861966478241,6.30519878011818e-06,0.180148536574805,0.94716627945454,27061.8936987011
18.741421,51.215858,0.000292,"2021-10-08 12:53:18",412.225281,0.669126,0,51.207825,51.208752,51.224014,51.223049,18.716461,18.74939,18.766205,18.733337,-0.784718999999996,0.68,0.000386360151274009,0.000358341737218691,0.00030697640841815,0.000265673558895734,0.000353200274590625,4.93995019949523e-05,0.169176376695042,4.32751291735097e-05,0.148202497169554,6.56737969233792e-05,0.22491026343623,0.954007132147893,3267.14771283525
18.744232,51.438267,0.443057,"2021-10-08 12:54:12",412.195068,0.571872,0,51.430786,51.431549,51.445751,51.444988,18.730591,18.763428,18.757812,18.725037,-0.814931999999999,0.68,0.458581648204632,0.445494819149534,0.437508588416349,0.500261419767671,0.45890131568349,0.0254005007277845,0.057330096867411,0.0112036230630562,0.0252870918709245,0.0277616031050302,0.0626592133857049,0.888936606846046,2.00637075330273
18.746628,51.344334,0.06571,"2021-10-08 12:53:40",412.973969,0.632347,0,51.336803,51.337585,51.351974,51.351181,18.726654,18.759491,18.766632,18.733765,-0.0360309999999799,0.68,0.0690975542516371,0.0581824031527943,0.0552542791941784,0.0620991580806696,0.0621593665121292,0.00557235182792311,0.0848021888285361,0.00251067701678149,0.0382084464584004,0.00611184129184919,0.093012346550741,0.928601143124957,14.1318086002885
18.747562,51.595699,0.003589,"2021-10-08 12:54:34",413.094849,0.738704,0,51.587887,51.588562,51.603527,51.602844,18.739532,18.772522,18.755585,18.722656,0.0848490000000197,0.68,0.00132892301198565,0.00379317030934951,0.00300102417192347,0.00669788447608963,0.00400754064344695,0.00194404645011029,0.541667999473472,0.000295952927183519,0.0824611109455333,0.00196644469418667,0.547908803061207,1.00403559026597,279.753577672324
18.749378,51.284153,0.002046,"2021-10-08 12:53:40",412.987549,0.654253,0,51.276337,51.277241,51.29192,51.291027,18.72937,18.762329,18.769531,18.736511,-0.0224509999999896,0.68,0.00245509859288872,0.00250861444861104,0.00194510450806987,0.00194672077879456,0.00232240146721253,0.000278934268928082,0.136331509740021,0.000195445351795891,0.095525587388021,0.000340592442548368,0.166467469476231,0.943635048105046,461.209700931107
18.75004,51.423065,0.595137,"2021-10-08 12:54:12",412.988159,0.637622,0,51.415241,51.415985,51.430935,51.430161,18.736725,18.769409,18.763519,18.730652,-0.0218409999999949,0.68,0.631057195203211,0.5464964286349,0.517894468470598,0.502930580304311,0.584752727973119,0.0535897969491475,0.0900461523130767,0.00734278916789339,0.0123379812848023,0.0540905064666157,0.0908874871947395,0.933749215675074,1.56896515537611
18.75004,51.563828,0.00834,"2021-10-08 12:54:34",413.162598,0.656465,0,51.555759,51.556339,51.57196,51.571369,18.742279,18.77533,18.757538,18.724548,0.152598000000012,0.68,0.00764365306153467,0.0264219377472337,0.0196198031755315,0.0237363582167912,0.0330283489910097,0.00870970114823061,1.0443286748478,0.017457298987843,2.09320131748717,0.0195093870237492,2.33925503881885,0.945371309278551,113.353874014215
18.751747,51.532368,0.045671,"2021-10-08 12:54:33",411.629028,0.613743,0,51.524403,51.525181,51.540207,51.539459,18.743469,18.776703,18.759552,18.72641,-1.38097199999999,0.68,0.0183221688104905,0.0732898326441405,0.0592698331200639,0.0508672836797535,0.0821851656186688,0.0203100490124589,0.444703400680057,0.0258194141183294,0.565334985402759,0.0328502699578294,0.719280724263305,0.91660220940455,20.0696768059502
18.753441,51.500237,0.109695,"2021-10-08 12:54:33",413.314819,0.657239,0,51.492268,51.493252,51.508221,51.507244,18.745209,18.77829,18.761322,18.728302,0.304819000000009,0.68,0.0526707179614424,0.108080758771978,0.179725120021659,0.157943950464009,0.0786440275665334,0.0494346904343577,0.450655822365265,0.0219563531701408,0.200158194723012,0.0540913122679856,0.493106452144451,0.947253383833424,8.63533783521058
18.756096,51.4077,0.620162,"2021-10-08 12:54:12",413.107422,0.626499,0,51.399967,51.400723,51.415417,51.414677,18.742584,18.77533,18.769501,18.736816,0.0974219999999946,0.68,0.745960889735845,0.706837615408389,0.531046399720352,0.58054823129114,0.694569168890774,0.0886654023333892,0.142971356409114,0.052613813691559,0.0848388222618591,0.103100761210148,0.166248111316313,0.930339058603428,1.50015489275936
18.75613,51.172375,1.2e-05,"2021-10-08 12:53:18",413.50528,0.726652,0,51.164806,51.165569,51.179977,51.17926,18.731812,18.764191,18.780548,18.747864,0.495280000000037,0.68,9.02272274511578e-06,9.57683913635828e-06,9.75037362320471e-06,1.10896140518996e-05,8.81978979703717e-06,1.22160217279932e-06,0.10180018106661,2.24874820011366e-06,0.187395683342805,2.55913663881053e-06,0.213261386567544,0.99520004477017,82933.3370641809
18.757027,51.299477,0.002983,"2021-10-08 12:53:40",413.717926,0.548879,0,51.291561,51.29245,51.307343,51.306469,18.736908,18.769928,18.777191,18.744171,0.707925999999986,0.68,0.00302700209434242,0.00391720925655671,0.00289259339936329,0.00251944207923901,0.00345745127730563,0.000515205139777665,0.17271375788725,0.00033548771552543,0.112466548952541,0.000614807566090233,0.20610377676508,0.873881304657185,292.953839978942
18.758331,51.231052,0.000691,"2021-10-08 12:53:18",413.659058,0.581819,0,51.223465,51.22443,51.238708,51.237743,18.733826,18.766724,18.782898,18.749817,0.649058000000025,0.68,0.000837834430860144,0.000812153799957881,0.000660730645004093,0.000592370216952398,0.000775906280953354,0.000103698488586351,0.150070171615559,6.00378070274469e-05,0.0868853936721373,0.000119824516722408,0.173407404808115,0.894937630854193,1295.13405333458
18.758909,51.485107,0.185353,"2021-10-08 12:54:13",412.808044,0.690976,0,51.477436,51.478168,51.492893,51.492126,18.745239,18.778259,18.772491,18.73941,-0.201955999999996,0.68,0.0560090726189208,0.128643094115003,0.208365427272176,0.190671314397068,0.125988606762923,0.0623065135604975,0.336150553595018,0.041976965018962,0.226470383640739,0.0751276728261139,0.405322130346495,0.972364129223342,5.24601236140414
18.764612,51.314602,0.008561,"2021-10-08 12:53:40",414.047058,0.589035,0,51.307049,51.307926,51.322083,51.321239,18.744598,18.777618,18.784637,18.751587,1.037058,0.68,0.00596731312959468,0.0118306550025072,0.0110094461720824,0.0147476813366037,0.00475547123142218,0.003329732332674,0.388941984893588,0.00269091519826187,0.314322532211408,0.00428113793418191,0.500074516316074,0.899655800496507,105.087700093039
18.765141,51.469681,0.226121,"2021-10-08 12:54:13",413.554169,0.633255,0,51.462147,51.462849,51.477325,51.476589,18.751404,18.784332,18.778717,18.745667,0.544169000000011,0.68,0.131190374192986,0.139090291323307,0.272530327289922,0.288104359781547,0.183604465573829,0.0733134730826764,0.324222310544693,0.0300637298052968,0.132954169693645,0.0792382053383986,0.350423911703904,0.93257202843011,4.12421680617948
18.765398,51.580036,0.006179,"2021-10-08 12:54:34",412.74826,0.654671,0,51.572369,51.57304,51.587719,51.587036,18.757141,18.790161,18.773621,18.740601,-0.261739999999975,0.68,0.00163015009289087,0.00928022192910396,0.0059175768562656,0.0073494950066805,0.00687846130384735,0.0028146938116735,0.455525782759913,0.000494593831128045,0.0800443164149613,0.00285781810324993,0.462504952783611,0.943929173913653,152.764067634513
18.766851,51.254082,0.001313,"2021-10-08 12:53:40",414.315338,0.739916,0,51.246243,51.246998,51.261936,51.261169,18.746704,18.779602,18.786865,18.753998,1.30533800000001,0.68,0.00157054333192412,0.00246611208919047,0.00126305605825938,0.00114650651391131,0.00148542034594269,0.00053408314268124,0.406765531364235,0.000121919595830607,0.0928557470149326,0.000547822225857776,0.417229418018108,1.00492586152671,765.366231170377
18.767534,51.548283,0.020502,"2021-10-08 12:54:34",412.598114,0.62526,0,51.540852,51.541424,51.555767,51.555187,18.759064,18.792053,18.775879,18.742859,-0.411885999999981,0.68,0.00561176073540813,0.0454616497898737,0.0156167093112103,0.0330363879738835,0.0404367632508059,0.01551524400532,0.756767340031219,0.0140960062759932,0.687542984879194,0.0209623517162903,1.02245399064922,0.924007298558554,45.0691297706836
18.76897,51.516865,0.04162,"2021-10-08 12:54:33",411.684479,0.660099,0,51.509048,51.509838,51.524593,51.523808,18.760742,18.793854,18.777161,18.743927,-1.32552099999998,0.68,0.0268786456059463,0.0741749810709389,0.0801643877858995,0.0599183648833737,0.0645631240099154,0.0222649910940902,0.534958940271268,0.0162232385690151,0.389794295267061,0.0275485625412124,0.661906836646142,0.948097892149902,22.7798628579986
18.770407,51.484688,0.136928,"2021-10-08 12:54:33",412.63324,0.622256,0,51.476749,51.477718,51.492664,51.491688,18.762115,18.795227,18.778412,18.745361,-0.37675999999999,0.68,0.0727236361820697,0.0954334820725864,0.200682507642817,0.187020036236426,0.109897228751652,0.055687897721887,0.406694742652248,0.0191136416504092,0.139588993123461,0.0588767632417375,0.429983372588057,0.923617346516307,6.74527741963884
18.771152,51.45433,0.302854,"2021-10-08 12:54:13",412.636902,0.641081,0,51.446316,51.44701,51.462448,51.461742,18.757751,18.790741,18.784454,18.751526,-0.37309799999997,0.68,0.221991299233486,0.211443530003475,0.338208164003578,0.340615731526451,0.238697831569052,0.0624581512578243,0.206231884861433,0.0453652617524696,0.149792513067252,0.0771947383726077,0.254890932173944,0.937733371589929,3.09632156613394
18.77219,51.329926,0.02847,"2021-10-08 12:53:40",413.956512,0.700118,0,51.321789,51.322632,51.338009,51.337173,18.751923,18.784973,18.792358,18.759308,0.946511999999984,0.68,0.0268931394480147,0.0422119884821991,0.0333713339509738,0.0262485555925984,0.0318083295857248,0.00663723808598204,0.233130947874325,0.00236055548790168,0.082913786016919,0.00704451216348395,0.247436324674533,0.976019896864619,34.2823989063793
18.774664,51.269428,0.001959,"2021-10-08 12:53:40",412.272095,0.632433,0,51.261608,51.262379,51.277332,51.276524,18.754547,18.787415,18.794647,18.761841,-0.737905000000012,0.68,0.00223251808576237,0.00214095448145859,0.00191641531903713,0.00165902495445848,0.00209043923645166,0.000222018128563066,0.113332378031172,9.29415754089509e-05,0.0474433769315727,0.000240686904193277,0.122862125672934,0.928639627314701,474.037584132057
18.77973,51.345219,0.097395,"2021-10-08 12:53:40",413.781158,0.716303,0,51.337585,51.338421,51.352798,51.351974,18.759552,18.792603,18.799713,18.766693,0.771158000000014,0.68,0.0987808071407005,0.107425116493805,0.101277252826699,0.0838668942245041,0.110934659197551,0.00865994516650441,0.0889157058011645,0.00957398483354312,0.0983005784028248,0.0129095250059705,0.132548128815344,0.98775333137625,10.1417252566995
18.780668,51.596378,0.001457,"2021-10-08 12:54:35",413.431702,0.636858,0,51.588562,51.589233,51.604202,51.603527,18.772583,18.805695,18.788757,18.755646,0.421701999999982,0.68,0.000980113481518054,0.00115121852407965,0.00158432792388014,0.00218320890695,0.00379673653294989,0.000464626290921982,0.318892444009596,0.00165444356863877,1.13551377394562,0.00171844729684274,1.17944220785363,0.931660380839022,639.437461111203
18.78245,51.284927,0.003095,"2021-10-08 12:53:40",412.69223,0.629032,0,51.277248,51.278057,51.29274,51.29192,18.76239,18.795197,18.802368,18.769592,-0.317769999999996,0.68,0.00282180831636793,0.00463818232222165,0.00245304379416613,0.00225316181109012,0.00284034532997467,0.000944418110916675,0.305143169924612,0.000180068044035733,0.0581803050196231,0.000961431260522705,0.310640148795704,0.92632725393031,299.297981883784
18.783068,51.564487,0.004303,"2021-10-08 12:54:34",412.587067,0.553878,0,51.556339,51.557011,51.572632,51.57196,18.775391,18.808411,18.790619,18.757599,-0.422933,0.68,0.00340439262734146,0.0128907126269167,0.00762783168162308,0.0110603596232907,0.00701078891389782,0.00412640648396088,0.958960372754097,0.0019146959030389,0.444967674422241,0.00454898789534423,1.05716660361242,0.877041351462331,203.820904360291
18.784718,51.532963,0.015517,"2021-10-08 12:54:34",412.266876,0.630488,0,51.525188,51.525745,51.540783,51.540211,18.776794,18.809753,18.792572,18.759613,-0.743123999999966,0.68,0.00796169056720698,0.0513557609446774,0.0338548951538023,0.0326154524845047,0.0536570715445649,0.0170153783528574,1.09656366261889,0.0269691032241019,1.73803591055629,0.0318881738141768,2.05504761320982,0.927864200070896,59.7966230631498
18.788813,51.173138,1.4e-05,"2021-10-08 12:53:19",414.789886,0.722306,0,51.165569,51.16634,51.180756,51.179977,18.764221,18.797058,18.813446,18.780609,1.77988600000003,0.68,1.64477940123438e-05,1.63636739729746e-05,1.52913375776594e-05,1.71121398329643e-05,1.24469842674107e-05,1.21948488374632e-06,0.0871060631247371,1.09814795580329e-06,0.0784391397002349,1.64105829101855e-06,0.117218449358468,0.992031228157004,70859.373439786
18.788925,51.408401,0.606952,"2021-10-08 12:54:12",413.055664,0.633273,0,51.400726,51.401386,51.416088,51.415417,18.775391,18.808289,18.80249,18.769562,0.0456639999999879,0.68,0.739786672961162,0.681073381654198,0.6116737312306,0.541220844797398,0.659502460609859,0.0761935451168256,0.125534712986901,0.0371587870517078,0.0612219533862773,0.0847716448620876,0.139667790635977,0.93307069630421,1.5373055798551
18.790045,51.300251,0.007001,"2021-10-08 12:53:40",413.334625,0.685688,0,51.292454,51.293278,51.308197,51.307343,18.769989,18.802765,18.810028,18.777252,0.324625000000026,0.68,0.00489866088632343,0.00551296354855579,0.00349342620042124,0.00616810976764044,0.0048177057170242,0.00132770657390068,0.18964527551788,0.00154382219281801,0.220514525470363,0.00203621995605005,0.290847015576354,0.965697768215144,137.937118728059
18.791471,51.231987,0.000947,"2021-10-08 12:53:18",412.657043,0.590801,0,51.22443,51.225128,51.239399,51.238712,18.766785,18.799683,18.815735,18.782959,-0.352957000000004,0.68,0.0011007555368134,0.0010939609321133,0.000939753092157513,0.000805850231918118,0.00107196320267528,0.000123058717187344,0.129945847082729,8.83623280104794e-05,0.0933076325348251,0.000151497026001259,0.159975740233642,0.900802888845473,951.217411663646
18.794935,51.392822,0.768853,"2021-10-08 12:54:12",411.87561,0.74766,0,51.385006,51.385662,51.400604,51.399944,18.781464,18.814362,18.808411,18.775513,-1.13439,0.68,0.900205088435195,0.79847431810599,0.592436041679319,0.558798623144706,0.803641202566684,0.144227870813943,0.187588356700102,0.0245989739401935,0.0319943785615632,0.146310588264944,0.190297219709026,1.02117690134395,1.32818224204621
18.797634,51.315353,0.015682,"2021-10-08 12:53:40",413.515625,0.603632,0,51.307926,51.308777,51.322971,51.322083,18.777679,18.810425,18.817444,18.784698,0.505625000000009,0.68,0.011470643526034,0.0141929338901046,0.0127838975945542,0.0145876974871549,0.0149385472506896,0.00164005760380758,0.104582170884299,0.000525700480529168,0.0335225405260278,0.001722251415745,0.109823454645134,0.909271443285194,57.9818545648
18.798094,51.470467,0.14165,"2021-10-08 12:54:13",412.366058,0.626783,0,51.462856,51.463593,51.478069,51.477325,18.784393,18.817352,18.811768,18.778778,-0.643941999999981,0.68,0.0787371105838083,0.0978407878539062,0.216063615618175,0.203277141611204,0.0910219798701252,0.0613201695652972,0.43289918507093,0.0357994163518835,0.252731495601013,0.0710053618162199,0.501273292031203,0.927522878691223,6.5479906720171
18.798523,51.580711,0.001675,"2021-10-08 12:54:35",413.213806,0.653172,0,51.573044,51.573704,51.58839,51.587719,18.790253,18.823273,18.806763,18.773682,0.203805999999986,0.68,0.00123195455174084,0.00354849944779894,0.00448201277095705,0.00244815466736882,0.00142404056871401,0.00133810620350147,0.79886937522476,0.000177455115665043,0.105943352635847,0.00134982166597103,0.805863681176737,0.942886781964054,562.917481769585
18.800724,51.377369,0.593511,"2021-10-08 12:54:12",414.381714,0.763111,0,51.369549,51.37022,51.385132,51.384472,18.787292,18.820221,18.814209,18.781311,1.371714,0.68,0.758250345143278,0.74888468171537,0.531079618948588,0.507808568437286,0.678769809537021,0.118961387535348,0.200436702159434,0.0602870823795199,0.101577026170568,0.133365452896056,0.224705949672468,1.03078840813582,1.7367637805126
18.804171,51.455116,0.222026,"2021-10-08 12:54:13",412.055481,0.579146,0,51.447018,51.44775,51.463192,51.462448,18.790802,18.823669,18.817474,18.784546,-0.954519000000005,0.68,0.100028418442668,0.10567878284473,0.311442630294968,0.288422041743363,0.149191533445783,0.0993246477358858,0.447355930097763,0.0515017452045916,0.23196267646398,0.111883043429183,0.503918655604223,0.900182150857801,4.0543997138074
18.804214,51.158772,5e-06,"2021-10-08 12:53:19",413.7659,0.753584,0,51.151005,51.151867,51.166485,51.165676,18.779633,18.812347,18.829041,18.796082,0.755899999999997,0.68,4.51826355879009e-06,2.95340496300896e-06,3.85257008150579e-06,4.03047385716664e-06,3.74261382619744e-06,7.68351862550473e-07,0.153670372510095,8.89106290065997e-07,0.177821258013199,1.17510619933677e-06,0.235021239867353,1.01503145027993,203006.290055986
18.805189,51.330692,0.057657,"2021-10-08 12:53:40",414.642761,0.644368,0,51.322632,51.323521,51.338898,51.338013,18.785065,18.81778,18.825195,18.792419,1.63276100000002,0.68,0.0829253771772402,0.0753075336542143,0.0491975088433898,0.0523938974525044,0.0451465179461653,0.0148223688705947,0.257078392399791,0.00884624669617912,0.153428841184576,0.0172614802246399,0.29938221247446,0.936967490430456,16.2507152718743
18.806107,51.188183,0.000129,"2021-10-08 12:53:19",413.149872,0.668399,0,51.180485,51.181255,51.195957,51.19516,18.781342,18.81424,18.830688,18.797913,0.139872000000025,0.68,0.000139408406374052,0.000146301194251593,0.000113899759487662,0.000136647167986776,0.000127989254673007,1.23703001316995e-05,0.0958937994705386,7.14704874769355e-07,0.00554034786642911,1.23909292793698e-05,0.0960537153439517,0.95349736410466,7391.45243491985
18.807228,51.217487,7e-04,"2021-10-08 12:53:19",413.112091,0.550849,0,51.209503,51.210247,51.225437,51.224716,18.782379,18.815094,18.832123,18.799286,0.10209100000003,0.68,0.000796606278910666,0.000770520295946725,0.000715243100936011,0.000634241387770633,0.000790826728627691,6.35271682919002e-05,0.0907530975598575,6.42241957256306e-05,0.0917488510366152,9.03352003805356e-05,0.129050286257908,0.875119779779573,1250.17111397082
18.807501,51.270302,0.002366,"2021-10-08 12:53:40",413.47818,0.687253,0,51.262379,51.263157,51.278076,51.277332,18.787476,18.820251,18.827545,18.794708,0.468180000000018,0.68,0.00253697982879506,0.00248280539540961,0.00218613626411401,0.00212424809878338,0.00249617100113062,0.000180340255903259,0.0762215789954604,9.20447976133032e-05,0.0389031266328416,0.000202471856481159,0.0855755944552658,0.966807492215411,408.625313700512
18.810162,51.439728,0.371928,"2021-10-08 12:54:13",412.215271,0.650122,0,51.432236,51.43298,51.447186,51.446457,18.796478,18.829346,18.823822,18.790955,-0.794729000000018,0.68,0.186855655528737,0.21837462474253,0.319455905795933,0.371328965563247,0.225611028364579,0.0864563575582213,0.232454554532655,0.103461722846086,0.278176751538163,0.134829632709265,0.362515413492033,0.950388154777044,2.5553014421529
18.815283,51.285805,0.002907,"2021-10-08 12:53:40",414.433502,0.688468,0,51.278057,51.278793,51.293446,51.292744,18.795258,18.828094,18.835297,18.802429,1.42350199999998,0.68,0.00311493816930438,0.00305997438979903,0.00284221738286389,0.00279006157010782,0.00418684520117919,0.00013972196539623,0.0480639715845304,0.000904987220622867,0.311313113389359,0.000915709613963339,0.315001587190691,0.967671961745352,332.876491828466
18.815985,51.424534,0.413743,"2021-10-08 12:54:13",412.19931,0.700092,0,51.41666,51.417423,51.432362,51.431614,18.80249,18.835388,18.829437,18.7966,-0.810689999999965,0.68,0.378692929856672,0.334010460109534,0.390110536542713,0.478964094873167,0.330129791886891,0.0532132459514727,0.128614250758255,0.0591234664535414,0.142899013284917,0.0795439113331433,0.192254397858437,0.979211949627952,2.36671544806305
18.81612,51.565151,0.002056,"2021-10-08 12:54:35",412.140747,0.617362,0,51.557011,51.557674,51.573299,51.572636,18.808472,18.841522,18.8237,18.79068,-0.869253000000015,0.68,0.00163175370442148,0.00377554692188939,0.00360003708697185,0.0029953835057217,0.00226856297792696,0.000941749916706531,0.458049570382554,0.00015030472312136,0.0731054100784823,0.000953668923374012,0.463846752613819,0.918442566809931,446.71331070522
18.820162,51.361401,0.476977,"2021-10-08 12:53:40",414.623169,0.614929,0,51.353668,51.354538,51.369152,51.368282,18.80011,18.832947,18.840118,18.807312,1.61316900000003,0.68,0.602237891082314,0.532190240139546,0.460013838006545,0.387366519607765,0.556398761640313,0.0805672441696079,0.168912220441673,0.0561596662296469,0.117740826559031,0.098208904607019,0.205898616929158,0.922053503862499,1.93311942475738
18.821836,51.17395,4e-05,"2021-10-08 12:53:19",414.244232,0.691885,0,51.16634,51.167156,51.181591,51.180759,18.797119,18.830048,18.846313,18.813507,1.23423200000002,0.68,4.21692922629035e-05,3.81184997986134e-05,3.30937103841074e-05,3.1543331404655e-05,4.12585837205113e-05,4.52785338299106e-06,0.113196334574776,8.89953083464534e-07,0.0222488270866134,4.61448510113876e-06,0.115362127528469,0.970105588709958,24252.6397177489
18.822933,51.301105,0.006188,"2021-10-08 12:53:40",413.452545,0.661747,0,51.293285,51.293987,51.30891,51.308201,18.802826,18.835693,18.842926,18.810089,0.442544999999996,0.68,0.00533786289720575,0.00507244968595289,0.00571660063474268,0.00662821787509162,0.00635351110575322,0.000629622436361443,0.101748939295644,0.000117034025239785,0.0189130616095322,0.000640407195020127,0.103491789757616,0.948846405974315,153.336523266696
18.823046,51.203087,0.000426,"2021-10-08 12:53:19",413.686401,0.605408,0,51.195713,51.196514,51.210499,51.209705,18.798706,18.831482,18.847351,18.814484,0.676400999999998,0.68,0.000543200202647166,0.000466195554820406,0.000430368353470509,0.000388909597784112,0.000494014957910137,5.83901615152918e-05,0.137066106843408,4.80938379603755e-05,0.112896333240318,7.56467329865654e-05,0.177574490578792,0.910449807615131,2137.20612116228
18.827991,51.393566,0.747549,"2021-10-08 12:54:13",412.57019,0.639159,0,51.385666,51.386475,51.401398,51.400604,18.814423,18.847473,18.841461,18.808472,-0.439809999999966,0.68,0.873394275455961,0.697688900530072,0.616084941145174,0.598799276845658,0.741683501354368,0.111119841926617,0.148645562935162,0.00414753386736691,0.0055481765976102,0.111197218072115,0.148749069388247,0.939834585758567,1.25722138048284
18.830482,51.316219,0.016525,"2021-10-08 12:53:41",414.027405,0.634719,0,51.308781,51.30949,51.323666,51.322971,18.810516,18.843323,18.850342,18.817505,1.017405,0.68,0.0161140090810022,0.0241277566041939,0.0275964624638764,0.0307265033241849,0.025127487896738,0.00654673661735046,0.396171656118031,0.00608287752685864,0.368101514484638,0.00893650711093094,0.540787117151645,0.930240866722347,56.2929420104295
18.832569,51.25563,0.002083,"2021-10-08 12:53:41",413.868744,0.636769,0,51.247787,51.248489,51.263412,51.262722,18.812561,18.845306,18.85257,18.819794,0.858744000000002,0.68,0.00235280999802686,0.00220640758735331,0.00199001669940711,0.0019391673598982,0.00226401445724224,0.000167681465364658,0.0804999833723754,0.00012799655020879,0.0614481758083486,0.000210950683080644,0.101272531483747,0.931597984036672,447.238590512084
18.833679,51.549591,0.00237,"2021-10-08 12:54:35",411.9133,0.641538,0,51.542084,51.542744,51.557098,51.556438,18.825195,18.858246,18.842072,18.809021,-1.0967,0.68,0.00194341819862055,0.00385600890344904,0.00268423377949915,0.00752603458788526,0.00462377151088599,0.00226639832384357,0.956286212592224,0.00159365711859253,0.672429163963095,0.00277061443978797,1.16903562860252,0.934868269730219,394.459185540177
18.83387,51.378109,0.73343,"2021-10-08 12:54:13",413.600586,0.661813,0,51.37022,51.371029,51.385944,51.385136,18.820282,18.853302,18.847351,18.814301,0.59058600000003,0.68,0.881497592512184,0.837174332670411,0.622795772381353,0.563319749979543,0.8360616008746,0.135735873554166,0.185069977440473,0.0725715009424609,0.0989480944909001,0.153918322881177,0.209860958620696,0.961294594329727,1.31068349308009
18.834925,51.518082,0.009309,"2021-10-08 12:54:34",412.095459,0.701942,0,51.51038,51.511028,51.525799,51.525158,18.826813,18.85968,18.843079,18.810303,-0.914540999999986,0.68,0.00680131557080297,0.0210433251003491,0.0155021387520979,0.0192331584617971,0.0134281132944948,0.00617178495312521,0.662991186284801,0.00291265294301293,0.312885695887091,0.00682454955832725,0.733113068893248,0.977327552993711,104.987383499163
18.838964,51.189026,0.000227,"2021-10-08 12:53:19",413.111389,0.612783,0,51.181255,51.182095,51.196781,51.195965,18.814301,18.847076,18.863586,18.83075,0.101388999999983,0.68,0.000270047541502636,0.000237808813634591,0.000220850633627704,0.000207642838589098,0.000247356399814192,2.35674200119374e-05,0.103821233532764,1.43941483491598e-05,0.0634103451504835,2.76154810335922e-05,0.121654101469569,0.915370420022198,4032.46881067048
18.840118,51.218231,0.001026,"2021-10-08 12:53:19",412.207916,0.578654,0,51.210247,51.211033,51.226246,51.225437,18.815155,18.848022,18.86499,18.832184,-0.802083999999979,0.68,0.00115766027330175,0.00106067050343019,0.000924577630739788,0.000842198888305513,0.00108365142657037,0.000122248437614759,0.119150523990993,4.0765714672987e-05,0.0397326653732817,0.000128866302779466,0.12560068497024,0.892883233307986,870.256562678349
18.840359,51.270996,0.002536,"2021-10-08 12:53:41",414.172882,0.653427,0,51.263165,51.263855,51.278759,51.27808,18.820312,18.853119,18.860413,18.827606,1.16288200000002,0.68,0.00284803724369888,0.00276622170760987,0.00256139552937154,0.00240056281221759,0.00294954282156474,0.000181655637953019,0.0716307720634932,0.000292418933439446,0.115307150409876,0.0003442493332368,0.135745005219558,0.943062544498828,371.870088524774
18.841375,51.247898,0.00192,"2021-10-08 12:53:19",413.652802,0.612028,0,51.240284,51.240986,51.25552,51.254803,18.81665,18.849579,18.865845,18.833038,0.642802000000017,0.68,0.0021662781763884,0.00200695030551161,0.00181863626988244,0.00172557421049604,0.002063077848723,0.000170300436010924,0.0886981437556898,0.000101171317069616,0.0526933943070917,0.000198085521689779,0.10316954254676,0.914865187894847,476.4922853619
18.843172,51.440449,0.223158,"2021-10-08 12:54:13",412.628693,0.659927,0,51.43298,51.433716,51.447918,51.447193,18.829407,18.862488,18.856903,18.823883,-0.381306999999993,0.68,0.102159368848313,0.115884938518701,0.28598665076983,0.244345846164787,0.095542281566059,0.0812136539407284,0.363928937975463,0.0902379398906328,0.404367936128809,0.1214024027032,0.544019944179458,0.955323080800998,4.28092688051066
18.848143,51.286503,0.004536,"2021-10-08 12:53:41",413.990021,0.634568,0,51.278793,51.279476,51.294147,51.293453,18.828156,18.860962,18.868134,18.835358,0.980021000000022,0.68,0.00399519335381134,0.003816008847862,0.0040939255277036,0.00520807825067108,0.00341414152009318,0.000558003324247786,0.123016605874732,0.000793273738673745,0.174883981189097,0.000969871607142409,0.213816491874429,0.930095418371112,205.047490822556
18.849106,51.425274,0.338786,"2021-10-08 12:54:13",411.781036,0.642285,0,51.417423,51.418167,51.433094,51.432362,18.835449,18.86853,18.862579,18.829529,-1.22896400000002,0.68,0.168358047154969,0.184265019827224,0.296525640186538,0.385832675868435,0.22277400681677,0.095421339183432,0.281656677617824,0.0820328670788294,0.242137712534843,0.125835699436736,0.371431226310224,0.943803286960653,2.78583910480555
18.849518,51.56583,0.001593,"2021-10-08 12:54:35",412.139221,0.62101,0,51.557674,51.558369,51.57399,51.573303,18.841583,18.875183,18.857147,18.823761,-0.87077899999997,0.68,0.00115354367161651,0.00124276988294873,0.00165003750877478,0.00192174970047458,0.00149980098211932,0.000314040492539248,0.197137785649245,6.59016575433551e-05,0.0413695276480572,0.000320880755766461,0.201431736199913,0.920898215366095,578.090530675515
18.852251,51.502384,0.010776,"2021-10-08 12:54:34",412.594421,0.706017,0,51.494579,51.495224,51.510204,51.509552,18.844177,18.877106,18.860291,18.827362,-0.41557899999998,0.68,0.0107926562685901,0.0186042645265433,0.0133199294231728,0.0390538298511906,0.0141275094980701,0.0119202224330382,1.10618248265016,0.00236987509329649,0.219921593661515,0.0121535184539677,1.12783207627763,0.980310008262596,90.9716043302335
18.8531,51.362156,0.656213,"2021-10-08 12:53:41",413.181,0.613987,0,51.354538,51.355221,51.369843,51.369152,18.833008,18.865845,18.873047,18.84021,0.170999999999992,0.68,0.813408495217688,0.779240557026299,0.60443014182445,0.55921164938625,0.822828442004855,0.110092797235529,0.167769911957747,0.117814908892027,0.179537602717451,0.16124756357967,0.245724427251015,0.930258465658539,1.41761663615097
18.85465,51.174793,8.4e-05,"2021-10-08 12:53:19",413.230103,0.633733,0,51.16716,51.167988,51.182404,51.181591,18.830109,18.862885,18.879242,18.846405,0.220102999999995,0.68,8.3505258565636e-05,9.36634286666593e-05,7.74610336278515e-05,8.53165284338432e-05,7.99345921415493e-05,5.80954762261298e-06,0.0691612812215831,2.87467746499956e-06,0.0342223507738043,6.48186810319251e-06,0.0771650964665775,0.929525424789992,11065.7788665475
18.854979,51.409878,0.437814,"2021-10-08 12:54:13",412.572113,0.581471,0,51.40218,51.402882,51.417591,51.416859,18.8414,18.874298,18.868622,18.835541,-0.437886999999989,0.68,0.36015456114814,0.337024107932663,0.458277519167309,0.454931406254446,0.311537715128333,0.0568607300028839,0.129874170316353,0.0892908173358,0.203946921148707,0.105858361393685,0.241788433886731,0.900952005668424,2.05784192755011
18.855747,51.301826,0.008719,"2021-10-08 12:53:41",414.975769,0.60438,0,51.293987,51.294682,51.309586,51.30891,18.835754,18.86853,18.875824,18.842987,1.96576900000002,0.68,0.00895149344451933,0.00674223413936423,0.0142601887198019,0.0159032604970659,0.0155059964975779,0.00394216878766654,0.452135426960263,0.00479913124732668,0.550422209809231,0.00621066465682374,0.712313872786299,0.909787753685155,104.345424209789
18.855898,51.203922,0.000722,"2021-10-08 12:53:19",413.044159,0.577213,0,51.196514,51.197338,51.21133,51.210499,18.831543,18.86438,18.880188,18.847412,0.0341589999999883,0.68,0.00079702131405594,0.000741593879376629,0.000664188670290647,0.000603830914506141,0.000734669512471271,7.41521078900781e-05,0.102703750540274,8.95869818276327e-06,0.012408169228204,7.46913206314605e-05,0.103450582592051,0.891950028279496,1235.38785080263
18.85787,51.48732,0.033395,"2021-10-08 12:54:14",412.5065,0.724843,0,51.479603,51.480331,51.495022,51.494312,18.844238,18.877319,18.871399,18.83844,-0.503499999999974,0.68,0.0124456858947803,0.029291858209497,0.0380669812989933,0.0433567443872868,0.0364682522510523,0.011779890775093,0.352744146581613,0.0021731175070159,0.0650731399016589,0.0119786587885464,0.358696175731289,0.993952143171578,29.7635018167863
18.861038,51.394295,0.652232,"2021-10-08 12:54:13",413.412689,0.620729,0,51.386478,51.387173,51.4021,51.401398,18.847534,18.880402,18.87442,18.841522,0.402689000000009,0.68,0.641065699468591,0.557904008144876,0.664179414060732,0.600405983700877,0.640586705305718,0.0436591264365991,0.0669380319220754,0.00823446684724252,0.0126250580272702,0.044428884359899,0.0681182222888467,0.921780026474031,1.41327016533079
18.863319,51.316933,0.043098,"2021-10-08 12:53:41",414.708954,0.679514,0,51.30949,51.310169,51.324329,51.323666,18.843384,18.876251,18.883331,18.850403,1.69895400000001,0.68,0.0465144594812636,0.0434218352793922,0.0560688028228758,0.0389986484327688,0.0435044060205545,0.0064228546282211,0.149029064648501,0.000287372453049127,0.00666788373124337,0.00642928024758858,0.149178157863209,0.961343129085813,22.3059800706718
18.864054,51.471886,0.030585,"2021-10-08 12:54:14",412.286774,0.769112,0,51.464306,51.465027,51.479481,51.47876,18.850403,18.883453,18.877747,18.844696,-0.723226000000011,0.68,0.0298787206514658,0.0429617886379385,0.0805936120834503,0.0906417726410113,0.0592659829154977,0.0287116499517289,0.93874938537613,0.0202805175106439,0.663087052824716,0.0351519307215145,1.14931929774446,1.02721415818584,33.5855536434802
18.866829,51.378834,0.756382,"2021-10-08 12:54:13",413.732574,0.611495,0,51.371029,51.371704,51.386642,51.385952,18.853363,18.886139,18.880249,18.847412,0.722574000000009,0.68,0.862811819464241,0.864813990314126,0.744815191655606,0.683034048172287,0.8545563503773,0.079406027710426,0.104981382040326,0.069419748890373,0.0917786897234109,0.105472360231254,0.139443244592354,0.920570776093697,1.21707123661549
18.86709,51.550266,0.001848,"2021-10-08 12:54:35",413.05191,0.587356,0,51.542744,51.543415,51.557796,51.557098,18.858307,18.891602,18.875732,18.842133,0.0419100000000299,0.68,0.00141107621324586,0.00153146183777293,0.00194853363331045,0.00230587485946275,0.00150397405314476,0.000354699179508694,0.191936785448428,0.000243263079925463,0.131635865760532,0.000430102817938877,0.232739620096795,0.898547302997696,486.226895561524
18.86797,51.51873,0.00347,"2021-10-08 12:54:34",412.743469,0.631076,0,51.511028,51.511669,51.526447,51.525799,18.859741,18.8927,18.87616,18.84314,-0.266530999999986,0.68,0.00296531843552629,0.00354257530109275,0.00553167448331512,0.0107543543939163,0.00383181638707545,0.00322802911983558,0.930267757877688,0.000255842820845467,0.0737299195520079,0.00323815187220807,0.933184977581575,0.927721619562435,267.35493359148
18.869217,51.486843,0.021241,"2021-10-08 12:54:34",411.753052,0.714351,0,51.479065,51.47971,51.494644,51.493992,18.861084,18.894196,18.877289,18.844299,-1.25694799999997,0.68,0.0112354001115053,0.0158381685556567,0.024940679739613,0.0494137531635934,0.0204460090389889,0.0148532959153455,0.69927479475286,0.000562143499512959,0.0264650204563325,0.0148639296574918,0.699775418176723,0.986366203600804,46.4369005037806
18.870968,51.332211,0.178016,"2021-10-08 12:53:41",415.002167,0.574349,0,51.324207,51.324879,51.340256,51.339558,18.850739,18.883667,18.891113,18.858246,1.99216699999999,0.68,0.231934906615231,0.229707562384237,0.181108154983669,0.171800677682852,0.228925522090714,0.0296931320581858,0.166800355351125,0.0359984682973102,0.202220408824545,0.0466644598294817,0.262136323866853,0.891321684697605,5.00697512975016
18.871843,51.18985,0.000413,"2021-10-08 12:53:19",413.96109,0.533086,0,51.182098,51.182911,51.19762,51.196781,18.847137,18.879974,18.896362,18.863647,0.951090000000022,0.68,0.00046846365315226,0.000427656296682676,0.000395015309713902,0.00037467205758271,0.000469219833697856,3.55154040762616e-05,0.085993714470367,3.9753425644934e-05,0.0962552679054091,5.33073988974085e-05,0.129073605078471,0.864049006849541,2092.12834588267
18.874144,51.248672,0.002252,"2021-10-08 12:53:19",413.148376,0.65303,0,51.240993,51.241821,51.256348,51.25552,18.84964,18.882355,18.898682,18.865906,0.138375999999994,0.68,0.00243204076498238,0.00236573516918729,0.00208388950608492,0.00206065107109796,0.00240640646604785,0.000165350425147361,0.0734238122323983,0.000109181859201485,0.0484821754891141,0.000198145001135799,0.0879862349626107,0.942787473485643,418.644526414584
18.876307,51.441177,0.133224,"2021-10-08 12:54:14",412.30481,0.609881,0,51.433716,51.434429,51.448627,51.447918,18.862549,18.895508,18.889954,18.856995,-0.705190000000016,0.68,0.0389886253810669,0.0640942628933319,0.206474456054986,0.200538813529413,0.057997737406979,0.0765705120370075,0.574750135388575,0.0531930004028451,0.399274908446264,0.0932337846784447,0.699827243427946,0.918176112064819,6.89197225773748
18.878506,51.347485,0.517106,"2021-10-08 12:53:41",412.736603,0.701258,0,51.339966,51.340668,51.355061,51.354355,18.858459,18.891357,18.898499,18.865601,-0.273396999999989,0.68,0.624112694215094,0.615325771491966,0.533593831135569,0.481826455583862,0.654894722259748,0.0625748902637403,0.121009793473176,0.0974313398808976,0.188416572000514,0.115795003702691,0.223928950162424,0.983652004240578,1.90222508391041
18.882179,51.425995,0.216888,"2021-10-08 12:54:13",412.12027,0.602133,0,51.418167,51.418865,51.433807,51.433094,18.868591,18.90152,18.895599,18.86264,-0.889729999999986,0.68,0.098528947639605,0.0957559311978148,0.237114581383256,0.266751795898292,0.0829576925757022,0.0803710670862012,0.370564840314823,0.09470302858612,0.436644851656708,0.124210193011516,0.572692786191565,0.916729143060783,4.22673980607864
18.882921,51.566635,0.001085,"2021-10-08 12:54:35",413.22345,0.735565,0,51.558369,51.55925,51.574902,51.57399,18.875244,18.908356,18.890656,18.857208,0.213450000000023,0.68,0.000803846466490601,0.000752411157906702,0.00122259359751418,0.00126980420733464,0.000742051057920181,0.000237576781606341,0.218964775674047,0.000242501522545393,0.223503707415108,0.000339484485058243,0.312888926320961,1.00172650183307,923.25023210421
18.883986,51.534901,0.002191,"2021-10-08 12:54:35",412.757355,0.554288,0,51.527039,51.527691,51.54277,51.542099,18.875732,18.908905,18.89212,18.858795,-0.252644999999973,0.68,0.00170386221962286,0.00203780306889053,0.00444841091741468,0.00250823069359788,0.0019597701930114,0.00108501189434551,0.495213096460755,0.000163504164534096,0.074625360353307,0.00109726223970901,0.500804308402104,0.877289228777159,400.405855215499
18.885288,51.503029,0.004507,"2021-10-08 12:54:34",412.081268,0.688977,0,51.495224,51.495861,51.510845,51.510204,18.877167,18.910156,18.893311,18.860352,-0.928731999999968,0.68,0.00391481539998309,0.0040828704493619,0.00723762786921812,0.0108928996482198,0.00777309765629088,0.00298512646449126,0.662331143663471,0.00230947980078077,0.512420634741684,0.00377421209780538,0.837411159930193,0.96804108962686,214.786130380932
18.885712,51.146267,9e-06,"2021-10-08 12:53:20",413.535492,0.644349,0,51.138474,51.139431,51.154087,51.153133,18.861053,18.893799,18.910065,18.87738,0.525491999999986,0.68,3.68207353635538e-06,2.65571785034347e-06,3.06279437573695e-06,5.35003010546909e-06,1.94845763070116e-06,2.58822736270782e-06,0.287580818078647,4.98619342715546e-06,0.554021491906163,5.61792183766184e-06,0.624213537517983,0.936795406603043,104088.378511449
18.886028,51.362839,0.852314,"2021-10-08 12:53:41",412.650696,0.657374,0,51.355221,51.355927,51.370544,51.369843,18.865936,18.898865,18.906097,18.873138,-0.359304000000009,0.68,1.13296581695337,0.990959847771689,0.719874410096093,0.690168204201732,0.934281143451003,0.18621827718078,0.218485531366116,0.0579595229686947,0.0680025471465853,0.195029620978292,0.228823674113404,0.965700330814346,1.13303351911895
18.888077,51.410603,0.317928,"2021-10-08 12:54:13",412.567474,0.616996,0,51.402882,51.403606,51.418285,51.417599,18.874359,18.907379,18.90155,18.868683,-0.442525999999987,0.68,0.188717961411959,0.208237750933888,0.336096634256229,0.385589038412416,0.245138917864611,0.0850722892125918,0.267583506997156,0.0514696535742781,0.16189091106879,0.0994304763688029,0.312745264238453,0.923564011667262,2.90494706873022
18.888746,51.302574,0.016832,"2021-10-08 12:53:41",413.897034,0.66239,0,51.294682,51.295532,51.310436,51.309589,18.868591,18.901459,18.908752,18.875885,0.887034000000028,0.68,0.013296987658748,0.0109027195604062,0.0209654816785002,0.019088694745139,0.0179682204035106,0.00412131600547263,0.244850047853649,0.000803429152244861,0.0477322452616956,0.00419889795299216,0.249459241503812,0.949304030774135,56.3987660868664
18.888788,51.204746,0.000974,"2021-10-08 12:53:20",413.856567,0.579823,0,51.197342,51.198177,51.212162,51.21133,18.864441,18.897156,18.912964,18.88028,0.846566999999993,0.68,0.00112098737492668,0.00107696623044273,0.000946178916872504,0.000900512710791211,0.00103932787128007,9.21447859083337e-05,0.0946045029859689,4.61937807826194e-05,0.0474268796536134,0.000103075346000318,0.105826843942832,0.893641271402304,917.496171870949
18.890013,51.234215,0.001863,"2021-10-08 12:53:19",413.08374,0.619776,0,51.226669,51.227489,51.241745,51.240948,18.86554,18.898376,18.91449,18.881531,0.0737399999999866,0.68,0.00220101063308232,0.00214245457766602,0.00187256298038158,0.0017242074061516,0.0020717629386777,0.000202500669175179,0.108696011366172,0.000147617689599433,0.0792365483625512,0.000250594300212654,0.134511164902122,0.920066493778305,493.862852269621
18.890892,51.488022,0.005895,"2021-10-08 12:54:14",412.952026,0.795312,0,51.480331,51.481052,51.495773,51.495026,18.87738,18.91037,18.904572,18.87146,-0.0579740000000015,0.68,0.00439672531711393,0.0075526647238049,0.0136625605712323,0.0223427141910511,0.0090897848950614,0.00736597111463414,1.24952860299137,0.00225905406373027,0.383215277986475,0.00770459964725492,1.30697195034011,1.04641317757362,177.508596704601
18.893967,51.394989,0.573091,"2021-10-08 12:54:13",411.871857,0.666827,0,51.387173,51.387867,51.402813,51.4021,18.880463,18.91333,18.907471,18.874481,-1.13814300000001,0.68,0.402378932313271,0.466849613336131,0.481713142145388,0.511811081482075,0.387734185893099,0.0624936430789403,0.109046631475525,0.131067060194124,0.22870200403448,0.145203407994469,0.253368850661533,0.963401410431918,1.68106183910045
18.898329,51.257187,0.002661,"2021-10-08 12:53:41",415.571014,0.766059,0,51.249329,51.250061,51.265003,51.264252,18.878235,18.911163,18.918427,18.885559,2.561014,0.68,0.00289371273776944,0.00280876210058351,0.00267947437974161,0.0024590130078748,0.00277021877309165,0.000165355738252306,0.0621404503015056,7.72293350859803e-05,0.0290226738391508,0.000182501754432082,0.0685838986967613,1.02432730354506,384.940737897429
18.899744,51.379524,0.706124,"2021-10-08 12:54:13",411.98053,0.680264,0,51.371704,51.372406,51.387341,51.386642,18.8862,18.919128,18.913208,18.88031,-1.02947,0.68,0.686305471747341,0.760048523977096,0.690447664526607,0.653977656432828,0.773931101508574,0.0388531016869623,0.0550230578297329,0.0479468612893173,0.0679014752215153,0.0617127621987095,0.0873964943815951,0.963829639881548,1.36495805252555
18.900354,51.551029,0.001307,"2021-10-08 12:54:35",413.114655,0.677758,0,51.543423,51.5443,51.558674,51.557796,18.891663,18.924835,18.908905,18.875793,0.104655000000037,0.68,0.00100577428030277,0.00099913751936437,0.00141345759547665,0.00160532101940085,0.00105692270607142,0.000263389640124418,0.201522295428017,0.00017683135035768,0.135295600885754,0.000317243485345548,0.24272646162628,0.960081250315529,734.568668948377
18.901016,51.519375,0.002651,"2021-10-08 12:54:35",412.671326,0.615793,0,51.511669,51.512318,51.5271,51.526447,18.892761,18.925903,18.909424,18.876221,-0.338673999999969,0.68,0.00216268101501037,0.0026205637056081,0.00533999143096789,0.00278366781399286,0.00251060469931348,0.00126757486256926,0.478149702968411,9.92744691621627e-05,0.0374479325394805,0.00127145642962899,0.479613892730665,0.917389031682008,346.053953859679
18.903229,51.457249,0.03453,"2021-10-08 12:54:14",414.808167,0.684127,0,51.449192,51.449905,51.465336,51.464626,18.889862,18.922882,18.916595,18.883636,1.79816700000003,0.68,0.0208334199513777,0.0346748416977273,0.0528863609341694,0.0893656361030907,0.0147877520456932,0.0265524394664901,0.76896725938286,0.0139598774043566,0.404282577595036,0.029998503608785,0.868766394694035,0.965054227672086,27.9482834541583
18.903959,51.333,0.405942,"2021-10-08 12:53:41",413.673615,0.594728,0,51.324879,51.325714,51.34108,51.340256,18.883728,18.916626,18.924072,18.891205,0.663614999999993,0.68,0.458414344156508,0.367051848848436,0.32250083071646,0.328197845180403,0.375382266672496,0.0568221704880461,0.139976081529002,0.0216089946671306,0.0532317293286494,0.0607923326538524,0.149756203235567,0.905426475034553,2.230433103829
18.905886,51.219875,0.001618,"2021-10-08 12:53:20",412.733887,0.584703,0,51.211864,51.212696,51.227879,51.22707,18.880951,18.913666,18.930786,18.89798,-0.276113000000009,0.68,0.00192627068403573,0.00171429970436229,0.00157861397544595,0.00144696654384565,0.00175524501723874,0.000178584178161907,0.110373410483255,9.70468823735777e-05,0.0599795317512841,0.000203249615173547,0.125617809130746,0.896815276140748,554.273965476359
18.906204,51.272526,0.003401,"2021-10-08 12:53:41",413.426727,0.664463,0,51.26469,51.265446,51.280354,51.279598,18.886078,18.918915,18.92627,18.893402,0.416727000000037,0.68,0.00330508435738756,0.00321260830770564,0.00322950416451622,0.00373811789862852,0.00352595956807032,0.00021501935996593,0.0632223934036841,8.83597579566652e-05,0.0259805227746737,0.000232466711566019,0.068352458561017,0.950742411176535,279.547900963403
18.907104,51.249481,0.002438,"2021-10-08 12:53:19",414.0448,0.696223,0,51.241825,51.242626,51.257153,51.256351,18.882416,18.915344,18.93161,18.898743,1.03480000000002,0.68,0.00270299302144534,0.00262884588007834,0.00238819194724248,0.00233827607735066,0.00264086743598264,0.000158354323929161,0.0649525528831671,0.000143448939665253,0.0588387775493243,0.00021366724175256,0.0876403780773422,0.973204249570814,399.181398511408
18.911495,51.348289,0.772572,"2021-10-08 12:53:41",413.919617,0.636454,0,51.340668,51.341492,51.355854,51.355061,18.891449,18.924316,18.931519,18.89859,0.909617000000026,0.68,0.975845810405794,0.893655309004817,0.764923958441767,0.669747791809861,0.93899823897649,0.119857595245322,0.155141003356738,0.117681122147649,0.152323825025563,0.167972288333288,0.217419591097384,0.946408148614498,1.22500964132081
18.914019,51.28804,0.010594,"2021-10-08 12:53:41",413.615051,0.600897,0,51.280319,51.281071,51.295727,51.294998,18.893951,18.926819,18.934052,18.901123,0.605051000000003,0.68,0.0057079361063963,0.00635846732353623,0.0125357148873475,0.0105746820806611,0.00646062364393285,0.00296725008760079,0.280087793807891,0.00292273845057122,0.275886204509272,0.00416496976373351,0.393144210282567,0.907466005744641,85.6584864776894
18.915058,51.426674,0.139378,"2021-10-08 12:54:14",413.121765,0.586221,0,51.418865,51.419544,51.434498,51.433807,18.901581,18.934448,18.928589,18.895691,0.111764999999991,0.68,0.0319705431918877,0.0478696434764631,0.166970334721005,0.181490012847241,0.0427955904609565,0.0691118279965195,0.495858944715231,0.068294076728394,0.489991797330956,0.0971623676389386,0.69711409002094,0.903047942540264,6.47912828811049
18.917286,51.535629,0.001549,"2021-10-08 12:54:35",412.36142,0.597574,0,51.527691,51.528576,51.543655,51.542774,18.908997,18.9422,18.925323,18.892181,-0.648579999999981,0.68,0.00122587384704251,0.00135890641838052,0.00177655818409517,0.0018850422396879,0.00129656020542253,0.000276018818077773,0.178191619159311,0.000178501890587068,0.11523685641515,0.000328708553092567,0.212206941957758,0.905259517224377,584.415440428907
18.918377,51.50367,0.003682,"2021-10-08 12:54:35",412.616852,0.62404,0,51.495861,51.496506,51.51149,51.510845,18.910217,18.943359,18.926514,18.893372,-0.393147999999997,0.68,0.00291905971406045,0.00325143666607544,0.0034011859556677,0.00355174314537149,0.00322935378110127,0.000295107676454411,0.0801487442841964,0.000320069210861742,0.0869280855137812,0.000435353695796854,0.118238374741134,0.922944262202675,250.66384090241
18.918415,51.147121,5e-06,"2021-10-08 12:53:20",414.017944,0.702195,0,51.139431,51.140182,51.154812,51.154095,18.89386,18.926514,18.942963,18.910126,1.00794400000001,0.68,4.14682433859255e-06,9.85961306936e-06,1.16281633234383e-05,8.14037891394417e-06,1.17287756950422e-05,3.16971070495998e-06,0.633942140991996,4.75796292304756e-06,0.951592584609513,5.71710391109285e-06,1.14342078221857,0.977485456698812,195497.091339762
18.919052,51.363651,0.855779,"2021-10-08 12:53:41",413.059937,0.634588,0,51.35593,51.356724,51.371338,51.370544,18.898926,18.931854,18.939087,18.906189,0.0499369999999999,0.68,1.02021958388402,0.963163252442824,0.812868713936088,0.794099023133769,0.966719880442342,0.0982653486602625,0.114825613458922,0.0784470488715861,0.0916674151522602,0.125737894940165,0.14692799769586,0.93856909600092,1.09674237858246
18.921694,51.303349,0.030985,"2021-10-08 12:53:41",414.141815,0.576584,0,51.295532,51.296261,51.311142,51.310436,18.90152,18.934448,18.941772,18.908813,1.13181500000002,0.68,0.0301135869716649,0.0285663399069058,0.0402853861251504,0.034098841126245,0.0339882467992459,0.00464091661826594,0.14977946161904,0.00212361617732357,0.0685369106768943,0.00510370970239172,0.164715497898716,0.891557713728464,28.7738490795051
18.922926,51.235023,0.002225,"2021-10-08 12:53:20",413.605957,0.685536,0,51.227489,51.228298,51.242565,51.241745,18.898438,18.931274,18.947327,18.914551,0.595956999999999,0.68,0.00246986182674113,0.00243402943191155,0.00216838462195362,0.00204624824566942,0.00239746405103931,0.000179762029886006,0.0807919235442724,0.000121950500000799,0.0548092134835052,0.000217224105106184,0.097628811283678,0.965587724902462,433.972011192118
18.92415,51.488796,0.00396,"2021-10-08 12:54:14",412.993164,0.613306,0,51.481052,51.481812,51.496532,51.495773,18.910431,18.943512,18.937744,18.904663,-0.0168360000000121,0.68,0.00388797000636015,0.00392361288155296,0.00395713787556012,0.0087657765573229,0.00405266908154177,0.00216184804241943,0.545921222833189,6.55269359645147e-05,0.0165472060516451,0.0021628408951769,0.54617194322649,0.915723171879328,231.243225222053
18.929321,51.318451,0.187342,"2021-10-08 12:53:42",414.002472,0.591298,0,51.311016,51.311718,51.325867,51.325169,18.909241,18.9422,18.94928,18.916321,0.992472000000021,0.68,0.196451772486182,0.18528834969469,0.168545588795058,0.178158228779953,0.205393322129463,0.0104557269344848,0.0558109069748631,0.0127642122871261,0.0681332124516984,0.0164999194252376,0.0880737871125404,0.901279963243963,4.81088043921792
18.930296,51.473358,0.007552,"2021-10-08 12:54:14",413.805908,0.683588,0,51.46574,51.46648,51.480957,51.480209,18.916504,18.949554,18.943939,18.910858,0.795907999999997,0.68,0.00448794097863345,0.00442077669967907,0.00585799372071465,0.0143847465907258,0.00572167347603207,0.00413901691487062,0.548068977075029,0.00129423629688333,0.171376628294932,0.00433664716270016,0.574238236586356,0.964215411748129,127.67682888614
18.931244,51.257908,0.0029,"2021-10-08 12:53:42",414.941711,0.75407,0,51.250061,51.25082,51.265747,51.265011,18.911224,18.94397,18.951294,18.918488,1.93171100000001,0.68,0.00285997415967707,0.00304641853206541,0.00285245809909874,0.00263659962650359,0.00290249334427242,0.00014689480689614,0.0506533816883242,1.76306064286092e-06,0.000607951945814112,0.00014690538681711,0.0506570299369344,1.01539233130903,350.135286658287
18.932709,51.380219,0.58351,"2021-10-08 12:54:14",413.430176,0.665397,0,51.372406,51.373096,51.388035,51.387341,18.919189,18.952087,18.946198,18.913269,0.420176000000026,0.68,0.543122232265827,0.567589590368814,0.543072302855011,0.588855549482522,0.498460140584189,0.0216656963423505,0.0371299486595782,0.0601393323318825,0.103064784377101,0.0639229355655976,0.109548997558907,0.953540407796295,1.63414578635549
18.933573,51.551872,0.000896,"2021-10-08 12:54:36",412.34433,0.687345,0,51.5443,51.544987,51.559372,51.558674,18.924896,18.958008,18.9422,18.908997,-0.665669999999977,0.68,0.000569336346009678,0.000609862052834336,0.00100737949142337,0.00114383680554782,0.000630377656239448,0.000249775619126781,0.278767432061139,0.000187823360507751,0.209624286280972,0.000312514759111615,0.348788793651357,0.966872921686441,1079.09924295362
18.934517,51.520084,0.002104,"2021-10-08 12:54:35",412.46167,0.693477,0,51.512318,51.513172,51.527985,51.527103,18.925995,18.959229,18.942657,18.909485,-0.548329999999964,0.68,0.0016811678730022,0.00187645084686631,0.00216611837782789,0.00235999048985032,0.00185828590890403,0.000263568993460732,0.12527043415434,0.000173746100047049,0.082578944889282,0.000315683895052413,0.150039874074341,0.971241704821885,461.61677985831
18.9354,51.488129,0.003649,"2021-10-08 12:54:35",412.388733,0.572386,0,51.480331,51.480976,51.495922,51.495281,18.927124,18.960358,18.943481,18.91037,-0.621266999999989,0.68,0.00370057541790174,0.00374276875602749,0.00411607449102365,0.00392757840057998,0.00384148063137893,0.000192640828107485,0.0527927728439257,0.00013610435969511,0.03729908459718,0.000235870484338234,0.0646397600269209,0.888833948851463,243.582885407362
18.935539,51.162159,9.4e-05,"2021-10-08 12:53:20",414.361084,0.746853,0,51.154465,51.155186,51.169849,51.169102,18.91095,18.943787,18.960205,18.92746,1.35108400000001,0.68,9.40327439167211e-05,9.41737953924605e-05,0.000101614818026687,9.69717069260496e-05,9.54123606640502e-05,3.29961078780635e-06,0.0351022424234718,9.98689803031031e-07,0.0106243596067131,3.4474356663593e-06,0.0366748475144606,1.01004425824856,10745.1516834953
18.936373,51.458008,0.012198,"2021-10-08 12:54:14",412.956238,0.604625,0,51.449909,51.450634,51.466076,51.465336,18.922943,18.955872,18.949677,18.916656,-0.0537620000000061,0.68,0.00521456355708445,0.0058079845255935,0.0186820685928475,0.0389935006974167,0.0119044588798904,0.0138779680040373,1.13772487326097,0.000207564916586593,0.0170163073115751,0.0138795201327597,1.1378521177865,0.91003518157493,74.605278043526
18.936968,51.333748,0.659815,"2021-10-08 12:53:42",412.748047,0.586705,0,51.325714,51.326416,51.34177,51.34108,18.916687,18.949646,18.957123,18.924133,-0.261953000000005,0.68,0.762636109423659,0.714735653938236,0.59764755757763,0.572050995451595,0.683629220530829,0.0792836205584117,0.120160379134169,0.016839196826021,0.025521088223246,0.081052150117043,0.122840720682378,0.901771705069302,1.36670385648902
18.937492,51.191624,0.00099,"2021-10-08 12:53:20",412.891144,0.678804,0,51.183762,51.184704,51.199371,51.198467,18.91272,18.945374,18.961914,18.92923,-0.118855999999994,0.68,0.00106923245002529,0.000982842730276553,0.000843210340606159,0.000861350752238159,0.00102792259191072,9.50729714766178e-05,0.0960333045218361,2.68153219002402e-05,0.0270861837376164,9.87822423009686e-05,0.0997800427282512,0.960819899967695,970.52515148252
18.939108,51.273251,0.003855,"2021-10-08 12:53:42",413.547638,0.629689,0,51.265453,51.266178,51.281109,51.280354,18.919006,18.951843,18.959137,18.926331,0.537638000000015,0.68,0.00378607310604648,0.00374377453546812,0.00476293385110474,0.00357047877910107,0.0037766161690081,0.000469872932317074,0.12188662316915,5.54257384297527e-05,0.0143776234577828,0.000473130621503966,0.122731678729952,0.926773144072262,240.40807887737
18.942436,51.442631,0.035096,"2021-10-08 12:54:14",413.445709,0.694949,0,51.43512,51.435856,51.450069,51.449345,18.928558,18.961548,18.956024,18.923096,0.435709000000031,0.68,0.00865121194864588,0.0212812200188809,0.0511938950859271,0.0598103678508912,0.0161454813359204,0.0209765110965992,0.597689511528356,0.0134000402543729,0.381811039844225,0.0248912654681228,0.709233686691441,0.972611786735903,27.7128956785931
18.94455,51.349018,0.965314,"2021-10-08 12:53:42",413.705505,0.640372,0,51.341492,51.342182,51.356571,51.355854,18.924377,18.957367,18.964478,18.93158,0.695505000000026,0.68,1.2838118121361,1.1605648771949,0.848700495990197,0.819451838107929,1.09565223768394,0.201128450566728,0.208355468341625,0.0921630517142179,0.0954746866969897,0.221238969733296,0.229188605710987,0.959907797714265,0.994399540164408
18.94693,51.288761,0.005953,"2021-10-08 12:53:42",413.683075,0.555499,0,51.281078,51.281826,51.296494,51.295727,18.92688,18.959686,18.966919,18.934113,0.673074999999983,0.68,0.00845145380697405,0.0107253271880018,0.0141794909867018,0.00870554271943248,0.0133464311647825,0.00306830068061052,0.515420910567868,0.00522794531285366,0.878203479397558,0.00606183810909064,1.01828290090553,0.878075102073997,147.501277015622
18.9482,51.427422,0.044392,"2021-10-08 12:54:14",413.570496,0.695151,0,51.419544,51.4203,51.43523,51.434498,18.934509,18.96756,18.961609,18.92865,0.560496000000001,0.68,0.0299376636050279,0.0237590130004469,0.0759898082422862,0.120264826879402,0.018421484402152,0.0398179814098242,0.896962998058753,0.0183639276901493,0.413676511311708,0.0438486657010465,0.98776053570568,0.97342571277153,21.927953522516
18.951708,51.504337,0.002603,"2021-10-08 12:54:35",413.146698,0.661394,0,51.496506,51.497311,51.512344,51.511494,18.94342,18.97644,18.959839,18.926605,0.136698000000024,0.68,0.00233495560492507,0.00249844413379849,0.00270580909183703,0.00287073045604268,0.00251852078816513,0.0002031183054512,0.0780323878029967,5.97358235577312e-05,0.0229488373252905,0.000211720132782614,0.0813369699510617,0.948600056958366,364.425684578704
18.952087,51.364384,0.79832,"2021-10-08 12:53:42",412.312073,0.692844,0,51.356731,51.357441,51.372055,51.371338,18.931915,18.964813,18.972076,18.939178,-0.697926999999993,0.68,0.840180369264634,0.871159043125386,0.83517787023932,0.718895783076104,0.774901300639436,0.0584890795733118,0.0732652064000799,0.0165595211244239,0.0207429616249423,0.0607880758800889,0.0761449993487435,0.972691111558651,1.21842257685972
18.952969,51.177353,0.000588,"2021-10-08 12:53:20",413.730316,0.741849,0,51.169769,51.170513,51.184971,51.184193,18.928467,18.961273,18.977356,18.944702,0.720316000000025,0.68,0.000625624638624568,0.000618937466896036,0.00052528186352426,0.000510874179550845,0.000611451966904469,5.30058408210662e-05,0.0901459877909289,1.65830448303125e-05,0.028202457194409,5.55393242396085e-05,0.0944546330605586,1.00634981089362,1711.47927022724
18.95414,51.412033,0.114642,"2021-10-08 12:54:14",413.816864,0.726999,0,51.404285,51.405029,51.419727,51.418976,18.940399,18.973419,18.967621,18.934601,0.806864000000019,0.68,0.0370828923327326,0.0362172860219606,0.159185132360307,0.210131639102517,0.0457575214887923,0.0761861627211465,0.6645571668424,0.048708681873774,0.424876414174334,0.0904260309869538,0.788768784450322,0.999552106236115,8.71889975956556
18.954439,51.206524,0.001597,"2021-10-08 12:53:20",413.353119,0.607066,0,51.19902,51.199921,51.213856,51.213001,18.930023,18.962738,18.97879,18.945953,0.343119000000002,0.68,0.00186986590575656,0.00170973104885046,0.00154348175131462,0.00146222169776756,0.00176452270981466,0.000158436103631005,0.0992085808584875,0.000118456444112692,0.0741743544850923,0.000197822971582164,0.123871616519827,0.91155316218525,570.790959414684
18.95462,51.30407,0.062868,"2021-10-08 12:53:42",413.900848,0.573416,0,51.296261,51.297028,51.311909,51.311146,18.934509,18.967346,18.974701,18.941833,0.890848000000005,0.68,0.0791301310098871,0.071301477468242,0.0608805073618963,0.087743975854892,0.0763729988008547,0.011241614568465,0.178812982255918,0.00954947623200056,0.151897248711595,0.0147501320133573,0.234620665733876,0.889619848840173,14.1505988553823
18.957357,51.489586,0.003384,"2021-10-08 12:54:15",413.001312,0.741602,0,51.481812,51.482586,51.497299,51.496532,18.943573,18.976715,18.970917,18.937805,-0.00868800000000647,0.68,0.00340448169762733,0.00347375202837237,0.00352471467136128,0.00412641693847849,0.00334183286090797,0.000309072611905862,0.0913335141565787,2.98166699952108e-05,0.00881107269362022,0.000310507509152218,0.0917575381655492,1.00616779058908,297.33090738448
18.960045,51.396416,0.157322,"2021-10-08 12:54:14",412.891052,0.635222,0,51.388561,51.389309,51.404247,51.4035,18.946411,18.979431,18.973511,18.940491,-0.118947999999989,0.68,0.0846146050557353,0.102859264674346,0.213389229752955,0.327110702116915,0.11200035169457,0.0978219236035124,0.621794304696816,0.0320472448513213,0.203704789230504,0.102937624997141,0.654311698282126,0.936217466149853,5.95096341357123
18.962261,51.319172,0.333977,"2021-10-08 12:53:42",414.274536,0.578407,0,51.311722,51.312489,51.326641,51.325867,18.942261,18.975128,18.982239,18.949371,1.26453600000002,0.68,0.379768173981285,0.377738602860265,0.362855891670369,0.35394739313932,0.436640618163439,0.0187995369083197,0.0562899148992886,0.0725941405845141,0.217362694390674,0.0749888780764953,0.224533060888909,0.895867171786181,2.68242175894203
18.963417,51.474136,0.004094,"2021-10-08 12:54:15",412.967987,0.755674,0,51.46648,51.467255,51.481739,51.480968,18.949615,18.982697,18.977142,18.944031,-0.0420129999999972,0.68,0.00410222406071005,0.00432150566091925,0.00459966007044493,0.00465494933296459,0.00412348472384959,0.000265972405805227,0.0649663912567726,2.08488481754574e-05,0.00509253741462076,0.000266788296445072,0.0651656806167738,1.01658411626977,248.310726983335
18.96423,51.258667,0.003244,"2021-10-08 12:53:42",414.441467,0.589947,0,51.250813,51.251575,51.266495,51.265747,18.944061,18.97699,18.984314,18.951385,1.431467,0.68,0.00324340836663453,0.00341439104223791,0.00319931047046544,0.00312247697240605,0.00341198617155868,0.000106999865057735,0.0329839288094128,0.00011878416105471,0.0366165724582952,0.000159870722897736,0.0492819737662564,0.900243016283741,277.510177646036
18.965826,51.380951,0.34724,"2021-10-08 12:54:14",413.014496,0.645981,0,51.373096,51.37384,51.388783,51.388031,18.952179,18.985199,18.979309,18.946259,0.00449600000001737,0.68,0.196669952396322,0.26381141253744,0.397672717460364,0.393653228784551,0.247583317191771,0.0874173083946082,0.25174895862979,0.0704679162042555,0.202937208283192,0.112283182272004,0.323359008962112,0.944615776589682,2.72035415444558
18.967398,51.520935,0.001511,"2021-10-08 12:54:35",412.476959,0.683681,0,51.513172,51.513866,51.528667,51.527985,18.95929,18.992126,18.975708,18.942719,-0.533040999999969,0.68,0.00118414356757146,0.00126921699683541,0.00164309213365672,0.00184639095385832,0.00132601793983727,0.000270731901699763,0.179173991859539,0.000130802069138924,0.0865665580006117,0.000300674149020154,0.198990171423001,0.96427164231141,638.167863872541
18.968405,51.162987,0.000241,"2021-10-08 12:53:21",415.498627,0.656382,0,51.155186,51.156021,51.170666,51.169849,18.943878,18.976532,18.992981,18.960297,2.48862700000001,0.68,0.00026846083449845,0.000271519775154507,0.000220120829924559,0.000217656480991488,0.000263875170445727,2.56347306105227e-05,0.106368176807148,1.61751881429716e-05,0.067116963248845,3.03113200790496e-05,0.125773112361202,0.945112337684138,3921.62795719559
18.968697,51.488785,0.003138,"2021-10-08 12:54:35",412.838989,0.745812,0,51.480976,51.48175,51.496731,51.495926,18.960419,18.993408,18.976593,18.943604,-0.171010999999964,0.68,0.00308937947560979,0.00319811440873139,0.00348967673415089,0.0035819257407613,0.00326902564689004,0.000221609667861422,0.0706213090699242,9.26491234253011e-05,0.0295248959290316,0.000240197220968783,0.0765446848211546,1.00927478767613,321.629951458296
18.969383,51.458755,0.007141,"2021-10-08 12:54:15",411.935944,0.721034,0,51.450634,51.451405,51.466854,51.466076,18.955933,18.988983,18.982819,18.949738,-1.07405599999998,0.68,0.00459861292036898,0.0046429684311326,0.0043146983628983,0.00652160157007372,0.00456003179970675,0.00129157723054124,0.180867837913631,0.0018250201164542,0.255569264312309,0.00223581532509173,0.313095550355935,0.991107980003273,138.791202913216
18.969898,51.33448,0.916552,"2021-10-08 12:53:42",413.3078,0.688272,0,51.32642,51.32719,51.34256,51.34177,18.949707,18.982574,18.990051,18.957184,0.297799999999995,0.68,1.09623494811646,1.10751114695293,0.92162745948589,0.832986830960749,1.10202655331319,0.121129736379866,0.132158062368383,0.131150314385303,0.143090969617984,0.178529599783396,0.194783929098836,0.983865419649872,1.07344200836382
18.970095,51.192402,0.001248,"2021-10-08 12:53:20",413.523651,0.640105,0,51.184704,51.185474,51.20013,51.199375,18.945435,18.978119,18.994843,18.961975,0.513650999999982,0.68,0.00130304565062264,0.00131930470900717,0.00117052010717328,0.00113287890010132,0.00124783000706182,8.13826721978879e-05,0.0652104745175384,1.20203159340889e-07,9.63166340872505e-05,8.13827609685761e-05,0.0652105456478975,0.933881372363832,748.302381701788
18.971703,51.221619,0.002269,"2021-10-08 12:53:20",412.701721,0.528127,0,51.213543,51.214397,51.229603,51.228741,18.946655,18.979492,18.996368,18.963776,-0.30827899999997,0.68,0.00257692698713938,0.0024089661746615,0.0021835337373419,0.00210063488555221,0.00244786771161088,0.000188764971603625,0.0831930240650616,0.000126478571815373,0.0557419884598382,0.000227220253571229,0.100141143045936,0.860998362227271,379.461596398092
18.972111,51.274021,0.004333,"2021-10-08 12:53:42",414.114227,0.612698,0,51.266186,51.266933,51.281849,51.281109,18.951904,18.984863,18.992157,18.959198,1.10422700000004,0.68,0.00465634505235058,0.00446612432550803,0.00805832090695284,0.00476831626115035,0.00467865515143069,0.00157529803883033,0.363558282674898,0.000244415101528704,0.0564078240315495,0.00159414637125892,0.367908232462247,0.915314907835906,211.242766636489
18.975361,51.443356,0.016507,"2021-10-08 12:54:15",412.595062,0.732252,0,51.435856,51.436634,51.45084,51.450069,18.961578,18.99469,18.989136,18.956085,-0.414938000000006,0.68,0.00463554184228726,0.00698856294556924,0.00595211990289591,0.013438628375173,0.0080103730567137,0.00517611025279488,0.313570621723807,0.00600802252881007,0.363968166766225,0.00793022396000123,0.480415821166852,0.999327713993791,60.539632519161
18.977434,51.349777,1.077284,"2021-10-08 12:53:42",414.041962,0.758562,0,51.342182,51.342976,51.357342,51.356579,18.957428,18.990295,18.997528,18.964569,1.03196200000002,0.68,1.15701150398643,1.15979640460759,1.01843723500838,0.95063772226679,1.09585739168603,0.0902203574176971,0.0837479786367357,0.0131333712108257,0.012191187477792,0.0911712582557593,0.0846306621612865,1.02280423648709,0.949428596811138
18.979959,51.289532,0.025202,"2021-10-08 12:53:42",414.001831,0.612126,0,51.281826,51.282574,51.297222,51.296494,18.959747,18.992706,18.999969,18.96701,0.991830999999991,0.68,0.0121194079332941,0.0163533898662702,0.0256498280382406,0.0142686611273827,0.0192242539366514,0.00630519445658946,0.250186273176314,0.00422690477760498,0.167721005380723,0.0075909288716432,0.3012034311421,0.914962218934276,36.3051432003125
18.981148,51.428146,0.025726,"2021-10-08 12:54:14",413.786621,0.723911,0,51.420292,51.421066,51.43602,51.435238,18.967621,19.000641,18.994781,18.9617,0.776621000000034,0.68,0.00552373603765487,0.0117310935288856,0.0205853322322187,0.0404377586170785,0.0149981388673886,0.0134681329803754,0.523522233552646,0.00758574335449712,0.294866802242755,0.0154574935942853,0.600851029864158,0.993320728681939,38.6115497427481
18.983986,51.148632,5.4e-05,"2021-10-08 12:53:21",413.429871,0.658241,0,51.14101,51.141705,51.156357,51.155651,18.959381,18.992004,19.008392,18.975769,0.419871000000001,0.68,4.61988490219892e-05,5.05893134978603e-05,6.00089224419705e-05,5.88184982266567e-05,4.17233272678008e-05,5.73990979490338e-06,0.106294625831544,8.68091853934603e-06,0.16075775072863,1.04069645497806e-05,0.192721565736677,0.946404360825385,17526.0066819516
18.984625,51.505199,0.002032,"2021-10-08 12:54:35",412.776733,0.688571,0,51.497311,51.498051,51.513042,51.512348,18.976501,19.009613,18.992767,18.9599,-0.233267000000012,0.68,0.001789272048287,0.00187558771295617,0.00216786210617458,0.00221320090573051,0.0018748465316326,0.000182569581241842,0.089847234863111,0.000111124283169574,0.0546871472291211,0.000213729404399051,0.10518179350347,0.967744836060239,476.252379950905
18.984995,51.365143,0.553771,"2021-10-08 12:53:42",412.940094,0.717066,0,51.357441,51.358204,51.372829,51.372055,18.964905,18.997864,19.005127,18.972137,-0.0699060000000031,0.68,0.479797144306187,0.536828934491938,0.536146563191238,0.597145376239234,0.627259958317879,0.0421360924885396,0.0760893807883396,0.0519645407689077,0.0938375985179934,0.0669011493737308,0.120810135188969,0.990484433064713,1.78861737625248
18.985804,51.178185,0.000863,"2021-10-08 12:53:21",413.483612,0.604879,0,51.170517,51.171329,51.185741,51.184967,18.961334,18.994019,19.010284,18.977478,0.473612000000003,0.68,0.000940277486369756,0.000891425871890412,0.000818969051126261,0.000785339947414658,0.000920959981232795,6.06187416803308e-05,0.0702418791197344,4.09838957671544e-05,0.0474900298576528,7.31731614402415e-05,0.0847892948322613,0.910098132068906,1054.57489231623
18.987328,51.207237,0.001977,"2021-10-08 12:53:21",413.258698,0.525958,0,51.199921,51.200672,51.214649,51.213863,18.962799,18.995697,19.011566,18.978851,0.24869799999999,0.68,0.00226201469628224,0.0020332507596553,0.00188063669068964,0.00187285762581714,0.00212836665170974,0.000158561016514643,0.0802028409279933,0.000107032385869459,0.0541387890083255,0.000191304802822788,0.096765201225487,0.859669619308213,434.83541694902
18.9877,51.304829,0.121842,"2021-10-08 12:53:42",413.295258,0.596699,0,51.297028,51.297756,51.312641,51.311909,18.967407,19.000366,19.007721,18.974762,0.285257999999999,0.68,0.128656324764213,0.132394755111926,0.11678320783293,0.16295239776242,0.124406274524201,0.018046749384017,0.148115997636422,0.00181321590488643,0.0148816984692178,0.0181376105164724,0.148861726797594,0.904863895575598,7.42653514859899
18.988729,51.236755,0.002619,"2021-10-08 12:53:20",412.943024,0.623682,0,51.229156,51.230015,51.244236,51.243427,18.964264,18.996857,19.013123,18.980377,-0.066976000000011,0.68,0.00273224408184106,0.00270773499050929,0.00261902506482393,0.00258593175939523,0.00282654163724501,6.34108869747538e-05,0.024211869787993,0.000146754099074505,0.0560344020903036,0.000159867777185068,0.0610415338621873,0.922702152745785,352.31086397319
18.990385,51.490295,0.002886,"2021-10-08 12:54:15",412.464722,0.75645,0,51.48259,51.483265,51.497971,51.497299,18.976807,19.009796,19.004028,18.970978,-0.545277999999996,0.68,0.00261311249294118,0.00270421917589368,0.00296132073934721,0.0029183048676345,0.00273832331537829,0.000150117410123303,0.0520157346234592,0.000104423185119158,0.0361826698264582,0.000182864535688465,0.0633626249786782,1.0171610668618,352.446662114276
18.992979,51.397133,0.112321,"2021-10-08 12:54:14",411.899994,0.711968,0,51.389313,51.390049,51.40501,51.404247,18.979523,19.01236,19.006561,18.973572,-1.110006,0.68,0.0423575061595122,0.0221359583871352,0.129579913446005,0.171178441450803,0.0402755454341107,0.0620040709041269,0.552025631040739,0.0509438294772076,0.453555697306894,0.0802482309492664,0.714454384747878,0.987794620148585,8.79438947435106
18.995329,51.319939,0.673981,"2021-10-08 12:53:42",413.584839,0.607065,0,51.312496,51.313221,51.327374,51.326641,18.975189,19.008118,19.015228,18.9823,0.574838999999997,0.68,0.736313809980193,0.66582903495387,0.570464395360532,0.562164715881798,0.665459630405277,0.0741222070612469,0.109976701214496,0.00602551822542553,0.00894019004308064,0.0743667160059882,0.110339484356366,0.914580954686088,1.35698328986438
18.996515,51.474854,0.003789,"2021-10-08 12:54:15",412.760742,0.727526,0,51.467255,51.467957,51.482422,51.481739,18.982727,19.015839,19.010223,18.977234,-0.249257999999998,0.68,0.00365538480556697,0.00391288142758518,0.00394097336035561,0.0037465301925602,0.00376418615650139,0.000118436072464494,0.0312578708008693,1.75460370051687e-05,0.00463078305757949,0.000119728721180014,0.0315990290789163,0.995838387998257,262.823538664095
18.997105,51.259392,0.003724,"2021-10-08 12:53:42",413.671539,0.62227,0,51.251575,51.252182,51.267101,51.266499,18.977051,19.009857,19.017212,18.984375,0.661539000000005,0.68,0.00382512530834971,0.00380861215193867,0.00355615194515399,0.00360148840617211,0.00368864342346926,0.000120808157756255,0.0324404290430329,2.50008750244275e-05,0.00671344656939513,0.000123367964773871,0.033127810089654,0.92174832146289,247.515660972849
18.998804,51.381668,0.249542,"2021-10-08 12:54:14",412.905029,0.696211,0,51.37384,51.374577,51.389526,51.388783,18.98526,19.018127,19.012238,18.97937,-0.104970999999978,0.68,0.0815681085029092,0.12609080619796,0.24856277016069,0.272211015177808,0.0979483551130954,0.085759609092895,0.343668036213924,0.107192894284316,0.42955852836122,0.137277190883317,0.550116577102519,0.982829987158417,3.93853534538642
19.000626,51.521603,0.001073,"2021-10-08 12:54:36",411.638458,0.651329,0,51.513866,51.514545,51.529316,51.528671,18.992188,19.025482,19.008759,18.9758,-1.37154199999998,0.68,0.000713574448021909,0.000813837440423641,0.00124023714565316,0.00127985711037693,0.000799017493752014,0.000252564168887236,0.235381331674964,0.000193734888094437,0.180554415745048,0.000318310958452052,0.2966551336925,0.941610093171726,877.549015071506
19.0012,51.163635,0.000465,"2021-10-08 12:53:21",414.347839,0.663615,0,51.156021,51.156727,51.171383,51.170666,18.976593,19.009277,19.025757,18.993042,1.33783900000003,0.68,0.000508283976851259,0.000499536018696706,0.000454928934685166,0.00043189629141287,0.000466826409618128,3.17153860204189e-05,0.0682051312267072,1.29146662620261e-06,0.00277734758323142,3.17416697177508e-05,0.0682616553069909,0.950149919345644,2043.33315988311
19.001711,51.489639,0.002725,"2021-10-08 12:54:35",411.971466,0.685501,0,51.48175,51.482513,51.497471,51.496731,18.993469,19.02652,19.009766,18.976654,-1.03853399999997,0.68,0.0022298687883968,0.00254114522528644,0.00285176879207054,0.00285630085064627,0.00256382113802932,0.000263074904376194,0.0965412493123648,0.000113970666283398,0.0418240977186783,0.000286701444163829,0.10521153914269,0.965562894481099,354.335007149027
19.00251,51.459488,0.004477,"2021-10-08 12:54:15",412.042267,0.761082,0,51.451405,51.452114,51.467545,51.466846,18.989044,19.022125,19.01593,18.982849,-0.96773300000001,0.68,0.00465549780671891,0.0046305158412156,0.00445247928575435,0.00433024917888071,0.00463247421575362,0.000134534423181608,0.0300501280280562,0.000109936872259045,0.024555924114149,0.000173740113108371,0.0388072622533774,1.02061052361301,227.967505832703
19.002954,51.193226,0.001543,"2021-10-08 12:53:21",414.057159,0.596917,0,51.185474,51.186245,51.200871,51.200123,18.97821,19.011017,19.02771,18.994934,1.04715900000002,0.68,0.00170944468253424,0.00162673838984784,0.00158534468554666,0.00149889888021836,0.00165115262508476,8.07941404590376e-05,0.0523617242119492,7.647545460056e-05,0.0495628351267401,0.000111248318139543,0.0720987155797428,0.90482590439553,586.406937391789
19.002956,51.335243,1.204498,"2021-10-08 12:53:42",413.398895,0.671501,0,51.32719,51.327923,51.343273,51.34256,18.982666,19.015564,19.023041,18.990112,0.388894999999991,0.68,1.45175480599114,1.25767574581774,1.03379354009805,1.01073180067319,1.25177998267706,0.180158977559038,0.149571836199843,0.0334334105788939,0.0277571324974337,0.1832349588317,0.152125581637911,0.973082033098472,0.807873515023248
19.004986,51.274723,0.011338,"2021-10-08 12:53:42",414.567291,0.623699,0,51.266937,51.267532,51.282444,51.281849,18.984924,19.017731,19.025085,18.992249,1.55729100000002,0.68,0.00691285793936893,0.0065570086899237,0.00570573538636819,0.00627596861787075,0.00586518576915871,0.00226830932422487,0.200062561670918,0.00386986405480212,0.341318050344163,0.0044856521257243,0.395629928181717,0.922724532932767,81.3833597576969
19.00852,51.444099,0.004627,"2021-10-08 12:54:15",412.375793,0.738122,0,51.436634,51.437328,51.45155,51.450848,18.994751,19.027679,19.022278,18.989197,-0.634207000000004,0.68,0.00476147376150928,0.00460737512239951,0.00456551990253232,0.00655346845249922,0.00475032669646002,0.000858716735989769,0.185588229087912,8.7205143368215e-05,0.0188470160726637,0.000863133344100895,0.186542758612685,1.00360591463142,216.902077940657
19.010527,51.350521,0.843855,"2021-10-08 12:53:42",413.954285,0.677143,0,51.342983,51.343689,51.358044,51.357342,18.990356,19.023285,19.030487,18.997589,0.944285000000036,0.68,0.791082672481354,0.871597223486344,0.840121037600827,0.833087691405162,0.794452253269317,0.0290339499680211,0.0344063256934202,0.0349330172225075,0.0413969428663781,0.0454234074350831,0.0538284509010233,0.960721566528,1.13849128882095
19.016552,51.149525,0.00013,"2021-10-08 12:53:21",413.030426,0.689822,0,51.141705,51.142471,51.157089,51.156361,18.992065,19.024719,19.041168,19.008453,0.0204259999999863,0.68,0.000135908354014888,0.000135699509944148,0.00013061026385281,0.000139229955822466,0.000141060584017416,3.90363641065986e-06,0.0300279723896912,7.82101396259841e-06,0.0601616458661416,8.74108898420492e-06,0.0672391460323456,0.968635324443832,7451.04095726024
19.018002,51.505878,0.001415,"2021-10-08 12:54:36",413.46228,0.69976,0,51.498051,51.498745,51.513718,51.513046,19.009674,19.043121,19.026123,18.992828,0.45228000000003,0.68,0.0011398167488859,0.00128363954065026,0.00161291740522159,0.00168524735139276,0.00129743899771396,0.000226067960762363,0.159765343294956,8.31281819195461e-05,0.0587478317452623,0.000240867219671964,0.170224183513756,0.975737728909269,689.567299582522
19.018097,51.365875,0.383899,"2021-10-08 12:53:42",413.163635,0.696086,0,51.358212,51.358906,51.373505,51.372829,18.997925,19.030823,19.038086,19.005188,0.153635000000008,0.68,0.227621729163113,0.260148168738828,0.302419531905395,0.368076188398351,0.272586593789985,0.0673618499245111,0.175467635822211,0.0787097572612932,0.20502725264013,0.103599443595919,0.269861196814577,0.978605417984891,2.54912208154981
19.018661,51.178802,0.001216,"2021-10-08 12:53:21",413.315704,0.599296,0,51.171329,51.172047,51.186447,51.185741,18.99408,19.026825,19.043274,19.010345,0.305703999999992,0.68,0.00122345939299577,0.00125035281572096,0.00114890268131225,0.00108032172092191,0.00119644634000998,6.88559393909961e-05,0.0566249501570691,1.38265255759593e-05,0.0113704980065455,7.02304292947094e-05,0.0577552872489387,0.906397098709122,745.392350912107
19.020029,51.20808,0.002243,"2021-10-08 12:53:21",412.709229,0.555291,0,51.200672,51.201431,51.215374,51.214649,18.995789,19.028442,19.044342,19.011658,-0.300770999999997,0.68,0.00255217354281561,0.00236286088302883,0.0022064716756331,0.00215278904312285,0.00246723557537981,0.000159021048284148,0.07089658862423,0.000158558495934331,0.0706903682275215,0.000224562887473301,0.100117203510165,0.877922630480323,391.405541899386
19.021618,51.237461,0.002762,"2021-10-08 12:53:21",413.82605,0.580392,0,51.230015,51.230801,51.245037,51.244236,18.996918,19.029785,19.04599,19.013184,0.816050000000018,0.68,0.00286120904560277,0.00275668213119244,0.00272462753167554,0.00277062224405924,0.00276921593925602,5.12178928696893e-05,0.0185437700469548,5.10243958056184e-06,0.00184737131808901,5.14714235249449e-05,0.0186355624637744,0.894010557159874,323.682316133191
19.023655,51.490955,0.002111,"2021-10-08 12:54:15",412.777802,0.733013,0,51.483265,51.483917,51.498638,51.497974,19.009857,19.042969,19.037262,19.004089,-0.232197999999983,0.68,0.00186745439410202,0.00203603842896454,0.0022966710779475,0.00231354680114606,0.00200877720141932,0.000186722212608647,0.0884520192366874,7.22824340682656e-05,0.0342408498665398,0.000200224711152999,0.0948482762449073,0.999854038477084,473.639999278581
19.026129,51.397896,0.024653,"2021-10-08 12:54:15",413.352295,0.768892,0,51.390057,51.390778,51.405704,51.40501,19.012451,19.045502,19.039551,19.006622,0.342295000000036,0.68,0.00816350877974159,0.016748383105101,0.0424053072738229,0.095712647943693,0.0119395991837066,0.0348893696680069,1.41521801273707,0.00898973192914365,0.364650627880731,0.0360289244356351,1.46144178946315,1.02707983675077,41.6614544579066
19.028227,51.320572,1.027866,"2021-10-08 12:53:43",413.641754,0.688543,0,51.313221,51.313824,51.327969,51.327377,19.008179,19.041077,19.048218,19.015289,0.631754000000001,0.68,1.40072546314941,1.30602214508048,1.15969195189354,0.961741697217253,1.19936699146622,0.183989673571135,0.179001614579269,0.12126951404598,0.117981832306916,0.22035992153239,0.214385845560015,0.992496830154515,0.965589707368972
19.029737,51.475513,0.003117,"2021-10-08 12:54:15",412.651642,0.656337,0,51.467957,51.468613,51.483074,51.482422,19.01593,19.049072,19.043427,19.010315,-0.35835800000001,0.68,0.00297930680880083,0.00298510242502646,0.00318508094890353,0.00328452276392698,0.0030806053011742,0.00013117188462555,0.0420827348814726,2.57349383389653e-05,0.0082563164385516,0.000133672549042535,0.0428850012969314,0.945081094635455,303.202147781667
19.030109,51.259987,0.004417,"2021-10-08 12:53:43",412.147064,0.630286,0,51.252182,51.252869,51.26778,51.267101,19.009918,19.042786,19.05014,19.017273,-0.862935999999991,0.68,0.00466493237262747,0.00453725594533828,0.00435854935283225,0.00418244072623429,0.00453783322616457,0.000182507620781741,0.0413193617346029,8.54419936136155e-05,0.0193438971278278,0.000201517656586417,0.0456231959670402,0.927178775860064,209.911427634155
19.031849,51.38242,0.057309,"2021-10-08 12:54:15",413.06839,0.730047,0,51.374577,51.375294,51.390244,51.389526,19.018188,19.051208,19.045349,19.012329,0.0583900000000313,0.68,0.0119711548275291,0.0213868361823996,0.101607480966727,0.177833333549042,0.0341122677205482,0.067893011345345,1.18468323204636,0.0164025666961692,0.286212753601864,0.069846296850738,1.21876663090855,1.00012355606333,17.4514222210007
19.033985,51.164482,0.000718,"2021-10-08 12:53:21",414.270325,0.629829,0,51.156727,51.157459,51.172089,51.171383,19.009338,19.041992,19.058655,19.025848,1.26032500000002,0.68,0.000806413287266226,0.000743961851074574,0.000729944487811258,0.000696675086533894,0.000761838685113538,4.14836469631337e-05,0.0577766670795733,3.09986315220845e-05,0.0431735815070814,5.17861769355866e-05,0.0721255946178086,0.926868152394292,1290.90271921211
19.035051,51.490314,0.001999,"2021-10-08 12:54:36",412.210449,0.672137,0,51.482513,51.483196,51.498165,51.497471,19.026581,19.059998,19.043274,19.009827,-0.799551000000008,0.68,0.00165695975466625,0.00182787853692627,0.00207560435756818,0.0022466964307881,0.00174352993414913,0.000227135501711834,0.113624563137486,0.000180644615953324,0.0903674917225233,0.000290212014587285,0.145178596591938,0.956121452009112,478.299875942527
19.035866,51.335861,1.194699,"2021-10-08 12:53:43",413.070526,0.698435,0,51.327923,51.328518,51.343857,51.343273,19.015625,19.048553,19.056122,19.023132,0.0605259999999817,0.68,1.22120963587708,1.34953124794446,1.20777674788817,1.17976921632976,1.31178772872561,0.0682392332943868,0.0571183480478236,0.0827942340823909,0.0693013337103244,0.107291556787547,0.0898063502083347,0.98067473067419,0.820855069497999
19.035944,51.19381,0.001997,"2021-10-08 12:53:21",413.104645,0.547533,0,51.186249,51.186954,51.201649,51.200871,19.011078,19.044037,19.060547,19.027771,0.0946450000000141,0.68,0.00217629867523401,0.00200312917357176,0.00186032184506515,0.0017877428304797,0.00205015173522241,0.000149584869550298,0.0749047919630937,3.75839524075979e-05,0.0188202065135693,0.000154234194253273,0.0772329465464561,0.873036316470963,437.173919114153
19.03722,51.223175,0.00259,"2021-10-08 12:53:21",413.477753,0.553236,0,51.215183,51.215908,51.23106,51.230389,19.012329,19.045044,19.062164,19.029358,0.467753000000016,0.68,0.00268740097416505,0.00251759856394481,0.00249968551152725,0.00244008134524681,0.00269384290367084,9.49949033211811e-05,0.0366775688498769,7.34280213637526e-05,0.0283505873991323,0.000120065423742209,0.0463573064641734,0.876624255945331,338.464963685456
19.037998,51.275337,0.007527,"2021-10-08 12:53:43",414.132568,0.624493,0,51.267532,51.268219,51.283108,51.282444,19.017792,19.050659,19.058044,19.025146,1.122568,0.68,0.00657576695105871,0.00751137183246198,0.00737427894416534,0.00841035752312046,0.00680902399643337,0.000651454595720454,0.0865490362322909,0.000507685700851181,0.0674486117777575,0.000825916376598778,0.109727165749804,0.92325088095645,122.658546692766
19.04166,51.444756,0.00478,"2021-10-08 12:54:15",413.46344,0.678347,0,51.437328,51.437977,51.452198,51.45155,19.02774,19.060913,19.055481,19.022339,0.453440000000001,0.68,0.00483457795182001,0.00469155959250993,0.00469658621924249,0.00454631525262838,0.00481984131114794,0.000109238450243513,0.0228532322685174,2.81720612840712e-05,0.00589373667030779,0.000112812694536554,0.0236009821206181,0.960497092726315,200.94081437789
19.04586,51.290836,0.069041,"2021-10-08 12:53:43",413.569458,0.641248,0,51.283161,51.283825,51.298477,51.297821,19.025696,19.058594,19.065857,19.03299,0.559458000000006,0.68,0.0492515364668042,0.0654659387392628,0.0608790279851142,0.0517046824246893,0.0431072776259031,0.00857401157985481,0.124187244968277,0.0183379109521332,0.265608999755699,0.0202433360061985,0.293207456528707,0.934884372613352,13.541002775356
19.047388,51.42955,0.004696,"2021-10-08 12:54:15",411.983368,0.705812,0,51.421772,51.422409,51.437363,51.43671,19.033752,19.066833,19.061005,19.027832,-1.02663200000001,0.68,0.00484562305746586,0.00472262949119738,0.00475836726313381,0.00450082278893525,0.00480608779791364,0.000127183486000544,0.0270833658433866,7.78438284306295e-05,0.0165766244528598,0.000149115058716374,0.0317536326057015,0.980087037757005,208.706779760861
19.05105,51.366474,0.122645,"2021-10-08 12:53:43",413.187469,0.718459,0,51.358906,51.359516,51.374134,51.373508,19.030914,19.063873,19.071136,19.038147,0.177469000000031,0.68,0.0487365849589028,0.0921681254269633,0.185584638210881,0.284062846498672,0.0743340374575615,0.0915556489311425,0.746509429093257,0.0341610092194076,0.278535686081027,0.0977210898531687,0.796780055062731,0.994048663840504,8.10508919108405
19.051342,51.506462,0.000861,"2021-10-08 12:54:36",410.683228,0.711655,0,51.498745,51.499226,51.51421,51.513721,19.043182,19.076263,19.059235,19.026184,-2.32677200000001,0.68,0.000673025277108993,0.000734020105644059,0.000981205386725086,0.00109592956315967,0.000715996670859551,0.000173764735227362,0.201817346373243,0.000102532837329836,0.119085757642086,0.000201760169358429,0.234332368592832,0.984303245820192,1143.2093447389
19.051514,51.179634,0.001492,"2021-10-08 12:53:21",413.242065,0.570263,0,51.172047,51.172749,51.187164,51.186451,19.026886,19.059723,19.07608,19.043365,0.232065000000034,0.68,0.00166594160915656,0.00154414278233185,0.00150528251364094,0.0014061692825137,0.00168031943874184,9.46086917187351e-05,0.0634106512860155,0.0001331619521636,0.0892506381793563,0.00016334904362362,0.10948327320618,0.887468261884283,594.817869895632
19.05673,51.491577,0.001531,"2021-10-08 12:54:16",412.921631,0.805748,0,51.483917,51.484531,51.499226,51.498638,19.04303,19.076172,19.070343,19.037323,-0.0883690000000001,0.68,0.00120247822683091,0.00131526792193889,0.00157539346042067,0.00164495007477145,0.00126021829377623,0.0001868401251166,0.122037965458262,0.000191471580692091,0.125063083404371,0.000267526818405772,0.174739920578557,1.05433861310046,688.6601000003
19.061232,51.32122,1.592959,"2021-10-08 12:53:43",413.553467,0.626444,0,51.313824,51.314465,51.328583,51.327972,19.041168,19.074036,19.081177,19.048279,0.543467000000021,0.68,1.93649992779292,1.75690492985332,1.53901302320524,1.38763200247991,1.77743361587974,0.210740334850472,0.132294889479561,0.130443251845348,0.0818873880905583,0.247844569609418,0.155587538417133,0.957214195371589,0.600903221847887
19.064875,51.383091,0.01169,"2021-10-08 12:54:15",411.628082,0.814389,0,51.375294,51.375942,51.390884,51.390247,19.05127,19.08432,19.078491,19.045441,-1.38191799999998,0.68,0.00458688216924963,0.00407366203637573,0.0101858305255808,0.0392180071180226,0.00390892811038783,0.0145168762031705,1.24182003448849,0.00550204869804479,0.470662848421282,0.0155245687403494,1.32802127804529,1.06107042912126,90.7673592062669
19.068705,51.194649,0.002295,"2021-10-08 12:53:21",413.011963,0.62071,0,51.186954,51.187672,51.202362,51.201649,19.044098,19.076813,19.093323,19.060608,0.00196299999998928,0.68,0.00246261193589143,0.00232781450909361,0.00216671272841234,0.00211148402045725,0.00234447338522939,0.000138586916112092,0.0603864558222622,3.49829661839561e-05,0.0152431225202423,0.000142934045071452,0.0622806296607633,0.920695891448496,401.174680369715
19.068886,51.336517,0.867534,"2021-10-08 12:53:43",414.236206,0.647786,0,51.328518,51.329128,51.344456,51.343857,19.048615,19.081512,19.08905,19.056183,1.22620599999999,0.68,0.703918606077505,0.797593742780907,0.81669586227481,0.932310848002481,0.744216815189786,0.084846733658211,0.0978021998656087,0.0871984176161371,0.100512968501681,0.121665657632816,0.140243100135345,0.947010683172701,1.09161218254581
19.06892,51.4608,0.003491,"2021-10-08 12:54:16",411.977112,0.765761,0,51.452763,51.45335,51.4688,51.468212,19.055389,19.088318,19.082275,19.049255,-1.03288800000001,0.68,0.00340328148270522,0.00340873746822294,0.00345065813047294,0.00347428927085048,0.00347179566013342,3.89214653964321e-05,0.0111490877675257,1.35795189478701e-05,0.00388986506670584,4.12223701824777e-05,0.0118081839537318,1.02410444331635,293.355612522586
19.070856,51.275921,0.020229,"2021-10-08 12:53:43",412.538574,0.632376,0,51.268215,51.26878,51.283691,51.283112,19.050751,19.083588,19.090973,19.058105,-0.471426000000008,0.68,0.0161762172019323,0.0128308243468022,0.0166266300560818,0.00748281206679277,0.012600401779073,0.00479681680458172,0.237125750387153,0.00539423353296511,0.266658437538441,0.00721853218216022,0.356840782152367,0.92862883467124,45.9058200934915
19.074768,51.445393,0.004646,"2021-10-08 12:54:16",411.794586,0.68917,0,51.437977,51.438557,51.452789,51.452198,19.060974,19.093842,19.08847,19.055542,-1.21541400000001,0.68,0.00465783914657218,0.00461963792154351,0.00459389922396599,0.00443135923823858,0.00471444435534708,9.19216128885467e-05,0.0197851082411853,4.83974677998619e-05,0.0104170184674692,0.000103884059438734,0.0223598922597362,0.968171110750521,208.38809960192
19.078741,51.291397,0.14692,"2021-10-08 12:53:43",414.127777,0.627985,0,51.283825,51.284412,51.299072,51.298473,19.058655,19.091492,19.098785,19.065948,1.11777699999999,0.68,0.127132212825901,0.101385190935922,0.142815123635554,0.158032514807901,0.15565653973359,0.0219384735826848,0.149322580878606,0.00617766648972721,0.0420478252772067,0.0227916692323414,0.155129793304801,0.925896657522532,6.30204640295761
19.080532,51.430199,0.005064,"2021-10-08 12:54:15",412.176697,0.740714,0,51.422409,51.422993,51.437943,51.437363,19.066895,19.099792,19.093933,19.061066,-0.833303000000001,0.68,0.00503437486260205,0.00513863869216195,0.00482749719732863,0.00480259321504853,0.00500073154598914,0.00014974369995739,0.0295702409078575,4.47375528662684e-05,0.00883442987090609,0.000156283794148309,0.0308617287022728,1.00551342816525,198.561103508145
19.082581,51.123058,4e-06,"2021-10-08 12:52:59",413.085388,0.598093,0,51.115665,51.11644,51.130444,51.129684,19.051483,19.084259,19.11377,19.080933,0.0753880000000322,0.68,1.02512047721781e-06,1.12049668103245e-07,4.25032210747836e-07,1.30193766271145e-06,4.72079732597108e-06,1.54238755985718e-06,0.385596889964294,5.09680677055281e-07,0.12742016926382,1.62441798111376e-06,0.40610449527844,0.905602140374921,226400.53509373
19.085754,51.209484,0.002634,"2021-10-08 12:53:22",413.985382,0.555443,0,51.202198,51.202911,51.216858,51.216183,19.061401,19.094147,19.110168,19.077301,0.975382000000025,0.68,0.00260749937918954,0.00259496326737447,0.00245162890352077,0.00239722196957091,0.00253914056806481,0.00010555212583911,0.0400729407134056,6.70757475808766e-05,0.0254653559532561,0.000125061613545839,0.0474797317941683,0.878018759417706,333.340455359797
19.086464,51.306679,1.301914,"2021-10-08 12:53:43",413.197479,0.65934,0,51.299007,51.29961,51.314495,51.313885,19.066315,19.099182,19.106567,19.073669,0.187478999999996,0.68,1.46488456407155,1.40599871229635,1.26005610132561,1.16758464332697,1.42572534268388,0.117832606251838,0.0905072118833028,0.087547839999583,0.067245486260677,0.146796278511049,0.112754205355383,0.958477116568097,0.736206167663991
19.087187,51.238941,0.003522,"2021-10-08 12:53:21",413.13266,0.65814,0,51.231476,51.232311,51.24649,51.245697,19.062714,19.095459,19.111816,19.078857,0.122659999999996,0.68,0.00362834565125887,0.00360377301869986,0.00341410807631453,0.00354434008768259,0.00352445350704151,8.37137679202659e-05,0.0237688154231306,1.73489146674085e-06,0.000492587014974687,8.37317430118919e-05,0.0237739190834446,0.946334119965567,268.692254391132
19.09413,51.321766,1.466322,"2021-10-08 12:53:43",414.07666,0.634281,0,51.314465,51.315075,51.329224,51.328579,19.074097,19.106995,19.114136,19.081238,1.06666000000001,0.68,1.65712454112095,1.56217889066728,1.48525791762962,1.46550140470901,1.6467076821016,0.0827282681268931,0.0564188957997583,0.127551939043002,0.0869876732689016,0.1520311267501,0.103681951679167,0.942245111667821,0.642590857715987
19.099852,51.165997,0.001413,"2021-10-08 12:53:22",413.225067,0.568008,0,51.158329,51.159073,51.173687,51.172924,19.075073,19.107849,19.124451,19.091766,0.215067000000033,0.68,0.00145332164442972,0.00145694826833117,0.00137894926907839,0.00132456457753502,0.00143642015335473,5.53296152891206e-05,0.0391575479753154,1.65605492535585e-05,0.0117201339374087,5.77548103591521e-05,0.0408738926816363,0.886020931693839,627.049491644613
19.101839,51.337059,0.383722,"2021-10-08 12:53:43",412.235657,0.648198,0,51.329128,51.329773,51.345127,51.344456,19.081604,19.114502,19.122009,19.089111,-0.774342999999988,0.68,0.201669442429181,0.270847445723693,0.471900687803991,0.474722550011377,0.269829155524696,0.121717773699842,0.317203010773013,0.0805344026571123,0.209876949085828,0.145948643178975,0.380349949127168,0.950716389702936,2.47761762344337
19.103033,51.224548,0.002841,"2021-10-08 12:53:22",414.217682,0.529363,0,51.216721,51.217396,51.232563,51.231892,19.078003,19.11087,19.128113,19.095062,1.20768200000003,0.68,0.00286091862699353,0.00281751606905768,0.00286763698602107,0.00289468488727693,0.00286409377700347,2.89893457686715e-05,0.0102039231850305,1.63297663223635e-05,0.00574789381286994,3.32722622651149e-05,0.0117114615505508,0.861757034712246,303.32876969808
19.104546,51.254173,0.005877,"2021-10-08 12:53:21",413.758148,0.621055,0,51.246567,51.247364,51.261841,51.261028,19.079742,19.112701,19.12912,19.096283,0.748148000000015,0.68,0.00611193588163201,0.00617445315890642,0.00585726159178272,0.00570570014481432,0.00610212268409464,0.00019371527092424,0.0329615911050264,0.000159185776522237,0.0270862304785157,0.000250730368396489,0.0426629859446128,0.920928540056566,156.700449218405
19.107786,51.445984,0.004059,"2021-10-08 12:54:16",413.15506,0.602286,0,51.438564,51.439194,51.453426,51.452793,19.093903,19.126953,19.121521,19.088531,0.145060000000001,0.68,0.00421780203619458,0.00418080444517627,0.00401890832033948,0.00413832291533507,0.0040570653171774,8.29075451791594e-05,0.0204256085684059,1.36802734330558e-06,0.000337035561297261,8.29188310726001e-05,0.0204283890299581,0.908376812050777,223.793252537762
19.109426,51.352348,0.028267,"2021-10-08 12:53:43",413.413391,0.713406,0,51.344868,51.345539,51.359905,51.359222,19.089355,19.122253,19.129486,19.096558,0.403390999999999,0.68,0.0212635514998432,0.0206251507009789,0.0634727464982007,0.0832981525577844,0.0172764745889501,0.0284275414599266,1.00567946580559,0.00777147504695645,0.274931016625622,0.0294706792908021,1.04258249162635,0.986010467375403,34.8820344350445
19.113499,51.430775,0.005085,"2021-10-08 12:54:16",413.161713,0.549323,0,51.422993,51.423603,51.43858,51.437943,19.099854,19.132812,19.127045,19.093994,0.151713000000029,0.68,0.00513450093025321,0.00517696226627073,0.00494776625587885,0.00490687491078973,0.00509721924590811,0.000117708442714533,0.0231481696587085,8.64031164261041e-06,0.00169917633089684,0.000118025134914398,0.0232104493440311,0.87416003812742,171.909545354458
19.114298,51.138062,0.000371,"2021-10-08 12:52:59",413.080353,0.616503,0,51.130558,51.131321,51.145596,51.14484,19.082611,19.115387,19.145721,19.112885,0.0703530000000114,0.68,0.000405611214943962,0.000385229594904501,0.000370282281571515,0.00036207338357414,0.000404610645050056,1.71270578413767e-05,0.046164576391851,2.37663150349486e-05,0.0640601483421796,2.92946042922974e-05,0.0789611975533623,0.917864886498647,2474.02934366212
19.117338,51.507744,0.000222,"2021-10-08 12:54:37",412.136383,0.683114,0,51.499798,51.500488,51.515503,51.514858,19.109131,19.14212,19.125397,19.092529,-0.873616999999967,0.68,0.000174178534075019,0.000197062139752576,0.000325034733775552,0.00035117317725809,0.000201732455388692,7.92557337377441e-05,0.357007809629478,1.43313182326568e-05,0.0645554875344899,8.05410330986254e-05,0.362797446390205,0.963869671419771,4341.75527666564
19.117342,51.181171,0.00239,"2021-10-08 12:53:22",413.161621,0.568879,0,51.173599,51.174347,51.18874,51.187992,19.092773,19.125488,19.141846,19.109131,0.151621000000034,0.68,0.00252643742911209,0.0024303345173831,0.00223633279063652,0.00218218648038924,0.00246905884459777,0.00014161448430231,0.0592529223022218,5.59030451278564e-05,0.0233903954509859,0.000152249179369796,0.063702585510375,0.886579573315793,370.95379636644
19.119305,51.415371,0.005069,"2021-10-08 12:54:16",412.711487,0.717842,0,51.40773,51.408344,51.423035,51.422428,19.105652,19.138672,19.132874,19.099915,-0.298513000000014,0.68,0.00517402085396706,0.00512793308150426,0.00497483062524454,0.00493322577612334,0.00508490157036197,0.000101160851797875,0.0199567669753157,1.1244108234464e-05,0.00221821034414361,0.000101783829297487,0.0200796664623175,0.988785693324872,195.065238375394
19.128807,51.262066,0.007136,"2021-10-08 12:53:44",413.776886,0.69916,0,51.254166,51.254986,51.269894,51.269089,19.108582,19.141479,19.148865,19.115967,0.766886,0.68,0.00723646127671668,0.00699819887276773,0.00693243901487889,0.0068495245296122,0.00694959495171786,0.000155693396578185,0.0218180208209341,0.000131808273687707,0.0184708903710352,0.000203994741967987,0.028586707114348,0.975307514178915,136.674259273951
19.134239,51.492176,0.000412,"2021-10-08 12:54:37",412.232788,0.624822,0,51.484226,51.484943,51.499908,51.499218,19.12619,19.159149,19.142273,19.109253,-0.777211999999963,0.68,0.000307044402465845,0.000355383796443681,0.000499196915719889,0.000570180375242102,0.000330529185157771,0.000106584160590534,0.258699418909062,5.76085656437338e-05,0.13982661564013,0.000121156634668998,0.294069501623782,0.92347308913846,2241.43953674384
19.134584,51.196194,0.002735,"2021-10-08 12:53:22",412.944031,0.552316,0,51.188496,51.18924,51.203876,51.203156,19.109863,19.142639,19.159302,19.126434,-0.0659689999999955,0.68,0.00281947074981947,0.0027926582150439,0.00270397052290004,0.00266594292044595,0.00277734678744277,6.29245047758323e-05,0.0230071315450941,2.99437005622479e-05,0.010948336585831,6.96858558435304e-05,0.0254792891566839,0.876043930811759,320.308567024409
19.134937,51.462078,0.002028,"2021-10-08 12:54:16",412.123199,0.623818,0,51.453999,51.454681,51.470139,51.469448,19.12146,19.154419,19.148315,19.115326,-0.886800999999991,0.68,0.00179741259210341,0.00183257621842646,0.0019768347347433,0.00208879516662966,0.00186507488846381,0.000125499271236725,0.061883269840594,0.000115205451192814,0.0568074216927093,0.000170359511226961,0.0840037037608287,0.922794086536299,455.026669889694
19.137402,51.254871,0.006937,"2021-10-08 12:53:22",415.446259,0.59529,0,51.247364,51.248096,51.262615,51.261841,19.112762,19.14566,19.162018,19.129181,2.43625900000001,0.68,0.00696766003712021,0.00711318786147007,0.00688475858701314,0.00667631766554005,0.00686190114277585,0.000158442598433814,0.0228402188891183,5.31029112025563e-05,0.00765502540039734,0.000167104686279725,0.0240888981230684,0.903753402219862,130.280150240718
19.140814,51.446678,0.003294,"2021-10-08 12:54:16",412.570282,0.618799,0,51.439198,51.439884,51.454113,51.45343,19.127014,19.159943,19.154541,19.121582,-0.439717999999971,0.68,0.00331141240936124,0.00336263566669118,0.00327990108171108,0.00327462621563194,0.00332067207155069,3.54800499648389e-05,0.0107711141362595,1.88600026617857e-05,0.00572556243527192,4.01812598845535e-05,0.0121983181191723,0.919408616457086,279.116155572886
19.144636,51.292919,1.408233,"2021-10-08 12:53:44",412.284149,0.641174,0,51.285168,51.28595,51.300598,51.299831,19.124451,19.157318,19.164642,19.131744,-0.725850999999977,0.68,1.38325618267705,1.38105448186373,1.29824351464628,1.28919533216173,1.42602110212971,0.0543540433629378,0.0385973367780316,0.0125780876403568,0.00893182281650605,0.0557904142177545,0.0396173177434093,0.936278093621008,0.66486021391418
19.146473,51.43145,0.004693,"2021-10-08 12:54:16",413.292816,0.581783,0,51.423603,51.424316,51.439266,51.43858,19.132874,19.165894,19.160034,19.127106,0.282816000000025,0.68,0.00502193165209752,0.0047702468710397,0.00471855458227184,0.00464978479724234,0.00480467976870528,0.000147049710238896,0.0313338398122515,7.89695217728486e-05,0.0168270875288405,0.000166912559894023,0.0355662816735612,0.894914234409534,190.691292224491
19.14719,51.138817,0.000702,"2021-10-08 12:53:00",413.424469,0.62754,0,51.131329,51.132053,51.146332,51.145596,19.115448,19.148499,19.17868,19.145782,0.414468999999997,0.68,0.000731392433918976,0.000745161507199203,0.000700233433849592,0.000692296678069946,0.000737358613858595,2.27917407229425e-05,0.0324668671266987,2.50023156327691e-05,0.0356158342347138,3.38316306462228e-05,0.0481932060487505,0.925314245402382,1318.11146068715
19.148096,51.152504,0.001344,"2021-10-08 12:53:23",411.959473,0.658926,0,51.144821,51.14555,51.160172,51.159451,19.123535,19.156281,19.172668,19.139893,-1.05052699999999,0.68,0.00134514620613915,0.00131002687008765,0.00131629332450606,0.00132135029361066,0.00139092840005918,1.62193090405907e-05,0.0120679382742491,3.31833899120814e-05,0.024690022256013,3.69351235521342e-05,0.0274814907381951,0.946880919039033,704.524493332614
19.148521,51.124554,0.000142,"2021-10-08 12:53:00",413.243591,0.544769,0,51.117218,51.118023,51.13203,51.131176,19.117065,19.150116,19.179718,19.146912,0.23359099999999,0.68,0.000132801815527464,0.000142308789035386,0.000137380289837115,0.000138415993016799,0.000140357476601111,3.88760455638294e-06,0.0273774968759362,1.16143943361199e-06,0.00817915094092951,4.05738964665194e-06,0.0285731665257179,0.871305493714726,6135.95418108962
19.151751,51.211025,0.002882,"2021-10-08 12:53:22",413.215515,0.499027,0,51.203705,51.204426,51.218369,51.21764,19.127228,19.160095,19.176056,19.14325,0.205514999999991,0.68,0.00286464137719319,0.00289743794494955,0.00291074121014093,0.00292857361727267,0.00298717803413437,2.47864412452705e-05,0.00860043068885167,7.43721011682831e-05,0.025805725596212,7.83937312659028e-05,0.0272011558868504,0.843461885845814,292.665470453093
19.165316,51.167507,0.002454,"2021-10-08 12:53:23",413.457306,0.717565,0,51.159821,51.160542,51.175167,51.174454,19.140747,19.173523,19.189972,19.157166,0.447306000000026,0.68,0.00257542923841007,0.00254343294346965,0.00238734662708767,0.00242430464156458,0.00250532692576422,7.97576511708217e-05,0.0325010803467081,3.62936172653385e-05,0.01478957508775,8.76271052499702e-05,0.0357078668500286,0.988584612920669,402.846215534095
19.16736,51.492668,0.000193,"2021-10-08 12:54:37",412.337463,0.71022,0,51.484951,51.485519,51.500523,51.499908,19.159241,19.192139,19.175537,19.142365,-0.672536999999977,0.68,0.000127735952943857,0.000157822734394914,0.000230723737064693,0.000267076257695503,0.000164675774335045,5.56358791924977e-05,0.288268804106206,2.00282520395477e-05,0.103773326629781,5.91310572650434e-05,0.306378535052039,0.983266216187906,5094.64360719122
19.167715,51.338627,0.003231,"2021-10-08 12:53:44",412.643097,0.759009,0,51.330532,51.331326,51.34668,51.345905,19.147522,19.180298,19.187866,19.155029,-0.366902999999979,0.68,0.00315975719257816,0.00320945947137195,0.0136941180514025,0.0382601379423099,0.00736565700099669,0.0152011550576936,4.70478336666468,0.00292364400328519,0.904872795817144,0.0154797548218952,4.79101046793415,1.01918314590183,315.438918570668
19.169579,51.278187,0.20264,"2021-10-08 12:53:44",414.574677,0.614876,0,51.270329,51.271103,51.285984,51.285236,19.149475,19.182251,19.189697,19.15686,1.56467700000002,0.68,0.111200228274736,0.171674741100845,0.143911620282113,0.139947353410128,0.155260015836745,0.0346743436303135,0.171113026205653,0.0335027080943488,0.165331169040411,0.048215573789474,0.237937099237436,0.918039888529822,4.53039818658617
19.177477,51.293694,2.919793,"2021-10-08 12:53:44",413.989746,0.693592,0,51.285954,51.286701,51.30135,51.300602,19.15741,19.190247,19.197571,19.164703,0.979746000000034,0.68,3.19495072926582,3.24330646552294,2.87209638961767,2.66772505119704,3.14244101009549,0.238912599313809,0.0818251839475639,0.157435917756212,0.0539202326179328,0.286121125243526,0.0979936335361877,1.01258834714538,0.346801416109082
19.180079,51.139561,0.001152,"2021-10-08 12:53:00",412.671417,0.577246,0,51.132053,51.132908,51.147205,51.146332,19.14856,19.181366,19.211456,19.178772,-0.338582999999971,0.68,0.00113993199594315,0.00115916871481442,0.0011325242654887,0.00111716204454765,0.00115151060994496,1.64983270937485e-05,0.0143214644911012,3.46051026564137e-07,0.000300391516114702,1.65019558902969e-05,0.0143246144881049,0.891971381148697,774.280712802689
19.180977,51.153061,0.001881,"2021-10-08 12:53:23",413.034088,0.611801,0,51.145554,51.146038,51.16069,51.160172,19.156372,19.189148,19.205566,19.172729,0.0240880000000061,0.68,0.00193100893902888,0.00192169540019217,0.00192246107913172,0.00183588534206991,0.00196173910340156,3.99868604809052e-05,0.0212582990329108,5.70911675221649e-05,0.0303514978852551,6.97018681253471e-05,0.0370557512628108,0.914713325834576,486.29097598861
19.181389,51.125389,0.000503,"2021-10-08 12:53:00",412.9599,0.531965,0,51.118023,51.118526,51.132538,51.13203,19.150208,19.183075,19.212494,19.179779,-0.0500999999999863,0.68,0.000498118449436364,0.000512842796243289,0.000522593493247107,0.000530369772934949,0.000519594099061161,1.33649601150919e-05,0.0265704972467035,1.17337999738283e-05,0.0233276341427998,1.77849436519717e-05,0.0353577408587907,0.863357840956636,1716.41717884023
19.182852,51.182663,0.002867,"2021-10-08 12:53:23",412.851471,0.589212,0,51.175125,51.175838,51.190186,51.18951,19.158173,19.19101,19.20755,19.17453,-0.158528999999987,0.68,0.00287828944069516,0.00291563614171871,0.00285019295879469,0.00280458171603396,0.00289241284756443,4.06108007361749e-05,0.0141649113136292,1.79695968420684e-05,0.00626773520825547,4.4408822851994e-05,0.0154896487101479,0.899761514467108,313.833803441614
19.194597,51.263542,0.007808,"2021-10-08 12:53:44",413.665619,0.689233,0,51.255779,51.256542,51.27145,51.270672,19.174347,19.207245,19.214661,19.181793,0.655619000000002,0.68,0.00796320864872656,0.00803942495318282,0.00783991356516963,0.00789340532086346,0.00792222650426532,9.37632071339033e-05,0.0120086074710429,8.07703357572418e-05,0.0103445614443189,0.000123755347966756,0.0158498140326275,0.968215959176663,124.003068542093
19.195141,51.478783,0.000268,"2021-10-08 12:54:17",412.894012,0.74437,0,51.471233,51.471832,51.486298,51.485706,19.181366,19.214386,19.208801,19.175812,-0.115988000000016,0.68,0.000207089956267701,0.000250024891073069,0.000309215005686968,0.000342706450739242,0.000229872503872769,5.25322065139406e-05,0.196015695947539,2.69602110612289e-05,0.100597802467272,5.90464706963025e-05,0.220322651851875,1.0082096510084,3761.97630973285
19.198271,51.168007,0.002732,"2021-10-08 12:53:23",414.073212,0.664029,0,51.160542,51.16106,51.17572,51.175171,19.173584,19.206421,19.2229,19.190063,1.06321200000002,0.68,0.00283985366437045,0.00276245984586598,0.00262031299831042,0.00259767186648546,0.00277305680942312,0.000100943450659373,0.0369485544141189,2.90315483569718e-05,0.0106264818290527,0.000105035284695308,0.0384462974726604,0.950439121602963,347.891332943983
19.200205,51.197659,0.002724,"2021-10-08 12:53:23",413.380066,0.630055,0,51.190006,51.190693,51.205288,51.204617,19.175323,19.208313,19.224945,19.192139,0.370066000000008,0.68,0.00267871014923718,0.00275653386821283,0.00272537084374048,0.00269787662346741,0.00268152937979704,2.96334078043636e-05,0.0108786372262715,3.00312635467113e-05,0.0110246929319792,4.21902316693302e-05,0.0154883376172284,0.927021739122128,340.316350632206
19.200579,51.339413,0.003243,"2021-10-08 12:53:44",413.820587,0.749698,0,51.331329,51.332031,51.347382,51.346684,19.180359,19.213287,19.220856,19.187927,0.810586999999998,0.68,0.00320641798329905,0.00315235159724387,0.00320427801080297,0.00319735784707065,0.00316804937611529,3.23400824875566e-05,0.00997227335416486,5.29980944030407e-05,0.0163423047804628,6.2086060799954e-05,0.0191446379278304,1.01214973944505,312.10291071386
19.201052,51.463406,0.000664,"2021-10-08 12:54:17",411.745422,0.74915,0,51.455372,51.455978,51.471432,51.470825,19.187561,19.220581,19.214508,19.181488,-1.26457799999997,0.68,0.000600465134976786,0.000595171894915705,0.000725423722187443,0.000758693161751968,0.000637156588264668,7.31450715504651e-05,0.110158240286845,1.89811584682358e-05,0.0285860820304756,7.55677568075097e-05,0.113806862661912,1.01174390445927,1523.71069948685
19.207024,51.448017,0.001515,"2021-10-08 12:54:17",412.27301,0.681835,0,51.440578,51.441196,51.455414,51.454807,19.193054,19.226135,19.220734,19.187714,-0.736989999999992,0.68,0.00144023552589178,0.00147559920751335,0.00160135824129452,0.00165315593091695,0.00143858940733686,8.83905819786674e-05,0.0583436184677673,5.40304482265893e-05,0.0356636621957685,0.000103596256293814,0.0683803671906365,0.962963643112856,635.619566411126
19.210455,51.294411,2.022184,"2021-10-08 12:53:44",415.982727,0.749835,0,51.286709,51.287502,51.302143,51.30135,19.190308,19.223175,19.230499,19.197632,2.97272700000002,0.68,2.07836458018162,1.89324902479023,1.9858899691282,2.06905308305909,1.87914358521228,0.0750353231991212,0.0371060809496669,0.101144847280133,0.0500176281090808,0.125938794098237,0.062278602787005,1.02005544314215,0.504432555663651
19.212654,51.432796,0.00303,"2021-10-08 12:54:17",412.677765,0.705609,0,51.425007,51.425625,51.440582,51.439957,19.199005,19.232025,19.226257,19.193176,-0.332234999999969,0.68,0.00310330922685199,0.00300754537565281,0.00314235919878281,0.00315838427013812,0.0030638132615541,6.70441574903841e-05,0.0221267846502918,2.39095865389383e-05,0.00789095265311495,7.11799647517362e-05,0.0234917375418271,0.979940848188087,323.412821184187
19.21283,51.140347,0.001258,"2021-10-08 12:53:00",413.620636,0.561806,0,51.132908,51.133423,51.147694,51.147205,19.181427,19.214111,19.244385,19.211548,0.610636,0.68,0.00127337663198981,0.00125272547918878,0.00125406242857031,0.0012338737596017,0.0012424056033592,1.41183992330468e-05,0.0112228928720563,1.10269036132223e-05,0.00876542417585242,1.79142903906069e-05,0.0142402944281454,0.882057811006128,701.158832278321
19.213938,51.153873,0.002155,"2021-10-08 12:53:23",413.263733,0.573865,0,51.146038,51.146694,51.161282,51.16069,19.189209,19.221954,19.238403,19.205627,0.253733000000011,0.68,0.00219337481342937,0.00213322325879857,0.00212195014307546,0.00204203036690917,0.0022784949118025,5.57927036674166e-05,0.0258898856925367,8.73240895775826e-05,0.0405216192935418,0.00010362587709194,0.0480862538709698,0.889787080690275,412.894236979246
19.214409,51.126041,0.000546,"2021-10-08 12:53:01",412.978363,0.621489,0,51.118526,51.11932,51.133286,51.132538,19.183167,19.215942,19.245239,19.212585,-0.0316369999999893,0.68,0.000539858170607794,0.000546317282878638,0.000548623826076224,0.000550476995638843,0.000542500170486524,4.01325660338777e-06,0.00735028681939152,2.47475318197573e-06,0.00453251498530353,4.71493710205497e-06,0.00863541593782962,0.921221242234042,1687.21839237004
19.215815,51.183117,0.002568,"2021-10-08 12:53:23",413.26593,0.583814,0,51.175838,51.176392,51.190784,51.190189,19.191071,19.223938,19.240479,19.207611,0.255930000000035,0.68,0.00253756374576072,0.00253744368230984,0.00250144787123196,0.00252359232957789,0.00249884107506649,2.42268320878255e-05,0.00943412464479186,4.89027448000564e-05,0.0190431249221404,5.45748828857299e-05,0.0212519014352531,0.896235900627964,349.001518936123
19.218189,51.309734,0.008494,"2021-10-08 12:53:44",414.957123,0.749043,0,51.301884,51.302685,51.317581,51.316761,19.198029,19.230896,19.238281,19.205444,1.94712300000003,0.68,0.00906039268203561,0.00892543003946763,0.0220552328085166,0.0318735352862083,0.01553773023313,0.0105255558453084,1.23917539973021,0.00498066941269492,0.5863750191541,0.0116445005754331,1.37090894460008,1.01173168885958,119.111336103082
19.218452,51.417389,0.005091,"2021-10-08 12:54:17",412.995148,0.740697,0,51.409729,51.410343,51.42506,51.424438,19.204742,19.237762,19.232117,19.199097,-0.014852000000019,0.68,0.00500566493249623,0.00495923119027787,0.00481962041355338,0.00483577731377172,0.00496602695585532,0.000114903029754358,0.0225698349546961,8.83692869802288e-05,0.0173579428364229,0.000144954603680341,0.0284727172815442,1.00550090344108,197.505579147728
19.224293,51.401772,0.005664,"2021-10-08 12:54:17",412.301056,0.756184,0,51.39397,51.394608,51.409561,51.408936,19.210571,19.243683,19.237885,19.204834,-0.708943999999974,0.68,0.00566764108101406,0.00558279779319483,0.00563212777755653,0.00550822289193897,0.00558007663750281,6.67496902513774e-05,0.0117849029398618,5.93427787217398e-05,0.0104771855087817,8.93145370870398e-05,0.0157688095139548,1.01696324900809,179.548596223179
19.225904,51.324837,0.003039,"2021-10-08 12:53:45",414.684998,0.702856,0,51.317341,51.318161,51.332287,51.331478,19.205841,19.238708,19.245911,19.213043,1.67499800000002,0.68,0.0030523560512857,0.00297785277242232,0.00301695797895603,0.00309435643753036,0.00298520479860486,4.3086071122941e-05,0.0141777134330178,3.80389517017994e-05,0.0125169304711416,5.74749629959251e-05,0.0189124590312356,0.977960408216698,321.803359070977
19.227516,51.264339,0.012755,"2021-10-08 12:53:45",413.876953,0.692991,0,51.256542,51.257259,51.272175,51.271454,19.207306,19.240173,19.247559,19.214722,0.866953000000024,0.68,0.00889218318615034,0.015060616257201,0.0166882831423907,0.0233702844950267,0.00900699556851829,0.00535343528787689,0.419712684271022,0.00265023934941795,0.207780427237785,0.00597352810244405,0.468328349858412,0.970913080105007,76.120194441788
19.229954,51.386292,0.005643,"2021-10-08 12:54:17",413.764771,0.718891,0,51.378494,51.37912,51.394085,51.393452,19.216248,19.249298,19.243561,19.210449,0.754771000000005,0.68,0.00562573520211339,0.00553049306239139,0.00539214794438027,0.00538030373912953,0.00562064023139817,0.000124619245787718,0.0220838642189824,1.58107440041156e-05,0.0028018330682466,0.000125618215425404,0.0222608923312785,0.989547515615565,175.358411415128
19.231173,51.168827,0.002504,"2021-10-08 12:53:23",413.635712,0.603605,0,51.16106,51.161655,51.176258,51.175724,19.206482,19.239227,19.255798,19.222961,0.625712000000021,0.68,0.00259506508983579,0.0025129221446467,0.00246557026713037,0.00242652516904984,0.00255920857479094,6.28509681238836e-05,0.025100226886535,3.90383576143182e-05,0.0155903984082741,7.39880906587866e-05,0.0295479595282694,0.909251891116668,363.119764822951
19.233088,51.198078,0.002648,"2021-10-08 12:53:23",413.586578,0.584202,0,51.190693,51.191296,51.205952,51.205292,19.208374,19.241211,19.257935,19.225006,0.576577999999984,0.68,0.00253639157371567,0.00260894417694363,0.00266806071241136,0.00267200536072577,0.00258901243300736,5.63201860444268e-05,0.0212689524336959,4.17105086261917e-05,0.0157517026533957,7.00837348172488e-05,0.0264666672270577,0.896488695810343,338.553132858891
19.233616,51.340149,0.003362,"2021-10-08 12:53:45",413.870514,0.661179,0,51.332031,51.33284,51.348186,51.347382,19.213348,19.246246,19.253815,19.220917,0.860514000000023,0.68,0.00335020616795655,0.00329265834899332,0.00332754555242361,0.00326145412806366,0.0033851179405855,4.15361388730828e-05,0.0123545921692691,1.63468525550748e-05,0.00486224049823761,4.46370969143534e-05,0.0132769473272913,0.948450142091544,282.108906035557
19.234129,51.463966,0.00034,"2021-10-08 12:54:17",411.119019,0.762109,0,51.455978,51.456516,51.47197,51.471432,19.220642,19.253662,19.247589,19.2146,-1.89098100000001,0.68,0.000305621348479373,0.000297376396147561,0.000379858856895524,0.000392473922817641,0.000319048541350733,4.27021642874442e-05,0.125594600845424,1.48149184866462e-05,0.0435732896666066,4.5199077917562e-05,0.132938464463418,1.02137658575276,3004.04878162575
19.239971,51.448563,0.000826,"2021-10-08 12:54:17",412.631622,0.707533,0,51.441196,51.44173,51.455952,51.455414,19.226227,19.259216,19.253815,19.220795,-0.378377999999998,0.68,0.000828109826981889,0.000841355006910566,0.000920123336995957,0.000927293906744207,0.000836450982685674,5.07349236779744e-05,0.0614224257602595,7.38996072710328e-06,0.00894668368898702,5.12703032969185e-05,0.0620705851052282,0.981327136442096,1188.0473806805
19.241245,51.355438,0.003779,"2021-10-08 12:53:45",414.644348,0.756329,0,51.347797,51.348602,51.362949,51.362179,19.221161,19.254059,19.261353,19.228424,1.63434799999999,0.68,0.00389212139349942,0.00382746457982142,0.00381173966172835,0.00384458304188528,0.00389710484646401,4.18562478262363e-05,0.0110760115973105,8.35127378256978e-05,0.0220991632245826,9.34147893068065e-05,0.0247194467602028,1.01707107173851,269.137621523819
19.245674,51.433357,0.002011,"2021-10-08 12:54:17",413.100098,0.673391,0,51.425629,51.426159,51.441113,51.440582,19.232086,19.265076,19.259277,19.226318,0.0900980000000118,0.68,0.00190273056717126,0.00198000774163773,0.00203476698546594,0.00207014220528314,0.00197916477288329,6.34632557983958e-05,0.0315580585770242,2.25109049748395e-05,0.0111938861137939,6.73374017862203e-05,0.0334845359454104,0.957003366459766,475.884319472783
19.245804,51.141033,0.001571,"2021-10-08 12:53:01",413.196259,0.561031,0,51.133423,51.134159,51.148396,51.147701,19.214172,19.246918,19.277069,19.244446,0.186259000000007,0.68,0.00156232581178426,0.00161202260716651,0.00153992450808269,0.00149187066564001,0.00155287448898193,4.4082052928995e-05,0.0280598681915945,1.28166717533488e-05,0.00815828883090311,4.59074554431827e-05,0.0292218048651704,0.881564396438794,561.148565524375
19.246635,51.154381,0.002332,"2021-10-08 12:53:24",413.491364,0.666666,0,51.146694,51.147213,51.161762,51.161285,19.222046,19.25473,19.27121,19.238434,0.481363999999985,0.68,0.00230258600628818,0.0023447038010886,0.00230439542934928,0.00227919496471267,0.00229555363403457,2.59350275022416e-05,0.0111213668534484,2.57714725237619e-05,0.0110512317854897,3.65621997093316e-05,0.0156784732887357,0.952283338556753,408.354776396549
19.246862,51.126888,0.000564,"2021-10-08 12:53:01",413.809814,0.641819,0,51.11932,51.120331,51.134274,51.133286,19.216003,19.248535,19.278046,19.245331,0.799814000000026,0.68,0.000564050996537397,0.000566349768722326,0.00056047622455793,0.000572249362065627,0.000561655176754255,4.35419347636055e-06,0.00772020119922083,1.65804041775018e-06,0.00293978797473436,4.65919508675843e-06,0.0082609841963802,0.935057019000824,1657.90251595891
19.250244,51.212887,0.004414,"2021-10-08 12:53:23",413.719757,0.639321,0,51.20583,51.206509,51.22049,51.219727,19.22583,19.258728,19.274628,19.241791,0.709757000000025,0.68,0.00434866225818026,0.00434223025886372,0.00432491053754912,0.00434595707509208,0.00427234314487029,3.41733373483877e-05,0.00774203383515807,0.000100166522863779,0.0226929141059761,0.000105835482179402,0.0239772274987319,0.933344176733401,211.450878281242
19.251163,51.310474,0.003441,"2021-10-08 12:53:45",412.944702,0.673822,0,51.302689,51.303387,51.318279,51.317581,19.230957,19.263885,19.27124,19.238342,-0.0652979999999843,0.68,0.00338681615799301,0.00342726460652614,0.00352261671919123,0.00351112768630596,0.0034470947598933,5.76593426537144e-05,0.0167565657232532,4.30964605025629e-06,0.00125244000298061,5.78201767926814e-05,0.0168033062460568,0.957306685982696,278.20595349686
19.251608,51.417984,0.004,"2021-10-08 12:54:17",413.279572,0.724605,0,51.410343,51.410892,51.425587,51.42506,19.237823,19.270874,19.265137,19.232178,0.269571999999982,0.68,0.00410308594872109,0.00392647651705924,0.00388548578395337,0.00388952567966389,0.00400680637640485,9.18044479910253e-05,0.0229511119977563,4.81283491117742e-06,0.00120320872779436,9.19305175163238e-05,0.022982629379081,0.993706402553702,248.426600638426
19.257494,51.402382,0.005253,"2021-10-08 12:54:17",412.482727,0.751366,0,51.394611,51.395161,51.410107,51.409565,19.243744,19.276794,19.270966,19.237946,-0.52727299999998,0.68,0.00530911853893429,0.00517052166743396,0.00525546168608144,0.00508126316950856,0.00525582892765905,8.91585088537307e-05,0.0169728743296651,2.00035393120053e-06,0.000380802195164769,8.91809459294464e-05,0.0169771456176369,1.01338584651121,192.915638018506
19.260324,51.26503,0.120669,"2021-10-08 12:53:45",415.618134,0.74487,0,51.257259,51.257816,51.272747,51.272175,19.240234,19.273041,19.280426,19.24765,2.60813400000001,0.68,0.113696924574439,0.0971929238913478,0.121923700686615,0.0890549504244501,0.088340114864715,0.0146735132810366,0.121601349816743,0.022859973907361,0.189443634300118,0.0271641381062235,0.225112813615953,1.00894460070861,8.36125766111105
19.263044,51.386887,0.005577,"2021-10-08 12:54:17",412.50415,0.727294,0,51.37912,51.379681,51.394634,51.394085,19.249359,19.28241,19.276642,19.243622,-0.505850000000009,0.68,0.00569464303690787,0.00555173736117206,0.00554579268309436,0.00541441424396901,0.00563119610525166,9.97862761377497e-05,0.0178924647907028,3.83224335373481e-05,0.00687151399271079,0.000106892047494955,0.0191665855289501,0.99566890775092,178.531272682611
19.264091,51.169346,0.00233,"2021-10-08 12:53:24",412.862335,0.550146,0,51.161655,51.162125,51.176662,51.176266,19.239288,19.272034,19.288696,19.25589,-0.147665000000018,0.68,0.0023307982151032,0.00231369101926698,0.00232345184724375,0.00229346473940015,0.00233377292273381,1.54731057751209e-05,0.00664081792923646,2.66785924996987e-06,0.00114500396994415,1.57014163471239e-05,0.00673880529919483,0.874677438580952,375.398042309421
19.266094,51.198875,0.002714,"2021-10-08 12:53:23",412.974487,0.527241,0,51.191296,51.191788,51.206432,51.205963,19.241272,19.274109,19.290741,19.257996,-0.0355129999999804,0.68,0.00265623064348206,0.00273835443043658,0.00272135407359149,0.00275025146288541,0.00270423011335762,3.63246406935487e-05,0.0133841712209096,6.90835309625072e-06,0.00254545066184625,3.69757334480047e-05,0.0136240727516598,0.86045515481529,317.043166844248
19.266573,51.340878,0.00344,"2021-10-08 12:53:45",413.323608,0.722815,0,51.33284,51.333523,51.348858,51.348186,19.246307,19.279175,19.286743,19.253876,0.313607999999988,0.68,0.00351926577598031,0.00356703325289721,0.00350994138674614,0.00343264913723463,0.00352578548084293,5.68023437445793e-05,0.0165123092280754,6.06594952313847e-05,0.01763357419517,8.31028315799391e-05,0.0241577998778893,0.992401900003764,288.488924419699
19.273207,51.449192,0.000465,"2021-10-08 12:54:18",411.501984,0.693892,0,51.44173,51.442368,51.456577,51.455952,19.259277,19.292358,19.286896,19.253876,-1.508016,0.68,0.000424637474168124,0.000422204598023756,0.000480789403276312,0.000498195709970452,0.000442302759538574,3.38315093038006e-05,0.0727559339866679,1.6049372644496e-05,0.0345147798806366,3.74453386158417e-05,0.0805276099265412,0.971538012157092,2089.32905840235
19.278599,51.141899,0.001908,"2021-10-08 12:53:01",412.36673,0.571205,0,51.134167,51.135143,51.149357,51.148403,19.246979,19.279785,19.309967,19.27713,-0.643269999999973,0.68,0.00191444314225184,0.00191249972054218,0.00190423174647461,0.00185568437421107,0.00194401300705421,2.45221518675306e-05,0.0128522808530035,2.54650414989508e-05,0.0133464578086744,3.53525709214694e-05,0.0185286011118812,0.888073844494254,465.447507596569
19.279402,51.154903,0.00235,"2021-10-08 12:53:24",413.382996,0.596642,0,51.147213,51.14809,51.16267,51.161762,19.254791,19.287598,19.304047,19.271271,0.372996000000001,0.68,0.00239511976879631,0.00239100265637287,0.00231602291958043,0.0023208832646644,0.00242251016594022,3.74605601466289e-05,0.0159406638921825,5.12724300412913e-05,0.0218180553367197,6.34992570731211e-05,0.0270209604566473,0.90464450487258,384.955108456417
19.279655,51.127655,0.000754,"2021-10-08 12:53:01",412.647186,0.578164,0,51.120331,51.121216,51.135132,51.134266,19.248596,19.281219,19.31073,19.278168,-0.362814000000014,0.68,0.000746278298220513,0.000740216232177926,0.000755697071594874,0.000743695141568956,0.000743765220291551,6.65818012615406e-06,0.00883047762089398,7.23708213579475e-06,0.00959825216948906,9.83395751630809e-06,0.0130423839738834,0.892565746033706,1183.7741989837
19.281569,51.184467,0.001884,"2021-10-08 12:53:24",413.549347,0.616174,0,51.176929,51.177322,51.191654,51.191284,19.256897,19.289734,19.306061,19.273438,0.539347000000021,0.68,0.00187370619395315,0.00186989387735689,0.00189097218701409,0.00190492505124072,0.00184964454656043,1.40442876759588e-05,0.00745450513585926,2.42929740978586e-05,0.0128943599245534,2.80604812297352e-05,0.0148940983172692,0.91764393915254,487.072154539565
19.283052,51.213684,0.004127,"2021-10-08 12:53:24",413.363159,0.59018,0,51.206512,51.206982,51.220917,51.22049,19.258789,19.291534,19.307495,19.274689,0.353159000000005,0.68,0.00411127363475186,0.00406288778134291,0.00413337797596223,0.00418335026131516,0.00408067908504024,4.33450483918553e-05,0.0105027982534178,3.27538330788115e-05,0.00793647518265362,5.43286922486353e-05,0.013164209413287,0.900395710424926,218.171967633857
19.290483,51.402931,0.004443,"2021-10-08 12:54:17",413.028015,0.74284,0,51.395168,51.395794,51.410748,51.410107,19.276855,19.309906,19.304138,19.271027,0.0180149999999912,0.68,0.00449957071687607,0.00443438304802126,0.00438705446902017,0.00433866211825711,0.00432808150033508,6.076019238854e-05,0.0136754878209633,8.12596503968489e-05,0.0182893653830405,0.000101463943160664,0.022836809174131,1.0070805707067,226.666795117421
19.291731,51.32616,0.003109,"2021-10-08 12:53:45",412.892792,0.737071,0,51.318863,51.319416,51.333546,51.332977,19.271698,19.304535,19.311737,19.2789,-0.117208000000005,0.68,0.00333998789955512,0.00311204333038526,0.00306915526878151,0.00310596219927536,0.00311755322953958,0.000109148909168424,0.0351074008261255,6.04804660848223e-06,0.00194533503006826,0.000109316344800013,0.0351612559665528,1.00283282305231,322.558000338472
19.293325,51.265568,5.381208,"2021-10-08 12:53:45",416.483795,0.700072,0,51.257816,51.258419,51.273304,51.272747,19.273102,19.306,19.313446,19.280487,3.473795,0.68,5.22306776329491,5.1204301793436,4.68309451140563,4.88836168466944,5.15097142061524,0.276103238867152,0.0513087839881217,0.162801846560159,0.0302537732345895,0.320526815970722,0.0595641008432906,1.02724789848426,0.190895408332899
19.296122,51.38744,0.005643,"2021-10-08 12:54:17",413.066467,0.753586,0,51.379681,51.380306,51.395264,51.394634,19.282471,19.315521,19.309753,19.276703,0.0564669999999978,0.68,0.0055865667959205,0.00571467722854469,0.00573458523747636,0.00564657730166744,0.0056541752711776,5.97600672852662e-05,0.0105901235664126,7.90211003128007e-06,0.0014003384779869,6.02802536896288e-05,0.0106823061650946,1.01503293691865,179.874700853917
19.296808,51.169922,0.001898,"2021-10-08 12:53:24",412.844177,0.578476,0,51.162125,51.163036,51.177593,51.176662,19.272125,19.304901,19.321564,19.288757,-0.165822999999989,0.68,0.00191885569500371,0.00197932361407781,0.00198691785566489,0.00194120650029158,0.00190904164884988,3.82166045528837e-05,0.0201351973408238,7.80762477723088e-06,0.0041136063104483,3.90059978492221e-05,0.0205511052946376,0.892767878060959,470.372959989968
19.298946,51.199402,0.002244,"2021-10-08 12:53:24",413.937805,0.555273,0,51.191788,51.192165,51.206818,51.206432,19.2742,19.306763,19.323517,19.290802,0.927805000000035,0.68,0.00219094465792364,0.00223105119930466,0.00221487005898465,0.00227479971124257,0.00221577068293492,3.14322053805182e-05,0.0140072216490723,1.9961141524983e-05,0.00889533936050937,3.72348050359268e-05,0.0165930503725164,0.877911217558718,391.226032780177
19.301304,51.280895,0.00519,"2021-10-08 12:53:45",415.834656,0.740301,0,51.273182,51.273746,51.288631,51.288036,19.281006,19.313965,19.321442,19.288544,2.824656,0.68,0.00506459468138361,0.00512173543856184,0.00519579856185149,0.00519052677896581,0.00513163969649605,5.7881019826977e-05,0.0111524122980688,4.12669663597479e-05,0.0079512459267337,7.10856875098459e-05,0.0136966642600859,1.00520921984141,193.681930605281
19.311901,51.43454,0.000679,"2021-10-08 12:54:18",412.889404,0.685756,0,51.4268,51.427387,51.442341,51.441746,19.29834,19.33139,19.325562,19.292511,-0.120595999999978,0.68,0.000641867834025704,0.000652670135452445,0.000687799611439607,0.00067673597127861,0.00068510024562566,1.94067927068502e-05,0.0285814325579532,4.31352504880775e-06,0.0063527614857257,1.98803949033551e-05,0.0292789321109795,0.96574390597675,1422.30324886119
19.312265,51.155617,0.00214,"2021-10-08 12:53:24",413.491608,0.556095,0,51.14809,51.148762,51.16333,51.16267,19.287659,19.320312,19.336975,19.304108,0.481607999999994,0.68,0.00215428468847348,0.00213260539323654,0.00213434637581728,0.00212905192448869,0.00214766553211469,9.89562091278116e-06,0.00462412192186035,5.42034973970055e-06,0.00253287371014045,1.12828854709309e-05,0.00527237638828547,0.878431357108968,410.481942574284
19.312271,51.128269,0.001264,"2021-10-08 12:53:02",414.218048,0.529893,0,51.121216,51.121899,51.135864,51.135132,19.281281,19.314026,19.343811,19.310791,1.20804800000002,0.68,0.00126964369946802,0.00130631247666895,0.00131176588109417,0.00129769533108024,0.0012918670708022,2.17334976441175e-05,0.0171942228197132,1.97049947360413e-05,0.0155893945696529,2.93365256530877e-05,0.0232092766242783,0.8620827061887,682.027457427769
19.314802,51.372047,0.005955,"2021-10-08 12:53:45",414.32309,0.810318,0,51.364487,51.365051,51.379623,51.379047,19.294617,19.327576,19.334991,19.302002,1.31308999999999,0.68,0.00601170047769958,0.00606569876632816,0.00586824606559458,0.00591348997143857,0.00604193315896186,7.81219793002981e-05,0.0131187202855245,6.14710262118994e-05,0.010322590463795,9.94068946972001e-05,0.016693013383241,1.05783518139913,177.638149689191
19.315914,51.214191,0.002608,"2021-10-08 12:53:24",413.262878,0.579299,0,51.206982,51.207367,51.221333,51.220917,19.291595,19.324341,19.340363,19.307556,0.25287800000001,0.68,0.00257031685860804,0.00256742320145248,0.00259830590322381,0.00258544718826374,0.00260039176295838,1.75124801505543e-05,0.006714908033188,5.37983600500413e-06,0.002062820554066,1.83201964089989e-05,0.00702461518749959,0.893301366693587,342.523530173921
19.323465,51.403507,0.003697,"2021-10-08 12:54:18",412.320679,0.635359,0,51.395794,51.396332,51.411304,51.410748,19.309967,19.342804,19.337128,19.304199,-0.689321000000007,0.68,0.00368490892692486,0.00368154236738955,0.00374081923179123,0.00367895483497347,0.0037042273425553,2.56430089935657e-05,0.00693616689033425,5.1105029308107e-06,0.00138233782277812,2.61472971920601e-05,0.00707257159644581,0.93063476163567,251.727011532505
19.326164,51.266186,6.873446,"2021-10-08 12:53:46",413.947144,0.777856,0,51.258419,51.259037,51.27393,51.273312,19.306061,19.338898,19.346375,19.313538,0.937143999999989,0.68,6.59863174928421,6.55296746217081,6.7671132408315,6.55630246949796,6.46468189616822,0.143647096447928,0.020898847019083,0.289039869725094,0.0420516680752411,0.322766997396914,0.0469585412319983,1.08242251054966,0.157478870212941
19.329105,51.388027,0.00515,"2021-10-08 12:54:18",412.477478,0.755229,0,51.380306,51.38084,51.395809,51.395267,19.315582,19.348419,19.342712,19.309845,-0.532521999999972,0.68,0.00519880798350128,0.00513585288050764,0.00513261887141231,0.00525375881381608,0.00520259878458369,5.17694148088417e-05,0.0100523135551149,3.71929572612975e-05,0.00722193344879562,6.37447125610479e-05,0.0123776140895239,1.01625333775806,197.330745195739
19.329784,51.17057,0.001564,"2021-10-08 12:53:24",413.678589,0.608654,0,51.163036,51.1637,51.17828,51.177593,19.304962,19.33783,19.354431,19.321625,0.668588999999997,0.68,0.00153018765467348,0.0015586690990771,0.00160768733408539,0.00158642202674933,0.00156874158127573,2.93154796012288e-05,0.0187439127885095,3.35280427361582e-06,0.0021437367478362,2.95065863960445e-05,0.0188661038337881,0.912611468581586,583.511169169812
19.331741,51.200146,0.001539,"2021-10-08 12:53:24",412.920349,0.543156,0,51.192169,51.1931,51.207687,51.206821,19.306824,19.339722,19.356445,19.323578,-0.0896510000000035,0.68,0.00153359164602851,0.00154319138120715,0.00153647407713984,0.00152389568739028,0.00155560156214856,7.25077690953522e-06,0.00471135601659209,1.17390771735366e-05,0.0076277304571388,1.37978149965166e-05,0.00896544184309069,0.870297903321834,565.495713659411
19.332504,51.342037,0.002793,"2021-10-08 12:53:46",414.31488,0.749528,0,51.334095,51.334667,51.349987,51.349415,19.312164,19.345093,19.352722,19.319794,1.30488000000003,0.68,0.00281821576372036,0.00279906747975682,0.00286948999144513,0.00282104304829385,0.00279797229868038,3.00855772844616e-05,0.0107717784763558,3.51594611498171e-06,0.00125884214643097,3.02903258091221e-05,0.0108450862188049,1.01202382565901,362.342937937348
19.340212,51.357281,0.004949,"2021-10-08 12:53:46",414.313049,0.754549,0,51.349823,51.350403,51.364746,51.364185,19.320038,19.352936,19.36026,19.327301,1.30304899999999,0.68,0.00496648849247829,0.00495613073808432,0.00502500208066348,0.00507339446166129,0.00502555495070804,5.3573719168893e-05,0.0108251604705785,5.41325247790567e-05,0.0109380733035071,7.61608404926219e-05,0.0153891372989739,1.01574809830069,205.24309927272
19.344255,51.143219,0.002184,"2021-10-08 12:53:02",413.212341,0.548372,0,51.136005,51.136738,51.150986,51.150166,19.312439,19.345459,19.375946,19.342987,0.20234099999999,0.68,0.00214755099348432,0.00215878529807006,0.00214572343466677,0.00211984856691512,0.0021579845305731,2.323572377643e-05,0.0106390676632005,1.83957148475123e-05,0.00842294635875106,2.9636146580916e-05,0.0135696641854011,0.873562734588822,399.982937082794
19.34498,51.435131,0.000366,"2021-10-08 12:54:18",413.159576,0.574173,0,51.427387,51.42802,51.442993,51.442341,19.331451,19.364349,19.358612,19.325623,0.149576000000025,0.68,0.000362204132320532,0.000351810194264289,0.000355368597007231,0.000363467711306964,0.000358543371709677,5.9401562403253e-06,0.016229935082856,5.27263242887485e-06,0.014406099532445,7.94267643112184e-06,0.0217013017243766,0.889985749319665,2431.65505278597
19.345137,51.156353,0.001827,"2021-10-08 12:53:25",413.214752,0.565096,0,51.148769,51.149509,51.164112,51.16333,19.320374,19.353271,19.369812,19.337067,0.204751999999985,0.68,0.00182603081167047,0.00186716722114657,0.00185084412043187,0.0018444703519943,0.00180974469727817,1.72601242646326e-05,0.009447249186991,1.22013415660328e-05,0.0066783478741285,2.11372804693876e-05,0.011569392703551,0.884156937236136,483.939210309872
19.347355,51.185722,0.001312,"2021-10-08 12:53:24",413.703522,0.569147,0,51.178253,51.17894,51.193295,51.1926,19.322662,19.355499,19.371918,19.33902,0.69352200000003,0.68,0.00130049360280951,0.00128108150721364,0.00128335290823003,0.00129017737638903,0.00127175264536762,1.28389212914555e-05,0.009785763179463,2.84591773853758e-05,0.0216914461778779,3.12211895574219e-05,0.0237966383821813,0.886751548396597,675.877704570577
19.347879,51.37262,0.004521,"2021-10-08 12:53:46",413.719696,0.744962,0,51.365051,51.365612,51.380203,51.379627,19.327637,19.360596,19.36795,19.335052,0.709696000000008,0.68,0.00452257509557042,0.00450872552691421,0.00453783961493609,0.00458872587092168,0.00452798269215594,3.1353905046084e-05,0.00693517032649502,4.93750897440343e-06,0.00109212762096957,3.17402954698151e-05,0.00702063602517476,1.00864680758502,223.102589600756
19.348913,51.214993,0.001855,"2021-10-08 12:53:24",412.978333,0.560633,0,51.207371,51.208233,51.222122,51.221333,19.324402,19.357239,19.37323,19.340424,-0.0316669999999704,0.68,0.00185045711290375,0.0018666404239027,0.00186232133737863,0.00181987808464135,0.00185069628091704,1.84225746606495e-05,0.00993130709468975,3.043188947883e-06,0.0016405331255434,1.86722322205922e-05,0.0100658933803732,0.88131116016856,475.100355886016
19.349989,51.312252,0.001938,"2021-10-08 12:53:46",413.285309,0.68989,0,51.304516,51.305134,51.319992,51.319401,19.329803,19.362732,19.370178,19.337189,0.275308999999993,0.68,0.00190744069616634,0.00191904418970384,0.0019359691640269,0.00196475409183527,0.00191360057745149,2.17380557559145e-05,0.0112167470360756,1.72529971410874e-05,0.00890247530499868,2.77526391249124e-05,0.014320247226477,0.968683752764652,499.836817732018
19.350628,51.244186,0.003178,"2021-10-08 12:53:24",409.272369,0.739803,0,51.236828,51.237461,51.251698,51.251221,19.327118,19.358765,19.375092,19.342133,-3.73763099999996,0.68,0.00317817835867583,0.00312968220370505,0.00317917638340345,0.0031872462249074,0.00314665672679378,2.31138808995472e-05,0.00727309027676124,2.21630410287007e-05,0.00697389585547536,3.20226775563557e-05,0.0100763617232082,1.00484251494175,316.187072039568
19.350761,51.419727,0.001195,"2021-10-08 12:54:18",411.651123,0.639405,0,51.412094,51.412724,51.427444,51.426823,19.337097,19.370117,19.364441,19.331543,-1.35887700000001,0.68,0.00119009172861379,0.00117393481565975,0.00119611643033538,0.00122698703931424,0.00117069921169166,1.92489142574653e-05,0.0161078780397199,1.71832522010061e-05,0.014379290544775,2.58028071398178e-05,0.021592307229973,0.933401711317686,781.089298173796
19.356525,51.404099,0.002386,"2021-10-08 12:54:18",412.449036,0.670795,0,51.396332,51.396938,51.411938,51.411304,19.342896,19.375824,19.370178,19.337189,-0.560964000000013,0.68,0.00232739933273548,0.00244783297415597,0.00236461523087232,0.00236541245281783,0.0024570691238991,4.42672358536608e-05,0.0185529068959182,5.02534594420404e-05,0.0210618019455324,6.69701303270079e-05,0.0280679506818977,0.955178484111738,400.326271631072
19.357714,51.327351,0.002206,"2021-10-08 12:53:46",413.325256,0.639309,0,51.319981,51.320572,51.334686,51.334118,19.337616,19.370605,19.377808,19.344818,0.315256000000034,0.68,0.00215868283050862,0.00219921007671453,0.00220935053340164,0.00222456826121849,0.00219569017338688,2.46668131200959e-05,0.0111816922575231,7.29014831099467e-06,0.00330469098413177,2.57215460635249e-05,0.0116598123588055,0.933335951382244,423.089733174181
19.362122,51.388611,0.003709,"2021-10-08 12:54:18",411.697937,0.675319,0,51.380844,51.381428,51.396412,51.395809,19.348511,19.381378,19.375671,19.342773,-1.31206299999997,0.68,0.00362284838102713,0.00366518293951721,0.00377346099405638,0.00372756523754119,0.00366652307620233,5.7881787633319e-05,0.0156057664150227,3.00357208612766e-05,0.00809806440045205,6.5210780299619e-05,0.0175817687515824,0.958360973753338,258.387968118991
19.364588,51.200741,0.00122,"2021-10-08 12:53:24",413.319855,0.618128,0,51.1931,51.193798,51.20842,51.207687,19.339783,19.37265,19.389252,19.356506,0.309855000000027,0.68,0.00121008230584737,0.00118170335199866,0.00121837631363137,0.00119870700496326,0.00121632430421153,1.58831467126486e-05,0.0130189727152858,2.59910941760589e-06,0.00213041755541466,1.60944002454335e-05,0.0131921313487159,0.918957139720363,753.243557147838
19.365507,51.342621,0.002011,"2021-10-08 12:53:46",413.568604,0.704682,0,51.334667,51.335232,51.350552,51.349987,19.345154,19.378143,19.385773,19.352783,0.558604000000003,0.68,0.00196520023777626,0.00201520332647576,0.00204825684046853,0.00204419442185138,0.001974644627779,3.33118138715778e-05,0.0165648005328582,2.57071302300303e-05,0.0127832572004129,4.20777077331736e-05,0.0209237731144573,0.979273568975766,486.958512668208
19.365953,51.230061,0.002403,"2021-10-08 12:53:24",412.77121,0.719361,0,51.221867,51.22266,51.237774,51.237041,19.341156,19.373901,19.391144,19.358398,-0.238789999999995,0.68,0.00240806918110871,0.00241965242570011,0.00237762596382707,0.00241280006976189,0.00242906362980039,1.60882275388059e-05,0.00669505931702284,1.84297693741916e-05,0.0076694837179324,2.44640034443727e-05,0.0101806090072296,0.989889008384015,411.938829955894
19.373232,51.357872,0.003214,"2021-10-08 12:53:46",414.158142,0.713439,0,51.350403,51.350964,51.365311,51.364746,19.353027,19.386017,19.39328,19.360321,1.14814200000001,0.68,0.00317208162081067,0.00322982844003049,0.00324398011441397,0.00324190852112487,0.00319819708754201,2.95091147826305e-05,0.00918142961500638,1.1174346561542e-05,0.0034767724211394,3.15539835255695e-05,0.00981766755618216,0.985593835064249,306.656451482343
19.378061,51.157173,0.001416,"2021-10-08 12:53:25",413.438171,0.620504,0,51.149517,51.150173,51.164738,51.164112,19.353333,19.386139,19.40271,19.369904,0.42817100000002,0.68,0.00140312157349648,0.00140752853419143,0.0014357155945865,0.00142190492182179,0.00141635077367823,1.28213174804582e-05,0.00905460274043658,2.48034446538236e-07,0.00017516556958915,1.2823716427829e-05,0.00905629691230864,0.920557012998352,650.110884885842
19.380903,51.373219,0.002545,"2021-10-08 12:53:46",413.470428,0.724534,0,51.365612,51.36618,51.380753,51.380207,19.360657,19.393616,19.401001,19.368011,0.460428000000036,0.68,0.00249934206100139,0.00251179135714328,0.00255372802955611,0.00260031733413191,0.00250360586661359,3.96223220160905e-05,0.0155686923442399,2.92700724188711e-05,0.0115010107736232,4.92611971165209e-05,0.0193560695939178,0.993654627917903,390.434038474618
19.38172,51.215572,0.001692,"2021-10-08 12:53:25",413.269745,0.616781,0,51.208233,51.208965,51.222935,51.222122,19.3573,19.390076,19.40567,19.373322,0.259745000000009,0.68,0.0016855809166295,0.00171683329581258,0.00170696190489786,0.00170106876973366,0.00166234141670725,1.22849980377406e-05,0.00726063713814454,2.09717853666895e-05,0.0123946722025352,2.4305080914364e-05,0.01436470503213,0.91805163392466,542.583707993298
19.395466,51.172115,0.001009,"2021-10-08 12:53:25",413.248535,0.652494,0,51.164478,51.1651,51.179691,51.179096,19.370758,19.403595,19.420135,19.387329,0.238535000000013,0.68,0.000984034536336966,0.000998399485881773,0.00102418402375129,0.00102173005787598,0.00101865424155454,1.6707363072432e-05,0.0165583380301605,6.82657967042822e-06,0.00676568847416077,1.80482179405826e-05,0.0178872328449778,0.942416267029458,934.010175450404
19.397432,51.201462,0.001085,"2021-10-08 12:53:25",413.857666,0.679453,0,51.193802,51.194637,51.209446,51.208424,19.372711,19.405548,19.420929,19.389313,0.847666000000004,0.68,0.00106941403343852,0.00106070458433795,0.00107616668969115,0.00107763171286004,0.00106015814326771,9.17126600381694e-06,0.00845277972702022,1.75658453526669e-05,0.0161897192190479,1.98159290235552e-05,0.018263529053968,0.96127851302402,885.970979745641
19.400595,51.260254,0.001234,"2021-10-08 12:53:24",413.548798,0.761568,0,51.252579,51.253281,51.267731,51.267086,19.376007,19.408691,19.425232,19.392487,0.538797999999986,0.68,0.0012162424414525,0.00121596359198985,0.00122161748933782,0.00124846970140858,0.00121215922256862,1.39293968059549e-05,0.011288003894615,1.5443761828115e-05,0.0125152040746475,2.07975449219682e-05,0.0168537641182887,1.02097297665342,827.368700691586
19.410982,51.157742,0.000906,"2021-10-08 12:53:25",413.156219,0.658264,0,51.150177,51.150726,51.165272,51.164738,19.3862,19.418945,19.435547,19.402802,0.146219000000031,0.68,0.000886978135935969,0.000896853000971807,0.000896977623816017,0.000913982432044306,0.000884202369185536,1.02468350364568e-05,0.0113099724464203,1.54132525627083e-05,0.0170124200471394,1.85085381061334e-05,0.0204288500067698,0.946420358000908,1044.61408167871
19.416195,51.245731,0.001466,"2021-10-08 12:53:25",413.545074,0.737751,0,51.23819,51.238968,51.253143,51.252411,19.391693,19.424225,19.440521,19.407867,0.535074000000009,0.68,0.00143046010177818,0.00144256249902291,0.00147055867850783,0.00147985871390655,0.00144913879276686,2.05926169322743e-05,0.0140468055472539,1.1922673973545e-05,0.00813279261496933,2.37950840889214e-05,0.0162312988328249,1.00333271578635,684.401579663265
19.424942,51.267937,0.000759,"2021-10-08 12:53:47",413.873138,0.720592,0,51.260189,51.260864,51.275776,51.275074,19.404785,19.437622,19.445099,19.412292,0.863137999999992,0.68,0.000758759730901202,0.000755757007489762,0.000777678042490374,0.000776502648208198,0.000756117337341011,1.06297027406744e-05,0.0140048784462114,2.0383503140444e-06,0.00268557353629038,1.08233752756645e-05,0.0142600464765014,0.990783947478534,1305.38069496513
19.428341,51.172684,0.000768,"2021-10-08 12:53:25",414.050385,0.670598,0,51.165104,51.165649,51.180267,51.179691,19.403656,19.436371,19.452789,19.420197,1.04038500000001,0.68,0.00075482686682664,0.000757458668768141,0.000777861911319524,0.000775279819290578,0.000764878176533773,1.03230809307611e-05,0.0134415116285952,2.20746254263639e-06,0.00287430018572447,1.05564620389687e-05,0.0137453932799071,0.955040144556991,1243.54185489192
19.43294,51.28326,0.000578,"2021-10-08 12:53:47",413.705719,0.71856,0,51.275513,51.276215,51.291119,51.290401,19.412811,19.445618,19.453125,19.420288,0.695718999999997,0.68,0.000562552981703793,0.000566612582928264,0.000585328355365336,0.000580134678253029,0.000566003555139491,9.56807407037294e-06,0.0165537613674272,8.48276751099635e-06,0.0146760683581252,1.27869224624911e-05,0.0221227032223029,0.989307067478801,1711.60392297371
19.43346,51.260918,0.000699,"2021-10-08 12:53:25",413.486633,0.667835,0,51.253281,51.254017,51.268452,51.267735,19.408752,19.441376,19.457886,19.425293,0.476632999999993,0.68,0.00069665447602914,0.000711001112339113,0.000722186914503581,0.000714014413558576,0.0007035661328882,1.06599356087732e-05,0.0152502655347256,3.22874352904515e-06,0.00461908945500021,1.11381781256874e-05,0.0159344465317417,0.95310208653064,1363.5222983271
19.440901,51.298767,0.000519,"2021-10-08 12:53:47",413.594299,0.732457,0,51.291119,51.291836,51.306477,51.305775,19.420837,19.453674,19.46109,19.428162,0.584298999999987,0.68,0.000500450903162845,0.000507849541496018,0.000516509543422043,0.000527121925257715,0.000509201961039021,1.03043098152405e-05,0.0198541614937196,6.9282597916383e-06,0.0133492481534457,1.24169072038448e-05,0.0239246766933426,0.999446475306797,1925.71575203622
