"lon","lat","ff.xco2","time","obs","uncert","qf","lat1","lat2","lat3","lat4","lon1","lon2","lon3","lon4","obs_enhance","uncert_bg","ver_0.8","ver_0.9","ver_1.1","ver_1.2","wind_ff.xco2","uncert_ver","uncert_ver_percent","uncert_wind","uncert_wind_percent","uncert_trans","uncert_trans_percent","uncert_total","uncert_total_percent"
19.135933,51.258461,0,"2020-04-10 13:36:00",415.159698,0.606171,0,51.252853,51.250153,51.264057,51.266769,19.11319,19.145721,19.158661,19.126099,-0.460302000000013,0.83,0,2.76082627067421e-09,0,3.07735310436119e-08,2.85780457082542e-07,1.3506681221645e-08,Inf,2.02077299133657e-07,Inf,2.02528183872706e-07,Inf,1.02778562027353,Inf
19.137491,51.21104,0,"2020-04-10 13:35:44",416.031769,0.498443,0,51.205643,51.203114,51.216476,51.218994,19.110962,19.143555,19.163971,19.131348,0.411768999999993,0.83,0,0,1.98801015326485e-07,6.81095461447994e-10,9.01566664301151e-08,8.88308576466915e-08,Inf,6.3750390201908e-08,Inf,1.09339075911324e-07,Inf,0.968166010686706,Inf
19.140898,51.226562,0,"2020-04-10 13:36:00",417.942413,0.494644,0,51.220856,51.21814,51.232273,51.234982,19.118011,19.150604,19.163696,19.131165,2.32241299999998,0.83,0,0,1.93119885002823e-09,8.38761126308813e-10,2.90875390502737e-08,8.5125107507353e-10,Inf,2.0567996110477e-08,Inf,2.0585604008467e-08,Inf,0.966215652293007,Inf
19.144045,51.304596,0,"2020-04-10 13:36:00",414.635651,0.623855,0,51.29863,51.295918,51.310558,51.313263,19.120972,19.153595,19.167114,19.134521,-0.984349000000009,0.83,0,0,0,1.44091123668619e-07,3.43936104488247e-09,6.44395094954722e-08,Inf,2.43199551778524e-09,Inf,6.44853858344321e-08,Inf,1.03831356584849,Inf
19.148634,51.194317,0,"2020-04-10 13:35:45",415.374634,0.531748,0,51.18845,51.185863,51.200119,51.202728,19.121613,19.154053,19.175446,19.143005,-0.24536599999999,0.83,0,0,4.02324431966741e-07,0,5.74968496950784e-07,1.79924955777324e-07,Inf,4.06564123162536e-07,Inf,4.44597993646388e-07,Inf,0.98572609557838,Inf
19.14958,51.27298,0,"2020-04-10 13:36:00",414.975006,0.587346,0,51.267262,51.264553,51.278698,51.281418,19.126709,19.159271,19.172424,19.139771,-0.644993999999997,0.83,5.05371396753508e-11,0,3.10370097428854e-12,8.17613077329971e-08,2.66108345702899e-09,3.65587774816924e-08,Inf,1.88167015776854e-09,Inf,3.66071699744536e-08,Inf,1.0167965989892,Inf
19.157652,51.319149,0,"2020-04-10 13:36:00",414.552063,0.65864,0,51.313656,51.310947,51.324657,51.327362,19.134918,19.167511,19.180267,19.147705,-1.06793700000003,0.83,0,0,0,0,4.94525625763418e-10,0,NA,3.49682423447834e-10,Inf,3.49682423447834e-10,Inf,1.05957852450868,Inf
19.159079,51.22538,0,"2020-04-10 13:35:44",416.384857,0.656158,0,51.21983,51.217312,51.230968,51.233456,19.132446,19.1651,19.185547,19.153076,0.764857000000006,0.83,0,1.41482185692194e-07,1.93107052181903e-07,0,1.86099423118029e-06,9.34311923963176e-08,Inf,1.31592164061663e-06,Inf,1.31923430517697e-06,Inf,1.05803748561464,Inf
19.159266,51.177525,1e-06,"2020-04-10 13:35:45",415.386292,0.493282,0,51.172291,51.169544,51.18256,51.185364,19.133331,19.165497,19.185547,19.153259,-0.233707999999979,0.83,0,0,5.61252877559815e-09,2.11808280902044e-08,2.77599426704086e-06,4.44302601955327e-07,0.444302601955327,1.25581758957302e-06,1.25581758957302,1.33209707618674e-06,1.33209707618674,0.965519099513715,965519.099513715
19.163128,51.287312,0,"2020-04-10 13:36:00",414.664612,0.590207,0,51.281952,51.279236,51.292683,51.295399,19.140442,19.173065,19.185669,19.153107,-0.955388000000028,0.83,0,0,0,3.18302710814893e-09,1.51644364111206e-06,1.42349299760912e-09,Inf,1.07228758191756e-06,Inf,1.07228852678135e-06,Inf,1.01845191484436,Inf
19.170191,51.208496,1e-06,"2020-04-10 13:35:45",415.590363,0.565784,0,51.203114,51.200504,51.213833,51.216473,19.143616,19.176056,19.196564,19.164032,-0.0296369999999797,0.83,0,7.39812155783972e-10,5.2838294595364e-07,1.93554296660401e-06,2.53476059341724e-06,8.10051532877093e-07,0.810051532877093,1.08523962310322e-06,1.08523962310322,1.35422617219937e-06,1.35422617219937,1.00449566184122,1004495.66184122
19.170673,51.160656,0,"2020-04-10 13:35:45",414.979462,0.627553,0,51.155293,51.152424,51.16618,51.169037,19.144104,19.176636,19.197266,19.164612,-0.640537999999992,0.83,2.16931597346888e-09,0,5.67646077488899e-10,6.94673777676149e-09,1.36619111328176e-06,2.93813338407427e-09,Inf,9.66043000598331e-07,Inf,9.6604746862295e-07,Inf,1.04053965220453,Inf
19.17351,51.223839,2e-06,"2020-04-10 13:36:01",416.665436,0.540766,0,51.21814,51.215424,51.229565,51.232269,19.150665,19.183167,19.196198,19.163757,1.045436,0.83,0,0,2.87449975020375e-07,0,2.45349696721107e-06,8.71226435907318e-07,0.435613217953659,3.20670780762481e-07,0.160335390381241,9.28366981456464e-07,0.464183490728232,0.990619940621458,495309.970310729
19.17676,51.301868,3.3e-05,"2020-04-10 13:36:00",415.179413,0.607613,0,51.295914,51.293198,51.307842,51.310547,19.153656,19.186218,19.199707,19.167175,-0.440586999999994,0.83,2.87313181866762e-05,3.21130352795605e-05,3.47104959843674e-05,3.19782120317204e-05,3.86803008830706e-05,2.17873185931777e-06,0.0660221775550839,4.01657927359915e-06,0.121714523442399,4.56943996304936e-06,0.138467877668162,1.02863674724845,31170.8105226804
19.181023,51.191643,0.000306,"2020-04-10 13:35:45",414.83194,0.542343,0,51.185863,51.183048,51.197247,51.200115,19.154114,19.186432,19.208008,19.175537,-0.78806000000003,0.83,0.000287707092783092,0.000295292814099463,0.000309508108625344,0.00032188893629649,0.000346695098355363,1.3187074165511e-05,0.043095013612781,2.87757800081307e-05,0.0940384967585971,3.16535059688974e-05,0.103442829963717,0.991481684475787,3240.13622377708
19.181932,51.14386,0.000285,"2020-04-10 13:35:45",415.261627,0.500417,0,51.13847,51.13583,51.149334,51.151962,19.155487,19.187988,19.208313,19.175812,-0.358373000000029,0.83,0.000278084561840135,0.000279526876279544,0.000295596241216881,0.000303778547600624,0.000318494990270814,1.10112007179651e-05,0.0386357919928601,2.368453475627e-05,0.0831036307237544,2.61190299948577e-05,0.0916457192802025,0.969183767183089,3400.64479713365
19.182196,51.27026,0.000424,"2020-04-10 13:36:00",414.923126,0.529034,0,51.264545,51.261829,51.27597,51.27869,19.159332,19.191895,19.205048,19.172485,-0.69687399999998,0.83,0.000391675584372895,0.000406658140486216,0.000425541814848166,0.000430994062854441,0.000455597673379676,1.62677604987698e-05,0.0383673596669099,2.23429291164865e-05,0.0526955875388833,2.763777330303e-05,0.0651834276014858,0.984264686921077,2321.37897858745
19.187262,51.238346,0.000568,"2020-04-10 13:36:01",416.815918,0.495959,0,51.232639,51.229931,51.244061,51.246784,19.164459,19.19693,19.210052,19.17749,1.19591800000001,0.83,0.000535974767681987,0.000552796699436194,0.000564620691096067,0.000601502913524709,0.000641134385977936,2.41459369367052e-05,0.0425104523533541,5.17138202629129e-05,0.0910454582093537,5.7073158986832e-05,0.100480913709211,0.966889514338813,1702.27027172326
19.190821,51.34864,0.000341,"2020-04-10 13:36:18",414.198608,0.623829,0,51.342789,51.340046,51.354496,51.357239,19.171387,19.20401,19.210175,19.177551,-1.42139200000003,0.83,0.000313653462733102,0.000339305479510111,0.000339771466873569,0.00035136821637409,0.000368309511126199,1.39687218736421e-05,0.0409639937643463,1.93107405082248e-05,0.0566297375607765,2.38333776405939e-05,0.069892603051595,1.03829794462333,3044.86200769305
19.191685,51.222828,0.00061,"2020-04-10 13:35:45",414.617004,0.7033,0,51.217304,51.214664,51.228302,51.230961,19.165161,19.197662,19.21817,19.185608,-1.002996,0.83,0.000587322791476095,0.000609557768426898,0.000630764980529894,0.000637637481175466,0.00065266000543674,1.98847925624228e-05,0.0325980205941358,3.01651791297739e-05,0.0494511133274982,3.61295309571261e-05,0.0592287392739772,1.08790205961076,1783.44599936191
19.191856,51.174576,0.000575,"2020-04-10 13:35:45",414.556793,0.526905,0,51.16954,51.166683,51.179749,51.182556,19.165558,19.198212,19.21814,19.185638,-1.06320699999998,0.83,0.000559617784592809,0.000573396801884895,0.000588184043901269,0.000601773865109379,0.00062963740031116,1.60023010198755e-05,0.0278300887302183,3.86344762664252e-05,0.0671903935068265,4.18174173558302e-05,0.0727259432275307,0.983122007064076,1709.7774035897
19.192793,51.12711,0.000441,"2020-04-10 13:35:46",415.476501,0.545558,0,51.121506,51.118999,51.132706,51.135223,19.16626,19.198761,19.219238,19.186798,-0.14349900000002,0.83,0.000411854806251473,0.00043037533582312,0.000440552910429848,0.000449381729784922,0.000495964313565794,1.44055794177561e-05,0.0326657129654333,3.88656388456367e-05,0.0881307003302419,4.1449470457905e-05,0.0939897289294898,0.993243944397376,2252.25384217092
19.195814,51.28458,0.000596,"2020-04-10 13:36:01",414.197144,0.598323,0,51.279224,51.276505,51.289951,51.292679,19.173126,19.205719,19.218323,19.18573,-1.42285600000002,0.83,0.000581182034476665,0.000605719680448454,0.000607136177756384,0.000619308787096315,0.000645262456030398,1.42224538881092e-05,0.0238631776646128,3.48338167169986e-05,0.0584460012030177,3.76254299865509e-05,0.0631299160848169,1.02317662881082,1716.73931008527
19.201185,51.253014,0.001305,"2020-04-10 13:36:01",415.170746,0.597949,0,51.247437,51.244709,51.258606,51.261337,19.178345,19.210907,19.223877,19.191345,-0.449253999999996,0.83,0.0012950748739467,0.00129534262327215,0.00134047308482362,0.00134776295642223,0.00139797161137519,2.54496351959355e-05,0.0195016361654678,6.57408568612373e-05,0.0503761355258523,7.04949940950128e-05,0.0540191525632282,1.02295797155628,783.875840273013
19.202684,51.205803,0.000975,"2020-04-10 13:35:45",415.253479,0.696332,0,51.2005,51.197632,51.210941,51.213825,19.176117,19.208588,19.228943,19.196625,-0.366520999999977,0.83,0.000977715758422408,0.000952497035269365,0.000971535799916102,0.000993211107600866,0.00103802299745329,1.45972854100313e-05,0.0149715747795193,4.4563988869924e-05,0.0457066552512041,4.68938145744257e-05,0.0480962200763341,1.08341047457694,1111.19023033532
19.203302,51.157936,0.000846,"2020-04-10 13:35:45",415.431763,0.544876,0,51.152424,51.149792,51.163555,51.166172,19.176697,19.209229,19.229858,19.197327,-0.188237000000015,0.83,0.00082664909445258,0.000834473380376893,0.000839223710974368,0.000879422557422039,0.000885604681857355,2.04127731840363e-05,0.0241285735035891,2.80047391080716e-05,0.0331025284965385,3.46546782061826e-05,0.0409629766030527,0.992869506318402,1173.60461739764
19.203772,51.331108,0.000491,"2020-04-10 13:36:00",415.915802,0.800843,0,51.325497,51.322765,51.336712,51.339451,19.181,19.213593,19.226624,19.193878,0.295801999999981,0.83,0.000482437912175352,0.000487029739624128,0.00049211004229101,0.000497433775217432,0.000510882503996374,5.62851856868919e-06,0.0114633779403038,1.40590534028047e-05,0.0286335099853455,1.5143883381121e-05,0.0308429396764175,1.15336443107907,2349.01106126083
19.203844,51.110489,0.000284,"2020-04-10 13:35:46",414.822693,0.619766,0,51.105,51.102329,51.115982,51.118679,19.177307,19.209625,19.230255,19.197845,-0.797306999999989,0.83,0.000252595133124593,0.00027413433717678,0.000277760923981295,0.000273403068529736,0.000284057528910764,1.18273418375544e-05,0.0416455698505436,4.06790829154702e-08,0.000143236207448839,1.18274117933786e-05,0.0416458161738683,1.03586190918283,3647.40108867192
19.209381,51.299141,0.000294,"2020-04-10 13:36:01",415.664948,0.658001,0,51.293194,51.290466,51.305099,51.307831,19.18631,19.218872,19.232361,19.199768,0.0449479999999767,0.83,0.000299671908706283,0.000312790199847052,0.000309543646700886,0.000310107513726855,0.000312350004445938,8.00873458698113e-06,0.0272405938332692,1.29754125785261e-05,0.0441340563895444,1.52479887613967e-05,0.0518639073516895,1.0591814368811,3602.65794857515
19.213507,51.188705,0.001067,"2020-04-10 13:35:45",416.043488,0.53992,0,51.183044,51.180241,51.194462,51.197239,19.186493,19.218994,19.24054,19.208069,0.42348800000002,0.83,0.00104875050812483,0.00107595424668382,0.00108765314532041,0.00111327384687652,0.00116847759543496,2.40663673576381e-05,0.0225551709068773,7.17554958705653e-05,0.0672497618280837,7.56838240671248e-05,0.0709314189944937,0.99015837729529,927.983483875623
19.214443,51.141327,0.001052,"2020-04-10 13:35:46",415.337616,0.521849,0,51.135822,51.133312,51.146778,51.149334,19.188049,19.220459,19.240845,19.208374,-0.282383999999979,0.83,0.00102755189285321,0.00104292271127165,0.0010305620309334,0.00106844858469007,0.00106380759401021,1.66851124521141e-05,0.0158603730533404,8.34922979411724e-06,0.00793653022254491,1.8657508292767e-05,0.0177352740425542,0.980421531357356,931.959630567829
19.214838,51.267529,0.001539,"2020-04-10 13:36:01",414.931,0.586299,0,51.261822,51.259094,51.273235,51.275967,19.191956,19.224518,19.23764,19.205109,-0.689000000000021,0.83,0.00150136136574842,0.00151164128450328,0.00152764158619507,0.00154937879583217,0.00160944435346724,1.95659590559179e-05,0.0127134236880558,4.98116800329876e-05,0.0323662638291017,5.35166349977891e-05,0.0347736419738721,1.01619216699649,660.293805715721
19.216881,51.331013,0.000675,"2020-04-10 13:36:18",414.596741,0.718719,0,51.325165,51.322433,51.336884,51.339619,19.197479,19.230103,19.236267,19.203613,-1.023259,0.83,0.000663186962819885,0.000668635028829813,0.000680403130645523,0.00068617028704512,0.000707378988018882,9.13119511101977e-06,0.01352769646077,2.28954019961094e-05,0.0339191140683103,2.4649100525556e-05,0.0365171859637866,1.09793305878299,1626.56749449332
19.219851,51.235619,0.002073,"2020-04-10 13:36:01",417.725189,0.609307,0,51.229923,51.227184,51.241322,51.244049,19.196991,19.229584,19.242645,19.210114,2.105189,0.83,0.00206983118606405,0.00207556852506752,0.00208705112591893,0.00209192050510956,0.0021377493722586,9.51942221624982e-06,0.00459209947720686,4.57847202016279e-05,0.0220862133148229,4.67638749813634e-05,0.0225585504010436,1.02963829689647,496.689964735392
19.221687,51.110577,0.000529,"2020-04-10 13:35:29",414.80481,0.627167,0,51.105419,51.102753,51.115768,51.118439,19.190033,19.222321,19.253082,19.220825,-0.81519000000003,0.83,0.000503060526730153,0.000521885627086045,0.000552310657165976,0.000561533216361744,0.000566743290423329,2.35658142791541e-05,0.0445478530796864,2.66885366026293e-05,0.0504509198537415,3.56037299819761e-05,0.0673038373950399,1.04030690046574,1966.55368708079
19.222902,51.313705,0.000662,"2020-04-10 13:36:01",415.027985,0.704865,0,51.308224,51.305492,51.319195,51.321918,19.200165,19.232788,19.245514,19.212982,-0.592015000000004,0.83,0.000655380422205169,0.000654266693594293,0.000670047326274838,0.000663724623083878,0.000686497865435179,6.46451139484854e-06,0.00976512295294341,1.73226067738106e-05,0.0261670797187471,1.84895271171059e-05,0.0279297992705528,1.08891444501708,1644.88586860587
19.22352,51.345882,0.000803,"2020-04-10 13:36:18",414.685608,0.640378,0,51.340042,51.337311,51.351765,51.354488,19.204071,19.236725,19.242889,19.210236,-0.934392000000003,0.83,0.000772657382247947,0.000807039337142098,0.000806986947769542,0.000812975307433793,0.000838565028982035,1.59838436076332e-05,0.0199051601589455,2.5148273166293e-05,0.0313178993353587,2.97979680468278e-05,0.0371083039188391,1.04832436954023,1305.50980017463
19.224276,51.220097,0.00203,"2020-04-10 13:35:45",415.322296,0.666967,0,51.214661,51.211773,51.225353,51.228298,19.197754,19.230072,19.250702,19.218231,-0.29770400000001,0.83,0.00190903594832011,0.00201923646904919,0.0020794243895792,0.0020570662100647,0.00226506416816131,6.57899698890156e-05,0.0324088521620767,0.000166215467320837,0.0818795405521366,0.000178762137251382,0.0880601661336857,1.06477462922672,524.519521786562
19.224518,51.171852,0.001263,"2020-04-10 13:35:46",414.875885,0.543682,0,51.166676,51.164062,51.177135,51.179745,19.198273,19.230774,19.250732,19.218201,-0.744115000000022,0.83,0.00122630772842318,0.00122410981562898,0.00125656518598085,0.00130801746144575,0.00132431848024705,3.4106270443417e-05,0.0270041729559913,4.33587131947424e-05,0.0343299391882362,5.51653486662001e-05,0.043678027447506,0.992214755064253,785.601547952694
19.225355,51.124481,0.001234,"2020-04-10 13:35:46",415.210175,0.569571,0,51.118988,51.116291,51.129993,51.132702,19.198853,19.231232,19.251678,19.219299,-0.409825000000012,0.83,0.00129046559058547,0.00124939561529423,0.00123689903063571,0.00125034597360575,0.00312226486281049,2.25882426146453e-05,0.0183048967703771,0.00133520488916958,1.08201368652316,0.00133539594306961,1.08216851140163,1.00663444572661,815.749145645553
19.228403,51.281853,0.001573,"2020-04-10 13:36:01",415.121613,0.564833,0,51.276493,51.273773,51.287212,51.289948,19.20578,19.238312,19.250946,19.218384,-0.49838699999998,0.83,0.00160798839672212,0.00160039179486851,0.00161605882551039,0.00164521169380365,0.0016537247900086,2.61301286384242e-05,0.0166116520269703,5.70810464249412e-05,0.036288014256161,6.2777619289257e-05,0.039909484608555,1.00396031885231,638.245593675975
19.230124,51.360916,0.000739,"2020-04-10 13:36:18",415.705444,0.743238,0,51.355194,51.352467,51.366669,51.369396,19.210724,19.243347,19.249481,19.216827,0.0854439999999954,0.83,0.000729639731316818,0.000741172343972953,0.000761353401506764,0.000761403745030264,0.00078359997530858,1.42447075498904e-05,0.0192756529768476,3.15369449814496e-05,0.0426751623564947,3.46047770104776e-05,0.0468264912185083,1.11413766018454,1507.62876885595
19.23506,51.202877,0.002179,"2020-04-10 13:35:45",414.522156,0.616166,0,51.197628,51.194851,51.208191,51.210938,19.208649,19.241119,19.261505,19.229034,-1.09784400000001,0.83,0.00207763880151491,0.00211774512322426,0.0021754275822327,0.00217276565811015,0.00218747751913178,4.50886761682408e-05,0.0206923708895093,5.99451126572025e-06,0.00275103775388722,4.54854139688684e-05,0.0208744442261902,1.03371202064449,474.397439488065
19.235888,51.155403,0.001523,"2020-04-10 13:35:46",415.769257,0.512359,0,51.149792,51.147236,51.160969,51.163548,19.20929,19.24176,19.262451,19.229919,0.149256999999977,0.83,0.00147202114967336,0.00153686730171764,0.00151041309467784,0.00153090421296801,0.0021115042072738,2.58006796918682e-05,0.0169406957924282,0.000416135315720117,0.273233956480707,0.000416934378604169,0.273758620225981,0.975403464580312,640.448762035661
19.236242,51.107677,0.000708,"2020-04-10 13:35:46",414.703735,0.603348,0,51.102325,51.0994,51.113049,51.115978,19.209717,19.241974,19.262573,19.230316,-0.91626500000001,0.83,0.000685333773403649,0.000701911595007697,0.000748502888036399,0.00122204295767696,0.000748899237337315,0.00022974996877578,0.324505605615508,2.89201280665735e-05,0.0408476385121094,0.000231562997821022,0.327066381103139,1.02612322004983,1449.32658199128
19.236443,51.328369,0.000965,"2020-04-10 13:36:01",416.417542,0.755274,0,51.322765,51.320038,51.333973,51.336704,19.213654,19.246185,19.259247,19.226685,0.797542000000021,0.83,0.00093799279306578,0.000961655744649617,0.000981081479861637,0.000977865040438159,0.00101479361607978,1.70609331357923e-05,0.0176797234567796,3.52094035898119e-05,0.0364864285904787,3.9125152275924e-05,0.0405441992496621,1.12220266289418,1162.90431387997
19.236624,51.375755,0.000905,"2020-04-10 13:36:18",415.149384,0.637844,0,51.369907,51.367188,51.381626,51.38435,19.217163,19.249847,19.256012,19.223328,-0.470616000000007,0.83,0.00090139700058218,0.000889111903160227,0.000864828932261026,0.000850651238046764,0.00082461742149088,2.36284658195749e-05,0.02610880201058,5.68390663530588e-05,0.0628055981801754,6.15547224904332e-05,0.06801626794523,1.04677837775003,1156.66119088401
19.238676,51.218376,0.002987,"2020-04-10 13:36:01",415.16037,0.6171,0,51.212696,51.209957,51.224079,51.226807,19.21579,19.248322,19.261383,19.228943,-0.459630000000004,0.83,0.00285182431769744,0.00293440128585345,0.00305424689948058,0.0031037548352797,0.00358102600700573,9.89824230249119e-05,0.0331377378724178,0.000420039817754919,0.140622637346809,0.000431544862751798,0.144474343070572,1.03426911209364,346.256816904466
19.243071,51.390404,0.000685,"2020-04-10 13:36:18",415.163208,0.586713,0,51.384914,51.382191,51.395908,51.398632,19.223694,19.256378,19.26236,19.229675,-0.456792000000007,0.83,0.000650939225599746,0.000672652493760878,0.000706987081859572,0.00070458657883967,0.000736501852355148,2.33183854094745e-05,0.0340414385539774,3.64173090439936e-05,0.0531639548087497,4.32431207952262e-05,0.0631286434966807,1.01643108287722,1483.84099690106
19.246048,51.186012,0.002216,"2020-04-10 13:35:46",415.214996,0.527713,0,51.180237,51.177624,51.191849,51.194462,19.219025,19.251587,19.273193,19.240601,-0.405004000000019,0.83,0.00217607992396496,0.00225491479765229,0.00224999756848177,0.00218534352319462,0.00227388360553589,3.60643070604612e-05,0.016274506796237,4.0929889993955e-05,0.0184701669647811,5.45517198506929e-05,0.0246172020986881,0.983555292469564,443.842641006121
19.24699,51.138676,0.001661,"2020-04-10 13:35:46",415.000031,0.538073,0,51.133301,51.1306,51.144054,51.146778,19.22052,19.25293,19.273407,19.240906,-0.619969000000026,0.83,0.00159200180362285,0.00160929192118438,0.00163086524350645,0.00165353041639371,0.0017614971770592,2.9094348950501e-05,0.0175161643290193,7.10622353886656e-05,0.0427828027625922,7.67875148659444e-05,0.046229689865108,0.989152444886693,595.516222087112
19.24737,51.264801,0.004001,"2020-04-10 13:36:01",415.451294,0.618955,0,51.25909,51.256363,51.270504,51.273228,19.224579,19.257019,19.270172,19.237701,-0.168705999999986,0.83,0.0041004460146549,0.00407467279530278,0.00398836511442843,0.00406287155865578,0.00384929195225731,4.8519399559897e-05,0.0121268181854279,0.000107273789319429,0.0268117443937588,0.000117736137224737,0.0294266776367751,1.03537689074404,258.779527804059
19.249573,51.328285,0.001215,"2020-04-10 13:36:18",415.317139,0.661324,0,51.32243,51.319687,51.334126,51.33688,19.230164,19.262756,19.268921,19.236328,-0.302861000000007,0.83,0.00115794638470429,0.00118552889538219,0.00121978169487405,0.00123229626172546,0.0012298473318959,3.00624734549508e-05,0.0247427765061324,1.04986490661182e-05,0.00864086342890387,3.18429575015124e-05,0.0262081954744958,1.06124899716795,873.455964747282
19.25255,51.232861,0.004879,"2020-04-10 13:36:01",420.233276,0.585063,0,51.227177,51.224445,51.238461,51.241314,19.229645,19.262085,19.275879,19.242706,4.61327599999998,0.83,0.00480198912711257,0.00494547070003504,0.00484099424308401,0.00487007735203325,0.00472614383858645,5.29446697651149e-05,0.0108515412513045,0.000108085628281667,0.0221532339171278,0.000120356308923046,0.0246682330237848,1.01547955590186,208.132723078881
19.25396,51.107906,0.00114,"2020-04-10 13:35:29",414.285065,0.56396,0,51.102749,51.100056,51.113056,51.115765,19.222382,19.254761,19.285614,19.253143,-1.33493500000003,0.83,0.00115344862323368,0.00114792257031182,0.00114708606045146,0.00118079310738529,0.00111137125606678,1.58018981437541e-05,0.0138613141611878,2.0243578972033e-05,0.017757525414064,2.56807802557188e-05,0.0225270002243147,1.00346942268287,880.236335686732
19.254171,51.09153,0.000487,"2020-04-10 13:35:30",415.107666,0.565009,0,51.086487,51.083805,51.096546,51.099239,19.223053,19.255371,19.285522,19.253174,-0.51233400000001,0.83,0.000455872303751925,0.000502252039826683,0.000475475093358545,0.000513904978574433,0.000542968336510755,2.26837519877944e-05,0.0465785461761692,3.95755902784855e-05,0.0812640457463768,4.5615566971532e-05,0.0936664619538645,1.00405934693213,2061.72350499411
19.255573,51.310959,0.001348,"2020-04-10 13:36:01",415.148041,0.622718,0,51.305481,51.302734,51.316441,51.319187,19.232849,19.265472,19.278198,19.245575,-0.471959000000027,0.83,0.00134649678074047,0.00134887458084586,0.00136513182608521,0.00135200338030372,0.00137848447979613,7.55723515320693e-06,0.00560625753205262,2.15557823847878e-05,0.0159909364872313,2.28421443253736e-05,0.0169452109238676,1.03763081490758,769.755797409182
19.256224,51.343155,0.001243,"2020-04-10 13:36:18",414.866608,0.647063,0,51.337307,51.334553,51.348995,51.351757,19.236816,19.269409,19.275574,19.24295,-0.753392000000019,0.83,0.00121365384950359,0.00123515360129579,0.00125003779038777,0.00124263804261614,0.00126074332024094,1.40193619218849e-05,0.0112786499773813,1.25464220631333e-05,0.0100936621585947,1.88136975441584e-05,0.0151357180564428,1.0524212684676,846.678413891876
19.256607,51.21719,0.004957,"2020-04-10 13:35:45",414.99646,0.693079,0,51.211765,51.209026,51.222622,51.225346,19.230133,19.262573,19.283295,19.250763,-0.623539999999991,0.83,0.00470815890480297,0.00488944113225923,0.00497930125985459,0.00501365977280833,0.00523087389502589,0.000121365479228084,0.0244836552810337,0.00019365808836278,0.0390675990241637,0.000228545476298676,0.0461056034494,1.08132259408284,218.140527351793
19.257174,51.169319,0.001977,"2020-04-10 13:35:46",415.062012,0.508707,0,51.164059,51.161469,51.174519,51.177128,19.230835,19.263458,19.283417,19.250793,-0.557988000000023,0.83,0.00194141277946239,0.00197407791768062,0.00200600799674568,0.00202927509086487,0.00205863428862204,3.34784202822234e-05,0.0169339505726977,5.77241590619843e-05,0.0291978548619041,6.67299270493116e-05,0.0337531244558986,0.973490018593865,492.407697821884
19.260977,51.279114,0.003516,"2020-04-10 13:36:01",414.745941,0.722725,0,51.273762,51.271038,51.284454,51.287205,19.238373,19.270813,19.2836,19.251007,-0.874058999999988,0.83,0.00345108921311784,0.00346796209128728,0.00352299683984464,0.00357105493050662,0.00367294552215825,4.76522629793229e-05,0.01355297581892,0.000110977242994962,0.0315634934570427,0.00012077535605335,0.0343502150322383,1.10055960320724,313.014676680104
19.262859,51.358177,0.001274,"2020-04-10 13:36:18",415.482544,0.66996,0,51.352459,51.349701,51.363895,51.366669,19.243439,19.276062,19.282166,19.249542,-0.137455999999986,0.83,0.0012687984552913,0.00125766751171357,0.0012463064389157,0.00124283073175284,0.00120831951576641,1.35971665723425e-05,0.0106728152059203,4.64431157931875e-05,0.0364545649868034,4.83926228197589e-05,0.0379847902823853,1.06665196007969,837.246436483274
19.26679,51.247467,0.007331,"2020-04-10 13:36:01",417.61319,0.491052,0,51.24197,51.239117,51.253036,51.255859,19.24353,19.276733,19.289551,19.256561,1.99318999999997,0.83,0.00740644498223443,0.00742284373779706,0.00726133006622372,0.00729109493348731,0.00732554283659181,7.05467164958058e-05,0.00962306868037181,3.85879725197434e-06,0.000526367105711954,7.06521728227196e-05,0.0096374536656281,0.964381704355557,131.548452374241
19.267752,51.200172,0.00418,"2020-04-10 13:35:46",415.376099,0.54408,0,51.194851,51.192234,51.205593,51.208187,19.241211,19.273804,19.294128,19.261566,-0.243900999999994,0.83,0.0039692562388527,0.00407804423752988,0.00404733867275217,0.0042586339959907,0.00442396968577042,0.000113679952298942,0.0271961608370675,0.000172512619212216,0.0412709615340229,0.000206600424351328,0.0494259388400306,0.99243291414772,237.424142140603
19.268379,51.152744,0.002053,"2020-04-10 13:35:46",414.152496,0.570038,0,51.147236,51.144512,51.158207,51.160965,19.241821,19.274292,19.295044,19.262512,-1.46750400000002,0.83,0.00198564975128898,0.00197939219490055,0.00204898362919532,0.00212020086712324,0.00238134879713964,5.76118640137633e-05,0.0280622815459149,0.000232177661051885,0.11309189530048,0.000239218714081203,0.116521536327912,1.00689789883066,490.451972153267
19.268545,51.104858,0.001312,"2020-04-10 13:35:47",415.088623,0.685887,0,51.099407,51.09668,51.110332,51.113037,19.242004,19.274445,19.294952,19.262634,-0.53137700000002,0.83,0.00129172122430419,0.00128895038138377,0.00137684111272842,0.00337505902247255,0.00460455211753941,0.00092090601382345,0.701910071511776,0.00232818592972224,1.77453195862976,0.00250370078277194,1.90830852345422,1.07672988501602,820.678266018307
19.269093,51.325626,0.001476,"2020-04-10 13:36:01",415.884674,0.761983,0,51.320034,51.317287,51.331238,51.333965,19.246246,19.278839,19.291748,19.259308,0.264674000000014,0.83,0.00145251330120357,0.00147510467264165,0.0014911742969673,0.0015249285515664,0.00151744397826781,2.67448141336735e-05,0.0181197927734915,2.93053180725162e-05,0.0198545515396451,3.96747621338312e-05,0.0268799201448721,1.12672893539799,763.366487397012
19.269352,51.373013,0.001119,"2020-04-10 13:36:18",414.48349,0.602977,0,51.367184,51.364414,51.378857,51.381622,19.249908,19.282532,19.288696,19.256073,-1.13650999999999,0.83,0.0010551088842882,0.00109191258305125,0.0010915488471412,0.00111147774357332,0.00111025227684194,2.47647664176585e-05,0.0221311585501863,6.18557436500686e-06,0.00552776976318754,2.55255751344846e-05,0.022811059101416,1.02590509462647,916.805267762711
19.271128,51.215649,0.007375,"2020-04-10 13:36:02",414.444336,0.610933,0,51.209949,51.207214,51.221317,51.224072,19.248383,19.280823,19.294006,19.261475,-1.17566399999998,0.83,0.00717068271462374,0.00725969244600737,0.00737829556592494,0.0074887577936401,0.00758628797714806,0.000122255920709318,0.0165770739944838,0.000149403161424582,0.020258055786384,0.000193048736831254,0.0261760999093226,1.03060136219433,139.742557585672
19.27578,51.387661,0.001098,"2020-04-10 13:36:19",414.520782,0.626476,0,51.382187,51.379414,51.393131,51.395905,19.256439,19.289062,19.295074,19.262421,-1.09921800000001,0.83,0.00109814741204567,0.00107710400499342,0.00108581230071859,0.00110566996895579,0.0010785945973588,1.13617280569955e-05,0.010347657611107,1.37216917992479e-05,0.0124969870667103,1.78149849922661e-05,0.0162249407944135,1.03989046485357,947.076926096147
19.278694,51.183472,0.003786,"2020-04-10 13:35:46",415.418091,0.540117,0,51.177624,51.175007,51.189251,51.191845,19.251648,19.284302,19.305634,19.273285,-0.201909000000001,0.83,0.00364406769653468,0.00359850691812396,0.00371110485778707,0.00575263435725155,0.00379505575458234,0.000927414889824802,0.244959030592922,6.4033854739339e-06,0.00169133266612095,0.000927436995819272,0.244964869471546,0.990266243910385,261.560022163335
19.282251,51.325512,0.001726,"2020-04-10 13:36:19",415.448303,0.711551,0,51.319683,51.316906,51.331348,51.334122,19.262817,19.295441,19.301575,19.269012,-0.171696999999995,0.83,0.00164891963219736,0.00168125073092101,0.00171746271155469,0.00173299358454614,0.00176488593044828,3.54311990321153e-05,0.0205279252793252,2.74965051127271e-05,0.0159307677362266,4.48489426661053e-05,0.0259843236767701,1.09325423740886,633.403382044531
19.286346,51.105209,0.0018,"2020-04-10 13:35:30",415.199036,0.612239,0,51.100052,51.097355,51.110348,51.113052,19.254822,19.287201,19.318024,19.285675,-0.420964000000026,0.83,0.00174137459914451,0.00178787468366941,0.00168297090510996,0.00486185489398114,0.00178899826664675,0.0013910583782217,0.772810210123167,7.77940025888925e-06,0.00432188903271625,0.00139108013093753,0.772822294965295,1.03137700586397,572.987225479984
19.286739,51.088806,0.000877,"2020-04-10 13:35:30",415.507629,0.610256,0,51.083801,51.081089,51.093826,51.096539,19.255432,19.287872,19.317993,19.285583,-0.112370999999996,0.83,0.000856184519223566,0.000877378682673202,0.0010110623725663,0.000982731093999605,0.00328293256175377,7.06430145470364e-05,0.0805507577503266,0.00170125122949361,1.93985316931997,0.00170271729343359,1.94152484998129,1.03020157482999,1174.68822671606
19.28821,51.308205,0.002356,"2020-04-10 13:36:01",414.704498,0.726613,0,51.302731,51.299984,51.313679,51.316437,19.265564,19.298096,19.310852,19.278259,-0.915502000000004,0.83,0.00233576679927472,0.00229256041104428,0.00233546476697085,0.00230230582658679,0.00238146904262259,2.62302459216146e-05,0.0111333811212286,1.80093327487627e-05,0.00764402918028976,3.18176345312476e-05,0.0135049382560474,1.10311669952973,468.215916608544
19.288895,51.340382,0.001809,"2020-04-10 13:36:19",414.882812,0.763902,0,51.334545,51.331783,51.34621,51.348988,19.269501,19.302063,19.308258,19.275635,-0.737188000000003,0.83,0.00175727047595169,0.0018038825875358,0.00186035282914436,0.00185549203765678,0.00189839390154659,4.23219450687597e-05,0.0233952156267328,6.32110339803163e-05,0.0349425284578863,7.60709001607304e-05,0.0420513544282644,1.12802760222912,623.564180336717
19.289278,51.2145,0.011786,"2020-04-10 13:35:46",415.664307,0.625864,0,51.209026,51.206425,51.220036,51.222614,19.262634,19.295258,19.315887,19.283356,0.0443070000000034,0.83,0.0124144092783665,0.0120500194635367,0.0120031013463902,0.0119694156543279,0.0128135116045016,0.000229693848659347,0.0194887025843668,0.000726560423290951,0.0616460566172536,0.000762003486084328,0.0646532738914244,1.03952216289279,88.1997423123022
19.289745,51.166622,0.003728,"2020-04-10 13:35:46",415.063416,0.516393,0,51.161457,51.158707,51.171734,51.174511,19.263519,19.29599,19.315887,19.283508,-0.556583999999987,0.83,0.00329728489742318,0.00319760080202302,0.00324752093268828,0.0032414528926128,0.00338529788361772,0.000218450161462757,0.0585971463151173,0.000242326990420892,0.0650018751129001,0.000326255794323337,0.0875149662884488,0.977528432779243,262.212562440784
19.290228,51.118813,0.002434,"2020-04-10 13:35:47",415.1698,0.552847,0,51.113354,51.110638,51.124294,51.127018,19.263611,19.29599,19.316681,19.284271,-0.450199999999995,0.83,0.00238475657855719,0.00237399478639247,0.00253159726527486,0.00349030810772717,0.00356928636831886,0.000477775063399397,0.196292137797616,0.000802768689626914,0.329814580783449,0.000934187657942242,0.383807583378078,0.99726660332911,409.723337440062
19.300331,51.197639,0.007737,"2020-04-10 13:35:46",415.437469,0.625907,0,51.19223,51.18964,51.202953,51.205585,19.273865,19.306213,19.32666,19.294189,-0.182530999999983,0.83,0.00759541946429302,0.00776779067699432,0.0080242130543272,0.00826448632003141,0.0115214494623754,0.000265814102820796,0.0343562237069661,0.00267600987790343,0.345871769148692,0.00268917942947196,0.347573921348321,1.03955125142294,134.361025128983
19.300919,51.149796,0.002975,"2020-04-10 13:35:46",414.988892,0.505482,0,51.144505,51.141556,51.155258,51.158203,19.274353,19.306702,19.327515,19.295105,-0.631107999999983,0.83,0.00275180116132826,0.00287531334262363,0.0029778728884663,0.003199206759469,0.00640654872627894,0.000164466047876525,0.0552827051685799,0.0024264713743239,0.81562063002484,0.00243203873557093,0.817492011956614,0.971811693249475,326.659392688899
19.301016,51.102127,0.002014,"2020-04-10 13:35:47",415.339935,0.555999,0,51.096676,51.09407,51.107716,51.110332,19.274506,19.307007,19.327728,19.295044,-0.280064999999979,0.83,0.00200254972077761,0.00202258080765235,0.00605722159376441,0.00189936251019105,0.00496191637202047,0.00182200029325751,0.904667474308593,0.00208449165702652,1.03500082275398,0.00276853581100978,1.37464538779036,0.999020796976488,496.038131567273
19.301647,51.32288,0.002143,"2020-04-10 13:36:01",414.20816,0.740216,0,51.31728,51.314518,51.328461,51.331226,19.278931,19.311523,19.324493,19.291809,-1.41183999999998,0.83,0.00210233580717056,0.00212846557652949,0.0021790834411576,0.00218993881092715,0.00224904509047737,3.6108384758466e-05,0.016849456256867,7.49852025880892e-05,0.0349907618236534,8.32261741103254e-05,0.0388362921653408,1.11212397401665,518.956590768388
19.302032,51.370239,0.002103,"2020-04-10 13:36:19",414.900391,0.710471,0,51.36441,51.361629,51.376057,51.378845,19.282593,19.315216,19.321411,19.288757,-0.719608999999991,0.83,0.00198398498763192,0.00207338892448615,0.00207867835071681,0.00215817831320603,0.00219848813023922,6.30548380186786e-05,0.0299832800849637,6.75203044149769e-05,0.032106659255814,9.23845447347821e-05,0.0439298833736482,1.09255162366632,519.520505785219
19.307293,51.290894,0.004139,"2020-04-10 13:36:02",414.889343,0.676052,0,51.284962,51.282207,51.296829,51.299587,19.284241,19.316803,19.330322,19.29776,-0.730657000000008,0.83,0.00408905150550555,0.00408327889895659,0.00414226848473646,0.00410535368857064,0.00425861412349701,2.75711364015843e-05,0.00666130379356952,8.45799578504209e-05,0.0204348774705052,8.89603104336633e-05,0.0214931892809044,1.07048882040773,258.634650980365
19.308506,51.384876,0.002199,"2020-04-10 13:36:19",414.877167,0.629473,0,51.37941,51.376617,51.390331,51.393127,19.289154,19.321777,19.327789,19.295135,-0.742833000000019,0.83,0.00217584322664123,0.00220672875878523,0.0022011373719408,0.00219961492153002,0.00215908222207964,1.19245709666672e-05,0.00542272440503285,2.82261314573852e-05,0.0128358942507436,3.06416365390081e-05,0.0139343504042784,1.04169873700025,473.714750795929
19.311192,51.180767,0.005538,"2020-04-10 13:35:46",415.735718,0.57379,0,51.174999,51.172222,51.186401,51.189251,19.284363,19.316742,19.338318,19.305695,0.115718000000015,0.83,0.00532376175645779,0.00579816748095704,0.00555010270012312,0.0110536046660482,0.00959954473845029,0.00246589443472645,0.445268045273826,0.00287194582665074,0.518588990005551,0.00378532801675515,0.683518962938814,1.00903384126014,182.20184927052
19.311798,51.133007,0.0029,"2020-04-10 13:35:47",414.682007,0.543739,0,51.127621,51.124897,51.138332,51.141094,19.285522,19.317902,19.33844,19.305847,-0.937993000000006,0.83,0.00266211475870291,0.0028080188872357,0.00294085799460985,0.0043351648449063,0.00672169182133044,0.000682583782967482,0.235373718264649,0.00270234420246792,0.931842828437215,0.00278721811299048,0.961109694134647,0.992249902346082,342.155138740028
19.314907,51.322716,0.002981,"2020-04-10 13:36:19",413.125183,0.720028,0,51.316898,51.314087,51.328526,51.331348,19.295502,19.328094,19.334259,19.301636,-2.49481700000001,0.83,0.0029387482868957,0.00299538771152969,0.00298548190870291,0.00308719514911855,0.00315574149147049,5.45850488876147e-05,0.0183109858730677,0.000123560893573435,0.0414494778844128,0.000135080797979316,0.0453139208249971,1.0987903981337,368.597919534956
19.318924,51.102482,0.002401,"2020-04-10 13:35:30",415.083069,0.509528,0,51.097351,51.094635,51.107609,51.11034,19.287262,19.319702,19.350586,19.318085,-0.536930999999981,0.83,0.00215132138815866,0.00221505549790137,0.00280910044718671,0.00425656335752497,0.00597527046221152,0.0008715258978412,0.362984547205831,0.00252739088162454,1.05264093362122,0.00267343637648753,1.11346787858706,0.973922958989087,405.632219487333
19.319136,51.086102,0.001933,"2020-04-10 13:35:30",415.16275,0.492504,0,51.081085,51.078365,51.091114,51.093822,19.287933,19.320404,19.350342,19.318085,-0.457249999999988,0.83,0.00251736732048734,0.00202396360009544,0.00345916473271443,0.00278183179954143,0.00654309874435118,0.00062019235789828,0.320844468648877,0.00325983208407031,1.68641080396808,0.00331830435269726,1.7166602962738,0.965127556937308,499.28999324227
19.31982,51.069851,0.001568,"2020-04-10 13:35:31",414.754547,0.454241,0,51.064423,51.061707,51.075275,51.077988,19.28775,19.32016,19.351898,19.31958,-0.865453000000002,0.83,0.000784865385271468,0.00166091312164553,0.0061995020837721,0.00410344422466562,0.00495915340572298,0.00224229953254294,1.430037967183,0.00239790756923057,1.52927778649909,0.00328296632699995,2.09372852487242,0.946174224944277,603.427439377728
19.320873,51.305439,0.003177,"2020-04-10 13:36:02",415.575104,0.79205,0,51.299976,51.297215,51.310902,51.313675,19.298157,19.330719,19.343536,19.310913,-0.0448959999999943,0.83,0.00306219676017312,0.00326610898756086,0.00328165157587305,0.00330512963239163,0.00340961586543127,9.98903762875064e-05,0.0314417300243961,0.000164484255858028,0.0517734516392913,0.000192440010652746,0.0605728708381322,1.14727644425097,361.119434765809
19.321882,51.211945,0.018457,"2020-04-10 13:35:46",415.014893,0.629464,0,51.206421,51.203785,51.217361,51.220032,19.295319,19.327789,19.348572,19.315948,-0.605107000000032,0.83,0.0184942071333007,0.0209844393021373,0.0354963163551113,0.0168623715199694,0.0235098136264784,0.0076551167720362,0.41475411887285,0.00357287877935467,0.19357852193502,0.00844785627040806,0.457704733727478,1.04172755246829,56.4407841181279
19.322206,51.163654,0.005128,"2020-04-10 13:35:47",414.595367,0.502826,0,51.158703,51.155758,51.168793,51.171726,19.296082,19.328491,19.34848,19.315948,-1.02463299999999,0.83,0.00486338790373864,0.0048822778309656,0.00500734668841277,0.00533758098860666,0.0102766502769832,0.000195808360199822,0.0381841576052694,0.00364064552481282,0.70995427550952,0.00364590739751625,0.710980381730939,0.97043664343261,189.242715177966
19.322765,51.116062,0.005537,"2020-04-10 13:35:47",415.404327,0.538356,0,51.11063,51.108032,51.121716,51.124287,19.296051,19.328705,19.349396,19.316742,-0.215672999999981,0.83,0.00339673058810366,0.00371620439400241,0.0086051162614788,0.00355769034139549,0.00680572343584972,0.00221229972157847,0.399548441679334,0.000897122944939632,0.162023287870622,0.00238727870941651,0.431150209394349,0.989309295334698,178.672439106863
19.326212,51.273598,0.008493,"2020-04-10 13:36:02",415.02774,0.621703,0,51.268261,51.265499,51.278931,51.281689,19.303589,19.336151,19.348816,19.316315,-0.59226000000001,0.83,0.00838618800232015,0.00834478959041739,0.00854621385181111,0.00858596302573841,0.00862315860221971,0.000103052773699113,0.0121338483102688,9.20360302593193e-05,0.0108366926008853,0.0001381683937555,0.0162685027381961,1.03702200521469,122.103144379453
19.328222,51.352596,0.004972,"2020-04-10 13:36:19",414.10437,0.679867,0,51.346912,51.34409,51.35828,51.361103,19.308807,19.341431,19.347565,19.314941,-1.51562999999999,0.83,0.00500533618526502,0.00508844630412417,0.00496906058013887,0.00517026078375812,0.00518426506349237,8.684423937014e-05,0.0174666611766171,0.000150094065804448,0.0301878652060434,0.000173407469566591,0.0348768040158067,1.0729022172403,215.788861070052
19.332811,51.194912,0.015806,"2020-04-10 13:35:46",414.859344,0.672118,0,51.189636,51.186787,51.200085,51.202953,19.306274,19.338898,19.359192,19.326752,-0.760655999999983,0.83,0.0155820091147646,0.0151282816197109,0.0147296968937888,0.0233427205031237,0.0466034563067099,0.00361559854036311,0.228748484142927,0.021777090197771,1.37777364277939,0.0220751944563786,1.39663383881935,1.06823682773732,67.5842608969579
19.333475,51.147018,0.010749,"2020-04-10 13:35:47",415.019012,0.552295,0,51.141556,51.13879,51.152481,51.155247,19.306732,19.339355,19.360199,19.327576,-0.600988000000029,0.83,0.0048798513715278,0.00511269352401302,0.00595783568338569,0.00620242295691447,0.0110478983118564,0.00239550134956935,0.222858065826528,0.000211353023198872,0.0196625754208645,0.00240480702265356,0.223723790366877,0.99696316387408,92.7493872801265
19.333767,51.099583,0.002951,"2020-04-10 13:35:47",415.090759,0.588514,0,51.094067,51.091412,51.10503,51.107716,19.307068,19.339539,19.360229,19.327789,-0.529241000000013,0.83,0.00266056832106577,0.00271619883517688,0.00271588323949748,0.0047250882988218,0.0121134645646822,0.000885524999935921,0.300076245318848,0.00647884082606823,2.19547300103973,0.00653907737949628,2.2158852522861,1.0174927457869,344.795915210744
19.336399,51.210106,0.03314,"2020-04-10 13:36:02",414.834869,0.575998,0,51.204449,51.201675,51.215778,51.218548,19.313477,19.346039,19.359161,19.326691,-0.785130999999978,0.83,0.0181241009831787,0.0176134222629423,0.0239488931485639,0.0430943276694935,0.0670859894841509,0.0108714776732075,0.328047002812538,0.0240034393583303,0.72430414478969,0.0263506001417063,0.795129756840865,1.01062755262848,30.4957016484152
19.341215,51.382057,0.004666,"2020-04-10 13:36:19",414.184418,0.58657,0,51.376617,51.373795,51.387501,51.390324,19.321869,19.354492,19.360535,19.32785,-1.43558200000001,0.83,0.00461716488871054,0.00455042665413667,0.00468262306744663,0.00471964391144344,0.00473314026387247,6.54284693178123e-05,0.0140223894808856,4.74753358748778e-05,0.0101747397931586,8.08380610461704e-05,0.0173249166408423,1.01634854820322,217.820091770943
19.343851,51.177765,0.029369,"2020-04-10 13:35:47",415.598999,0.548932,0,51.172215,51.169285,51.183502,51.18639,19.316803,19.349335,19.370819,19.338379,-0.0210010000000125,0.83,0.00898794197573181,0.0110445479110652,0.00903879325080447,0.0320817551364062,0.0468619594663548,0.0115908823426634,0.394663840875189,0.0123693902616809,0.421171652479856,0.0169514120039374,0.577187238378474,0.995245543066095,33.8876210652762
19.344566,51.130241,0.00516,"2020-04-10 13:35:47",414.608337,0.515463,0,51.124889,51.122314,51.135777,51.138325,19.317993,19.350647,19.371185,19.338501,-1.011663,0.83,0.00562225686166284,0.00467060103468015,0.00731142237015593,0.0100571264493511,0.0169049782618853,0.00219109721231597,0.424631242696893,0.00830495377386769,1.60948716547823,0.0085891305834699,1.66456019059494,0.977075164730524,189.355652079559
19.347601,51.319889,0.005116,"2020-04-10 13:36:19",413.425964,0.690457,0,51.314083,51.311275,51.325714,51.328522,19.328156,19.360779,19.366974,19.334351,-2.19403599999998,0.83,0.00501275238477911,0.0051746293517285,0.00523580769702178,0.00549579854751955,0.00551710784510832,0.000181173590319291,0.0354131333696816,0.000283626077263217,0.0554390299576264,0.000336552553894489,0.0657843146783598,1.07964391449988,211.03282144251
19.347698,51.396896,0.002493,"2020-04-10 13:36:19",414.301239,0.581122,0,51.390854,51.388031,51.402943,51.405766,19.328156,19.36084,19.367157,19.334473,-1.31876099999999,0.83,0.00236096616066076,0.00245133861036988,0.00244153937982289,0.00251788097773566,0.00264390765358489,6.00288675866554e-05,0.0240789681454695,0.000106707825182826,0.0428029784126859,0.000122433757187243,0.0491110137132944,1.01321409083867,406.423622478406
19.351425,51.099747,0.004073,"2020-04-10 13:35:30",415.571167,0.554659,0,51.094624,51.091923,51.104874,51.107605,19.319763,19.352051,19.383087,19.350647,-0.0488330000000019,0.83,0.00379828987253196,0.00508783872744506,0.00438432382832555,0.0252645733876133,0.014612193187923,0.00937196122719305,2.30099710954899,0.00745233497141542,1.82969186629399,0.0119737610536619,2.9397891121193,0.998343616814757,245.112599267065
19.351671,51.083366,0.004796,"2020-04-10 13:35:31",414.653442,0.510211,0,51.078358,51.075657,51.088394,51.09111,19.320465,19.352753,19.382751,19.350433,-0.96655800000002,0.83,0.0022728462939801,0.00726264681357007,0.00362636187999197,0.00527178821287557,0.00900531522837695,0.00186631132297433,0.38913914157096,0.00297643534213714,0.620607869503157,0.00351315887773172,0.73251853163714,0.974283124562003,203.144938399083
19.35288,51.050957,0.003567,"2020-04-10 13:35:31",415.345673,0.619088,0,51.046131,51.043438,51.055836,51.058552,19.321899,19.354126,19.383545,19.351227,-0.274327000000028,0.83,0.00577005867839356,0.00118418040501023,0.00616651128414113,0.0023662248579068,0.00545467164030161,0.00214670890556366,0.601824756255583,0.0013347854175108,0.374203929775947,0.00252784715440349,0.708675961425145,1.03545948339625,290.288613231358
19.354527,51.209187,0.052293,"2020-04-10 13:35:46",415.452454,0.570349,0,51.203781,51.200912,51.214474,51.217358,19.32785,19.360321,19.38092,19.348633,-0.167546000000016,0.83,0.018601077101901,0.0206095719649703,0.0713450453199629,0.100611394352285,0.104530662092312,0.0347700908413532,0.664909086136829,0.0369376050988053,0.706358501114973,0.0507281567529438,0.970075473829075,1.00835079594779,19.2827108015948
19.35486,51.160885,0.021113,"2020-04-10 13:35:47",414.374847,0.532015,0,51.15575,51.152985,51.166035,51.168793,19.328583,19.361145,19.381042,19.348511,-1.24515300000002,0.83,0.00646967836734044,0.00692517361075044,0.0268942929379715,0.0271262673271154,0.0347110172265158,0.0103350732168647,0.489512301277159,0.00961525019156081,0.455418471631735,0.0141161883893728,0.668601733025757,0.985971210025751,46.6997210261806
19.360922,51.349777,0.009098,"2020-04-10 13:36:19",414.048737,0.655546,0,51.344086,51.341278,51.355473,51.358276,19.341492,19.374146,19.38028,19.347626,-1.57126299999999,0.83,0.00899081353784631,0.00904245351508236,0.00929337251678692,0.00936434211900668,0.00943769067699524,0.000162638313667252,0.0178762710120084,0.000240197581209183,0.0264011410429966,0.000290079470303001,0.031883872312926,1.05765809327121,116.251713922974
19.365463,51.191902,0.091219,"2020-04-10 13:35:47",414.887115,0.602472,0,51.186779,51.18388,51.197201,51.200077,19.338959,19.37146,19.391815,19.359253,-0.73288500000001,0.83,0.0812033923895531,0.120986142963355,0.0693242871473151,0.0617357945256905,0.0833759268959404,0.0231029621041568,0.253269188482189,0.00554589017722237,0.0607975331589073,0.0237592877806536,0.260464242982861,1.02588352873991,11.2463799070359
19.366142,51.096809,0.015779,"2020-04-10 13:35:48",414.651703,0.575162,0,51.091412,51.08847,51.102051,51.10503,19.33963,19.371826,19.392578,19.360291,-0.968297000000007,0.83,0.00391223027532602,0.00776767951523028,0.00623496324410479,0.0127466929484284,0.0194247882061747,0.00486381912157052,0.308246347776825,0.00257796156335607,0.163379273930925,0.00550478176402083,0.348867593891934,1.00982257296332,63.9978815491048
19.366167,51.144291,0.011803,"2020-04-10 13:35:47",414.673798,0.554356,0,51.138783,51.136234,51.149944,51.152477,19.339417,19.37207,19.392853,19.36026,-0.946202000000028,0.83,0.0120547069994328,0.0237983995801504,0.016622116947256,0.0333727107269332,0.0427448813435477,0.00913622177603492,0.774059287980591,0.0218792141206921,1.85369940868356,0.0237101362054288,2.00882285905523,0.998385068645801,84.587398851631
19.367094,51.317314,0.006809,"2020-04-10 13:36:02",413.573151,0.650054,0,51.311737,51.30896,51.322895,51.325668,19.344299,19.376892,19.389893,19.3573,-2.04684900000001,0.83,0.00675352346552909,0.00672460069682186,0.00674469113755832,0.00691489602566778,0.00706197070426188,7.68413195986826e-05,0.0112852576881602,0.000178877300425112,0.0262707152922767,0.000194683530389816,0.0285920884696455,1.0542628898039,154.83373326537
19.367456,51.364605,0.008231,"2020-04-10 13:36:19",415.18399,0.624802,0,51.358791,51.355991,51.370422,51.373226,19.347992,19.380646,19.386841,19.354187,-0.43601000000001,0.83,0.00810957841042056,0.00814103954947167,0.00822888885376526,0.00829350121053569,0.00828778598116752,7.44768890000443e-05,0.00904834029887551,4.01537523598842e-05,0.00487835650101861,8.46116470924886e-05,0.0102796315262409,1.03888283572457,126.215871185102
19.368883,51.207344,0.126642,"2020-04-10 13:36:03",415.44397,0.647776,0,51.201672,51.198895,51.212994,51.215775,19.3461,19.378601,19.391785,19.359222,-0.176030000000026,0.83,0.0683534716026151,0.129240912859393,0.167671037507096,0.125769443704509,0.223748945563064,0.0354971636600399,0.280295349568389,0.0686649797079555,0.542197530897771,0.0772976588662399,0.610363535527233,1.05569345656881,8.33604536069242
19.37394,51.379238,0.007392,"2020-04-10 13:36:20",414.499786,0.579265,0,51.373791,51.370987,51.384701,51.387497,19.354553,19.387207,19.39325,19.360596,-1.12021400000003,0.83,0.00740134256253129,0.00737357996539335,0.00730979751122892,0.00726921672835431,0.00728770246101504,5.72165810861329e-05,0.00774033835039677,7.37494970773339e-05,0.00997693412842721,9.33419812857307e-05,0.0126274325332428,1.01215016125955,136.925075927969
19.377174,51.127686,0.010707,"2020-04-10 13:35:47",415.166412,0.55262,0,51.122311,51.119598,51.133053,51.135773,19.350708,19.383118,19.403473,19.371246,-0.453588000000025,0.83,0.0111511195461501,0.0170885474486458,0.0214680944555013,0.0321598582458546,0.0367617382694333,0.00883359057240472,0.825029473466398,0.0184234821123569,1.72069506980078,0.0204317648661395,1.90826233923037,0.997349648526305,93.149308725722
19.377949,51.253716,1.5905,"2020-04-10 13:36:02",422.421417,0.653495,0,51.248058,51.245281,51.259403,51.262188,19.35498,19.387543,19.400696,19.368164,6.80141700000001,0.83,1.43431110221504,1.48170298371635,2.01329822460924,2.24871370507328,2.48168964056534,0.358836902781327,0.225612639284079,0.630166238166954,0.396206374201166,0.725171297365792,0.455939199852746,1.28133880201459,0.805620120725929
19.380278,51.317085,0.007998,"2020-04-10 13:36:20",413.792572,0.680011,0,51.311268,51.308472,51.32291,51.32571,19.36084,19.393433,19.399628,19.367035,-1.827428,0.83,0.00789864169458061,0.00800290814362944,0.00787415039232329,0.00789234331531257,0.00784000363513068,6.20658243981655e-05,0.00776016809179363,0.00011172030100192,0.0139685297576794,0.000127802942901106,0.0159793627033141,1.07299346524319,134.157722586045
19.382883,51.221794,1.335339,"2020-04-10 13:36:03",417.395752,0.70624,0,51.216145,51.21336,51.227512,51.230282,19.359955,19.392517,19.405365,19.372955,1.77575200000001,0.83,0.949968909856203,1.37765114794408,1.39874420193511,1.59124466956083,1.5035294686575,0.234358470570986,0.175504849757991,0.118928620918662,0.0890624934332493,0.262807742659889,0.196809755919575,1.12104542602072,0.839521219720778
19.383801,51.097027,0.012929,"2020-04-10 13:35:31",414.594299,0.593277,0,51.091919,51.089207,51.102142,51.10487,19.352112,19.384399,19.415466,19.383148,-1.02570100000003,0.83,0.0110398949289929,0.00702584914180658,0.0164257197401758,0.0235211979159827,0.0334329980803434,0.00622310259990606,0.481328996821569,0.0144985160840468,1.12139500998119,0.0157776416047621,1.22032961596118,1.02035608132828,78.9199536954353
19.38406,51.080643,0.006642,"2020-04-10 13:35:31",414.417328,0.520922,0,51.075653,51.072918,51.085632,51.088383,19.352814,19.385223,19.415344,19.382812,-1.20267200000001,0.83,0.00582104440243247,0.00800444750110361,0.0138402832025794,0.0140957376249629,0.0436200066477968,0.00399171489183775,0.600980862968647,0.0261473992554184,3.93667558798831,0.0264503360205494,3.9822848570535,0.98028534129589,147.588880050571
19.384485,51.064426,0.00871,"2020-04-10 13:35:31",414.126251,0.602571,0,51.059006,51.056293,51.069813,51.072544,19.352509,19.384766,19.416718,19.384369,-1.49374899999998,0.83,0.00664200261914299,0.00981065316835108,0.00729034538986521,0.0141002116798984,0.0220774595648913,0.00294762591916034,0.338418590029889,0.00945222130557162,1.08521484564542,0.00990116084955738,1.13675784725113,1.02571430867819,117.762836817243
19.385105,51.048256,0.005299,"2020-04-10 13:35:32",415.3255,0.666017,0,51.043427,51.04071,51.05307,51.055828,19.354187,19.386536,19.416107,19.383606,-0.294500000000028,0.83,0.00468759845838889,0.00299974190103307,0.0120732236173824,0.011050049289146,0.013621067780648,0.00406623030411707,0.767358049465384,0.00588459056119028,1.11050963600496,0.00715280608984822,1.34984074162072,1.06420383711203,200.831069468206
19.386093,51.299892,0.00594,"2020-04-10 13:36:02",413.280243,0.689468,0,51.294445,51.291676,51.305347,51.308117,19.363342,19.395844,19.408752,19.376282,-2.33975700000002,0.83,0.00558006031663394,0.00579635152828422,0.0059449211909137,0.00610163682861417,0.00627492963974743,0.000195974666167651,0.0329923680416921,0.000236831019485775,0.0398705420009722,0.000307400392924592,0.051750907899763,1.07901168553404,181.651798911454
19.386271,51.032337,0.011456,"2020-04-10 13:35:32",416.071533,0.597932,0,51.027218,51.024487,51.037495,51.040249,19.354706,19.387085,19.417633,19.385193,0.451532999999984,0.83,0.00241094387630868,0.0078220908678664,0.014244922036972,0.0159530657199175,0.0220208416381467,0.00541302089452115,0.472505315513369,0.00747047116449553,0.652101184051635,0.0092254395355496,0.805293255547277,1.02298963111002,89.2972792519225
19.386881,51.206219,0.323495,"2020-04-10 13:35:47",414.908051,0.751632,0,51.200909,51.198025,51.21172,51.214462,19.360382,19.392975,19.412781,19.381042,-0.711949000000004,0.83,0.132679910926338,0.338533579402465,0.257239591637664,0.413079956843467,0.45068735995846,0.105361028757461,0.325696003825288,0.0899385802417474,0.278021546675366,0.138527595073082,0.428221750175682,1.12829098995815,3.48781585482974
19.386944,51.331951,0.009655,"2020-04-10 13:36:20",415.243439,0.65907,0,51.326138,51.323334,51.337772,51.340572,19.367523,19.400116,19.406342,19.373718,-0.376560999999981,0.83,0.00997129360295319,0.00966327383506923,0.00962613208441713,0.00942147389813458,0.00905502360317247,0.000196662648699012,0.0203689952044549,0.000424247378748618,0.043940691739888,0.000467613126172036,0.0484322243575387,1.05984597162137,109.771721555812
19.387518,51.158192,0.071663,"2020-04-10 13:35:47",414.266113,0.518049,0,51.152981,51.15044,51.163483,51.166031,19.361206,19.393829,19.413757,19.381104,-1.35388699999999,0.83,0.0234741006142315,0.0469942472415891,0.0312127382456102,0.0897643450032249,0.115075009981173,0.0277567181121389,0.38732285994361,0.0306969266426255,0.428351124605801,0.0413852232766657,0.577497778165381,0.979279073148538,13.66505830273
19.387741,51.110729,0.020375,"2020-04-10 13:35:48",415.840668,0.64201,0,51.105335,51.102367,51.116028,51.118984,19.361267,19.393555,19.414154,19.381958,0.220667999999989,0.83,0.0159413679092233,0.0136955501420659,0.0231326325257414,0.0228415535475274,0.047474368012459,0.00421380910057955,0.206812716592861,0.0191621468874796,0.940473466870163,0.0196199913474362,0.962944360610364,1.04950549505968,51.5094721501686
19.391504,51.268032,0.030081,"2020-04-10 13:36:03",417.25473,0.637218,0,51.262714,51.259937,51.273357,51.276154,19.368805,19.401337,19.414062,19.381439,1.63472999999999,0.83,0.0480049095800299,0.0168912919766262,0.0346737046091215,0.0704856392164765,0.142715345782728,0.0203360358538345,0.676042546917807,0.0796445096974774,2.64766828554494,0.0821997705544244,2.73261429322244,1.0496206847253,34.8931446669092
19.393623,51.346966,0.010305,"2020-04-10 13:36:20",413.7052,0.62711,0,51.341278,51.338474,51.352673,51.355469,19.374207,19.40683,19.412964,19.380341,-1.91480000000001,0.83,0.0102012485680003,0.0103195329615777,0.0104954839823718,0.0107633878362562,0.0103864227911598,0.000220644934538747,0.0214114443996843,5.75746077722308e-05,0.00558705558197291,0.000228032941913519,0.0221283786427481,1.04027256240806,100.948332111408
19.396778,51.23645,5.945476,"2020-04-10 13:36:03",419.084351,0.676903,0,51.230938,51.228168,51.242016,51.244785,19.37381,19.406219,19.419403,19.386993,3.46435100000002,0.83,6.48620507638782,5.99329446556247,5.24582614196899,4.96133328589686,3.82549517857929,0.614981505826922,0.103436883073268,1.49905281481201,0.252133355649238,1.62029676112278,0.272525994743361,1.94228197373964,0.326682333549011
19.397984,51.189148,0.214623,"2020-04-10 13:35:47",414.734528,0.552276,0,51.18388,51.181118,51.19458,51.197189,19.371521,19.403992,19.42334,19.391907,-0.885471999999993,0.83,0.164767917825729,0.148765625676301,0.232799950862018,0.27135723526758,0.322612532262067,0.0500972784508247,0.233419896520059,0.076360130559671,0.355787266787208,0.0913269229048558,0.425522534420149,1.00112406175422,4.66457025460562
19.398441,51.093903,0.015922,"2020-04-10 13:35:48",414.845062,0.618842,0,51.088467,51.085739,51.099335,51.102047,19.371887,19.404358,19.42514,19.392639,-0.77493800000002,0.83,0.0121941340057619,0.0138185495513157,0.0156124015632542,0.0227122293832677,0.0399255161774014,0.00401373370646265,0.252087282154418,0.0169730490613615,1.06601237667137,0.0174411711965045,1.09541333981312,1.03545623539419,65.0330508349572
19.398676,51.141716,0.042457,"2020-04-10 13:35:47",415.246246,0.559913,0,51.13623,51.133511,51.147186,51.149937,19.372131,19.404388,19.425232,19.392914,-0.373754000000019,0.83,0.0389570134259197,0.0588663160249672,0.0688244536677578,0.0635764100134558,0.116435438558443,0.0131647979636396,0.310073673684896,0.0523106555662674,1.23208553515951,0.0539417889135697,1.27050401379207,1.00265262387339,23.6157199960758
19.399681,51.314537,0.009228,"2020-04-10 13:36:02",415.435944,0.788918,0,51.30896,51.306187,51.320114,51.322887,19.376953,19.409424,19.422424,19.389954,-0.184055999999998,0.83,0.00951568362987982,0.00932414247595911,0.00896207864516991,0.0088263628505639,0.00847240199671768,0.000277457653779251,0.030066932572524,0.000534288471971944,0.0578986207165089,0.00060203564755154,0.0652401005149046,1.1451165762362,124.091523215887
19.40016,51.361794,0.011371,"2020-04-10 13:36:20",414.185791,0.60053,0,51.355984,51.353191,51.367626,51.370419,19.380707,19.41333,19.419556,19.386902,-1.43420900000001,0.83,0.0118801203686703,0.011163740553033,0.0111167634939779,0.0108861263685728,0.010428204601489,0.000375386897835312,0.0330126548091911,0.000666657019558602,0.0586278268893327,0.000765079672186614,0.0672834115017689,1.02446906553927,90.0948962746698
19.401525,51.204548,0.651462,"2020-04-10 13:36:03",415.653961,0.639537,0,51.198887,51.196136,51.210354,51.212986,19.378662,19.411011,19.423462,19.391846,0.0339609999999766,0.83,0.669860286418944,0.547204777734702,0.594017929317312,0.720173346792134,0.871979047678799,0.0672985004137434,0.103303800396252,0.155929099780916,0.239352563589152,0.169832188693503,0.260693929490135,1.06148506663326,1.62938907662038
19.405085,51.282574,0.005984,"2020-04-10 13:36:03",416.238708,0.629895,0,51.276661,51.273876,51.288483,51.291279,19.381989,19.414612,19.428131,19.395508,0.61870799999997,0.83,0.00588591763245488,0.00643708980317224,0.00646532016020269,0.00657467797684182,0.0248125089726041,0.00031153294714132,0.0520609871559693,0.0133137663741601,2.2248941133289,0.0133174107033939,2.22550312556717,1.04203889776382,174.137516337537
19.406647,51.376427,0.00701,"2020-04-10 13:36:20",413.370392,0.587665,0,51.370983,51.368183,51.381897,51.384689,19.387268,19.419922,19.425964,19.393311,-2.24960800000002,0.83,0.00685255936934409,0.00693673053014544,0.00710044138799652,0.00722326779101626,0.00709254721769751,0.000143834096834994,0.0205184160962902,5.83696974019914e-05,0.00832663301026981,0.000155226508648293,0.022143581832852,1.01698091246604,145.075736443088
19.409081,51.172337,0.20231,"2020-04-10 13:35:47",416.345032,0.622336,0,51.166519,51.163971,51.178211,51.180729,19.381958,19.414612,19.435822,19.403442,0.725031999999999,0.83,0.112049318226391,0.236737622438088,0.189073878198337,0.218048936606853,0.285519320239962,0.0479226927209497,0.236877528154563,0.0588378745996002,0.290830283226732,0.0758846490736094,0.37509094495383,1.04017333981458,5.14148257532788
19.409424,51.124859,0.038289,"2020-04-10 13:35:48",414.97937,0.547849,0,51.119587,51.116627,51.130066,51.133045,19.383179,19.415405,19.435852,19.403534,-0.640629999999987,0.83,0.0281554481046702,0.0548259796937521,0.0602069956413904,0.0606797042013981,0.0862595511992758,0.0145220415317349,0.379274505255685,0.0339203020502644,0.885902009722489,0.0368981921160184,0.963676045757748,0.99518842606937,25.9914969330453
19.410431,51.25095,0.670933,"2020-04-10 13:36:03",421.356659,0.706991,0,51.24527,51.242504,51.256618,51.259399,19.387604,19.420044,19.433228,19.400757,5.73665899999997,0.83,0.50478630154036,0.558946748029939,0.90133602757006,0.92775956687839,1.00932092221813,0.193937364437175,0.289056231303535,0.239276394472066,0.356632323156061,0.308001451743963,0.459064395020015,1.13296123868268,1.68863543555419
19.412918,51.314312,0.009387,"2020-04-10 13:36:20",414.043488,0.73255,0,51.308468,51.305695,51.320129,51.322906,19.393494,19.426086,19.432312,19.399689,-1.57651199999998,0.83,0.00953181663704017,0.009521506842172,0.00913898991625444,0.00917072823717157,0.00867145303105299,0.0001874196537584,0.0199658734162565,0.000505968113999911,0.0539009389581241,0.000539564508654475,0.0574799732240839,1.10703649155295,117.932938271327
19.413115,51.39127,0.003722,"2020-04-10 13:36:20",413.398773,0.624082,0,51.385223,51.382427,51.397343,51.400131,19.393616,19.42627,19.432587,19.399933,-2.221227,0.83,0.00355031677762768,0.00375017373373839,0.0037587789574609,0.0036523528484103,0.00386204396894091,8.69633373296247e-05,0.0233646795619626,9.90260401023957e-05,0.0266055991677581,0.000131790662255971,0.0354085605201426,1.03844997958148,279.003218587179
19.414858,51.219109,3.69831,"2020-04-10 13:36:03",418.9328,0.678451,0,51.213352,51.210724,51.224747,51.227509,19.392578,19.424194,19.437805,19.405426,3.31279999999998,0.83,4.0831528565382,3.88764592883681,3.30741126333979,3.00963485251824,2.51996112398026,0.435873421444523,0.117857459608449,0.833218480837105,0.225297089978153,0.940339660085784,0.254261989959139,1.42598542619876,0.385577581705902
19.41634,51.094273,0.036908,"2020-04-10 13:35:31",414.426239,0.674788,0,51.089203,51.086441,51.099377,51.102139,19.38446,19.417023,19.448029,19.415527,-1.19376099999999,0.83,0.0359478247226869,0.0192579866297853,0.044609052590359,0.035246245024173,0.0566700475921573,0.00925887532125786,0.250863642604797,0.0139738778625457,0.378613792742649,0.0167629363397927,0.454181650043153,1.06982234084858,28.9861910926785
19.416494,51.0779,0.023052,"2020-04-10 13:35:31",414.969971,0.662891,0,51.07291,51.070187,51.082855,51.085629,19.385284,19.417603,19.447968,19.415405,-0.650029000000018,0.83,0.0173847045928093,0.0241696145106686,0.0319993294152692,0.044080723575842,0.0516216435922749,0.0103238696565633,0.447851364591503,0.0202017887201804,0.876357310436421,0.0226868806181131,0.984161054056616,1.06246843361729,46.0900760722406
19.417097,51.061657,0.013694,"2020-04-10 13:35:32",415.325012,0.56383,0,51.05629,51.053532,51.067047,51.069809,19.384827,19.417328,19.44928,19.416779,-0.294987999999989,0.83,0.0146681867110684,0.0309159006621636,0.0404164911813926,0.0391119109669029,0.0473226346470047,0.0129253654047388,0.943870702843492,0.0237790356009419,1.73645652117292,0.027064877700756,1.97640409673989,1.00376131450906,73.2993511398467
19.417658,51.045498,0.027859,"2020-04-10 13:35:32",415.627197,0.624913,0,51.040699,51.037937,51.050335,51.05307,19.386597,19.419128,19.448456,19.416168,0.00719700000001922,0.83,0.0146674253821004,0.0220065318058839,0.0229475256349405,0.0319135439588839,0.0379193571759564,0.00651193490849069,0.233746182866962,0.00711374678027752,0.255348245819215,0.00964420497015324,0.346179151087736,1.03899435429578,37.2947469146696
19.418459,51.203583,1.015723,"2020-04-10 13:35:47",415.871277,0.650823,0,51.198025,51.195404,51.209015,51.211712,19.393005,19.424438,19.444855,19.412842,0.251277000000016,0.83,1.02376474150949,1.13261958546259,1.18253718111413,1.39941519512231,1.2521037473955,0.156149802673093,0.153732663997067,0.167146429425302,0.164559067211535,0.228737163015706,0.225196400018219,1.07925495925359,1.06254850904586
19.418552,51.029617,0.019922,"2020-04-10 13:35:32",415.446564,0.664456,0,51.024479,51.02174,51.034763,51.037491,19.387146,19.419525,19.449921,19.417694,-0.173435999999981,0.83,0.0148375829664295,0.0121684882546838,0.0245653791526735,0.0420752729125436,0.0379137553017773,0.0118250530706237,0.593567567042653,0.0127220921793357,0.638595129973685,0.017369038820343,0.87185216445854,1.06334540928409,53.3754346593759
19.419624,51.329178,0.010751,"2020-04-10 13:36:20",414.329987,0.642384,0,51.323334,51.320553,51.33498,51.337765,19.400177,19.4328,19.439026,19.406403,-1.29001299999999,0.83,0.0107637724468081,0.0109477907816436,0.0108973091725602,0.0105315806645409,0.0100309279700737,0.000161800091213028,0.0150497712969052,0.000509167815303649,0.0473600423498883,0.000534257553673914,0.0496937544111166,1.04955108922202,97.6235781994254
19.42008,51.155571,0.202222,"2020-04-10 13:35:48",414.246857,0.513249,0,51.150436,51.14769,51.160717,51.163471,19.39389,19.426208,19.446167,19.413818,-1.37314300000003,0.83,0.0999947588174375,0.178810370428172,0.186299764099274,0.221058128914822,0.262809263134494,0.0463533886444921,0.229220305626945,0.0428416646159344,0.211854618270685,0.063119290758781,0.312128703893646,0.977910313304288,4.83582554471961
19.420179,51.107834,0.053322,"2020-04-10 13:35:48",414.612518,0.6654,0,51.10236,51.099644,51.113293,51.116016,19.393616,19.426147,19.446777,19.414215,-1.00748199999998,0.83,0.0314229179318908,0.0452995037642408,0.0559241414650397,0.0665351068011219,0.102634860526211,0.0130909306715942,0.245507120355467,0.0348694580777902,0.653941301485132,0.0372458262425101,0.698507674927987,1.06444558882664,19.9625968423284
19.424101,51.26524,0.043763,"2020-04-10 13:36:03",415.724365,0.622281,0,51.259933,51.257153,51.270569,51.273357,19.401398,19.433899,19.446594,19.414124,0.104364999999973,0.83,0.0275654872916154,0.0438227613191289,0.0720567220543691,0.0762697622289104,0.159185502276376,0.0207402708862358,0.473922511853297,0.0816160340611452,1.86495519185488,0.0842100697797149,1.92422982381726,1.04078094660371,23.7822120650711
19.426315,51.344185,0.01154,"2020-04-10 13:36:20",415.033081,0.634612,0,51.33847,51.335682,51.349873,51.352665,19.406891,19.439484,19.445648,19.413025,-0.586919000000023,0.83,0.0115121615237596,0.0116090748536238,0.0115294827677522,0.0112772653335803,0.0106911251353007,0.000126412215442195,0.0109542647696876,0.000600245173207688,0.0520143131029192,0.000613412028062811,0.0531552883936578,1.04481231176624,90.5383285759307
19.429308,51.233665,1.973962,"2020-04-10 13:36:03",420.257721,0.647742,0,51.228165,51.225384,51.239212,51.242008,19.406281,19.438751,19.452026,19.419495,4.637721,0.83,1.82132045342671,1.92259447086431,2.28358656453968,2.49058982964804,1.93710687882451,0.278958957843594,0.141319315084887,0.0260605061046409,0.0132021316036686,0.280173607143167,0.141934650790222,1.08948012772313,0.551925583026995
19.430407,51.186543,0.530301,"2020-04-10 13:35:47",416.648499,0.633376,0,51.18111,51.1786,51.191895,51.194569,19.404053,19.436401,19.456879,19.423401,1.02849900000001,0.83,0.420626189180405,0.552600863179925,0.515207697832837,0.661263450425464,0.797196396750163,0.086229976406308,0.162605720913798,0.188723544909514,0.355880047198693,0.207490205152547,0.391268742002272,1.06447984603291,2.00731253765863
19.430822,51.138866,0.111011,"2020-04-10 13:35:48",415.162933,0.639337,0,51.133503,51.130527,51.144207,51.147182,19.404449,19.436707,19.457611,19.425323,-0.457066999999995,0.83,0.0861234146445482,0.0987122570251001,0.143813685386638,0.214321423899818,0.21917078242515,0.0513867912027376,0.462898192095716,0.0764805156044851,0.688945380227952,0.0921404991154359,0.830012333151092,1.0517326994756,9.47413048684909
19.431099,51.091167,0.030009,"2020-04-10 13:35:48",414.721832,0.628492,0,51.085735,51.082993,51.096619,51.099323,19.404419,19.437042,19.457642,19.425232,-0.898167999999998,0.83,0.0342990835354536,0.0359680957328898,0.0481720470839104,0.0748726376338044,0.0764018231774814,0.0181843851368689,0.605964381914389,0.0328046798671855,1.09316138049204,0.0375075843529613,1.24987784841085,1.04178165320186,34.7156404146042
19.432858,51.359013,0.010269,"2020-04-10 13:36:20",414.364563,0.561932,0,51.353184,51.350391,51.364819,51.367615,19.413391,19.446014,19.45224,19.419617,-1.25543700000003,0.83,0.0105290922841706,0.0104891209007533,0.0102239264053896,0.00975192663272176,0.00916922710007009,0.000309901224001916,0.0301783254457022,0.000777656875305634,0.0757285884999157,0.00083713140207975,0.0815202456013001,1.00233141894933,97.6075001411368
19.433283,51.201893,1.570726,"2020-04-10 13:36:03",415.468079,0.64467,0,51.196133,51.193298,51.207397,51.210346,19.411072,19.443787,19.45694,19.423523,-0.151921000000016,0.83,1.38402465137856,1.49054414904375,1.9194319119886,1.91491480757119,1.50937670077738,0.247513185548478,0.15757884287169,0.0433805055013573,0.027618124040321,0.251285983051003,0.159980787897445,1.08057579751626,0.68794671859781
19.437691,51.279781,0.01143,"2020-04-10 13:36:03",415.940735,0.69273,0,51.273869,51.271084,51.28569,51.288479,19.414673,19.447144,19.460663,19.428223,0.320735000000013,0.83,0.0280384874306494,0.00738945896061617,0.0148779071366795,0.0207044101062298,0.0301879233456876,0.0080955402248626,0.708271235771006,0.0132638547987132,1.16044223960745,0.0155392282837248,1.35951253575895,1.0812105810228,94.5941015767976
19.439358,51.373646,0.005696,"2020-04-10 13:36:20",414.318817,0.5927,0,51.368179,51.365383,51.379089,51.381897,19.419983,19.452606,19.458679,19.426025,-1.30118299999998,0.83,0.00528576910760455,0.00544568914206487,0.00571587056453247,0.00593511552416121,0.00590420286609251,0.000253113904214578,0.0444371320601437,0.000147221658476489,0.0258464990302825,0.000292815411533127,0.0514072000584844,1.01989870856907,179.055250802155
19.441504,51.169701,0.361715,"2020-04-10 13:35:48",415.598633,0.649011,0,51.163967,51.161205,51.175396,51.178207,19.414673,19.447052,19.468506,19.435913,-0.0213669999999979,0.83,0.168770260314219,0.262928650574017,0.413171506970718,0.507153822950219,0.564040129795975,0.131327714603429,0.363069584074282,0.143065471283182,0.395519874163865,0.194202723195219,0.53689430406596,1.07136827273232,2.96191275654126
19.441963,51.121979,0.103028,"2020-04-10 13:35:48",413.517303,0.667123,0,51.116619,51.113895,51.127338,51.130062,19.415466,19.447998,19.468414,19.435913,-2.10269699999998,0.83,0.0660214589179909,0.124350707803695,0.133498222268482,0.156805169050242,0.176994866932005,0.0342941977922398,0.332862889624566,0.0523024731907437,0.507652999094846,0.0625431107643498,0.607049644410741,1.06670742841375,10.3535682378941
19.442909,51.248169,0.459912,"2020-04-10 13:36:03",419.23764,0.660522,0,51.242493,51.239697,51.253819,51.256611,19.420105,19.452637,19.46582,19.433319,3.61763999999999,0.83,0.227624159168946,0.228063583392191,0.346574278085934,0.46956085813719,0.591672145958829,0.118495564576052,0.257648342674364,0.0931684926976173,0.202578955751573,0.150736746865996,0.327751280388413,1.07140602916903,2.32958920221483
19.445572,51.311497,0.010752,"2020-04-10 13:36:20",416.019135,0.715073,0,51.305691,51.302868,51.317303,51.320118,19.426147,19.45874,19.464966,19.432373,0.399135000000001,0.83,0.0116026585112313,0.0112078182169779,0.0108706838082523,0.0108090332003811,0.00978118123838626,0.000356843497642544,0.033188569349195,0.000686472529640201,0.0638460314025485,0.000773680693671738,0.0719569097536959,1.09555008735832,101.892679255796
19.448902,51.091507,0.066699,"2020-04-10 13:35:31",414.686432,0.539387,0,51.086437,51.083664,51.096619,51.099369,19.417084,19.449646,19.480469,19.44809,-0.93356799999998,0.83,0.0479180994450052,0.0628495853899341,0.0678940148028014,0.0851154444444469,0.112366159505016,0.0132882561557245,0.199227217135557,0.0322915581635245,0.484138565248722,0.0349187983797902,0.523528064585529,0.990483547692383,14.8500509406795
19.449116,51.075123,0.068805,"2020-04-10 13:35:32",414.726044,0.654009,0,51.070179,51.067425,51.08012,51.082851,19.417664,19.450134,19.480225,19.448029,-0.893956000000003,0.83,0.0286764745986342,0.061186353073824,0.0824074378286199,0.110479670572389,0.105101025149713,0.0299115647643947,0.434729522046285,0.0256651655134795,0.373013087907558,0.0394132265551664,0.572825035319619,1.05744086099814,15.3686630477166
19.449373,51.058933,0.094205,"2020-04-10 13:35:32",414.707886,0.645838,0,51.053528,51.050793,51.064316,51.067036,19.417389,19.449707,19.481506,19.449341,-0.912114000000031,0.83,0.0328617018250506,0.0489766803468969,0.0601985337453018,0.103502307565928,0.0882835058336124,0.0300189621246281,0.318655720233831,0.00418712867980925,0.044446989860509,0.0303095716502417,0.321740583304938,1.05210521925215,11.1682524202766
19.449991,51.042759,0.043631,"2020-04-10 13:35:32",414.859497,0.572488,0,51.037933,51.035213,51.047577,51.050323,19.419189,19.451355,19.480865,19.448517,-0.760503000000028,0.83,0.0281075359738445,0.0459549088976823,0.0533958832785865,0.0572644964272045,0.0590165400904588,0.0112561144901261,0.257984334306481,0.0108792197301809,0.249346100941553,0.0156543136340238,0.358788788568307,1.00840843296719,23.1122007968461
19.451235,51.294319,0.008823,"2020-04-10 13:36:03",415.489838,0.667423,0,51.288868,51.286083,51.299755,51.302555,19.428619,19.46109,19.473938,19.441376,-0.130161999999984,0.83,0.0090086068342576,0.00905259934644255,0.00903053625157792,0.00922615507144032,0.0113332293602715,0.000143420645767889,0.0162553151726044,0.00177500020298155,0.201178760396866,0.00178078499606691,0.201834409618827,1.06506179732643,120.714246551788
19.452183,51.200825,2.64911,"2020-04-10 13:35:47",419.160889,0.643197,0,51.1954,51.192722,51.206284,51.209003,19.4245,19.458008,19.478729,19.444946,3.54088899999999,0.83,2.9638659365677,2.79877252718375,2.50689733525929,2.41505424150188,2.00992717966149,0.220750212807341,0.0833299533833404,0.451970506679303,0.170612208130015,0.502999001353315,0.189874713150196,1.16430682217852,0.439508673546404
19.452291,51.326351,0.01134,"2020-04-10 13:36:20",415.07962,0.675143,0,51.320545,51.31773,51.332153,51.33498,19.432861,19.465454,19.47168,19.439087,-0.540380000000027,0.83,0.0115306646985163,0.0112507952045727,0.0113042429981279,0.0113050027361285,0.0102475556921559,0.000107964493255831,0.00952067841762175,0.000772474778145207,0.0681194689722404,0.000779983086146408,0.068781577261588,1.06991526712288,94.3487889879079
19.452595,51.15263,0.384309,"2020-04-10 13:35:48",414.922028,0.534866,0,51.147686,51.144699,51.157726,51.160709,19.42627,19.458618,19.478607,19.446259,-0.697971999999993,0.83,0.282094488175636,0.268603450289427,0.335466501705795,0.404122156387389,0.424182290226416,0.0600352602537083,0.156216118419575,0.028194673907318,0.0733645943949219,0.0663262550614045,0.17258574496409,0.989636706103038,2.57510676591763
19.452749,51.105106,0.129066,"2020-04-10 13:35:48",414.755615,0.679472,0,51.09964,51.096928,51.110565,51.113285,19.426208,19.458618,19.479309,19.446838,-0.864385000000027,0.83,0.0784218236247873,0.113727469965822,0.14453161537205,0.159725800097049,0.15612648110177,0.0312267885975437,0.241944343185221,0.019134649689232,0.148254766470116,0.0366230411741749,0.283754367332798,1.0732769660851,8.31572192587594
19.456633,51.262451,0.066703,"2020-04-10 13:36:03",415.783508,0.573218,0,51.257145,51.254353,51.267765,51.270565,19.43396,19.466461,19.479156,19.446655,0.163507999999979,0.83,0.0395976051461506,0.0560786435086741,0.0608091201277783,0.064267431002148,0.154108513374594,0.010769856225081,0.161459847759186,0.0618050312202669,0.926570487388377,0.0627363665448285,0.940532907737711,1.01065064548104,15.1515021135637
19.458982,51.341358,0.011295,"2020-04-10 13:36:20",414.6763,0.63991,0,51.335682,51.332855,51.347034,51.349869,19.439575,19.472168,19.478363,19.44574,-0.943699999999978,0.83,0.0125196674731962,0.0115515835673257,0.0110703641496472,0.0110116284170056,0.0125248751777761,0.000613792644640179,0.0543419782771296,0.000869653078218492,0.0769945177705615,0.00106444252407976,0.09424015264097,1.04803909332519,92.7878790017876
19.461906,51.230862,0.967895,"2020-04-10 13:36:03",418.556854,0.550428,0,51.225376,51.222519,51.236393,51.239201,19.438812,19.471649,19.48465,19.452087,2.93685399999998,0.83,0.908381784606292,0.942576267253746,1.10483239108503,1.27388853974303,1.1743435959917,0.150764535116492,0.155765382729007,0.145981202192173,0.150823387032863,0.209858181737963,0.216819160898613,1.01779734703248,1.05155760390588
19.462845,51.183865,1.27496,"2020-04-10 13:35:48",419.974152,0.568791,0,51.1786,51.175781,51.189068,51.191891,19.436493,19.469116,19.489349,19.45697,4.354152,0.83,0.926522444096839,1.09906084194714,1.28819644419241,1.25777371874343,1.2539771196226,0.155726105621378,0.122141953960421,0.0148371370036858,0.0116373352918411,0.156431328724354,0.122695087472825,1.01827990370402,0.798675961366646
19.463619,51.08844,0.121371,"2020-04-10 13:35:49",415.046783,0.682452,0,51.082989,51.080276,51.093887,51.096607,19.437134,19.469482,19.490143,19.457703,-0.573217,0.83,0.077839585742597,0.0896874717840934,0.12661561201593,0.118252256007482,0.155657910928204,0.0216082157173941,0.178034421051109,0.0242445072232722,0.199755355260088,0.032476316247209,0.267578880022485,1.07503276388257,8.85741045128215
19.463659,51.135971,0.317869,"2020-04-10 13:35:48",413.705078,0.655648,0,51.130524,51.127796,51.141464,51.144199,19.436768,19.46933,19.490234,19.457672,-1.91492199999999,0.83,0.233331398130755,0.30306777913875,0.376132788090138,0.346447266446582,0.37985465556217,0.0537257730084757,0.169018598883426,0.043830477384304,0.137888493009082,0.0693366384611646,0.218129602009521,1.05999144776602,3.33468015995903
19.464905,51.308949,0.012303,"2020-04-10 13:36:03",416.132843,0.630774,0,51.303394,51.300594,51.314503,51.31731,19.442047,19.474609,19.487732,19.455139,0.512842999999975,0.83,0.0134396214480951,0.0185018950261568,0.0119398938665631,0.0117599275614731,0.0105617161852261,0.00282301719915274,0.229457628151893,0.001231273593397,0.100079134633586,0.00307984752358115,0.250333050766573,1.04248996375829,84.734614627188
19.465544,51.356182,0.008622,"2020-04-10 13:36:20",414.954315,0.596696,0,51.350384,51.347553,51.36198,51.364819,19.446075,19.478729,19.484955,19.452301,-0.665684999999996,0.83,0.00846745691784771,0.00868185774580746,0.00863224868861666,0.00882096647531523,0.00829417888776402,0.000127019478437938,0.0147320202317256,0.000231804531478178,0.0268852390951262,0.000264324211370172,0.0306569486627432,1.02222609352495,118.560205697629
19.46665,51.198944,3.44038,"2020-04-10 13:36:04",419.011932,0.557204,0,51.193287,51.190517,51.204594,51.207386,19.443848,19.476196,19.489441,19.457001,3.391932,0.83,4.65591112903408,3.78395138420922,3.04815803600698,2.44435182445753,1.93744696133929,0.826986896886974,0.240376614469034,1.06273414330629,0.308900221285524,1.34659243536109,0.391408052413131,1.67710687929771,0.48747722033546
19.472063,51.370811,0.004899,"2020-04-10 13:36:21",413.796204,0.629584,0,51.365376,51.362537,51.376247,51.379086,19.452698,19.485352,19.491394,19.45874,-1.82379600000002,0.83,0.00478477623979824,0.00474464020116244,0.00515585965532193,0.00533645435839376,0.00505400594427548,0.000253952716609711,0.0518376641375201,0.000109605754321416,0.0223730872262536,0.000276596102022098,0.056459706475219,1.04176585160073,212.648673525359
19.473934,51.166729,0.662604,"2020-04-10 13:35:48",416.731903,0.753001,0,51.161198,51.158215,51.172424,51.175385,19.447113,19.479462,19.500885,19.468597,1.11190299999998,0.83,0.517969007329806,0.550320368507435,0.687065509458883,0.735083932421931,0.864579905251065,0.0925473679860559,0.139672214453966,0.14281853223932,0.215541307084352,0.170182691458738,0.256839215366551,1.1335222337798,1.71070840770626
19.474483,51.119255,0.282048,"2020-04-10 13:35:48",415.566467,0.709756,0,51.113892,51.111172,51.124588,51.127335,19.448059,19.48053,19.501068,19.468475,-0.0535330000000158,0.83,0.191066769062177,0.224744521070635,0.326208353309432,0.306678196600672,0.341555305895624,0.0566881649374779,0.200987650816449,0.0420780195289379,0.149187441601919,0.0705982136562702,0.250305670156393,1.09436634054025,3.88007126638107
19.475666,51.245335,0.23564,"2020-04-10 13:36:03",416.274689,0.552242,0,51.239697,51.236881,51.250992,51.253815,19.452728,19.48526,19.498474,19.465881,0.654689000000019,0.83,0.242991973890738,0.220508291759716,0.276955862656537,0.446720728288652,0.494630637953674,0.0929752832344893,0.394564943279958,0.183134036360873,0.777177204043766,0.205383734911894,0.871599621931309,1.01786723354785,4.31958595123007
19.478231,51.308659,0.01226,"2020-04-10 13:36:21",414.24234,0.701843,0,51.30286,51.300007,51.314438,51.317295,19.458801,19.491394,19.49762,19.465027,-1.37765999999999,0.83,0.0138207356923757,0.0129844085133441,0.0137031457720837,0.0119980051543076,0.0110841817258004,0.00082294201280131,0.0671241446004331,0.000831429075129601,0.0678164009077978,0.00116983240825527,0.0954186303633992,1.08696134483102,88.6591635261845
19.47859,51.385643,0.002933,"2020-04-10 13:36:21",415.139343,0.634388,0,51.379612,51.376774,51.391678,51.394516,19.459045,19.491699,19.498077,19.465393,-0.480657000000008,0.83,0.00288269432888471,0.00296656826017895,0.00296463069335953,0.00308037316646583,0.00302888140273213,7.26477107474155e-05,0.0247690796956753,6.77983900615676e-05,0.0231157143067056,9.93695706530959e-05,0.0338798399771892,1.04467609545654,356.180053002569
19.480623,51.213394,2.057997,"2020-04-10 13:36:04",419.980927,0.605811,0,51.207752,51.204967,51.219051,51.221863,19.457733,19.490143,19.503357,19.470886,4.360927,0.83,1.69989988930272,1.97364847963939,1.90582904818783,1.97525009021065,1.71488191397807,0.13563452990666,0.065906087281303,0.242619004053512,0.117890844376115,0.277958102653833,0.135062443071507,1.06450348733666,0.517252205584684
19.481157,51.072426,0.10359,"2020-04-10 13:35:32",415.11203,0.563786,0,51.067413,51.064682,51.077362,51.08012,19.450195,19.482422,19.512634,19.480286,-0.50797,0.83,0.09670658054944,0.119166008565266,0.121693862366226,0.14891979533631,0.116402946062189,0.0201995952185697,0.194995609794089,0.00906012104755131,0.0874613480794605,0.0221384154896042,0.213711897766234,1.00361584445264,9.68834679460027
19.481243,51.08876,0.163017,"2020-04-10 13:35:32",414.884186,0.598384,0,51.08366,51.080917,51.093842,51.096607,19.449707,19.481995,19.51297,19.48056,-0.735814000000005,0.83,0.105491053880839,0.113543044206683,0.16831068465762,0.186104862238675,0.193178416634119,0.035643407909668,0.218648410347804,0.0213273422321783,0.1308289456448,0.0415368276846396,0.254800589414844,1.02405503734424,6.28189107482186
19.481785,51.056175,0.119545,"2020-04-10 13:35:32",415.55542,0.526007,0,51.050785,51.048035,51.061588,51.064312,19.449768,19.482086,19.513641,19.481567,-0.0645799999999781,0.83,0.121443753036757,0.103284221050624,0.127247242641715,0.141460410984519,0.137988804866835,0.0137938495359346,0.115386252339576,0.0130417394922205,0.109094813603417,0.0189830780961083,0.158794412950004,0.982824359335381,8.22137571069791
19.482368,51.039997,0.115253,"2020-04-10 13:35:33",415.057831,0.549535,0,51.035206,51.03244,51.044842,51.047565,19.451416,19.483765,19.51297,19.480927,-0.562168999999983,0.83,0.0883079304921662,0.0698929655903962,0.102127661694858,0.135992610772666,0.118924801976555,0.0252437849693361,0.219029309166235,0.00259635607679621,0.0225274489756988,0.0253769530175629,0.220184750223968,0.995757352957765,8.63975213623737
19.483238,51.024113,0.076983,"2020-04-10 13:35:33",415.389587,0.64289,0,51.019012,51.016254,51.029232,51.031982,19.451721,19.484009,19.514618,19.482452,-0.230412999999999,0.83,0.0479349208142954,0.0606235530952776,0.0870941154221018,0.0883278027784715,0.100854872298242,0.0175187450211696,0.227566411041004,0.0168799627817062,0.219268705840331,0.0243277530945326,0.31601461484396,1.05014255778472,13.6412267355743
19.483892,51.291504,0.018019,"2020-04-10 13:36:03",414.730957,0.552607,0,51.286076,51.283264,51.296932,51.299747,19.461151,19.493683,19.506592,19.473999,-0.889043000000015,0.83,0.0104104092003723,0.010062096967479,0.0151332023976234,0.0104176146425003,0.0265390453230947,0.00359038484616451,0.199255499537405,0.00602458182397699,0.334346069369942,0.00701330517640304,0.389217224951609,0.997157802405666,55.339242044823
19.483919,51.008091,0.078436,"2020-04-10 13:35:33",414.636841,0.646155,0,51.003094,51.000362,51.013046,51.015823,19.452911,19.485016,19.515228,19.48288,-0.983159000000001,0.83,0.0536713971632754,0.0630350148875555,0.0835583246129263,0.0899511528976243,0.0944436320938603,0.0149883159129698,0.191089753594903,0.011319105204308,0.144310077060381,0.018782219158906,0.239459166185247,1.05203091959387,13.4126028812519
19.484537,51.19812,4.024739,"2020-04-10 13:35:48",417.702789,0.637434,0,51.192719,51.189892,51.203411,51.20628,19.458069,19.490479,19.511292,19.478821,2.08278899999999,0.83,5.96720146673732,4.39395413666364,3.42455583637251,2.69117046405265,1.92672174516404,1.22673749474357,0.304799266422883,1.48352222794089,0.368600852860494,1.92502547562479,0.478298214026993,2.19110592764486,0.544409445592586
19.484947,51.323509,0.010824,"2020-04-10 13:36:21",414.387024,0.704747,0,51.317719,51.314861,51.329288,51.332142,19.465515,19.498108,19.504364,19.471741,-1.23297600000001,0.83,0.0107073563976244,0.0104375272163153,0.0109256755606172,0.0109590434379121,0.00974498633304685,0.000210563576288393,0.0194533976615293,0.000762977880895536,0.0704894568454856,0.000791500010357044,0.0731245390204216,1.08883835369685,100.594822034077
19.485003,51.14983,0.516373,"2020-04-10 13:35:48",414.269287,0.636476,0,51.144695,51.141956,51.154987,51.157719,19.45871,19.491241,19.511169,19.478668,-1.35071299999998,0.83,0.311174181009198,0.462031383469505,0.509945985965632,0.560489351344705,0.640384696470671,0.0964411006939636,0.186766350475264,0.0876895115208593,0.16981815765127,0.130346984367994,0.252427962670384,1.05403606907441,2.04123001991663
19.485031,51.400463,0.001067,"2020-04-10 13:36:21",414.113464,0.545509,0,51.394909,51.392071,51.40601,51.408855,19.465607,19.498291,19.504425,19.471741,-1.50653599999998,0.83,0.00100597345171371,0.00102370869959347,0.0010231954600537,0.00112191224961597,0.00121673363966624,4.68906791406296e-05,0.0439462784823145,0.000105877671979741,0.0992293083221567,0.000115796447329437,0.108525255229088,0.993217036951047,930.85008149114
19.485279,51.102375,0.228692,"2020-04-10 13:35:49",415.61615,0.548685,0,51.096924,51.094196,51.107819,51.110565,19.458679,19.49115,19.511871,19.47937,-0.00384999999999991,0.83,0.173313150634116,0.201041580962521,0.277394349969356,0.274342330098671,0.311577459974075,0.0454466451741689,0.198724245597436,0.0586088708094346,0.25627862281774,0.0741646633858996,0.324299334414407,0.997725225961609,4.36274651479548
19.489147,51.259651,0.069564,"2020-04-10 13:36:04",414.791992,0.60954,0,51.254349,51.251526,51.26495,51.267761,19.466522,19.499146,19.511749,19.479218,-0.828008000000011,0.83,0.0284462595701979,0.0806440241328684,0.110994645603883,0.144447553516637,0.133618859857004,0.0437285781771755,0.628609311959857,0.0452936257728415,0.651107264861732,0.0629579310734363,0.90503609731235,1.03169894479206,14.8309318726936
19.491676,51.338512,0.011274,"2020-04-10 13:36:21",414.292847,0.606417,0,51.332844,51.32999,51.344177,51.347034,19.472229,19.504852,19.511047,19.478424,-1.32715300000001,0.83,0.0124788075230931,0.0116907428255377,0.0110359065725974,0.0104653588300894,0.00901019375564727,0.00075328317095781,0.066815963363297,0.00160075274667427,0.141986229082337,0.00176913676453616,0.156921834711385,1.02793224861072,91.1772439782438
19.494543,51.228035,0.644663,"2020-04-10 13:36:04",417.079102,0.595976,0,51.222515,51.219707,51.233566,51.236389,19.47171,19.504211,19.517273,19.484711,1.45910199999997,0.83,0.481013509847302,0.603786777012479,0.77632617926776,0.846345925691161,0.810386394997077,0.144173747483323,0.223642038527607,0.11718413640369,0.18177580596946,0.185790719057932,0.288198204422981,1.03855937907472,1.61101130214502
19.49543,51.180836,2.383657,"2020-04-10 13:35:48",415.26593,0.651608,0,51.175777,51.17281,51.186092,51.18906,19.469177,19.501465,19.521973,19.48941,-0.354069999999979,0.83,2.8627008948108,2.46646204499803,2.22431946882195,1.95807824012945,1.48233121964954,0.332693191164492,0.139572594196435,0.637333571344067,0.267376376443451,0.718942863243941,0.30161338785066,1.27686014358402,0.535672768181
19.496019,51.085728,0.155888,"2020-04-10 13:35:49",414.894714,0.555006,0,51.080276,51.077419,51.090973,51.093884,19.469543,19.50177,19.522491,19.490234,-0.725285999999983,0.83,0.139539077923741,0.195498757347427,0.213038400100058,0.236477789227755,0.282334945695234,0.0400401402503439,0.256851972251513,0.0894114927614271,0.573562383002072,0.0979674837336039,0.628447883952606,1.00325933232893,6.43577011911713
19.496092,51.133259,0.397426,"2020-04-10 13:35:48",416.100433,0.653119,0,51.127792,51.12505,51.138733,51.14146,19.469391,19.501953,19.522736,19.490295,0.480433000000005,0.83,0.345190602630653,0.456540424513573,0.457266348857767,0.467288929076332,0.555773345164722,0.052330208585354,0.131672836164101,0.111968481548862,0.281734163212426,0.12359365514032,0.310985328439308,1.06336250627523,2.6756239055201
19.497709,51.30611,0.013062,"2020-04-10 13:36:03",414.931915,0.630473,0,51.300587,51.297771,51.311657,51.314495,19.474701,19.507294,19.520538,19.487793,-0.688085000000001,0.83,0.0132317410651095,0.0126239097933079,0.0120979425434799,0.0121407215847664,0.0167853638764933,0.000517499741279524,0.0396187215801197,0.00263281584589344,0.201562995398365,0.00268319310907955,0.205419775614726,1.04230677022375,79.7968741558527
19.498255,51.353329,0.006358,"2020-04-10 13:36:21",414.283875,0.609385,0,51.347546,51.344692,51.359112,51.361973,19.47879,19.511383,19.51767,19.485046,-1.33612499999998,0.83,0.00574390738031938,0.0057471207794371,0.00634823887682454,0.00641908758393923,0.00614428093104076,0.000345912360556865,0.0544058446928066,0.000151122202929954,0.0237688271358845,0.000377482822661409,0.0593713152974848,1.02968452485132,161.95101051452
19.502892,51.274162,0.017725,"2020-04-10 13:36:04",415.612915,0.610102,0,51.268269,51.265461,51.280041,51.282879,19.479797,19.512329,19.526031,19.493347,-0.00708500000001777,0.83,0.0184692003044976,0.0138294455954849,0.0266532185889427,0.0270837662467677,0.0497393538330882,0.00585686152072681,0.330429422890088,0.0226375666906822,1.27715467930506,0.0233829479011534,1.31920721586197,1.03037430706348,58.1311315691668
19.504782,51.367954,0.004371,"2020-04-10 13:36:21",414.260895,0.58536,0,51.362537,51.359676,51.373379,51.37624,19.485413,19.518036,19.524109,19.491455,-1.359105,0.83,0.00427584124685287,0.00444189727866189,0.00436209419383929,0.00435353131107304,0.00423642247416225,5.90620026232167e-05,0.0135122403622093,9.51606811151805e-05,0.0217709176653353,0.000111999443677948,0.0256232998576867,1.01565069888416,232.361175676998
19.506483,51.163948,1.258125,"2020-04-10 13:35:48",416.328491,0.614649,0,51.158207,51.155483,51.169674,51.172413,19.479523,19.512024,19.533539,19.500946,0.708490999999981,0.83,1.11020198077869,1.15497674270429,1.19564717379627,1.47111870798254,1.23591416520688,0.141216415054867,0.112243548975552,0.0157054318980293,0.0124832046879517,0.14208707355721,0.112935577591424,1.04253639249335,0.828642934917716
19.507198,51.116489,0.490462,"2020-04-10 13:35:49",415.304901,0.554171,0,51.111164,51.108418,51.121838,51.124584,19.480621,19.513123,19.533661,19.501129,-0.315099000000032,0.83,0.387945987974747,0.40431074660766,0.492685511007571,0.4871302808592,0.477602244571274,0.0518282487259101,0.10567230229031,0.00909322026805269,0.0185401117070287,0.0526199013761726,0.10728639808216,0.999386987738903,2.03764407383019
19.508226,51.242519,0.22476,"2020-04-10 13:36:04",416.775848,0.604921,0,51.236877,51.234058,51.248158,51.250988,19.485321,19.517853,19.531097,19.498535,1.15584799999999,0.83,0.171313323718178,0.153334297479621,0.251850804194507,0.309031379102,0.396504038146937,0.0627639429076147,0.279248722671359,0.12144137400206,0.540315776837784,0.136701572225116,0.608211301944812,1.03610652738501,4.60983505688293
19.510904,51.305786,0.011948,"2020-04-10 13:36:21",414.781464,0.645057,0,51.300007,51.297153,51.311584,51.314426,19.491455,19.524048,19.530304,19.497681,-0.838535999999976,0.83,0.011905662503641,0.0149396536041598,0.0116561187797194,0.0147859217780145,0.0149331271210351,0.00166215142507192,0.139115452382986,0.00211080362998779,0.176665854535303,0.00268667812069817,0.224864255163891,1.05119253778189,87.9806275344733
19.511272,51.382786,0.002227,"2020-04-10 13:36:21",415.356537,0.561761,0,51.37677,51.373905,51.388809,51.391674,19.49176,19.524414,19.530792,19.498138,-0.263463000000002,0.83,0.00184714773814375,0.00195536748971859,0.00219826115804484,0.00225650410475396,0.0026510260244206,0.00018376697115267,0.0825177239122899,0.000299831677267379,0.134634789971881,0.000351666510176326,0.157910422171678,1.00223527416986,450.038291050678
19.513481,51.069672,0.205189,"2020-04-10 13:35:32",415.168152,0.564357,0,51.064678,51.061962,51.074581,51.077351,19.482483,19.514526,19.545044,19.512695,-0.451847999999984,0.83,0.16892628929373,0.193659072866182,0.198150816093257,0.285093467883672,0.264794880414218,0.0440353434238811,0.214608694539576,0.042147722239488,0.205409267745776,0.0609552455530792,0.297068778312089,1.00554182678267,4.90056400090976
19.513676,51.085995,0.287588,"2020-04-10 13:35:32",415.096191,0.546813,0,51.080914,51.078167,51.091068,51.093838,19.482056,19.514313,19.54538,19.513031,-0.523809000000028,0.83,0.190280915254972,0.261800772798852,0.282394425258421,0.334766137312279,0.312261163106523,0.0526085577601254,0.182930295283967,0.0174465609459442,0.0606651214443724,0.0554260122906293,0.192727138443292,0.995478025778289,3.46147275191694
19.51405,51.053421,0.169372,"2020-04-10 13:35:33",415.548553,0.577614,0,51.048031,51.0453,51.058777,51.061584,19.482178,19.514221,19.546234,19.513702,-0.0714469999999778,0.83,0.113595699432175,0.161698655123485,0.193249744939774,0.204237042764263,0.20810598552151,0.0351822502656936,0.207721761954122,0.0273890638246413,0.161709514114737,0.044586450306659,0.263245697675289,1.01218866055047,5.97612746233419
19.514669,51.037235,0.197313,"2020-04-10 13:35:33",415.19458,0.520057,0,51.032436,51.029675,51.042011,51.044834,19.483826,19.516113,19.545654,19.513062,-0.425420000000031,0.83,0.137997556217613,0.171155045464784,0.218883429815284,0.215196058153221,0.211212017469904,0.0337789921333797,0.171194965021969,0.00982808950479942,0.0498096400379064,0.0351797051275487,0.178293904241224,0.980100451434373,4.96723708744164
19.515623,51.021336,0.141617,"2020-04-10 13:35:33",415.878784,0.568771,0,51.016247,51.013462,51.02644,51.029232,19.4841,19.516479,19.547058,19.514679,0.258783999999991,0.83,0.0962267181083523,0.120155369340806,0.15159034147842,0.1973342890114,0.194433016543067,0.0378301909874074,0.267130295002771,0.0373465634528636,0.263715256310073,0.0531590928429228,0.375372256458778,1.00758440817278,7.11485491270664
19.516294,51.005314,0.109831,"2020-04-10 13:35:33",415.562256,0.646317,0,51.000355,50.99757,51.010273,51.013042,19.485077,19.517487,19.547516,19.515289,-0.0577440000000138,0.83,0.0868736533082069,0.0987671521800634,0.120163896126026,0.136066606908289,0.145048503507813,0.0189949108432072,0.172946716712105,0.0249025355468356,0.226735034251128,0.0313200082152416,0.285165465262463,1.05242890847962,9.58225736340031
19.516546,51.288677,0.013068,"2020-04-10 13:36:04",415.274719,0.573335,0,51.283264,51.280426,51.294094,51.296925,19.493774,19.526428,19.539307,19.506653,-0.345281,0.83,0.0136926759352264,0.0127603614678477,0.0136654461746897,0.011729470834049,0.0238451643091348,0.000805838199965791,0.0616649984669262,0.00762060596495085,0.583150135058988,0.00766309405381198,0.586401442746555,1.00879717745218,77.1959884796584
19.517111,50.973385,0.073813,"2020-04-10 13:35:34",415.040955,0.660323,0,50.968384,50.965607,50.97842,50.981167,19.485687,19.518005,19.548309,19.516235,-0.579045000000008,0.83,0.0402236057737877,0.0797934125389943,0.0733235131756241,0.0922598972657107,0.117106094305442,0.0192737502137007,0.261115930983712,0.0306128405619267,0.414735081380336,0.0361749008923325,0.490088478890337,1.06124223803219,14.3774435130965
19.517208,51.195068,2.668627,"2020-04-10 13:35:48",415.537445,0.691735,0,51.189892,51.18692,51.200497,51.2034,19.49057,19.523102,19.543701,19.511353,-0.0825550000000135,0.83,2.04271837833166,2.61058261380749,2.58106552254863,2.1058265258265,1.59817601436218,0.301439404063708,0.112956739200985,0.756923150872326,0.283637672433175,0.814738222160206,0.305302397884832,1.3532167900502,0.507083526491414
19.517445,51.147106,0.792023,"2020-04-10 13:35:49",415.96524,0.625588,0,51.141953,51.139233,51.152248,51.15498,19.491302,19.523712,19.543671,19.511261,0.34523999999999,0.83,0.721996821499701,0.72623729008129,0.797342154308802,0.887006351741012,1.00449244635337,0.0671367495641055,0.0847661615434218,0.150238586311419,0.189689676071805,0.164556907964653,0.207767840030722,1.05230191566056,1.32862545110503
19.517639,51.320644,0.011871,"2020-04-10 13:36:21",415.733521,0.614525,0,51.31485,51.312008,51.326435,51.329285,19.498169,19.530792,19.537018,19.504425,0.113520999999992,0.83,0.0121987619086203,0.0122799041422491,0.0112557031057224,0.0123412725616786,0.0128879740334278,0.000448433114328859,0.0377755129583741,0.000719109235327433,0.0605769720602673,0.000847472920133666,0.0713901878640103,1.0327350550046,86.9964665996629
19.517761,51.397598,0.000626,"2020-04-10 13:36:21",414.615601,0.629356,0,51.392063,51.389202,51.403149,51.406006,19.498352,19.531006,19.537109,19.504486,-1.00439899999998,0.83,0.000451904978607665,0.000596990251585583,0.000698089779320808,0.000735491963721744,0.000819955900507988,0.000109821924316838,0.175434383892713,0.000137147532500342,0.219085515176265,0.000175699461386726,0.280670066112981,1.04162805530876,1663.94258036542
19.517841,51.099628,0.472743,"2020-04-10 13:35:49",416.126862,0.516308,0,51.094189,51.09129,51.104832,51.107819,19.491211,19.523468,19.544373,19.511932,0.506862000000012,0.83,0.332057801567491,0.455111545910029,0.42963424020978,0.534719425419305,0.436667036321738,0.0740159302458057,0.156566951273325,0.0255095585547387,0.0539607324798859,0.0782885400796925,0.165604863699076,0.980613607070496,2.07430592747115
19.521881,51.256809,0.087257,"2020-04-10 13:36:04",415.785614,0.538993,0,51.251514,51.248699,51.262104,51.264942,19.499207,19.531769,19.544464,19.51181,0.165614000000005,0.83,0.0367771043843935,0.0738739358383148,0.0653280528679617,0.104792280464802,0.149331681809594,0.0254160266382245,0.291277795915794,0.0438934284475611,0.503036185607586,0.0507208780578186,0.581281479512459,0.990952098499194,11.3567060350367
19.528084,51.178074,3.303287,"2020-04-10 13:35:48",415.685883,0.658534,0,51.172802,51.170055,51.183353,51.186085,19.501556,19.534119,19.554474,19.522034,0.0658829999999853,0.83,5.13101903666564,3.83920268155392,3.15430183911827,2.38442415139242,1.46276183457251,1.01961955543164,0.30866817065294,1.30144782541827,0.393985695284203,1.65329685177967,0.500500517145397,1.96365921413583,0.594456132372341
19.528416,51.082699,0.340109,"2020-04-10 13:35:49",415.04248,0.52969,0,51.077412,51.07452,51.088104,51.090969,19.501831,19.53418,19.554871,19.522552,-0.577519999999993,0.83,0.255370142178726,0.314554233171058,0.348333306045093,0.339629557579043,0.41988897845837,0.0380734143789904,0.111944742359039,0.0564129637708301,0.165867306571805,0.0680588522080949,0.200108942157058,0.986966819839392,2.90191326850919
19.530312,51.303291,0.011113,"2020-04-10 13:36:04",415.42218,0.602485,0,51.297764,51.294933,51.308826,51.311646,19.507355,19.539978,19.553162,19.52063,-0.197819999999979,0.83,0.0108238850627812,0.0113600667254391,0.0116627874886378,0.0131655672546651,0.0218701972929166,0.000914999197302413,0.0823359306490068,0.0076064871523829,0.68446748424214,0.00766132301436444,0.689401872974394,1.02564461247321,92.2923254272667
19.530939,51.350468,0.005263,"2020-04-10 13:36:21",415.275909,0.553567,0,51.344685,51.341839,51.356258,51.359112,19.511475,19.544067,19.550323,19.517731,-0.344090999999992,0.83,0.00485037009344467,0.00515210018346002,0.00561685210338724,0.00569399558806136,0.00570008530945375,0.000346364439924025,0.0658112179221025,0.000309065986271767,0.0587242991206093,0.000464209122178812,0.0882023792853529,0.997665594765655,189.562149869971
19.531759,51.193302,1.604111,"2020-04-10 13:36:04",416.75116,0.635128,0,51.187672,51.184856,51.198929,51.201763,19.508911,19.541382,19.554596,19.522064,1.13116000000002,0.83,1.44548283276409,1.60133321047517,1.65349864202957,1.74532691558069,1.34416023690234,0.108836098761771,0.0678482341694379,0.183812947360973,0.114588670834483,0.213617639747306,0.13316886409189,1.06673336518326,0.664999719585031
19.535545,51.271328,0.045359,"2020-04-10 13:36:04",414.969879,0.543845,0,51.265457,51.262619,51.27721,51.280033,19.51239,19.545044,19.558624,19.526093,-0.650121000000013,0.83,0.0206347242677929,0.0283148191650206,0.0268039796408812,0.0338973741493483,0.0546508715929085,0.00931170449415235,0.205289016383791,0.00657034541326025,0.144852078160018,0.0113963713275747,0.251248293118779,0.992369518528474,21.8781172100019
19.537481,51.365093,0.003333,"2020-04-10 13:36:21",414.439392,0.592943,0,51.359669,51.356823,51.370525,51.373371,19.518097,19.55069,19.556793,19.52417,-1.18060800000001,0.83,0.00328423989669389,0.0031373877501551,0.00352550417060631,0.0035134706074202,0.00332222838846236,0.000163524829208345,0.0490623549980033,7.61667956257257e-06,0.00228523239201097,0.000163702118419944,0.0491155470806912,1.02003991492852,306.04257873643
19.539742,51.113716,0.495591,"2020-04-10 13:35:49",416.716095,0.546519,0,51.108414,51.105434,51.118824,51.121826,19.513214,19.545624,19.566071,19.533722,1.09609499999999,0.83,0.390666662239737,0.481219362964419,0.608099548727078,0.596826306251198,0.62558901922002,0.089914321662025,0.181428479657671,0.0919224809312953,0.185480529168801,0.128585876909194,0.259459669181228,1.00205655783569,2.02194260556727
19.544016,51.379925,0.001659,"2020-04-10 13:36:21",414.341614,0.603182,0,51.373901,51.371052,51.385952,51.388805,19.524475,19.557098,19.563477,19.530853,-1.27838600000001,0.83,0.00146695634644213,0.00168319561614745,0.00167750481503609,0.00176981525011852,0.00170957193451077,0.000111570336135699,0.067251558852139,3.57597578302874e-05,0.0215550077337477,0.000117161001128847,0.0706214593905042,1.02602560340895,618.460279330289
19.545662,51.207764,0.812918,"2020-04-10 13:36:04",416.212646,0.57541,0,51.202129,51.199299,51.213398,51.216217,19.522827,19.555328,19.568451,19.536011,0.592646000000002,0.83,0.737001357427015,0.803746861143124,0.929291955921765,0.929730954455262,0.818066112745983,0.0846299887066526,0.104106427347718,0.00364026543299742,0.00447802291620732,0.0847082435239383,0.104202691444818,1.01349501953434,1.24673708730074
19.546087,51.066856,0.276248,"2020-04-10 13:35:33",414.897858,0.485286,0,51.061954,51.059139,51.071774,51.074574,19.514587,19.54718,19.577576,19.545105,-0.722142000000019,0.83,0.312152309160424,0.339687715820404,0.355777558051437,0.38587524253578,0.373701983488673,0.0418636315876556,0.151543654932002,0.0689103725784825,0.249451118482242,0.0806300384386132,0.291875555437915,0.964833511490253,3.4926352823921
19.546103,51.083218,0.529101,"2020-04-10 13:35:32",415.01474,0.489847,0,51.078159,51.07539,51.088261,51.091064,19.514374,19.546753,19.577942,19.545441,-0.605259999999987,0.83,0.437844784946903,0.39162716812048,0.478328978324035,0.515004137138695,0.499787184827639,0.0564871765381286,0.106760668640068,0.0207279974908256,0.0391758803911268,0.0601701835897929,0.113721545772533,0.965645138962667,1.8250676883292
19.546453,51.050636,0.253294,"2020-04-10 13:35:33",415.337708,0.492443,0,51.045292,51.042484,51.055969,51.058765,19.514282,19.546814,19.578705,19.546295,-0.282291999999984,0.83,0.232511457155136,0.294626208957073,0.282347108928107,0.340110223981938,0.318390447821477,0.0412291668918785,0.162771983907548,0.0460301396857226,0.181726135185684,0.0617949671258551,0.243965380648002,0.967067074308233,3.8179628191281
19.547911,51.018562,0.265808,"2020-04-10 13:35:33",414.591156,0.563556,0,51.013458,51.010681,51.023636,51.026432,19.516541,19.548798,19.579498,19.547119,-1.02884399999999,0.83,0.246676888106322,0.256232831825454,0.268776104566928,0.288709427007046,0.255568138830166,0.0157270377307252,0.0591669089369966,0.00724067527159843,0.0272402458601638,0.0173137833581338,0.0651364268875798,1.00339181391427,3.77487439773924
19.548662,51.002525,0.181457,"2020-04-10 13:35:34",415.472992,0.651806,0,50.997559,50.994778,51.007488,51.010265,19.517548,19.549835,19.579803,19.547577,-0.147008000000028,0.83,0.156255625928788,0.172257181862342,0.217071980476356,0.213354591993371,0.209033360674861,0.0263929745272966,0.145450296914953,0.0194994316336402,0.107460343958295,0.0328148889748775,0.180841130267102,1.05585409909439,5.81875650481598
19.54915,51.285851,0.017744,"2020-04-10 13:36:04",415.088318,0.542939,0,51.280426,51.277599,51.291248,51.294086,19.526489,19.559021,19.571991,19.539368,-0.531681999999989,0.83,0.0208917137611531,0.01452722871184,0.0156418032290822,0.0222400069607306,0.0266738343311067,0.00330938567971586,0.18650730836992,0.00631434641039799,0.355858116005297,0.00712902547110153,0.401771047740167,0.991833444044497,55.8968352144103
19.549351,50.970612,0.117904,"2020-04-10 13:35:34",415.357422,0.686171,0,50.965611,50.96286,50.975616,50.978413,19.518005,19.55011,19.580719,19.54837,-0.262578000000019,0.83,0.100922473483755,0.127826008468998,0.124088852106147,0.1509413376499,0.158009676387191,0.0180945370150745,0.153468389665105,0.0283589957374559,0.240526154646627,0.0336399302767848,0.285316276604567,1.07743319335819,9.13822426175694
19.549759,51.192326,1.189393,"2020-04-10 13:35:48",417.44928,0.550954,0,51.18692,51.184185,51.19772,51.200489,19.523163,19.555603,19.576447,19.543762,1.82927999999998,0.83,1.04184478512522,1.40830808195472,1.26266610530192,1.27552013602344,1.11978175983499,0.134005996764896,0.11266755123403,0.0492225799674839,0.0413846222127454,0.142760181940234,0.120027763691424,1.006394942189,0.846141638793069
19.549982,51.144363,1.408235,"2020-04-10 13:35:49",415.594177,0.53837,0,51.139225,51.136478,51.149517,51.152241,19.523804,19.556244,19.57608,19.543762,-0.0258230000000026,0.83,1.13245849800933,1.25020172961329,1.37461566354548,1.57777971804254,1.20199100539544,0.168193224257033,0.119435480766373,0.145836527163886,0.103559794468882,0.222614584745024,0.158080565207528,1.01405103926834,0.720086519130926
19.550148,51.096603,0.584681,"2020-04-10 13:35:49",415.030945,0.519273,0,51.091278,51.088409,51.101978,51.104828,19.523529,19.555878,19.576843,19.544464,-0.58905500000003,0.83,0.542992118484588,0.575656883655682,0.618505924098496,0.685270601558615,0.575862970927038,0.0540384164244953,0.0924237600067306,0.00623528815419158,0.0106644275326059,0.0543969600991908,0.0930369895707075,0.980562837250644,1.67709030608254
19.559589,51.222397,0.384522,"2020-04-10 13:36:04",416.840637,0.549331,0,51.216877,51.214054,51.227894,51.230732,19.536835,19.569275,19.582428,19.549896,1.22063700000001,0.83,0.267549108234209,0.288915523834871,0.356913787844377,0.413010155832799,0.418382789440109,0.0621162515934341,0.161541476413402,0.0239431938294309,0.0622674224867002,0.0665710540908923,0.173126775817488,0.997545113167205,2.59424717744942
19.560663,51.17532,3.17409,"2020-04-10 13:35:49",416.404999,0.625263,0,51.170048,51.167309,51.180599,51.18335,19.53421,19.56665,19.587036,19.554535,0.784998999999971,0.83,3.43597745948728,3.56419643812455,2.86997534665685,1.95287419162166,1.1896888552345,0.642666028484457,0.202472528656861,1.40318350605803,0.442074265713333,1.54335465005335,0.486235314705427,1.86059060381651,0.586180796327928
19.560781,51.079899,0.540669,"2020-04-10 13:35:50",415.328186,0.556334,0,51.074512,51.071705,51.085262,51.0881,19.534241,19.566589,19.587494,19.554932,-0.291813999999988,0.83,0.48977083445812,0.535076106119623,0.605033091553428,0.63440549041602,0.50887580699391,0.0580652017563937,0.107395100803622,0.0224811823701789,0.0415803058251517,0.0622653291629616,0.115163490347998,1.00114159376772,1.85167189864357
19.561275,51.127682,0.878836,"2020-04-10 13:35:49",418.042511,0.59538,0,51.122284,51.119282,51.132946,51.135971,19.534637,19.566925,19.587708,19.555389,2.42251099999999,0.83,0.860846722060535,0.951899732251852,0.927322447179368,0.949421610154487,1.03899157996179,0.0416226666270962,0.0473611306627132,0.113247096635846,0.128860329613086,0.120653848979629,0.137288241468976,1.02855952461372,1.17036571625846
19.563002,51.300446,0.012327,"2020-04-10 13:36:04",415.277863,0.559821,0,51.294926,51.292084,51.305969,51.308823,19.540039,19.572662,19.585938,19.553223,-0.34213699999998,0.83,0.0107449494265944,0.0114602315340516,0.0104776365974314,0.0144312187048487,0.0164091233877885,0.00159211789505769,0.129156963986184,0.00288649712914545,0.234160552376527,0.00329646857535877,0.267418558883651,1.00115454288839,81.216398384716
19.564306,51.190472,0.982847,"2020-04-10 13:36:05",417.136475,0.590666,0,51.184849,51.182026,51.196079,51.198925,19.541443,19.573883,19.587189,19.554657,1.51647500000001,0.83,1.09780423271025,0.995960292402541,1.0172714808339,1.20471214288259,0.950778107935421,0.0925334608336564,0.0941483881353419,0.0226761310440033,0.0230718830540291,0.0952714453179894,0.0969341569114922,1.02316321857706,1.04101983175109
19.571577,51.158451,2.518012,"2020-04-10 13:35:49",418.989166,0.654686,0,51.15274,51.150005,51.164169,51.16692,19.544586,19.576935,19.598541,19.566101,3.36916600000001,0.83,3.7038335869779,2.83369368710381,2.22432161707663,1.75089853710143,1.13175641236008,0.73172769396882,0.290597381572772,0.98023072647793,0.389287551639122,1.22322430291929,0.485789703511853,1.61672244180885,0.642063040926275
19.572142,51.110691,0.679481,"2020-04-10 13:35:49",416.374023,0.536639,0,51.105427,51.102589,51.116001,51.118816,19.545685,19.578003,19.59848,19.566132,0.754023000000018,0.83,0.610015958090607,0.693163726000057,0.720018873855876,0.836684105398454,0.847945996115535,0.0826714766140644,0.121668562644231,0.11912274114586,0.175314307752329,0.144999312079932,0.213397154710627,0.998952559846889,1.47016996773551
19.573439,51.236851,0.197151,"2020-04-10 13:36:04",416.290314,0.533625,0,51.23122,51.228382,51.242474,51.245331,19.550537,19.583038,19.596375,19.563721,0.670314000000019,0.83,0.0999286017672548,0.163426702773543,0.217841541479585,0.246610868335878,0.268858256807908,0.0564018225646359,0.286084384885879,0.050704687549157,0.257187067522645,0.0758428040625497,0.38469398614539,0.989650327920458,5.01975809364628
19.576204,51.300072,0.010969,"2020-04-10 13:36:22",415.17511,0.562837,0,51.294296,51.291424,51.305847,51.308716,19.556732,19.589355,19.595612,19.563019,-0.444889999999987,0.83,0.0108548707603693,0.0117851711570137,0.0162718072183768,0.012719198004331,0.0157445020553,0.0022267671107183,0.203005480054545,0.00337678988687293,0.307848471772534,0.00404489823178087,0.368757246037093,1.00284687254371,91.4255513304506
19.578321,51.204906,0.568104,"2020-04-10 13:36:05",416.348785,0.543894,0,51.199291,51.196453,51.210537,51.213394,19.555389,19.587921,19.601135,19.568512,0.728785000000016,0.83,0.499951546482179,0.616772952982639,0.60761897590203,0.644102356085442,0.671510834946738,0.0559156991537298,0.0984251108137415,0.0731196742118765,0.128708254495438,0.092049183422241,0.162028754281331,0.996591057257038,1.75424052155422
19.578547,51.064056,0.526552,"2020-04-10 13:35:33",414.717102,0.50418,0,51.059132,51.056339,51.068981,51.071762,19.547241,19.57959,19.609863,19.577637,-0.902897999999993,0.83,0.423004440418139,0.467978606944635,0.558479594062124,0.551589400095343,0.517085523079649,0.0582829885445745,0.110688001459637,0.00669381002432619,0.0127125336611127,0.0586661217938324,0.111415628074402,0.972902454640921,1.84768542260009
19.578741,51.080391,0.65626,"2020-04-10 13:35:33",415.617767,0.544428,0,51.075378,51.072571,51.085499,51.088257,19.546814,19.579315,19.610046,19.578003,-0.00223299999998972,0.83,0.630410773656413,0.723348284781835,0.656117751650966,0.7009786151332,0.580374279605954,0.037735718458557,0.0575011709666245,0.0536593074858562,0.0817653178402709,0.06559958633593,0.0999597512204462,0.994788999191007,1.51584585254473
19.578947,51.047825,0.461056,"2020-04-10 13:35:33",414.410797,0.476607,0,51.04248,51.0397,51.053162,51.055969,19.546875,19.579163,19.611145,19.578766,-1.209203,0.83,0.362816954112671,0.374037153918378,0.481685214327036,0.44941027993213,0.396214509200928,0.0537816054341311,0.116648748599153,0.045849857846269,0.0994453121665675,0.0706729831519488,0.153285030781399,0.959712927388495,2.08155392704681
19.579403,51.031658,0.331691,"2020-04-10 13:35:34",414.486908,0.494532,0,51.026886,51.02409,51.036434,51.03923,19.548523,19.580872,19.610291,19.577972,-1.13309199999998,0.83,0.328405291813705,0.292159333934914,0.365272258320826,0.35901438645701,0.356085923034431,0.0290791462522401,0.0876693858206588,0.01724981550417,0.0520056784904325,0.0338105439424904,0.101933859955472,0.966749735922223,2.91460948871758
19.580475,51.015732,0.372045,"2020-04-10 13:35:34",415.278656,0.544614,0,51.010677,51.007893,51.020828,51.023632,19.548859,19.581116,19.611877,19.579559,-0.341343999999992,0.83,0.323134906627332,0.379556277423839,0.33786987029104,0.376289539147469,0.342125379257585,0.0255782880527446,0.0687505222560299,0.0211563667174913,0.0568650747019617,0.0331939854852374,0.0892203509931257,0.993280549325514,2.66978604557382
19.581223,50.98365,0.217169,"2020-04-10 13:35:34",415.381866,0.639065,0,50.978642,50.975849,50.988708,50.991482,19.549774,19.582062,19.612427,19.580261,-0.238134000000002,0.83,0.176945212748388,0.231435815653587,0.241089710602871,0.271591166195363,0.235060587007221,0.0346648635009909,0.159621601153898,0.0126512624989951,0.0582553794463993,0.0369013171087539,0.169919818706878,1.04817259143204,4.82652952968444
19.582417,51.141521,2.279533,"2020-04-10 13:35:49",417.121124,0.576049,0,51.136475,51.133453,51.146488,51.149506,19.556335,19.588654,19.608398,19.576141,1.501124,0.83,3.838308728128,2.82109096364251,2.02330222013306,1.53964147845855,1.05170099814098,0.879247393494097,0.385713825373046,0.868208334672367,0.380871141006674,1.23566245041303,0.542068243983758,1.59611846106789,0.700195373819063
19.582735,51.093761,0.575132,"2020-04-10 13:35:50",414.676392,0.602226,0,51.088406,51.085583,51.099224,51.101978,19.555939,19.58844,19.609131,19.576904,-0.943607999999983,0.83,0.439258173327893,0.520129343121233,0.597905631227268,0.750871212783465,0.700785763982966,0.114976340421691,0.199912959845202,0.0888506285939692,0.154487367411254,0.14530654857338,0.252649041565032,1.035707559176,1.80081713272084
19.582977,51.314915,0.01011,"2020-04-10 13:36:22",415.576263,0.583637,0,51.309143,51.306271,51.320698,51.323563,19.563507,19.5961,19.602356,19.569794,-0.0437370000000215,0.83,0.00934068181883351,0.00984075226323234,0.0134521321591611,0.00926572081278753,0.0118842026772741,0.00174076820554059,0.172182809647931,0.00125455074429984,0.124090083511359,0.00214573332812917,0.212238707035526,1.01466090490396,100.362107309986
19.587112,51.251129,0.066668,"2020-04-10 13:36:05",415.235138,0.534742,0,51.245861,51.243,51.256409,51.259258,19.564362,19.597046,19.609741,19.577179,-0.384861999999998,0.83,0.0319862689276007,0.0556598033128575,0.089515373446662,0.109792947071392,0.110544651540191,0.0300977212866711,0.451456790164263,0.0310254778398282,0.465372860140221,0.0432256070152844,0.64837113780651,0.988290169770923,14.8240560654425
19.589682,51.329926,0.005752,"2020-04-10 13:36:22",415.293854,0.568303,0,51.324265,51.3214,51.335587,51.338444,19.570282,19.602844,19.609039,19.576477,-0.326145999999994,0.83,0.00553537576829028,0.00537057466132622,0.00781166773487634,0.00595453773537326,0.0089883104794434,0.000990174364351447,0.172144360979041,0.00228841708603951,0.397847198546508,0.00249345102849372,0.433492876998212,1.00591973691097,174.881734511643
19.59226,51.21954,0.376141,"2020-04-10 13:36:05",416.368744,0.588872,0,51.21405,51.211193,51.225033,51.22789,19.569366,19.601959,19.615082,19.582489,0.748743999999988,0.83,0.280684231503831,0.325558832023242,0.313209347586416,0.370339303116642,0.370479814793952,0.0401222381735735,0.106668079718971,0.00400306244874952,0.0106424517634332,0.0403214397687576,0.107197672598195,1.01847731977154,2.70770088815509
19.593159,51.172565,1.087982,"2020-04-10 13:35:49",417.083435,0.63986,0,51.167301,51.164547,51.177814,51.180592,19.566711,19.599182,19.61969,19.587097,1.463435,0.83,0.890141781268256,1.07656698881483,1.03728312007012,1.14840919329304,0.969320128270493,0.0968641815349086,0.0890310515568351,0.0839066141682227,0.0771213256912547,0.12815221248813,0.117788908721035,1.05581428725207,0.970433598397835
19.59326,51.077271,0.684173,"2020-04-10 13:35:50",416.140259,0.531038,0,51.071701,51.069092,51.082691,51.085262,19.566681,19.599213,19.619812,19.587555,0.52025900000001,0.83,0.599850090125081,0.629166855476813,0.738900033375051,0.682812016066832,0.666924322147739,0.0539791670002396,0.0788969558872384,0.012196657075836,0.0178268611532989,0.0553399395903654,0.0808858864503063,0.986896076777016,1.44246568744603
19.596281,51.344742,0.003967,"2020-04-10 13:36:22",415.162842,0.581099,0,51.338963,51.336102,51.350513,51.35339,19.576813,19.609406,19.615692,19.583099,-0.457157999999993,0.83,0.00358567925068753,0.00396474743413967,0.00395232445547756,0.0047417807737285,0.0036951341427512,0.000423543371568495,0.106766667902318,0.000192238191233721,0.0484593373414975,0.000465128487375715,0.117249429638446,1.01320099888695,255.407360445412
19.596922,51.187614,0.841868,"2020-04-10 13:36:05",417.31723,0.563771,0,51.182022,51.179157,51.193226,51.196075,19.573944,19.606506,19.619781,19.58725,1.69722999999999,0.83,0.748418226055481,0.833519201600478,0.892935750882712,0.870936953556521,0.755054924230478,0.0551399007567623,0.0654970859526224,0.0613861145722905,0.0729165552940491,0.0825146272956982,0.0980137352835577,1.00675041800773,1.19585305298186
19.600918,51.265625,0.036674,"2020-04-10 13:36:05",414.638275,0.674447,0,51.259766,51.256916,51.271496,51.274342,19.577728,19.610321,19.623962,19.591431,-0.981724999999983,0.83,0.0298953674397023,0.0340374199995371,0.0511867110962192,0.0661021311935774,0.0833241884377939,0.014925911033818,0.40698890314168,0.0329866645879943,0.899456415662168,0.0362063925409628,0.987249619375112,1.07008862187663,29.1783994621975
19.602844,51.359364,0.002421,"2020-04-10 13:36:22",415.701752,0.557738,0,51.353954,51.351078,51.364777,51.367645,19.583466,19.616058,19.622162,19.589539,0.0817519999999945,0.83,0.0022262423325369,0.00220165362549188,0.00237975798369291,0.00238783582797327,0.00258879308265687,0.000101385031240169,0.0418773363239028,0.000118647626582868,0.0490076937558313,0.000156064678429546,0.0644628989795729,0.999985850399986,413.046613135063
19.603928,51.155579,2.371836,"2020-04-10 13:35:49",417.383606,0.650842,0,51.149998,51.146976,51.161091,51.164165,19.576996,19.609253,19.631165,19.598602,1.76360599999998,0.83,2.76137501878386,2.77093602592517,2.0637651274832,1.60137758639875,1.06643209063983,0.495663201432673,0.208978698962606,0.923059956496006,0.389175287201984,1.04772214472201,0.441734649748976,1.48667985844461,0.626805503603374
19.604485,51.107883,1.095882,"2020-04-10 13:35:50",414.811676,0.691338,0,51.102581,51.099827,51.113239,51.115997,19.578094,19.610352,19.630951,19.598541,-0.808324000000027,0.83,0.989197859469505,1.2016912403697,1.1700047142346,1.3135367604775,0.972229624467426,0.120954548422382,0.110371872539546,0.0874354332489086,0.079785445192921,0.149247974095084,0.136189821618645,1.09046925129299,0.995060828896712
19.606089,51.233994,0.161375,"2020-04-10 13:36:05",415.718018,0.522536,0,51.228382,51.225521,51.239613,51.242462,19.58313,19.615723,19.628967,19.596436,0.0980179999999677,0.83,0.0993724007713049,0.144914114670848,0.17186779107451,0.214824096859171,0.194019056256915,0.0419523906435171,0.259968338612035,0.0230828335446998,0.14303847277893,0.0478834030239975,0.296721320055755,0.981955544605334,6.08492978841416
19.608868,51.297192,0.01563,"2020-04-10 13:36:22",414.68869,0.589331,0,51.291416,51.288548,51.302967,51.305836,19.589417,19.621979,19.628265,19.595673,-0.931309999999996,0.83,0.0129536986948444,0.0131232565280916,0.0127854557880324,0.0173996256551697,0.0145600462485914,0.0020516418562711,0.131263074617473,0.000756571553177008,0.0484050897746006,0.00218669495391566,0.139903707864086,1.01794685971116,65.1277581389101
19.609396,51.374187,0.000803,"2020-04-10 13:36:22",415.252869,0.555736,0,51.368179,51.365307,51.380203,51.383076,19.589844,19.622467,19.628876,19.596222,-0.367131000000029,0.83,0.000671076544464986,0.000820245718334865,0.00121047770793808,0.00124233476308761,0.00123521926299897,0.000259591060973863,0.323276539195346,0.000305625171826023,0.380604199036144,0.000400991601646745,0.49936687627241,0.998870693578636,1243.92365327352
19.610895,51.077625,0.601391,"2020-04-10 13:35:33",415.100983,0.535402,0,51.072559,51.069778,51.082668,51.085499,19.579376,19.611633,19.642578,19.610107,-0.519017000000019,0.83,0.459729686866895,0.586481780894049,0.618613910358805,0.67770097307125,0.770055276608904,0.0800239090066741,0.133064693363675,0.11926365373408,0.198313000583779,0.143623274975579,0.238818464153237,0.998089648638193,1.65963516021722
19.610903,51.202053,0.377969,"2020-04-10 13:36:05",415.465363,0.608291,0,51.196442,51.193592,51.207691,51.210526,19.588013,19.620514,19.633606,19.601196,-0.15463699999998,0.83,0.271725355227583,0.384259061766272,0.441666514004529,0.601109778167889,0.511078184506442,0.120614342222688,0.319111731974548,0.0941224070027165,0.24902149912484,0.152992964053242,0.404776487101435,1.04034839728372,2.75247016893903
19.611002,51.061241,0.766023,"2020-04-10 13:35:33",414.850159,0.512097,0,51.056335,51.053528,51.066158,51.068974,19.579651,19.61203,19.642334,19.609955,-0.769840999999985,0.83,0.759679442181502,0.712002247706044,0.783838709818531,0.772110830740274,0.662802789525641,0.0276001180267995,0.0360304038218167,0.072987710781922,0.0952813568025007,0.0780318681070673,0.101866220866824,0.978382496700181,1.27722339498968
19.611391,51.04501,0.544269,"2020-04-10 13:35:34",415.045807,0.548933,0,51.039692,51.036884,51.050358,51.05315,19.579224,19.611542,19.643433,19.611206,-0.57419299999998,0.83,0.470723437785921,0.462776490420329,0.567947012432436,0.573055411118977,0.512570365352437,0.0532330111727924,0.0978064361056616,0.0224143195136466,0.0411824291180402,0.057759459812073,0.106123001332196,0.996776601695075,1.83140432707921
19.611881,51.028835,0.492895,"2020-04-10 13:35:34",414.84314,0.482146,0,51.024082,51.021282,51.033604,51.036423,19.580933,19.613251,19.642731,19.610382,-0.776859999999999,0.83,0.396605451165068,0.440919820964485,0.488185707772074,0.545864170496863,0.451302384467662,0.0565703387789445,0.114771581734334,0.0294104204902011,0.0596687336860815,0.0637587332290643,0.129355609671562,0.961992692996665,1.95171931749493
19.612705,51.012947,0.359547,"2020-04-10 13:35:34",414.183411,0.506555,0,51.007889,51.005081,51.017994,51.020817,19.581177,19.613495,19.644348,19.611938,-1.43658900000003,0.83,0.329625277658102,0.348501453983803,0.428338645543694,0.422878955101242,0.394851211015871,0.0449962365233436,0.125147022568242,0.0249638470137632,0.0694313873117094,0.0514573120070535,0.14311706677306,0.973727797171258,2.70820726406077
19.614605,51.280132,0.017408,"2020-04-10 13:36:05",415.229279,0.519566,0,51.274731,51.271881,51.285534,51.28838,19.591827,19.62439,19.637329,19.604797,-0.390720999999985,0.83,0.0092546794642646,0.0158516228952296,0.0170437328327938,0.021869385427237,0.0330419264108044,0.00454520039408986,0.261098368226669,0.0110548553816513,0.635044541684929,0.011952768471432,0.686625027081341,0.979281214478319,56.2546653537637
19.614897,51.138538,2.099072,"2020-04-10 13:35:50",416.834686,0.572473,0,51.133442,51.130615,51.143604,51.146484,19.588745,19.621185,19.641174,19.608459,1.21468599999997,0.83,2.8403212077029,2.09067805245902,1.89172216591099,1.50717961252508,0.974941419771054,0.485275682626422,0.231185820508502,0.794880356219056,0.378681796631586,0.931304068954642,0.443674189810851,1.37257152985936,0.653894449480229
19.61495,51.186794,0.637647,"2020-04-10 13:35:49",417.72525,0.61874,0,51.181416,51.178638,51.192181,51.194958,19.588287,19.620819,19.641602,19.609039,2.10525000000001,0.83,0.533654214533807,0.657693078971628,0.701230987872649,0.726294414345564,0.717457084561663,0.0744732709787267,0.116793885925483,0.0564342520006237,0.0885039089035528,0.093440317257278,0.146539256449537,1.03945672372117,1.63014445880113
19.615023,51.09119,0.735852,"2020-04-10 13:35:50",415.63739,0.544477,0,51.085575,51.082996,51.096554,51.099224,19.588501,19.620789,19.641815,19.609192,0.0173899999999776,0.83,0.602657012880046,0.679959215326804,0.776467762424981,0.878775459166486,0.85198911460384,0.103604423201929,0.140795191426984,0.0821213412838145,0.111600350727883,0.13220359753523,0.179660580572221,1.0014154955513,1.36089253756367
19.61562,51.312042,0.008644,"2020-04-10 13:36:22",414.476501,0.516801,0,51.306271,51.303391,51.317822,51.320694,19.596161,19.628754,19.63501,19.602417,-1.14349900000002,0.83,0.00559829010982582,0.00601186657432278,0.00751279426147174,0.0098392841298357,0.017094512319331,0.00177552346886633,0.20540530643988,0.00597541456549941,0.691278871529316,0.00623362357045063,0.721150343643062,0.977763842481311,113.114743461512
19.619728,51.248276,0.081978,"2020-04-10 13:36:05",415.248505,0.517784,0,51.242996,51.240143,51.25354,51.256397,19.597107,19.629669,19.642395,19.609802,-0.371494999999982,0.83,0.0573566251455524,0.0621987288607964,0.0893881674887828,0.0913274226042348,0.10313957940599,0.0157078671173504,0.191610762855284,0.0149634962985931,0.182530633811427,0.0216943151736659,0.264635819044937,0.978504427157514,11.9361832096113
19.62488,51.216679,0.294105,"2020-04-10 13:36:05",415.206696,0.581684,0,51.211185,51.208347,51.222183,51.225033,19.60202,19.63443,19.647583,19.615143,-0.413303999999982,0.83,0.236563621946528,0.254074651676799,0.309976817224228,0.358054678805925,0.319520145236066,0.0479372006928825,0.162993491075917,0.0179712215412632,0.061104780745867,0.051195117090938,0.174070883157165,1.01482866330724,3.45056582957528
19.625782,51.074471,0.543178,"2020-04-10 13:35:50",415.462463,0.544507,0,51.069092,51.066238,51.079773,51.082691,19.599274,19.631622,19.652435,19.619843,-0.157536999999991,0.83,0.404666805500019,0.528023986922663,0.630799252752724,0.728566032252895,0.831132582455116,0.121050195980092,0.222855483801059,0.203614637927753,0.374858035354439,0.236879865597034,0.436099889165308,1.02053904568824,1.87882985998741
19.625797,51.169609,0.991681,"2020-04-10 13:35:49",417.10675,0.580032,0,51.164539,51.161472,51.174747,51.177811,19.599274,19.631775,19.652161,19.619751,1.48674999999997,0.83,0.884771362458715,0.887835027358741,0.945982373352206,0.889713875073763,0.788626855369294,0.0474503455296898,0.0478483963388326,0.143580962616406,0.144785432630459,0.151218478092926,0.152487017592276,1.02381841609767,1.03240701001398
19.628323,51.294743,0.014722,"2020-04-10 13:36:05",414.820374,0.538592,0,51.289215,51.286373,51.300262,51.303104,19.605499,19.638,19.651184,19.618652,-0.799625999999989,0.83,0.0108723753552239,0.0121392134599987,0.0147908040755031,0.0138827813450135,0.0197790629024965,0.00171924971793678,0.116780988855915,0.0035758834712422,0.242893864369121,0.00396771498378208,0.269509236773678,0.989442815541248,67.2084509945149
19.628956,51.341862,0.003435,"2020-04-10 13:36:22",414.579346,0.561673,0,51.336094,51.333218,51.34763,51.35051,19.609467,19.64209,19.648376,19.615753,-1.04065400000002,0.83,0.00321563695053662,0.00358929024409524,0.00339732230426334,0.00329313939487983,0.00372719587302754,0.000142743430913831,0.0415555839632696,0.000206613683252497,0.0601495438871898,0.000251127260918075,0.073108372901914,1.00218592186974,291.75718249483
19.629459,51.184761,0.599492,"2020-04-10 13:36:05",417.301025,0.630496,0,51.179153,51.176289,51.190369,51.193222,19.606567,19.639099,19.652283,19.619843,1.68102499999998,0.83,0.470425323903781,0.506958652159492,0.545278889470471,0.649842960411331,0.636103417366953,0.0716384490389317,0.119498590538209,0.0258881814890234,0.0431835312047923,0.0761726021710708,0.127061916040699,1.04509687174803,1.74330411706583
19.633528,51.262768,0.037035,"2020-04-10 13:36:05",415.642761,0.52462,0,51.256908,51.254047,51.268627,51.271488,19.610382,19.643005,19.656616,19.624054,0.0227610000000027,0.83,0.0228197288851975,0.040143440373375,0.0523842328233885,0.0753197184830662,0.0747624584967968,0.0196935506911902,0.531755115193471,0.026677341740019,0.72032784501199,0.0331589580828506,0.895341111998125,0.982458986879931,26.5278516776004
19.635529,51.35648,0.001794,"2020-04-10 13:36:22",415.198761,0.574615,0,51.351074,51.34819,51.361889,51.364773,19.61615,19.648773,19.654877,19.622223,-0.421239000000014,0.83,0.00139626026641624,0.0017810588100797,0.00220613892668135,0.00190463496915718,0.00337217997993511,0.000290667333245819,0.162021924886187,0.00111594176574497,0.622041118029524,0.00115317540866523,0.642795657004032,1.00949676970188,562.707229488225
19.636707,51.152576,1.085493,"2020-04-10 13:35:50",417.409882,0.579655,0,51.146973,51.1441,51.158245,51.161083,19.609314,19.642029,19.663696,19.631226,1.78988199999998,0.83,0.851244839869336,1.01032335956143,1.13044074537542,1.25936603969473,0.845621197731472,0.150941416840952,0.13905333045994,0.169614977999515,0.156256169316168,0.227051870901188,0.20916935521573,1.03752227499207,0.955807430349228
19.637135,51.105259,2.581586,"2020-04-10 13:35:50",415.901459,0.668484,0,51.099823,51.097153,51.110565,51.113239,19.610413,19.643066,19.663422,19.631012,0.281458999999984,0.83,4.02356958599531,3.09097228571206,2.2466454890017,1.54822428606118,0.982890149385401,0.92881901519507,0.359786199334467,1.13044867702438,0.437889218884972,1.46308542962265,0.566738985113281,1.81008006249174,0.701150402307629
19.641502,51.294308,0.010628,"2020-04-10 13:36:22",414.909271,0.603893,0,51.28854,51.285656,51.300079,51.302963,19.62204,19.654602,19.660889,19.628326,-0.710729000000015,0.83,0.00877000129672011,0.00823182708324974,0.0176213222486398,0.0216414161366339,0.022094567008932,0.00594914019783215,0.55976102727062,0.00810808728894576,0.762898691093881,0.0100565077725136,0.946227679009559,1.02649300474849,96.5838355992179
19.643406,51.199203,0.373582,"2020-04-10 13:36:05",416.92984,0.678628,0,51.193584,51.190735,51.204823,51.207691,19.620575,19.653015,19.666168,19.633667,1.30984000000001,0.83,0.304678858452085,0.317588498874323,0.389771386346876,0.456349135882022,0.395809392612785,0.0609525063597627,0.163156967840428,0.015717140044596,0.0420714596650696,0.0629462987213574,0.168493928297823,1.07396377914095,2.87477388937624
19.643408,51.074795,0.759722,"2020-04-10 13:35:33",415.389893,0.515155,0,51.069775,51.066959,51.079819,51.082661,19.611694,19.644043,19.675171,19.642639,-0.230107000000032,0.83,0.593289355218031,0.76956410727768,0.784138903448665,0.84482086894907,0.901653324928108,0.0937969726233894,0.123462230425589,0.100360602319456,0.132101745532519,0.137368564712735,0.180814251413985,0.986486085353583,1.29848297844946
19.643597,51.058399,0.650465,"2020-04-10 13:35:34",415.642883,0.576478,0,51.053524,51.050724,51.063305,51.066151,19.612091,19.644318,19.674927,19.642395,0.0228829999999789,0.83,0.579059393202114,0.654230241491869,0.717152406997299,0.745728145101238,0.740096488936932,0.064915969771893,0.0997993278222395,0.0633790336351517,0.0974365010187353,0.090724776306977,0.139476799377333,1.01462203283782,1.55984108728036
19.643927,51.042171,0.733337,"2020-04-10 13:35:34",416.101593,0.533045,0,51.036884,51.034061,51.047466,51.05035,19.611603,19.643982,19.67627,19.643524,0.481592999999975,0.83,0.741712199314063,0.768187822838405,0.709293501319924,0.702755754525239,0.633932222741634,0.0263250833188289,0.0358976614010051,0.0702897920817289,0.0958492372288988,0.0750577436553749,0.102350956866181,0.989277836053975,1.34900848594026
19.644308,51.026009,0.534998,"2020-04-10 13:35:34",414.964172,0.517421,0,51.021271,51.018444,51.030743,51.0336,19.613312,19.645721,19.675354,19.642792,-0.655827999999985,0.83,0.503635277698018,0.517183745325662,0.621983443464021,0.624620821262103,0.566365955892372,0.058420755870431,0.109198082741302,0.0221804943234568,0.0414590228813132,0.0624896715058209,0.116803560958772,0.980066043838835,1.83190599560902
19.64522,51.010109,0.575154,"2020-04-10 13:35:34",414.421021,0.495529,0,51.005066,51.002232,51.015156,51.017994,19.613617,19.646088,19.676788,19.644379,-1.19897900000001,0.83,0.482016530811777,0.483264747265572,0.523309241708736,0.564077859892249,0.46953068532728,0.043684031098931,0.0759518861016893,0.0746869620564809,0.129855590079319,0.0865241982007264,0.150436575596669,0.97053357835537,1.68743254564059
19.647284,51.277264,0.017897,"2020-04-10 13:36:05",415.3349,0.595798,0,51.271881,51.269012,51.282665,51.285526,19.624451,19.657043,19.669952,19.63739,-0.2851,0.83,0.0179740215613284,0.0219825017889599,0.0289223122559928,0.0369526220324342,0.0390996950141506,0.00816775091997092,0.45637542157741,0.0149925694239361,0.837714109847242,0.0170730575182721,0.953961977888593,1.02184477593078,57.0958694714633
19.647413,51.135693,1.891112,"2020-04-10 13:35:50",417.440063,0.604386,0,51.130604,51.127872,51.140896,51.143604,19.621246,19.653717,19.673706,19.641266,1.820063,0.83,2.25346995896309,2.08910595264855,1.79254169277822,1.40403076829525,0.889821912052635,0.323009718594368,0.170804118737742,0.708019011122456,0.374392955637982,0.778219890787452,0.411514437424886,1.2883356066698,0.681258226202254
19.647503,51.183807,0.43991,"2020-04-10 13:35:49",417.43576,0.571597,0,51.178635,51.175579,51.189106,51.192169,19.620911,19.65329,19.674011,19.641663,1.81576000000001,0.83,0.355024652159898,0.434541072835179,0.588385790141334,0.569484969567496,0.532301082729798,0.0987618052689377,0.224504569727757,0.0653303611194075,0.148508470185737,0.118414316127619,0.269178504984245,1.0147142852414,2.30664064295288
19.647678,51.088329,1.648691,"2020-04-10 13:35:50",414.769806,0.532191,0,51.082996,51.080082,51.093655,51.096546,19.62085,19.653412,19.674194,19.641876,-0.850193999999988,0.83,1.25892496435513,1.55601595104921,1.61797183830972,1.40679355994416,0.855742476027248,0.162743543420401,0.0987107610949539,0.560699278432997,0.340087547292365,0.583839996711694,0.354123360115203,1.1458605509578,0.695012316412111
19.648262,51.309158,0.008056,"2020-04-10 13:36:22",415.43222,0.671102,0,51.303387,51.300503,51.314922,51.31781,19.628815,19.661377,19.667694,19.635071,-0.187780000000032,0.83,0.0046308984653958,0.00656540381037304,0.00623079020708531,0.0116023055962773,0.0108271506427386,0.00263722275351621,0.327361314984634,0.00195949941116992,0.24323478291583,0.00328551088782839,0.407834022818817,1.06737467132483,132.494373302487
19.655016,51.324158,0.007662,"2020-04-10 13:36:22",414.660675,0.600436,0,51.318516,51.315624,51.329803,51.332691,19.635559,19.668182,19.674408,19.641785,-0.959324999999978,0.83,0.00473531814931298,0.00442853768544099,0.00508719646032327,0.00763707338857987,0.00519680085274803,0.00160498443848204,0.209473301811804,0.00174315903399716,0.22750705220532,0.00236951017418694,0.309254786503125,1.02441642151738,133.700916407906
19.657318,51.213833,0.232471,"2020-04-10 13:36:05",414.492493,0.635152,0,51.208344,51.205475,51.219326,51.222179,19.634491,19.667023,19.680084,19.647644,-1.12750699999998,0.83,0.166155304252493,0.241786854823409,0.256709403332805,0.296175554676156,0.258682324866433,0.047272697821238,0.203348795424969,0.0185342055569383,0.0797269575858423,0.0507762221411255,0.218419597029847,1.04637292006193,4.50109011473228
19.658281,51.166679,0.712426,"2020-04-10 13:35:50",416.839264,0.625606,0,51.161469,51.158627,51.171909,51.174744,19.631836,19.664307,19.68457,19.652222,1.21926400000001,0.83,0.672901813291594,0.689287242480146,0.732700627625335,0.733342684554104,0.664918737271141,0.0267110719367336,0.0374931177929127,0.0335927076311871,0.0471525570812788,0.042917960925512,0.060241991344381,1.04025228603738,1.46015485964491
19.658335,51.071468,0.838443,"2020-04-10 13:35:51",415.563385,0.543041,0,51.066235,51.063183,51.076736,51.079773,19.631683,19.664124,19.684814,19.652496,-0.0566150000000221,0.83,0.678100106957589,0.830965633856992,0.875314699246343,1.17330295323198,0.863354789599799,0.180928503541145,0.215791059787183,0.0176152953575104,0.0210095323802696,0.181783998262142,0.216811397151795,1.00838432638809,1.20268679729939
19.661043,51.291866,0.016957,"2020-04-10 13:36:05",414.942841,0.562249,0,51.286366,51.283508,51.297382,51.300251,19.638062,19.670624,19.683838,19.651245,-0.677159000000017,0.83,0.00665674850217931,0.00956758555105401,0.0162798248353808,0.0162926617181124,0.0227803883851296,0.00472126520524997,0.278425735993983,0.00411775741660812,0.24283525485688,0.0062646844517769,0.369445329467294,1.00252839574362,59.1218019545687
19.66164,51.33897,0.003107,"2020-04-10 13:36:22",414.925171,0.597567,0,51.33321,51.330318,51.344738,51.347626,19.642151,19.674774,19.681061,19.648438,-0.694829000000027,0.83,0.00246875963254562,0.00266252960627902,0.00315608282983967,0.00303498476204085,0.00271395333377401,0.000303319407829643,0.0976245277855303,0.000277925963011163,0.0894515490863093,0.000411394584409916,0.132408942520089,1.02273480860607,329.171164662399
19.66198,51.1819,0.417388,"2020-04-10 13:36:06",415.832184,0.549056,0,51.176285,51.173431,51.187504,51.190365,19.63916,19.67157,19.684784,19.652344,0.212183999999979,0.83,0.272008744531515,0.349305279008905,0.477339728688316,0.535089623778954,0.502287885537629,0.10363616082309,0.248296934322717,0.0600332847856192,0.14383088346004,0.119768314308504,0.286947191362723,1.00235070721195,2.40148424777893
19.666147,51.259899,0.039622,"2020-04-10 13:36:05",414.890198,0.557368,0,51.254044,51.251179,51.265762,51.26862,19.643066,19.675537,19.689148,19.656677,-0.729802000000007,0.83,0.0234263136446724,0.0273735788420811,0.0350737730310038,0.0464624888597003,0.0640396309977647,0.00926038508770059,0.233718264794826,0.0172658724590303,0.435764788729248,0.0195924751816611,0.494484760528523,0.999971475847058,25.2377839545469
19.668221,51.353588,0.001355,"2020-04-10 13:36:23",415.190247,0.551689,0,51.348186,51.345295,51.35899,51.361877,19.648834,19.681427,19.687561,19.654938,-0.429753000000005,0.83,0.000845884409988987,0.00106864280659669,0.00131907362611237,0.0027749177991051,0.00293209472127606,0.000756535780451312,0.558328989262961,0.00111517437198781,0.82300691659617,0.00134757569992987,0.994520811756362,0.99662559102266,735.517041345137
19.669483,51.102436,2.077989,"2020-04-10 13:35:50",416.316071,0.672536,0,51.097149,51.094257,51.107635,51.110565,19.643127,19.675415,19.695923,19.663483,0.696071000000018,0.83,3.65026394691599,2.60610419014969,1.97473413500437,1.50484509173765,0.914774651765712,0.81923125377549,0.394242343811969,0.822516753609955,0.395823439686137,1.16089347363641,0.558661991779752,1.57761792853264,0.759204176986808
19.674135,51.291416,0.010193,"2020-04-10 13:36:23",415.207092,0.612241,0,51.285648,51.282764,51.297184,51.300068,19.654663,19.687225,19.693512,19.66095,-0.412908000000016,0.83,0.00562808185105295,0.0111310332698569,0.0167523953080337,0.0148656309585161,0.0233910248740879,0.00433041267949233,0.424841820807646,0.00933241288673628,0.915570772759372,0.0102881681684948,1.0093366200819,1.03142856683595,101.189891772388
19.67592,51.196339,0.296584,"2020-04-10 13:36:06",415.651276,0.663454,0,51.190731,51.187878,51.201931,51.204823,19.653076,19.685486,19.698822,19.666229,0.0312759999999912,0.83,0.26074262440828,0.308999873513005,0.347752863996508,0.367856139192352,0.337238277977487,0.0423553854165152,0.142810756536142,0.028746915642124,0.0969267244427345,0.0511894894750567,0.172596935354087,1.06380993318765,3.58687566823447
19.675962,51.071949,1.461904,"2020-04-10 13:35:34",416.349426,0.565186,0,51.066956,51.064106,51.077023,51.079815,19.644104,19.676636,19.707306,19.675232,0.729425999999989,0.83,1.12414304606479,1.29304388323759,1.34467911830574,1.2140893342671,0.867475833669598,0.128249303934607,0.0877275826145954,0.420324187340512,0.287518323597522,0.439454555583593,0.300604250062653,1.09610926509138,0.749781972750183
19.675995,51.055569,0.771414,"2020-04-10 13:35:34",415.371185,0.476847,0,51.05072,51.04784,51.06044,51.063293,19.644409,19.677094,19.70752,19.674988,-0.248814999999979,0.83,0.552657019946952,0.627616601541538,0.707821426671425,0.946264749228504,0.760788433342541,0.15043200434438,0.195008133563016,0.00751341023743898,0.00973978983715486,0.150619518205522,0.195251211678194,0.969004283103776,1.25614039037894
19.676455,51.039322,0.77686,"2020-04-10 13:35:34",414.811371,0.541882,0,51.034058,51.0312,51.044632,51.047459,19.644043,19.676575,19.708618,19.676331,-0.808628999999996,0.83,0.68345441201611,0.765031803306551,0.81281059330074,0.795601993866383,0.729000169716969,0.0499933372241856,0.0643530844993764,0.0338420105395685,0.043562560229087,0.0603706505196971,0.0777111069172014,0.993066320729976,1.27830795861542
19.67687,51.023155,0.709559,"2020-04-10 13:35:35",415.872223,0.540604,0,51.018444,51.015606,51.027859,51.030735,19.645752,19.678192,19.708069,19.675415,0.252223000000015,0.83,0.813722472381592,0.786339483716302,0.77562737978329,0.750448577367611,0.622095119920235,0.0393851420980284,0.0555065077013023,0.0618463027132888,0.0871616070168778,0.0733222652226842,0.103334980209798,0.99324158158697,1.39980125907355
19.679836,51.274399,0.01624,"2020-04-10 13:36:05",415.822205,0.545554,0,51.269012,51.266155,51.279789,51.282658,19.657104,19.689545,19.702545,19.670013,0.202204999999992,0.83,0.0208222947847115,0.0256946056711145,0.0255074640954063,0.0400666335967747,0.0373323034751559,0.00894029020669037,0.550510480707535,0.0149145108181273,0.918381208012766,0.0173888303782595,1.07074078683864,0.993393949215478,61.1695781536624
19.679848,51.180923,0.352541,"2020-04-10 13:35:50",416.92218,0.586495,0,51.175571,51.172741,51.186237,51.189102,19.65332,19.685699,19.706604,19.674072,1.30218000000002,0.83,0.279677063497492,0.373404204346084,0.453268284010641,0.488683429007834,0.465696711172584,0.0830509862095971,0.23557823404823,0.0800131707001205,0.22696131996029,0.115323778102668,0.327121606005167,1.02282743354921,2.9013006531133
19.680044,51.133064,1.077788,"2020-04-10 13:35:50",416.704712,0.580307,0,51.127869,51.125156,51.138111,51.140888,19.653809,19.686188,19.70636,19.673798,1.08471199999997,0.83,0.859423741835244,1.0150507858892,1.25517369831799,1.19255076643603,0.823594749587614,0.155105350163588,0.14391081563683,0.179741771098448,0.166769133724302,0.237412665894169,0.220277703865852,1.04020237847064,0.965127073664431
19.680117,51.085327,2.104773,"2020-04-10 13:35:51",415.399353,0.547818,0,51.080078,51.077042,51.090633,51.093647,19.653473,19.685822,19.706573,19.674286,-0.220646999999985,0.83,3.19779976604363,2.35696276355504,1.7486992490594,1.39361579848501,0.877351169065127,0.684723497713743,0.325319403904242,0.867918300030457,0.412357199579459,1.10549918310648,0.525234399674683,1.48698789671372,0.706483738015322
19.680931,51.306255,0.006604,"2020-04-10 13:36:23",415.262848,0.599693,0,51.300495,51.297607,51.312016,51.314915,19.661469,19.694,19.700348,19.667755,-0.357151999999985,0.83,0.00519024873515205,0.00561492862714642,0.00693343865000078,0.00799824367587508,0.0125640269923105,0.00111098534628728,0.168229156009583,0.00421437550231762,0.638154982180136,0.00435835396843808,0.659956688134173,1.02398764128202,155.055669485466
19.6849,51.242542,0.076476,"2020-04-10 13:36:06",414.734558,0.58271,0,51.237263,51.234406,51.247803,51.250668,19.662323,19.694794,19.707489,19.675049,-0.885442000000012,0.83,0.0363813691318497,0.0660053136661565,0.0800067633250095,0.102627504637838,0.096837616571203,0.0241161866395277,0.315343200998061,0.014397837153418,0.188266085483263,0.0280871531617015,0.36726755010332,1.01451457962551,13.2657903084041
19.687675,51.321259,0.008404,"2020-04-10 13:36:23",415.358612,0.601716,0,51.315617,51.312717,51.326904,51.329792,19.668243,19.700836,19.707062,19.674469,-0.261388000000011,0.83,0.00404859019394654,0.00951099606064085,0.009613932295524,0.00439656033995947,0.00845320286860615,0.00275716844026899,0.328078110455615,3.47916820452397e-05,0.00413989553132314,0.00275738794317283,0.328104229316139,1.02516815588676,121.985739634313
19.690857,51.068497,1.571412,"2020-04-10 13:35:51",416.558899,0.548865,0,51.063171,51.060303,51.073902,51.076725,19.664185,19.696594,19.717102,19.684875,0.938898999999992,0.83,1.39482457872462,1.57327184300207,1.49541841087805,1.23455137893038,0.787690116159483,0.142641340743672,0.0907727195310154,0.554175058627925,0.352660574456556,0.572238191397967,0.364155416528554,1.14787165481138,0.730471483488341
19.691105,51.116398,1.422563,"2020-04-10 13:35:50",417.846191,0.660145,0,51.111019,51.108082,51.121685,51.12466,19.664368,19.696838,19.717834,19.685242,2.22619099999997,0.83,1.57336676557426,1.52761098658206,1.44387783385405,1.0878103892202,0.814741288825143,0.19080569810195,0.13412811812338,0.429794853724153,0.30212711403583,0.470245075163939,0.330561862753311,1.16009562180923,0.815496833398048
19.693577,51.289001,0.013673,"2020-04-10 13:36:05",415.042267,0.539305,0,51.283497,51.280624,51.29451,51.297375,19.670685,19.703247,19.7164,19.683929,-0.577733000000023,0.83,0.00482046016576336,0.00759634083591648,0.0138218016725825,0.0111514250962262,0.0194744539726743,0.0039307149934883,0.28748006973512,0.00410224744481963,0.300025411015844,0.00568145707178739,0.415523811291405,0.989839462730931,72.3937294471536
19.694313,51.336067,0.003825,"2020-04-10 13:36:23",415.363556,0.580002,0,51.330311,51.327419,51.341827,51.344727,19.674835,19.707397,19.713745,19.681122,-0.256443999999988,0.83,0.00146320524925752,0.00203879773448678,0.00226582258434863,0.00419102064998404,0.00614290317183659,0.00118617173748378,0.310110258165695,0.00163900505093946,0.428498052533192,0.00202320066918987,0.528941351422189,1.01257415202293,264.725268502726
19.694466,51.179035,0.398597,"2020-04-10 13:36:06",415.825256,0.593464,0,51.173428,51.170563,51.184605,51.1875,19.671661,19.704102,19.717438,19.684845,0.20525600000002,0.83,0.356017819281006,0.364021529796561,0.409102176035508,0.456977222773496,0.443494833420259,0.0403527657013946,0.101237003041655,0.0317475624720492,0.0796482724959023,0.0513444585390509,0.1288129577971,1.02163387410494,2.5630746696662
19.698704,51.257027,0.031138,"2020-04-10 13:36:06",415.546692,0.584808,0,51.251179,51.248318,51.262894,51.265759,19.675598,19.708038,19.72168,19.689209,-0.0733079999999973,0.83,0.027919218429486,0.0243811792535863,0.0456342081681615,0.0489452684969891,0.0481447362808478,0.0109948539030127,0.353100838300877,0.0120255785500388,0.386202663948833,0.0162942122182002,0.523290263286025,1.01546339087916,32.6117088727332
19.701715,51.147114,0.697189,"2020-04-10 13:35:50",416.718109,0.560641,0,51.141384,51.138611,51.152744,51.155575,19.674652,19.707184,19.728851,19.696136,1.09810900000002,0.83,0.61259556646729,0.726565373766094,0.738927740562968,0.731145756047929,0.601557722468607,0.052034437641005,0.0746346222344372,0.0676215248359807,0.0969916691685909,0.0853244005062959,0.122383457722792,1.0052355864188,1.44184085867506
19.701923,51.099411,1.48468,"2020-04-10 13:35:51",416.0401,0.608097,0,51.09425,51.091228,51.104595,51.107624,19.675476,19.707794,19.728424,19.695984,0.420099999999991,0.83,1.88195577781348,1.62314029715445,1.35067440809786,1.1772779744779,0.704381806511105,0.268175889063979,0.180628747652005,0.55175414396361,0.371631694347341,0.613474484274833,0.413203171238808,1.19792858896734,0.806859787272231
19.706747,51.288517,0.008377,"2020-04-10 13:36:23",415.181244,0.582778,0,51.282761,51.279865,51.29427,51.29718,19.687286,19.719818,19.726135,19.693573,-0.438756000000012,0.83,0.00911312076003861,0.00766104543415298,0.0120149748682067,0.0179106893186684,0.016944190604519,0.00419451070208867,0.500717524422666,0.00605791857217306,0.723160865724371,0.00736833071034517,0.879590630338446,1.01419154481856,121.068585987652
19.708223,51.069134,1.688801,"2020-04-10 13:35:34",415.404449,0.582062,0,51.064102,51.061237,51.074169,51.077015,19.676697,19.709229,19.739777,19.707367,-0.215551000000005,0.83,2.51645932157466,1.96298478002033,1.42793650548528,1.18167473681762,0.743449713303515,0.51554122770184,0.305270560416437,0.668464305426513,0.395821831836026,0.844172544619682,0.499865019395229,1.31921319616416,0.781153727504996
19.708675,51.052689,1.10691,"2020-04-10 13:35:34",414.555939,0.523819,0,51.047832,51.044994,51.057709,51.060436,19.677155,19.709595,19.739136,19.707581,-1.06406099999998,0.83,0.927961686631006,1.00942523808827,1.13692268210702,1.23308368080123,0.789547339877802,0.117743876814789,0.106371680457118,0.224409289067808,0.202734900821031,0.253422867056813,0.228946226031758,1.01366142982176,0.915757766956446
19.708891,51.03648,0.646299,"2020-04-10 13:35:35",415.778351,0.548711,0,51.031193,51.02832,51.041748,51.044628,19.676666,19.709259,19.741302,19.708679,0.158350999999982,0.83,0.534397597011552,0.639469153740106,0.719115666199801,0.925117409792156,0.769550490880339,0.145569317512167,0.225235251040412,0.0871519649928397,0.13484774847685,0.169664053950951,0.262516349168034,1.00934119737781,1.56172483228012
19.712341,51.08242,1.823485,"2020-04-10 13:35:51",416.287628,0.557957,0,51.077038,51.074207,51.08778,51.090626,19.685883,19.718109,19.738922,19.706635,0.667627999999979,0.83,2.83420017441447,2.08726923077692,1.66739300854225,1.26099486859491,0.719402836393783,0.585251727243349,0.320952312326863,0.780703984873071,0.428138418946726,0.975714249274866,0.535082136280181,1.39722378668809,0.766238157532469
19.712387,51.271526,0.018712,"2020-04-10 13:36:06",415.542999,0.610093,0,51.266144,51.263279,51.276913,51.279785,19.689606,19.722076,19.735077,19.702606,-0.0770009999999957,0.83,0.0188717462563532,0.0147751653387432,0.0217757577576912,0.0345423691013976,0.0347773633724166,0.00757968358798251,0.405070734714756,0.0113599273828618,0.607093169242292,0.013656483933935,0.729824921651078,1.0301941410251,55.0552661941587
19.712523,51.178062,0.405262,"2020-04-10 13:35:50",415.881653,0.577715,0,51.172733,51.170055,51.183598,51.18623,19.68576,19.718414,19.739197,19.706696,0.261652999999967,0.83,0.294731111234052,0.355502219622909,0.365319837954293,0.439539852732025,0.354460449792056,0.0546700320935896,0.134900464621873,0.0359221206468261,0.0886392522536682,0.0654156797784694,0.161415774927009,1.01337743826566,2.50054887521076
19.713547,51.303356,0.008273,"2020-04-10 13:36:23",415.024139,0.673233,0,51.297604,51.294697,51.309113,51.312012,19.694092,19.726654,19.732971,19.700409,-0.595861000000014,0.83,0.00497217485786248,0.00674822248320482,0.0116390228226341,0.00742456941434483,0.00812728157208067,0.00245992656263813,0.297343957770837,0.000103038488525602,0.0124547913121724,0.00246208359396879,0.297604689226253,1.06871358845325,129.180900332799
19.717457,51.239662,0.065176,"2020-04-10 13:36:06",415.012573,0.663375,0,51.234394,51.231533,51.24493,51.247799,19.694855,19.727295,19.73999,19.70755,-0.60742700000003,0.83,0.0486690398006491,0.0509408913500265,0.0655787935821382,0.0946897513101809,0.103959556452765,0.018345336699062,0.281473804760372,0.0274241157662814,0.420770157209424,0.0329944465655109,0.506236138540428,1.06304046213169,16.310305359821
19.720331,51.318352,0.004297,"2020-04-10 13:36:23",415.762756,0.629068,0,51.312714,51.309814,51.32399,51.326893,19.700897,19.733459,19.739716,19.707123,0.14275600000002,0.83,0.00248517969784072,0.00284917726448665,0.00508094686648972,0.00384132591603246,0.00613846323783449,0.00105859679842096,0.246357179060033,0.0013021111427785,0.303027959687806,0.00167813009322134,0.390535278850672,1.04145540698803,242.368025829191
19.722555,51.208057,0.164937,"2020-04-10 13:36:06",416.233734,0.628417,0,51.202576,51.199703,51.213551,51.216419,19.699768,19.732208,19.745209,19.71286,0.613734000000022,0.83,0.107849367830229,0.155343706911976,0.200116422222133,0.210707616534862,0.216343257422597,0.040751836108566,0.24707516268979,0.0363497132189396,0.22038543940377,0.0546078180970324,0.33108288678121,1.04249217727824,6.32054770778077
19.723446,51.161182,0.417572,"2020-04-10 13:35:50",416.713928,0.572241,0,51.155956,51.153126,51.166382,51.16922,19.696747,19.729431,19.749847,19.717377,1.09392800000001,0.83,0.397439093197561,0.433714575888401,0.446815984471539,0.486731073949778,0.414999796827113,0.0336205004681601,0.0805142597400211,0.00181882230613794,0.00435570944923974,0.0336696624026862,0.0806319925729842,1.00870878267581,2.41565234899804
19.723684,51.113331,1.090782,"2020-04-10 13:35:51",416.701019,0.656163,0,51.108074,51.105045,51.118664,51.121677,19.696899,19.72934,19.750336,19.717865,1.08101899999997,0.83,0.96306756669484,0.940125393735238,0.925018521669227,0.898189391167859,0.648267047216326,0.0749892432740686,0.0687481488272346,0.312905323889781,0.286863299806726,0.321765641928075,0.294986204326873,1.10588562288077,1.01384660076969
19.72612,51.286125,0.010322,"2020-04-10 13:36:06",415.045502,0.725249,0,51.280621,51.277752,51.291626,51.294506,19.703308,19.735748,19.748932,19.716461,-0.574498000000006,0.83,0.0153598015132198,0.00708293458135795,0.0138040824808515,0.0175758086345374,0.0159007669982428,0.00415903387592051,0.402929071490071,0.00394478397511721,0.382172444789499,0.0057322668632397,0.555344590509562,1.10223362808635,106.784889370892
19.726982,51.333157,0.001752,"2020-04-10 13:36:23",414.992493,0.558137,0,51.327408,51.324505,51.338909,51.341824,19.707489,19.740082,19.746399,19.713806,-0.62750699999998,0.83,0.00116248185650728,0.00195727298509422,0.00451057611281086,0.00409281866287048,0.00332932524453142,0.00150269055695588,0.85770008958669,0.0011153373765449,0.636608091635215,0.0018713782016157,1.06813824293134,1.00021018432396,570.896223929202
19.731211,51.254154,0.037415,"2020-04-10 13:36:06",413.70462,0.668679,0,51.24831,51.245441,51.259991,51.26289,19.708099,19.74054,19.754303,19.721741,-1.91538000000003,0.83,0.0187771037262054,0.0298252464096039,0.045489736431286,0.0393945016918554,0.0450805108055127,0.0102686352913782,0.274452366467411,0.00542033467183679,0.1448706313467,0.0116114124335523,0.310341104732122,1.06591107975276,28.4888702326009
19.73436,51.096478,1.147562,"2020-04-10 13:35:51",416.054932,0.582353,0,51.091228,51.088375,51.101727,51.104584,19.707855,19.740173,19.760864,19.728485,0.434932000000003,0.83,1.21836342317603,1.21245816086645,1.14706489300972,0.933544955163668,0.673353823355656,0.115958489925639,0.101047690604637,0.335315817399324,0.292198432328122,0.354800040563711,0.309177230131105,1.07420579285024,0.93607647591175
19.734381,51.144207,0.545838,"2020-04-10 13:35:51",417.031097,0.553682,0,51.138607,51.135624,51.14975,51.15274,19.707245,19.739716,19.761292,19.728912,1.41109699999998,0.83,0.368985768831373,0.470412208339042,0.545816906019307,0.537825737333579,0.511567716851616,0.0766119371540478,0.140356547462888,0.0242327496074055,0.0443954975787788,0.0803530650817439,0.147210463693887,1.00095972555944,1.83380366621496
19.736261,51.222519,0.090081,"2020-04-10 13:36:06",416.134888,0.552858,0,51.2169,51.214039,51.228107,51.230999,19.713501,19.74585,19.759186,19.726715,0.514887999999985,0.83,0.0507197721748194,0.0888805294596009,0.122258444226414,0.119158612912061,0.133957042454316,0.0289223091037482,0.321070027017331,0.0310250471510757,0.3444127746259,0.0424152509673022,0.470856795187688,0.998173843415374,11.0808477194455
19.739361,51.285606,0.014718,"2020-04-10 13:36:23",414.807861,0.740587,0,51.279858,51.276947,51.291363,51.29427,19.719879,19.752441,19.758759,19.726227,-0.812139000000002,0.83,0.00575275259650417,0.00921749309467149,0.00900996317313294,0.020669114439287,0.0143941363064609,0.00587732460873413,0.399329026276269,0.000229006213881619,0.0155596014323699,0.00588178445732485,0.399632046291945,1.11238648857194,75.5800033001723
19.741043,51.190567,0.224211,"2020-04-10 13:36:06",415.233093,0.660918,0,51.184967,51.182087,51.196167,51.199039,19.718201,19.750641,19.763855,19.731445,-0.386907000000008,0.83,0.179630098009438,0.228862495509146,0.209211997642022,0.26367932448732,0.231755018001719,0.030594154264745,0.136452512431348,0.00533442628640889,0.0237919918577094,0.0310557302116718,0.138511180145808,1.06145045155343,4.73415867889368
19.741058,51.04985,1.433592,"2020-04-10 13:35:35",415.813599,0.454853,0,51.044994,51.042126,51.054714,51.057697,19.709595,19.742126,19.772522,19.739227,0.193599000000006,0.83,2.2456380890989,1.77540239759363,1.33205156981826,1.00582073840999,0.681386026244278,0.472107156733301,0.329317655743964,0.531889944891701,0.371019052067604,0.711190608005828,0.49608996702397,1.18388484766243,0.825817141601259
19.745131,51.127113,0.709849,"2020-04-10 13:35:51",415.764954,0.619297,0,51.122173,51.11916,51.13213,51.135132,19.718872,19.751312,19.771301,19.738922,0.144953999999984,0.83,0.555020723113579,0.651501155786543,0.70671822835539,0.721590334930865,0.54067731476296,0.0691999158892296,0.0974854030775976,0.119622445815867,0.168518157827745,0.138196084973658,0.194683777780427,1.04476166282605,1.47180831814378
19.749996,51.236778,0.058051,"2020-04-10 13:36:06",416.736359,0.579277,0,51.231525,51.228638,51.24202,51.244923,19.727356,19.759857,19.772644,19.740051,1.11635899999999,0.83,0.0258497437457522,0.034560590318317,0.0529833460462547,0.0774526275861576,0.0759351416951071,0.0203022953038406,0.349732051193617,0.0126459978683113,0.217842894494691,0.0239187051633169,0.412029166824291,1.01243960174703,17.4405195732551
19.752962,51.315437,0.002493,"2020-04-10 13:36:23",415.500702,0.696883,0,51.309811,51.306896,51.321064,51.323978,19.733521,19.766083,19.772339,19.739777,-0.119298000000015,0.83,0.00143177793662953,0.00189613961531364,0.00551388450842748,0.00442287482477767,0.00808976062603373,0.001743864274045,0.699504321718813,0.00395750739134632,1.58744781040767,0.00432468812272645,1.73473250009083,1.08377332437017,434.726564127623
19.755102,51.205166,0.121946,"2020-04-10 13:36:06",414.741272,0.525067,0,51.199696,51.196808,51.210644,51.213547,19.732269,19.764709,19.777832,19.7453,-0.878728000000024,0.83,0.0820683150509098,0.126526891946949,0.150547347270971,0.193082035277666,0.170351421379238,0.040801559383339,0.334587107271571,0.0342278017034515,0.280679987071749,0.0532570151018899,0.43672621571753,0.983581040965391,8.06570974829344
19.755936,51.158279,0.368902,"2020-04-10 13:35:51",415.911163,0.52757,0,51.153122,51.150135,51.163376,51.166382,19.729492,19.761902,19.782257,19.749908,0.291162999999983,0.83,0.322730094173791,0.38628933938509,0.404384824058572,0.426141711834077,0.387172834398866,0.0392172381900466,0.106308011856934,0.0129194309013746,0.035021308915036,0.0412904766994793,0.111928036984021,0.984344964108655,2.66831018565542
19.758722,51.283234,0.006864,"2020-04-10 13:36:06",414.697144,0.78102,0,51.277744,51.274853,51.288727,51.291622,19.735809,19.768402,19.781555,19.748993,-0.922856000000024,0.83,0.00450547864499151,0.010768406951622,0.0142556858006249,0.0132998004057057,0.012386440988137,0.00417119438365186,0.60769148945977,0.00390495547141421,0.568903769145427,0.00571380257096241,0.83243044448753,1.13970385975473,166.040772108789
19.763836,51.251255,0.033391,"2020-04-10 13:36:06",415.392853,0.615737,0,51.245434,51.242527,51.257095,51.259991,19.740601,19.773224,19.786865,19.754364,-0.227147000000002,0.83,0.0143619544688206,0.0192424445900105,0.032156996702597,0.0436787543092005,0.0398018742610068,0.011760684714322,0.352211216025936,0.00453317266329221,0.135760314554587,0.0126041008939514,0.377470003712121,1.0335332198475,30.9524488588992
19.766693,51.141155,0.431115,"2020-04-10 13:35:51",416.112457,0.657168,0,51.13562,51.132618,51.146774,51.149746,19.739777,19.772156,19.79364,19.761353,0.492457000000002,0.83,0.326285338063118,0.391376101307222,0.413742527465207,0.511122704699858,0.404193991610712,0.0669493458552252,0.155293473563261,0.0190360275884455,0.0441553357884683,0.0696030549386348,0.161448928797733,1.06094974691584,2.46094370856
19.768921,51.219608,0.080029,"2020-04-10 13:36:06",414.997192,0.54578,0,51.214035,51.211132,51.225201,51.228104,19.745911,19.778442,19.791809,19.759247,-0.62280800000002,0.83,0.0395788842718251,0.0717309850194975,0.0914072028204031,0.104614081138819,0.112959755611347,0.0245268636793543,0.306474698913573,0.0232855606023804,0.290964033067768,0.0338198813497735,0.42259532606647,0.993941443332812,12.4197658765299
19.771978,51.282684,0.009014,"2020-04-10 13:36:24",415.089142,0.751502,0,51.276943,51.274014,51.288433,51.291355,19.752502,19.785065,19.791382,19.75882,-0.530858000000023,0.83,0.0100684498737191,0.00522556003224083,0.0164519410282524,0.0140854526648157,0.0141013005745682,0.00439872247624097,0.487987849594072,0.00359726473421139,0.399075297782493,0.00568234748946142,0.630391334530887,1.11968189459194,124.215874705118
19.773569,51.063354,1.113302,"2020-04-10 13:35:35",417.011261,0.575951,0,51.058529,51.055515,51.068375,51.071217,19.740753,19.774231,19.805145,19.772827,1.39126099999999,0.83,1.29454822967247,1.20325818067472,1.03644339584233,0.865618141700762,0.613292335762591,0.164033393456422,0.147339530025476,0.353560224241081,0.317578001513588,0.389758625734226,0.350092450866186,1.08283486309558,0.972633537975845
19.777645,51.17247,0.214335,"2020-04-10 13:35:51",415.54895,0.652616,0,51.167206,51.1642,51.1777,51.180714,19.751007,19.783417,19.804108,19.77179,-0.0710500000000138,0.83,0.165908252608046,0.232133000450878,0.259640327885239,0.293771163054731,0.258376722053641,0.0480966571137229,0.224399454656136,0.0311422003192627,0.145296849881086,0.0572985607693606,0.267331797276976,1.05739811259631,4.93338984578492
19.778795,51.29752,0.003353,"2020-04-10 13:36:24",415.805328,0.776042,0,51.291779,51.288853,51.303265,51.306187,19.759308,19.79187,19.798218,19.765656,0.18532799999997,0.83,0.00235485332429209,0.00285803048700061,0.00486382135104612,0.00768445526451646,0.0100694663005084,0.00215071721668639,0.641430723735875,0.00474925886670041,1.41642077742333,0.00521354431544259,1.55488944689609,1.13629589755852,338.889322266186
19.782562,51.233875,0.045967,"2020-04-10 13:36:07",415.116608,0.644253,0,51.228634,51.225727,51.239105,51.242016,19.759918,19.79245,19.805267,19.772705,-0.503392000000019,0.83,0.0300977963078663,0.0312631046970531,0.0498293135798863,0.0669923131640078,0.0662645919451063,0.0151538155574151,0.329667273422566,0.0143525649061421,0.312236276157724,0.0208718529444124,0.454061673470369,1.05090321260063,22.8621231013691
19.788317,51.155212,0.300675,"2020-04-10 13:35:51",415.593872,0.626019,0,51.150127,51.14716,51.160385,51.163372,19.761963,19.794189,19.814789,19.782318,-0.0261280000000284,0.83,0.279105683344798,0.304123848388695,0.335889897558917,0.325402357699108,0.29495353532304,0.0222421268745395,0.0739739814568538,0.00404568647139775,0.0134553470404848,0.0226070738249771,0.0751877403341717,1.03986098501094,3.45842183424276
19.791428,51.280319,0.014693,"2020-04-10 13:36:06",416.401428,0.59335,0,51.274841,51.271938,51.285812,51.288715,19.768463,19.801025,19.814178,19.781647,0.781428000000005,0.83,0.00611335848986072,0.00722553127697975,0.00833057881583643,0.0175329305968381,0.0147820794343124,0.00503301826533333,0.342545311735747,6.29886720665603e-05,0.00428698509947324,0.00503341240432251,0.342572136685667,1.02028895796261,69.4404790010625
19.81016,51.169392,0.196769,"2020-04-10 13:35:51",415.976349,0.712281,0,51.164196,51.161209,51.174694,51.177689,19.783478,19.815918,19.836792,19.804169,0.356349000000023,0.83,0.130859776977915,0.168871133025603,0.229393426602856,0.228009746205589,0.227913827159697,0.0417832215571161,0.212346566568494,0.0220227184835047,0.111921687275459,0.0472317449719439,0.240036514755596,1.0947488573614,5.56362464291327
