latitude,longitude,no2,lat1,lat2,lat3,lat4,lon1,lon2,lon3,lon4
50.602356,20.287313,4.3224954e-05,50.574352,50.581833,50.630344,50.62286,20.271036,20.323305,20.303627,20.251308
50.60982,20.339674,4.374411e-05,50.581833,50.58928,50.637794,50.630344,20.323305,20.375708,20.356085,20.303627
50.617252,20.392174,3.836101e-05,50.58928,50.59669,50.645214,50.637794,20.375708,20.428251,20.40868,20.356085
50.624653,20.444815,5.0352835e-05,50.59669,50.604073,50.6526,50.645214,20.428251,20.480936,20.461418,20.40868
50.605343,19.955835,6.942131e-05,50.57726,50.58494,50.63343,50.62574,19.940094,19.991655,19.97165,19.920038
50.61301,20.007483,5.680185e-05,50.58494,50.592594,50.641083,50.63343,19.991655,20.043335,20.023382,19.97165
50.620647,20.05925,7.637809e-05,50.592594,50.60021,50.648705,50.641083,20.043335,20.095139,20.075237,20.023382
50.62825,20.11114,6.221203e-05,50.60021,50.60779,50.656292,50.648705,20.095139,20.147066,20.127218,20.075237
50.63582,20.163158,5.555048e-05,50.60779,50.61534,50.66385,50.656292,20.147066,20.199121,20.179325,20.127218
50.643353,20.215305,6.607332e-05,50.61534,50.62286,50.67137,50.66385,20.199121,20.251308,20.231565,20.179325
50.650856,20.267584,9.066376e-05,50.62286,50.630344,50.67886,50.67137,20.251308,20.303629,20.283937,20.231565
50.658325,20.319998,7.3169635e-05,50.630344,50.637794,50.686314,50.67886,20.303629,20.356085,20.336447,20.283937
50.665764,20.372551,6.872331e-05,50.637794,50.645214,50.693737,50.686314,20.356085,20.408682,20.389097,20.336447
50.67317,20.425243,3.3304223e-05,50.645214,50.6526,50.70113,50.693737,20.408682,20.46142,20.441889,20.389097
50.680542,20.47808,5.5082837e-05,50.6526,50.65995,50.70849,50.70113,20.46142,20.514303,20.494825,20.441889
50.607082,19.628021,6.801171e-05,50.5789,50.586792,50.635254,50.627357,19.612728,19.66368,19.643341,19.59234
50.61496,19.679049,5.2547464e-05,50.586792,50.59465,50.643116,50.635254,19.66368,19.714731,19.694445,19.643341
50.622803,19.73018,5.7831563e-05,50.59465,50.602474,50.650948,50.643116,19.714731,19.765892,19.745657,19.694445
50.63061,19.78142,4.608896e-05,50.602474,50.610264,50.65874,50.650948,19.765892,19.817162,19.796978,19.745657
50.638386,19.832771,7.286642e-05,50.610264,50.61802,50.6665,50.65874,19.817162,19.868542,19.84841,19.796978
50.646126,19.884235,6.364306e-05,50.61802,50.62574,50.67423,50.6665,19.868542,19.920038,19.899958,19.84841
50.653835,19.935814,5.8719106e-05,50.62574,50.633427,50.681923,50.67423,19.920038,19.971651,19.951622,19.899958
50.66151,19.987513,8.8713976e-05,50.633427,50.641083,50.689583,50.681923,19.971651,20.023382,20.003407,19.951622
50.66915,20.039331,6.693707e-05,50.641083,50.648705,50.69721,50.689583,20.023382,20.075237,20.055313,20.003407
50.676758,20.091274,5.2860876e-05,50.648705,50.656292,50.704803,50.69721,20.075237,20.127218,20.107346,20.055313
50.68433,20.143345,7.453847e-05,50.656292,50.66385,50.71236,50.704803,20.127218,20.179325,20.159506,20.107346
50.69187,20.195545,5.6651013e-05,50.66385,50.67137,50.71989,50.71236,20.179325,20.231565,20.211798,20.159506
50.69938,20.247877,5.9120033e-05,50.67137,50.67886,50.727383,50.71989,20.231565,20.283937,20.264225,20.211798
50.706856,20.300344,8.493449e-05,50.67886,50.686314,50.734844,50.727383,20.283937,20.336447,20.316788,20.264225
50.7143,20.35295,7.603692e-05,50.686314,50.693737,50.74227,50.734844,20.336447,20.389097,20.36949,20.316788
50.721706,20.405697,5.82126e-05,50.693737,50.70113,50.74967,50.74227,20.389097,20.441889,20.422335,20.36949
50.729084,20.458588,2.7967937e-05,50.70113,50.70849,50.75703,50.74967,20.441889,20.494825,20.475325,20.422335
50.607506,19.303223,0.00017383051,50.579235,50.587345,50.635773,50.62766,19.28838,19.338808,19.318115,19.267635
50.6156,19.353722,0.00019963612,50.587345,50.595417,50.64385,50.635773,19.338808,19.389328,19.368685,19.318115
50.623657,19.40431,0.00019313411,50.595417,50.603455,50.65189,50.64385,19.389328,19.439938,19.419346,19.368685
50.63168,19.454992,0.00014319451,50.603455,50.611454,50.6599,50.65189,19.439938,19.49064,19.4701,19.419346
50.639668,19.50577,0.000106501735,50.611454,50.619423,50.667873,50.6599,19.49064,19.541441,19.52095,19.4701
50.647617,19.556644,7.799807e-05,50.619423,50.627354,50.675808,50.667873,19.541441,19.59234,19.571901,19.52095
50.655537,19.607618,6.4167754e-05,50.627354,50.635254,50.683712,50.675808,19.59234,19.643341,19.622952,19.571901
50.663418,19.658697,5.9802136e-05,50.635254,50.643116,50.69158,50.683712,19.643341,19.694447,19.674109,19.622952
50.67127,19.70988,7.061978e-05,50.643116,50.650944,50.699413,50.69158,19.694447,19.745657,19.72537,19.674109
50.67908,19.761171,5.7024572e-05,50.650944,50.658737,50.707214,50.699413,19.745657,19.796978,19.776743,19.72537
50.686863,19.812572,4.9636077e-05,50.658737,50.6665,50.71498,50.707214,19.796978,19.848412,19.828228,19.776743
50.69461,19.864088,6.250608e-05,50.6665,50.67423,50.722713,50.71498,19.848412,19.899958,19.879826,19.828228
50.70232,19.91572,7.9980055e-05,50.67423,50.68192,50.73041,50.722713,19.899958,19.951622,19.931543,19.879826
50.710003,19.96747,6.6337656e-05,50.68192,50.68958,50.73808,50.73041,19.951622,20.003407,19.98338,19.931543
50.717648,20.019342,6.201419e-05,50.68958,50.69721,50.74571,50.73808,20.003407,20.055313,20.03534,19.98338
50.725258,20.071337,5.379931e-05,50.69721,50.7048,50.753307,50.74571,20.055313,20.107346,20.087423,20.03534
50.732838,20.12346,7.614948e-05,50.7048,50.71236,50.76087,50.753307,20.107346,20.159508,20.139637,20.087423
50.740383,20.175713,7.044936e-05,50.71236,50.719887,50.768406,50.76087,20.159508,20.2118,20.191982,20.139637
50.7479,20.228098,4.5504108e-05,50.719887,50.727383,50.775906,50.768406,20.2118,20.264225,20.244461,20.191982
50.75538,20.280619,6.034962e-05,50.727383,50.734844,50.78337,50.775906,20.264225,20.316788,20.297077,20.244461
50.762825,20.333277,6.0986487e-05,50.734844,50.74227,50.790806,50.78337,20.316788,20.36949,20.349834,20.297077
50.77024,20.386078,5.1327417e-05,50.74227,50.74967,50.798206,50.790806,20.36949,20.422335,20.402733,20.349834
50.777622,20.439022,5.9459762e-05,50.74967,50.75703,50.805573,50.798206,20.422335,20.475327,20.455776,20.402733
50.606586,18.980988,0.00015292142,50.578217,50.586548,50.63495,50.62661,18.966488,19.016485,18.99552,18.945473
50.614902,19.031046,0.00015606979,50.586548,50.59484,50.64325,50.63495,19.016485,19.066557,19.04564,18.99552
50.62318,19.08118,0.00016888058,50.59484,50.6031,50.651512,50.64325,19.066557,19.116705,19.09584,19.04564
50.631424,19.131393,0.00018090193,50.6031,50.61132,50.65974,50.651512,19.116705,19.166933,19.146118,19.09584
50.63963,19.181686,0.00019122608,50.61132,50.619507,50.66793,50.65974,19.166933,19.217241,19.196478,19.146118
50.6478,19.232063,0.0001483173,50.619507,50.62766,50.676086,50.66793,19.217241,19.267635,19.246922,19.196478
50.655933,19.282524,0.0001570618,50.62766,50.63577,50.684204,50.676086,19.267635,19.318115,19.297451,19.246922
50.664032,19.333075,0.00015946632,50.63577,50.64385,50.692287,50.684204,19.318115,19.368685,19.348072,19.297451
50.672096,19.383715,0.00014583822,50.64385,50.65189,50.700336,50.692287,19.368685,19.419346,19.398783,19.348072
50.680122,19.434446,0.00013123409,50.65189,50.6599,50.70835,50.700336,19.419346,19.4701,19.449589,19.398783
50.688118,19.485273,9.5014955e-05,50.6599,50.66787,50.716328,50.70835,19.4701,19.52095,19.50049,19.449589
50.696075,19.5362,0.000100199664,50.66787,50.675808,50.72427,50.716328,19.52095,19.571901,19.55149,19.50049
50.704,19.587227,9.276891e-05,50.675808,50.683712,50.732178,50.72427,19.571901,19.622952,19.602594,19.55149
50.711887,19.638355,8.274751e-05,50.683712,50.69158,50.740055,50.732178,19.622952,19.674109,19.653803,19.602594
50.71974,19.68959,6.777292e-05,50.69158,50.699413,50.747894,50.740055,19.674109,19.72537,19.705116,19.653803
50.727562,19.740932,7.159682e-05,50.699413,50.707214,50.7557,50.747894,19.72537,19.776743,19.75654,19.705116
50.735348,19.792387,6.9157846e-05,50.707214,50.71498,50.76347,50.7557,19.776743,19.828228,19.808077,19.75654
50.7431,19.843954,7.167691e-05,50.71498,50.722713,50.77121,50.76347,19.828228,19.879826,19.859728,19.808077
50.750816,19.895638,6.671347e-05,50.722713,50.73041,50.77891,50.77121,19.879826,19.931543,19.911497,19.859728
50.7585,19.94744,7.263168e-05,50.73041,50.73808,50.786583,50.77891,19.931543,19.98338,19.963385,19.911497
50.76615,19.999365,5.783095e-05,50.73808,50.74571,50.79422,50.786583,19.98338,20.03534,20.015398,19.963385
50.77377,20.051413,6.4269996e-05,50.74571,50.753307,50.801823,50.79422,20.03534,20.087423,20.067535,20.015398
50.781353,20.103588,6.726568e-05,50.753307,50.76087,50.809395,50.801823,20.087423,20.139637,20.119802,20.067535
50.788906,20.155893,5.3183663e-05,50.76087,50.768406,50.81693,50.809395,20.139637,20.191982,20.172201,20.119802
50.796425,20.208332,5.4665074e-05,50.768406,50.775906,50.824436,50.81693,20.191982,20.244461,20.224733,20.172201
50.80391,20.260906,6.855139e-05,50.775906,50.78337,50.831905,50.824436,20.244461,20.297077,20.277403,20.224733
50.81136,20.313618,6.6906396e-05,50.78337,50.790806,50.839344,50.831905,20.297077,20.349834,20.330212,20.277403
50.81878,20.366472,4.1630796e-05,50.790806,50.798206,50.846752,50.839344,20.349834,20.402733,20.383165,20.330212
50.826168,20.41947,4.6447487e-05,50.798206,50.805573,50.854122,50.846752,20.402733,20.455776,20.436264,20.383165
50.833523,20.472616,6.465323e-05,50.805573,50.81291,50.861465,50.854122,20.455776,20.50897,20.489511,20.436264
50.60424,18.660769,3.7408343e-05,50.57579,50.584354,50.632683,50.62411,18.646626,18.696274,18.674938,18.62524
50.61279,18.710472,6.614306e-05,50.584354,50.59288,50.641212,50.632683,18.696274,18.745985,18.724697,18.674938
50.6213,18.760237,9.085294e-05,50.59288,50.60137,50.649708,50.641212,18.745985,18.795757,18.774519,18.724697
50.629772,18.810066,8.627006e-05,50.60137,50.60982,50.658165,50.649708,18.795757,18.845594,18.824406,18.774519
50.638206,18.859962,0.0001107444,50.60982,50.618233,50.666584,50.658165,18.845594,18.895498,18.874361,18.824406
50.646603,18.909925,0.0001560297,50.618233,50.62661,50.674965,50.666584,18.895498,18.945475,18.924385,18.874361
50.65496,18.95996,0.0001565345,50.62661,50.634945,50.683308,50.674965,18.945475,18.995522,18.974482,18.924385
50.663284,19.01007,0.00012620658,50.634945,50.643246,50.691612,50.683308,18.995522,19.045643,19.024652,18.974482
50.67157,19.060255,0.00015747434,50.643246,50.651512,50.699883,50.691612,19.045643,19.09584,19.074902,19.024652
50.679817,19.110518,0.00021599399,50.651512,50.659737,50.708115,50.699883,19.09584,19.146118,19.125229,19.074902
50.68803,19.160862,0.0002065481,50.659737,50.66793,50.716312,50.708115,19.146118,19.196478,19.17564,19.125229
50.696205,19.211288,0.00016482527,50.66793,50.676083,50.724472,50.716312,19.196478,19.246922,19.226133,19.17564
50.704346,19.2618,0.000120161254,50.676083,50.684204,50.732597,50.724472,19.246922,19.297453,19.276714,19.226133
50.71245,19.3124,0.00011431905,50.684204,50.692287,50.74069,50.732597,19.297453,19.348072,19.327385,19.276714
50.720516,19.36309,0.00013897168,50.692287,50.700336,50.74874,50.74069,19.348072,19.398783,19.378147,19.327385
50.72855,19.413874,0.00013699674,50.700336,50.708347,50.75676,50.74874,19.398783,19.449589,19.429003,19.378147
50.73655,19.464752,0.00012178585,50.708347,50.716328,50.764744,50.75676,19.449589,19.50049,19.479956,19.429003
50.744514,19.51573,8.9532296e-05,50.716328,50.72427,50.77269,50.764744,19.50049,19.551493,19.531008,19.479956
50.75244,19.566807,7.966639e-05,50.72427,50.732178,50.780605,50.77269,19.551493,19.602596,19.582163,19.531008
50.760334,19.617987,7.525516e-05,50.732178,50.74005,50.788486,50.780605,19.602596,19.653803,19.633423,19.582163
50.768196,19.669273,7.736392e-05,50.74005,50.74789,50.79633,50.788486,19.653803,19.705116,19.684788,19.633423
50.77602,19.720669,7.072942e-05,50.74789,50.755695,50.804142,50.79633,19.705116,19.75654,19.736263,19.684788
50.78381,19.772175,6.5367145e-05,50.755695,50.76347,50.811916,50.804142,19.75654,19.808077,19.787851,19.736263
50.79157,19.823793,7.4052026e-05,50.76347,50.771206,50.81966,50.811916,19.808077,19.859728,19.839556,19.787851
50.79929,19.87553,6.198199e-05,50.771206,50.77891,50.82737,50.81966,19.859728,19.911497,19.891376,19.839556
50.80698,19.927383,6.551746e-05,50.77891,50.78658,50.835045,50.82737,19.911497,19.963387,19.943317,19.891376
50.814636,19.97936,5.543497e-05,50.78658,50.794216,50.842686,50.835045,19.963387,20.015398,19.995382,19.943317
50.82226,20.031462,5.9284663e-05,50.794216,50.80182,50.850296,50.842686,20.015398,20.067537,20.047573,19.995382
50.82985,20.08369,5.9398095e-05,50.80182,50.80939,50.857872,50.850296,20.067537,20.119802,20.099894,20.047573
50.837406,20.13605,4.991316e-05,50.80939,50.81693,50.865414,50.857872,20.119802,20.172201,20.152344,20.099894
50.84493,20.18854,5.7992595e-05,50.81693,50.824432,50.87292,50.865414,20.172201,20.224733,20.20493,20.152344
50.85242,20.241167,6.608035e-05,50.824432,50.831905,50.880398,50.87292,20.224733,20.277403,20.257654,20.20493
50.85988,20.293934,9.556281e-05,50.831905,50.839344,50.887844,50.880398,20.277403,20.330214,20.310516,20.257654
50.867302,20.346842,8.949474e-05,50.839344,50.84675,50.895252,50.887844,20.330214,20.383165,20.363523,20.310516
50.874695,20.399895,6.2234285e-05,50.84675,50.854122,50.90263,50.895252,20.383165,20.436264,20.416676,20.363523
50.882053,20.453094,8.1504964e-05,50.854122,50.86146,50.909977,50.90263,20.436264,20.489511,20.469978,20.416676
50.600407,18.342022,6.225907e-05,50.571854,50.58066,50.62896,50.620144,18.328196,18.377579,18.35586,18.306427
50.6092,18.39145,6.4161795e-05,50.58066,50.58943,50.637733,50.62896,18.377579,18.427008,18.405336,18.35586
50.617954,18.44093,5.5433233e-05,50.58943,50.59816,50.64647,50.637733,18.427008,18.476486,18.454865,18.405336
50.626663,18.49046,5.5860568e-05,50.59816,50.60685,50.655163,50.64647,18.476486,18.526016,18.504444,18.454865
50.635338,18.54004,4.396837e-05,50.60685,50.615498,50.66382,50.655163,18.526016,18.575602,18.554077,18.504444
50.64397,18.589676,7.80279e-05,50.615498,50.62411,50.672436,50.66382,18.575602,18.62524,18.603765,18.554077
50.652565,18.63937,5.981294e-05,50.62411,50.632683,50.681015,50.672436,18.62524,18.674938,18.653513,18.603765
50.661118,18.689121,5.2168394e-05,50.632683,50.641212,50.689552,50.681015,18.674938,18.724697,18.703321,18.653513
50.669636,18.738937,7.6887496e-05,50.641212,50.649708,50.69805,50.689552,18.724697,18.774519,18.753191,18.703321
50.678112,18.788815,0.00011160108,50.649708,50.658165,50.706516,50.69805,18.774519,18.824406,18.803127,18.753191
50.686554,18.83876,0.00010388978,50.658165,50.666584,50.71494,50.706516,18.824406,18.874361,18.853132,18.803127
50.694958,18.888775,0.00010492425,50.666584,50.674965,50.723328,50.71494,18.874361,18.924385,18.903206,18.853132
50.70332,18.93886,0.0001376787,50.674965,50.683308,50.731674,50.723328,18.924385,18.974482,18.953352,18.903206
50.71165,18.989017,0.00011927797,50.683308,50.691612,50.739986,50.731674,18.974482,19.024652,19.003574,18.953352
50.71994,19.039253,0.00016797775,50.691612,50.699883,50.748264,50.739986,19.024652,19.074902,19.053873,19.003574
50.728195,19.089565,0.0001953204,50.699883,50.708115,50.7565,50.748264,19.074902,19.125229,19.10425,19.053873
50.736412,19.13996,0.00018618921,50.708115,50.716312,50.764706,50.7565,19.125229,19.17564,19.15471,19.10425
50.744595,19.190435,0.00014622064,50.716312,50.724472,50.77287,50.764706,19.17564,19.226133,19.205256,19.15471
50.75274,19.241,0.00010025342,50.724472,50.732597,50.781002,50.77287,19.226133,19.276714,19.255886,19.205256
50.76085,19.291649,9.859813e-05,50.732597,50.74069,50.789097,50.781002,19.276714,19.327385,19.306608,19.255886
50.768925,19.34239,0.000125639,50.74069,50.74874,50.797153,50.789097,19.327385,19.378147,19.35742,19.306608
50.776962,19.393225,0.00010889076,50.74874,50.75676,50.80518,50.797153,19.378147,19.429003,19.408327,19.35742
50.784966,19.444155,8.3515166e-05,50.75676,50.764744,50.813168,50.80518,19.429003,19.479956,19.459332,19.408327
50.792934,19.495182,8.74903e-05,50.764744,50.77269,50.82112,50.813168,19.479956,19.531008,19.510435,19.459332
50.80087,19.54631,7.35757e-05,50.77269,50.780605,50.82904,50.82112,19.531008,19.582163,19.561642,19.510435
50.80877,19.597544,7.5134034e-05,50.780605,50.788486,50.836926,50.82904,19.582163,19.633423,19.612951,19.561642
50.81663,19.648882,7.93387e-05,50.788486,50.79633,50.844776,50.836926,19.633423,19.684788,19.66437,19.612951
50.824463,19.700327,6.925513e-05,50.79633,50.804142,50.852592,50.844776,19.684788,19.736263,19.715897,19.66437
50.83226,19.751884,5.8428897e-05,50.804142,50.811916,50.860374,50.852592,19.736263,19.787851,19.767538,19.715897
50.840023,19.803556,5.7906807e-05,50.811916,50.81966,50.868122,50.860374,19.787851,19.839556,19.819292,19.767538
50.84775,19.855345,4.7261157e-05,50.81966,50.82737,50.87584,50.868122,19.839556,19.891376,19.871166,19.819292
50.855446,19.907251,6.233174e-05,50.82737,50.835045,50.88352,50.87584,19.891376,19.943317,19.92316,19.871166
50.863106,19.959282,6.152662e-05,50.835045,50.842686,50.891167,50.88352,19.943317,19.995382,19.975277,19.92316
50.870735,20.011435,6.3273736e-05,50.842686,50.850296,50.89878,50.891167,19.995382,20.047573,20.027521,19.975277
50.87833,20.063717,6.859647e-05,50.850296,50.857872,50.90636,50.89878,20.047573,20.099894,20.079895,20.027521
50.88589,20.116127,4.2506603e-05,50.857872,50.865414,50.91391,50.90636,20.099894,20.152344,20.132399,20.079895
50.893417,20.168673,5.379638e-05,50.865414,50.87292,50.92142,50.91391,20.152344,20.20493,20.185038,20.132399
50.900913,20.221354,6.214801e-05,50.87292,50.880398,50.928905,50.92142,20.20493,20.257654,20.237814,20.185038
50.90838,20.274174,0.00010708136,50.880398,50.887844,50.93635,50.928905,20.257654,20.310516,20.290731,20.237814
50.915806,20.327135,7.822295e-05,50.887844,50.895252,50.943768,50.93635,20.310516,20.363523,20.343792,20.290731
50.923203,20.380241,6.115595e-05,50.895252,50.90263,50.951153,50.943768,20.363523,20.416676,20.397,20.343792
50.93057,20.433496,8.777669e-05,50.90263,50.909977,50.958504,50.951153,20.416676,20.469978,20.450356,20.397
50.604088,18.073502,5.674049e-05,50.57544,50.58446,50.632744,50.623714,18.059898,18.109129,18.087154,18.037876
50.613094,18.122772,5.1022264e-05,50.58446,50.593445,50.64173,50.632744,18.109129,18.158394,18.136467,18.087154
50.62206,18.172081,7.1759954e-05,50.593445,50.602386,50.65068,50.64173,18.158394,18.207697,18.18582,18.136467
50.63098,18.22143,6.0656588e-05,50.602386,50.611282,50.659584,50.65068,18.207697,18.257042,18.235212,18.18582
50.639862,18.270819,6.0468887e-05,50.611282,50.62014,50.668446,50.659584,18.257042,18.306429,18.284647,18.235212
50.648705,18.320251,4.844693e-05,50.62014,50.628956,50.67727,50.668446,18.306429,18.35586,18.334127,18.284647
50.6575,18.36973,2.7740018e-05,50.628956,50.637733,50.68605,50.67727,18.35586,18.405338,18.383656,18.334127
50.66626,18.419256,3.3039956e-05,50.637733,50.64647,50.694794,50.68605,18.405338,18.454866,18.433231,18.383656
50.67498,18.468834,7.122973e-05,50.64647,50.655163,50.703495,50.694794,18.454866,18.504444,18.482859,18.433231
50.68366,18.518465,2.4384246e-05,50.655163,50.66382,50.712154,50.703495,18.504444,18.554077,18.532541,18.482859
50.692295,18.56815,4.5920762e-05,50.66382,50.672436,50.72078,50.712154,18.554077,18.603765,18.58228,18.532541
50.700897,18.617891,6.0192728e-05,50.672436,50.68101,50.729362,50.72078,18.603765,18.653513,18.632076,18.58228
50.709457,18.667694,7.498417e-05,50.68101,50.689552,50.737907,50.729362,18.653513,18.703321,18.681932,18.632076
50.71798,18.717558,7.208024e-05,50.689552,50.69805,50.74641,50.737907,18.703321,18.753193,18.731853,18.681932
50.726463,18.767487,8.3855426e-05,50.69805,50.706512,50.75488,50.74641,18.753193,18.80313,18.78184,18.731853
50.73491,18.81748,0.00010564007,50.706512,50.71494,50.76331,50.75488,18.80313,18.853132,18.831894,18.78184
50.743317,18.867544,0.00010594923,50.71494,50.723324,50.7717,50.76331,18.853132,18.903208,18.882017,18.831894
50.75169,18.917679,0.00011761099,50.723324,50.731674,50.780056,50.7717,18.903208,18.953354,18.932213,18.882017
50.76002,18.967888,0.00015405651,50.731674,50.739986,50.788376,50.780056,18.953354,19.003574,18.982485,18.932213
50.76832,19.018171,0.00014355646,50.739986,50.74826,50.796658,50.788376,19.003574,19.053873,19.032833,18.982485
50.77658,19.068535,0.00014650605,50.74826,50.7565,50.8049,50.796658,19.053873,19.104252,19.083261,19.032833
50.7848,19.118979,0.00016472576,50.7565,50.7647,50.81311,50.8049,19.104252,19.15471,19.133772,19.083261
50.79299,19.169506,0.00012837948,50.7647,50.77287,50.82128,50.81311,19.15471,19.205256,19.184368,19.133772
50.80114,19.22012,9.687281e-05,50.77287,50.781,50.82942,50.82128,19.205256,19.255888,19.23505,19.184368
50.809258,19.27082,9.649478e-05,50.781,50.789093,50.837517,50.82942,19.255888,19.306608,19.285822,19.23505
50.817337,19.321613,8.714082e-05,50.789093,50.797153,50.845585,50.837517,19.306608,19.357422,19.336685,19.285822
50.825382,19.372498,8.6913045e-05,50.797153,50.805176,50.85361,50.845585,19.357422,19.408329,19.387644,19.336685
50.83339,19.42348,9.432903e-05,50.805176,50.813168,50.861607,50.85361,19.408329,19.459333,19.4387,19.387644
50.841366,19.474558,7.681606e-05,50.813168,50.82112,50.869568,50.861607,19.459333,19.510437,19.489855,19.4387
50.849304,19.525738,7.8539204e-05,50.82112,50.82904,50.87749,50.869568,19.510437,19.561642,19.541111,19.489855
50.85721,19.577023,6.7629284e-05,50.82904,50.836926,50.88538,50.87749,19.561642,19.612953,19.592474,19.541111
50.865078,19.628412,7.9018275e-05,50.836926,50.844776,50.893238,50.88538,19.612953,19.66437,19.643944,19.592474
50.872913,19.67991,6.855379e-05,50.844776,50.852592,50.90106,50.893238,19.66437,19.715899,19.695524,19.643944
50.88072,19.73152,6.210628e-05,50.852592,50.860374,50.908848,50.90106,19.715899,19.767538,19.747215,19.695524
50.888485,19.783243,5.9192374e-05,50.860374,50.868122,50.9166,50.908848,19.767538,19.819294,19.799025,19.747215
50.896217,19.835083,3.837914e-05,50.868122,50.875835,50.92432,50.9166,19.819294,19.871166,19.85095,19.799025
50.90392,19.887043,5.5247394e-05,50.875835,50.88352,50.932007,50.92432,19.871166,19.92316,19.902996,19.85095
50.911587,19.939125,3.68399e-05,50.88352,50.891163,50.93966,50.932007,19.92316,19.975279,19.955168,19.902996
50.91922,19.991331,5.074194e-05,50.891163,50.898777,50.947277,50.93966,19.975279,20.027523,20.007463,19.955168
50.92682,20.043665,2.8096605e-05,50.898777,50.906357,50.954865,50.947277,20.027523,20.079895,20.059889,20.007463
50.934387,20.09613,4.244091e-05,50.906357,50.913906,50.962418,50.954865,20.079895,20.132399,20.112448,20.059889
50.941917,20.14873,5.8606445e-05,50.913906,50.92142,50.969936,50.962418,20.132399,20.18504,20.16514,20.112448
50.94942,20.201464,8.1743834e-05,50.92142,50.9289,50.97742,50.969936,20.18504,20.237816,20.217972,20.16514
50.956886,20.254337,8.3939325e-05,50.9289,50.93635,50.984875,50.97742,20.237816,20.290733,20.270943,20.217972
50.96432,20.307352,6.386685e-05,50.93635,50.943768,50.9923,50.984875,20.290733,20.343794,20.324057,20.270943
50.971725,20.360514,6.3932814e-05,50.943768,50.95115,50.999683,50.9923,20.343794,20.397,20.37732,20.324057
50.97909,20.413822,4.8958027e-05,50.95115,50.9585,51.007042,50.999683,20.397,20.450357,20.430729,20.37732
50.98643,20.467281,5.3595275e-05,50.9585,50.965816,51.014362,51.007042,20.450357,20.503866,20.484293,20.430729
50.643322,18.002226,9.405459e-05,50.61464,50.623714,50.67199,50.662907,17.988632,18.037876,18.015846,17.966555
50.652378,18.05151,3.9897535e-05,50.623714,50.632744,50.681026,50.67199,18.037876,18.087154,18.065172,18.015846
50.661392,18.10083,4.497443e-05,50.632744,50.64173,50.690018,50.681026,18.087154,18.136469,18.114536,18.065172
50.67036,18.150188,6.69284e-05,50.64173,50.650677,50.69897,50.690018,18.136469,18.18582,18.163937,18.114536
50.67929,18.199585,9.53379e-05,50.650677,50.659584,50.707882,50.69897,18.18582,18.235212,18.213377,18.163937
50.688175,18.249022,2.8511944e-05,50.659584,50.668446,50.71675,50.707882,18.235212,18.284647,18.262861,18.213377
50.69702,18.298504,5.3240146e-05,50.668446,50.67727,50.725582,50.71675,18.284647,18.334127,18.31239,18.262861
50.705826,18.348032,5.456266e-05,50.67727,50.68605,50.734367,50.725582,18.334127,18.383656,18.361965,18.31239
50.714592,18.397608,3.5611585e-05,50.68605,50.694794,50.743114,50.734367,18.383656,18.433231,18.41159,18.361965
50.723316,18.447233,5.8456717e-05,50.694794,50.703495,50.751823,50.743114,18.433231,18.482859,18.461267,18.41159
50.732002,18.496912,4.4905657e-05,50.703495,50.712154,50.76049,50.751823,18.482859,18.532541,18.511,18.461267
50.740646,18.546646,4.1680138e-05,50.712154,50.720776,50.76912,50.76049,18.532541,18.58228,18.560787,18.511
50.749252,18.59644,5.1130377e-05,50.720776,50.729362,50.77771,50.76912,18.58228,18.632076,18.610632,18.560787
50.75782,18.64629,3.6120124e-05,50.729362,50.737904,50.78626,50.77771,18.632076,18.681932,18.66054,18.610632
50.766346,18.696203,7.2243136e-05,50.737904,50.74641,50.794773,50.78626,18.681932,18.731853,18.71051,18.66054
50.774837,18.746181,6.08442e-05,50.74641,50.75488,50.803246,50.794773,18.731853,18.78184,18.760546,18.71051
50.783287,18.796227,7.670278e-05,50.75488,50.76331,50.811684,50.803246,18.78184,18.831894,18.810648,18.760546
50.791702,18.846338,6.566496e-05,50.76331,50.7717,50.82008,50.811684,18.831894,18.882017,18.860823,18.810648
50.80008,18.896524,8.339254e-05,50.7717,50.780056,50.82844,50.82008,18.882017,18.932213,18.91107,18.860823
50.80842,18.946783,0.00011999032,50.780056,50.788376,50.836765,50.82844,18.932213,18.982485,18.961391,18.91107
50.816723,18.997118,0.00011032634,50.788376,50.796658,50.84505,50.836765,18.982485,19.032833,19.01179,18.961391
50.824986,19.047531,0.00010359814,50.796658,50.8049,50.853302,50.84505,19.032833,19.083261,19.06227,19.01179
50.833218,19.098026,0.00012976532,50.8049,50.81311,50.861515,50.853302,19.083261,19.133772,19.11283,19.06227
50.841408,19.148603,0.00014337066,50.81311,50.82128,50.869694,50.861515,19.133772,19.184368,19.163475,19.11283
50.849567,19.199266,9.966122e-05,50.82128,50.82942,50.877834,50.869694,19.184368,19.23505,19.214209,19.163475
50.85769,19.25002,0.00012253605,50.82942,50.837517,50.88594,50.877834,19.23505,19.285822,19.265032,19.214209
50.865772,19.300861,0.00010463033,50.837517,50.84558,50.894012,50.88594,19.285822,19.336685,19.315947,19.265032
50.87382,19.351799,8.9410525e-05,50.84558,50.85361,50.902046,50.894012,19.336685,19.387644,19.366957,19.315947
50.881836,19.40283,7.6872326e-05,50.85361,50.861607,50.91005,50.902046,19.387644,19.4387,19.418064,19.366957
50.889816,19.453962,7.631583e-05,50.861607,50.869568,50.918015,50.91005,19.4387,19.489855,19.46927,19.418064
50.897762,19.505194,5.689385e-05,50.869568,50.87749,50.92594,50.918015,19.489855,19.541111,19.520578,19.46927
50.905674,19.55653,6.668978e-05,50.87749,50.88538,50.933838,50.92594,19.541111,19.592474,19.571993,19.520578
50.913548,19.607971,7.625883e-05,50.88538,50.893238,50.9417,50.933838,19.592474,19.643944,19.623516,19.571993
50.92139,19.659521,5.2034196e-05,50.893238,50.90106,50.949528,50.9417,19.643944,19.695524,19.675148,19.623516
50.929195,19.711184,6.353944e-05,50.90106,50.908848,50.95732,50.949528,19.695524,19.747215,19.726892,19.675148
50.93697,19.762959,4.261691e-05,50.908848,50.9166,50.96508,50.95732,19.747215,19.799025,19.778753,19.726892
50.94471,19.814852,5.315097e-05,50.9166,50.92432,50.972805,50.96508,19.799025,19.85095,19.83073,19.778753
50.952415,19.866865,2.4771032e-05,50.92432,50.932007,50.980495,50.972805,19.85095,19.902996,19.882832,19.83073
50.960087,19.918999,4.971268e-05,50.932007,50.93966,50.98815,50.980495,19.902996,19.955168,19.935055,19.882832
50.967724,19.971258,3.9581475e-05,50.93966,50.947277,50.995777,50.98815,19.955168,20.007463,19.987404,19.935055
50.97533,20.023647,4.0570245e-05,50.947277,50.954865,51.00337,50.995777,20.007463,20.059889,20.039885,19.987404
50.982903,20.076164,3.6383928e-05,50.954865,50.962418,51.010925,51.00337,20.059889,20.112448,20.092495,20.039885
50.99044,20.128817,2.6611697e-05,50.962418,50.969936,51.01845,51.010925,20.112448,20.16514,20.145243,20.092495
50.997948,20.181604,8.5904925e-05,50.969936,50.97742,51.025944,51.01845,20.16514,20.217972,20.198126,20.145243
51.00542,20.234533,5.8566773e-05,50.97742,50.984875,51.0334,51.025944,20.217972,20.270943,20.251152,20.198126
51.01286,20.287603,5.0840867e-05,50.984875,50.9923,51.04083,51.0334,20.270943,20.324057,20.304321,20.251152
51.020267,20.340818,8.246142e-05,50.9923,50.999683,51.04822,51.04083,20.324057,20.37732,20.357637,20.304321
51.02764,20.39418,5.9864487e-05,50.999683,51.007042,51.05558,51.04822,20.37732,20.430729,20.411102,20.357637
51.03498,20.447695,6.529524e-05,51.007042,51.014362,51.06291,51.05558,20.430729,20.484293,20.464722,20.411102
50.70064,18.029493,5.868347e-05,50.671986,50.681023,50.729286,50.72024,18.015848,18.065174,18.043154,17.99378
50.70966,18.078861,2.5841275e-05,50.681023,50.690018,50.73829,50.729286,18.065174,18.114536,18.092566,18.043154
50.718636,18.128267,6.567134e-05,50.690018,50.69897,50.747246,50.73829,18.114536,18.163937,18.142014,18.092566
50.72757,18.177711,9.1285336e-05,50.69897,50.707882,50.756165,50.747246,18.163937,18.213379,18.191504,18.142014
50.736465,18.227198,5.0761082e-05,50.707882,50.71675,50.76504,50.756165,18.213379,18.262861,18.241037,18.191504
50.745316,18.276728,5.1480692e-05,50.71675,50.72558,50.773876,50.76504,18.262861,18.312391,18.290615,18.241037
50.754128,18.326305,4.991668e-05,50.72558,50.734367,50.78267,50.773876,18.312391,18.361967,18.340239,18.290615
50.762897,18.375929,6.018271e-05,50.734367,50.743114,50.791424,50.78267,18.361967,18.411592,18.389914,18.340239
50.77163,18.425604,6.104897e-05,50.743114,50.751823,50.800137,50.791424,18.411592,18.46127,18.43964,18.389914
50.78032,18.475332,6.569569e-05,50.751823,50.76049,50.80881,50.800137,18.46127,18.511,18.48942,18.43964
50.78897,18.525116,5.329354e-05,50.76049,50.76912,50.817444,50.80881,18.511,18.560787,18.539257,18.48942
50.797585,18.574957,6.473002e-05,50.76912,50.777706,50.826042,50.817444,18.560787,18.610634,18.589151,18.539257
50.806156,18.624859,5.587225e-05,50.777706,50.78626,50.8346,50.826042,18.610634,18.66054,18.639109,18.589151
50.81469,18.674822,5.7858444e-05,50.78626,50.79477,50.843117,50.8346,18.66054,18.71051,18.689129,18.639109
50.823185,18.72485,5.7918824e-05,50.79477,50.803246,50.851597,50.843117,18.71051,18.760546,18.739214,18.689129
50.831646,18.774944,5.576927e-05,50.803246,50.81168,50.86004,50.851597,18.760546,18.81065,18.789368,18.739214
50.840065,18.825108,7.293569e-05,50.81168,50.82008,50.868443,50.86004,18.81065,18.860823,18.839592,18.789368
50.848446,18.875341,7.0954746e-05,50.82008,50.828438,50.87681,50.868443,18.860823,18.91107,18.889889,18.839592
50.856792,18.92565,9.646938e-05,50.828438,50.836765,50.88514,50.87681,18.91107,18.961391,18.94026,18.889889
50.8651,18.976036,8.398647e-05,50.836765,50.84505,50.893433,50.88514,18.961391,19.011791,18.99071,18.94026
50.87337,19.026499,0.00012272332,50.84505,50.853302,50.901688,50.893433,19.011791,19.06227,19.041239,18.99071
50.881607,19.077045,0.000114989074,50.853302,50.861515,50.90991,50.901688,19.06227,19.112831,19.09185,19.041239
50.889805,19.127674,0.00015427831,50.861515,50.869694,50.91809,50.90991,19.112831,19.163477,19.142548,19.09185
50.89797,19.178389,0.00016048457,50.869694,50.877834,50.92624,50.91809,19.163477,19.214209,19.19333,19.142548
50.906097,19.22919,0.0001613077,50.877834,50.88594,50.93435,50.92624,19.214209,19.265032,19.244205,19.19333
50.91419,19.280085,0.00011260174,50.88594,50.894012,50.942425,50.93435,19.265032,19.315947,19.295172,19.244205
50.92224,19.331074,0.00011587954,50.894012,50.902046,50.950466,50.942425,19.315947,19.366957,19.346233,19.295172
50.930264,19.382156,8.9435576e-05,50.902046,50.910046,50.958473,50.950466,19.366957,19.418064,19.397392,19.346233
50.938248,19.43334,8.809022e-05,50.910046,50.91801,50.966442,50.958473,19.418064,19.46927,19.44865,19.397392
50.946198,19.484623,8.873104e-05,50.91801,50.92594,50.97438,50.966442,19.46927,19.52058,19.500011,19.44865
50.954113,19.53601,7.2939474e-05,50.92594,50.933838,50.98228,50.97438,19.52058,19.571995,19.551477,19.500011
50.961994,19.587503,5.8906808e-05,50.933838,50.9417,50.990147,50.98228,19.571995,19.623516,19.603052,19.551477
50.96984,19.639107,5.5181183e-05,50.9417,50.949524,50.99798,50.990147,19.623516,19.675148,19.654736,19.603052
50.977654,19.69082,1.5246464e-05,50.949524,50.957317,51.00578,50.99798,19.675148,19.726892,19.706533,19.654736
50.985435,19.74265,4.960447e-05,50.957317,50.965076,51.013542,51.00578,19.726892,19.778753,19.758446,19.706533
50.99318,19.794596,4.7032823e-05,50.965076,50.9728,51.021275,51.013542,19.778753,19.830732,19.810478,19.758446
51.00089,19.84666,3.345933e-05,50.9728,50.980495,51.02897,51.021275,19.830732,19.882832,19.86263,19.810478
51.008568,19.898848,5.454077e-05,50.980495,50.98815,51.036633,51.02897,19.882832,19.935055,19.914907,19.86263
51.016212,19.95116,4.15905e-05,50.98815,50.995777,51.044262,51.036633,19.935055,19.987406,19.96731,19.914907
51.023823,20.003603,4.4883323e-05,50.995777,51.00337,51.05186,51.044262,19.987406,20.039885,20.019844,19.96731
51.0314,20.056173,5.3306117e-05,51.00337,51.010925,51.05942,51.05186,20.039885,20.092497,20.07251,20.019844
51.03894,20.10888,5.6568126e-05,51.010925,51.018448,51.06695,51.05942,20.092497,20.145243,20.125309,20.07251
51.04645,20.161722,5.9819988e-05,51.018448,51.02594,51.074448,51.06695,20.145243,20.198128,20.178247,20.125309
51.053932,20.214705,5.4143333e-05,51.02594,51.0334,51.081913,51.074448,20.198128,20.251152,20.231327,20.178247
51.061375,20.267828,5.552799e-05,51.0334,51.040825,51.089344,51.081913,20.251152,20.304321,20.284552,20.231327
51.068787,20.321098,7.444825e-05,51.040825,51.048218,51.09674,51.089344,20.304321,20.357637,20.337923,20.284552
51.076168,20.374516,8.0640384e-05,51.048218,51.05558,51.104107,51.09674,20.357637,20.411104,20.391443,20.337923
51.083515,20.428085,7.051314e-05,51.05558,51.06291,51.111443,51.104107,20.411104,20.464724,20.445116,20.391443
50.748898,18.007414,6.753668e-05,50.72024,50.729286,50.777546,50.768497,17.99378,18.043154,18.021072,17.971647
50.757923,18.056831,5.5669432e-05,50.729286,50.73829,50.786552,50.777546,18.043154,18.092566,18.070532,18.021072
50.766907,18.106285,3.970864e-05,50.73829,50.747246,50.79552,50.786552,18.092566,18.142014,18.12003,18.070532
50.77585,18.155779,6.199022e-05,50.747246,50.756165,50.804443,50.79552,18.142014,18.191504,18.169567,18.12003
50.784748,18.205313,4.328735e-05,50.756165,50.76504,50.813324,50.804443,18.191504,18.241037,18.219149,18.169567
50.793606,18.254892,2.9553183e-05,50.76504,50.773876,50.822166,50.813324,18.241037,18.290615,18.268776,18.219149
50.802425,18.304518,5.8503312e-05,50.773876,50.78267,50.830967,50.822166,18.290615,18.340239,18.318449,18.268776
50.811203,18.354193,6.120955e-05,50.78267,50.791424,50.839725,50.830967,18.340239,18.389914,18.368174,18.318449
50.81994,18.403917,3.2341628e-05,50.791424,50.800137,50.848446,50.839725,18.389914,18.43964,18.417948,18.368174
50.828636,18.453693,7.016381e-05,50.800137,50.80881,50.857124,50.848446,18.43964,18.48942,18.467777,18.417948
50.83729,18.503527,5.5190114e-05,50.80881,50.817444,50.86577,50.857124,18.48942,18.539257,18.517664,18.467777
50.84591,18.553417,5.34668e-05,50.817444,50.82604,50.874367,50.86577,18.539257,18.589151,18.56761,18.517664
50.85449,18.603369,7.347427e-05,50.82604,50.8346,50.88293,50.874367,18.589151,18.639109,18.617615,18.56761
50.86303,18.653381,6.780279e-05,50.8346,50.843117,50.891457,50.88293,18.639109,18.689129,18.667685,18.617615
50.871532,18.703459,5.6719284e-05,50.843117,50.851597,50.89994,50.891457,18.689129,18.739214,18.717821,18.667685
50.879997,18.753603,6.617648e-05,50.851597,50.86004,50.90839,50.89994,18.739214,18.789368,18.768024,18.717821
50.88842,18.803816,7.117385e-05,50.86004,50.868443,50.9168,50.90839,18.789368,18.839592,18.818298,18.768024
50.89681,18.854101,8.320221e-05,50.868443,50.87681,50.92517,50.9168,18.839592,18.889889,18.868645,18.818298
50.905163,18.90446,9.015606e-05,50.87681,50.88514,50.93351,50.92517,18.889889,18.94026,18.919067,18.868645
50.913475,18.954895,8.733578e-05,50.88514,50.893433,50.941807,50.93351,18.94026,18.99071,18.969568,18.919067
50.921753,19.005411,0.00011051569,50.893433,50.901688,50.95007,50.941807,18.99071,19.041239,19.020147,18.969568
50.929993,19.056005,0.00012169391,50.901688,50.90991,50.958294,50.95007,19.041239,19.09185,19.07081,19.020147
50.938198,19.106686,0.0001440069,50.90991,50.91809,50.966484,50.958294,19.09185,19.142548,19.12156,19.07081
50.946365,19.157452,0.00021151097,50.91809,50.92624,50.974636,50.966484,19.142548,19.193333,19.172394,19.12156
50.9545,19.208305,0.00021845386,50.92624,50.93435,50.982754,50.974636,19.193333,19.244205,19.223318,19.172394
50.962597,19.25925,0.00013466956,50.93435,50.942425,50.990837,50.982754,19.244205,19.295172,19.274336,19.223318
50.970657,19.31029,0.00011182306,50.942425,50.950466,50.998882,50.990837,19.295172,19.346233,19.325449,19.274336
50.978683,19.361425,9.1825226e-05,50.950466,50.958473,51.006893,50.998882,19.346233,19.397392,19.37666,19.325449
50.986675,19.412659,7.611322e-05,50.958473,50.966442,51.01487,51.006893,19.397392,19.44865,19.427969,19.37666
50.99463,19.463995,6.504062e-05,50.966442,50.97438,51.02281,51.01487,19.44865,19.500011,19.479383,19.427969
51.002552,19.515434,4.6464207e-05,50.97438,50.98228,51.03072,51.02281,19.500011,19.551477,19.530901,19.479383
51.010437,19.56698,3.6478235e-05,50.98228,50.990147,51.03859,51.03072,19.551477,19.603052,19.582527,19.530901
51.01829,19.618635,2.365348e-05,50.990147,50.99798,51.04643,51.03859,19.603052,19.654736,19.634264,19.582527
51.026108,19.670403,4.264871e-05,50.99798,51.00578,51.054234,51.04643,19.654736,19.706533,19.686113,19.634264
51.033894,19.722282,5.395286e-05,51.00578,51.013542,51.062,51.054234,19.706533,19.758446,19.73808,19.686113
51.041645,19.77428,3.9188617e-05,51.013542,51.02127,51.069736,51.062,19.758446,19.810478,19.790165,19.73808
51.04936,19.826399,3.5160494e-05,51.02127,51.02897,51.07744,51.069736,19.810478,19.86263,19.842371,19.790165
51.05704,19.878641,4.9429695e-05,51.02897,51.036633,51.08511,51.07744,19.86263,19.914907,19.894701,19.842371
51.06469,19.931007,4.047159e-05,51.036633,51.044262,51.092743,51.08511,19.914907,19.96731,19.947157,19.894701
51.072308,19.983501,5.2986692e-05,51.044262,51.051857,51.100346,51.092743,19.96731,20.019844,19.999744,19.947157
51.07989,20.036127,5.3446412e-05,51.051857,51.05942,51.107914,51.100346,20.019844,20.07251,20.052464,19.999744
51.08744,20.088886,4.9948903e-05,51.05942,51.06695,51.115448,51.107914,20.07251,20.125309,20.105318,20.052464
51.094955,20.141783,5.979524e-05,51.06695,51.074448,51.12295,51.115448,20.125309,20.178247,20.15831,20.105318
51.102436,20.194818,6.669314e-05,51.074448,51.081913,51.13042,51.12295,20.178247,20.231327,20.211445,20.15831
51.109886,20.247997,6.880412e-05,51.081913,51.089344,51.137856,51.13042,20.231327,20.284552,20.264723,20.211445
51.117306,20.301321,5.8932088e-05,51.089344,51.09674,51.14526,51.137856,20.284552,20.337923,20.318148,20.264723
51.12469,20.354795,5.495171e-05,51.09674,51.104107,51.15263,51.14526,20.337923,20.391443,20.371725,20.318148
51.132042,20.408419,5.1981853e-05,51.104107,51.111443,51.15997,51.15263,20.391443,20.445116,20.425453,20.371725
51.139362,20.462198,5.590762e-05,51.111443,51.11874,51.167274,51.15997,20.445116,20.498947,20.479338,20.425453
50.80618,18.034761,6.1254825e-05,50.777546,50.786552,50.83481,50.825794,18.021072,18.070532,18.048473,17.998964
50.81517,18.084263,5.906178e-05,50.786552,50.795517,50.84378,50.83481,18.070532,18.12003,18.098019,18.048473
50.82412,18.133806,5.6499255e-05,50.795517,50.80444,50.85271,50.84378,18.12003,18.169569,18.147608,18.098019
50.833023,18.18339,5.1143914e-05,50.80444,50.813324,50.8616,50.85271,18.169569,18.21915,18.197237,18.147608
50.84189,18.233019,2.929728e-05,50.813324,50.822163,50.870445,50.8616,18.21915,18.268776,18.246914,18.197237
50.85071,18.282692,6.410065e-05,50.822163,50.830963,50.879253,50.870445,18.268776,18.31845,18.296637,18.246914
50.859497,18.332417,5.7622794e-05,50.830963,50.839725,50.88802,50.879253,18.31845,18.368174,18.346409,18.296637
50.868237,18.38219,7.496982e-05,50.839725,50.848446,50.896744,50.88802,18.368174,18.41795,18.396235,18.346409
50.87694,18.432016,6.8013804e-05,50.848446,50.857124,50.90543,50.896744,18.41795,18.46778,18.446114,18.396235
50.885605,18.4819,5.9465714e-05,50.857124,50.865765,50.914078,50.90543,18.46778,18.517666,18.49605,18.446114
50.89423,18.53184,4.8282665e-05,50.865765,50.874367,50.922684,50.914078,18.517666,18.56761,18.546043,18.49605
50.902813,18.58184,4.9232585e-05,50.874367,50.88293,50.931255,50.922684,18.56761,18.617617,18.5961,18.546043
50.91136,18.631903,6.94878e-05,50.88293,50.891453,50.939785,50.931255,18.617617,18.667686,18.64622,18.5961
50.91987,18.68203,8.806617e-05,50.891453,50.89994,50.948277,50.939785,18.667686,18.717821,18.696405,18.64622
50.928337,18.732224,6.3131476e-05,50.89994,50.908386,50.95673,50.948277,18.717821,18.768024,18.746658,18.696405
50.93677,18.782488,6.7810615e-05,50.908386,50.916798,50.965145,50.95673,18.768024,18.818298,18.796984,18.746658
50.945164,18.832823,6.911817e-05,50.916798,50.92517,50.973526,50.965145,18.818298,18.868647,18.847382,18.796984
50.95352,18.883232,8.365202e-05,50.92517,50.933506,50.981865,50.973526,18.868647,18.91907,18.897854,18.847382
50.96184,18.93372,8.771629e-05,50.933506,50.941803,50.99017,50.981865,18.91907,18.969568,18.948404,18.897854
50.970123,18.984283,0.00010269691,50.941803,50.950066,50.998436,50.99017,18.969568,19.02015,18.999037,18.948404
50.97837,19.034931,0.00012607336,50.950066,50.958294,51.006668,50.998436,19.02015,19.070812,19.04975,18.999037
50.98658,19.08566,0.0001493974,50.958294,50.96648,51.014862,51.006668,19.070812,19.12156,19.100548,19.04975
50.994755,19.136478,0.00017740448,50.96648,50.974636,51.02302,51.014862,19.12156,19.172394,19.151436,19.100548
51.002895,19.187384,0.00018270887,50.974636,50.982754,51.031147,51.02302,19.172394,19.22332,19.202412,19.151436
51.010998,19.23838,0.00015095196,50.982754,50.990833,51.039234,51.031147,19.22332,19.274338,19.25348,19.202412
51.019062,19.28947,0.00010945949,50.990833,50.998882,51.047287,51.039234,19.274338,19.32545,19.304646,19.25348
51.027096,19.340658,8.140798e-05,50.998882,51.006893,51.0553,51.047287,19.32545,19.37666,19.355907,19.304646
51.03509,19.391943,5.6987057e-05,51.006893,51.01487,51.063282,51.0553,19.37666,19.42797,19.40727,19.355907
51.043053,19.44333,7.861088e-05,51.01487,51.022808,51.07123,51.063282,19.42797,19.479383,19.458735,19.40727
51.05098,19.494823,5.637566e-05,51.022808,51.030716,51.079144,51.07123,19.479383,19.530903,19.510305,19.458735
51.058872,19.546421,5.7084446e-05,51.030716,51.03859,51.08702,51.079144,19.530903,19.58253,19.561985,19.510305
51.06673,19.598127,4.5303077e-05,51.03859,51.046425,51.094864,51.08702,19.58253,19.634264,19.613773,19.561985
51.074554,19.649948,2.904134e-05,51.046425,51.05423,51.102673,51.094864,19.634264,19.686115,19.665676,19.613773
51.082344,19.701881,3.7143407e-05,51.05423,51.062,51.110447,51.102673,19.686115,19.738081,19.717695,19.665676
51.0901,19.753933,5.5455374e-05,51.062,51.069736,51.11819,51.110447,19.738081,19.790165,19.769833,19.717695
51.09782,19.806105,4.8762187e-05,51.069736,51.07744,51.125896,51.11819,19.790165,19.842371,19.822092,19.769833
51.105507,19.858398,4.2235828e-05,51.07744,51.085106,51.13357,51.125896,19.842371,19.894701,19.874475,19.822092
51.113163,19.910818,3.463041e-05,51.085106,51.092743,51.141212,51.13357,19.894701,19.947159,19.926987,19.874475
51.120785,19.963367,6.009696e-05,51.092743,51.10034,51.14882,51.141212,19.947159,19.999744,19.979628,19.926987
51.128372,20.016047,5.586946e-05,51.10034,51.10791,51.15639,51.14882,19.999744,20.052464,20.0324,19.979628
51.135925,20.06886,5.3465992e-05,51.10791,51.115448,51.163933,51.15639,20.052464,20.105318,20.085308,20.0324
51.143448,20.12181,5.6279965e-05,51.115448,51.122948,51.17144,51.163933,20.105318,20.158312,20.138355,20.085308
51.150936,20.1749,5.0497885e-05,51.122948,51.130417,51.178913,51.17144,20.158312,20.211445,20.191545,20.138355
51.15839,20.228134,5.3634525e-05,51.130417,51.137856,51.186356,51.178913,20.211445,20.264725,20.244879,20.191545
51.165813,20.281513,5.382297e-05,51.137856,51.14526,51.193764,51.186356,20.264725,20.31815,20.298359,20.244879
51.173203,20.335041,3.2634405e-05,51.14526,51.15263,51.201138,51.193764,20.31815,20.371725,20.35199,20.298359
51.180557,20.38872,3.0448702e-05,51.15263,51.159966,51.20848,51.201138,20.371725,20.425453,20.405773,20.35199
51.18788,20.442554,5.5051496e-05,51.159966,51.16727,51.21579,51.20848,20.425453,20.47934,20.459715,20.405773
50.854443,18.012657,8.620117e-05,50.825794,50.83481,50.883087,50.874065,17.998964,18.048473,18.026371,17.976814
50.863438,18.062208,9.08284e-05,50.83481,50.84378,50.892067,50.883087,18.048473,18.098019,18.075968,18.026371
50.87239,18.1118,8.55215e-05,50.84378,50.85271,50.901,50.892067,18.098019,18.147608,18.125605,18.075968
50.881306,18.161432,7.370239e-05,50.85271,50.8616,50.909897,50.901,18.147608,18.197237,18.175283,18.125605
50.890175,18.21111,6.562444e-05,50.8616,50.870445,50.91875,50.909897,18.197237,18.246914,18.225008,18.175283
50.899006,18.260834,6.030915e-05,50.870445,50.879253,50.927563,50.91875,18.246914,18.296637,18.27478,18.225008
50.907795,18.310606,6.469553e-05,50.879253,50.88802,50.936337,50.927563,18.296637,18.346409,18.324604,18.27478
50.916542,18.36043,8.099532e-05,50.88802,50.896744,50.94507,50.936337,18.346409,18.396235,18.374477,18.324604
50.925255,18.410307,7.553435e-05,50.896744,50.90543,50.95376,50.94507,18.396235,18.446114,18.424406,18.374477
50.93392,18.460238,5.594429e-05,50.90543,50.914078,50.962414,50.95376,18.446114,18.49605,18.474392,18.424406
50.942554,18.51023,4.5038614e-05,50.914078,50.922684,50.971027,50.962414,18.49605,18.546043,18.524437,18.474392
50.951145,18.560278,4.2365922e-05,50.922684,50.93125,50.9796,50.971027,18.546043,18.5961,18.574543,18.524437
50.959698,18.610392,8.6631575e-05,50.93125,50.939785,50.988136,50.9796,18.5961,18.64622,18.624712,18.574543
50.968212,18.660568,9.821747e-05,50.939785,50.948277,50.996635,50.988136,18.64622,18.696405,18.674948,18.624712
50.976685,18.710814,9.704593e-05,50.948277,50.95673,51.005096,50.996635,18.696405,18.74666,18.725252,18.674948
50.985123,18.761127,8.3196865e-05,50.95673,50.965145,51.013515,51.005096,18.74666,18.796984,18.775627,18.725252
50.993523,18.811512,0.00010697366,50.965145,50.973522,51.0219,51.013515,18.796984,18.847382,18.826077,18.775627
51.00189,18.861973,9.338769e-05,50.973522,50.981865,51.03025,51.0219,18.847382,18.897854,18.876598,18.826077
51.010212,18.91251,0.000101893005,50.981865,50.99017,51.03856,51.03025,18.897854,18.948404,18.9272,18.876598
51.0185,18.963125,0.00013711418,50.99017,50.998436,51.046833,51.03856,18.948404,18.999037,18.977882,18.9272
51.026756,19.013824,0.00014535984,50.998436,51.006668,51.05507,51.046833,18.999037,19.04975,19.028648,18.977882
51.03497,19.064606,0.00014896633,51.006668,51.014862,51.06327,51.05507,19.04975,19.100548,19.079498,19.028648
51.04315,19.115473,0.00015761008,51.014862,51.02302,51.071434,51.06327,19.100548,19.151436,19.130436,19.079498
51.051292,19.16643,0.000186511,51.02302,51.031147,51.079563,51.071434,19.151436,19.202412,19.181463,19.130436
51.059402,19.217478,0.00017464196,51.031147,51.039234,51.087658,51.079563,19.202412,19.25348,19.232584,19.181463
51.067474,19.268621,0.00015287976,51.039234,51.047283,51.095715,51.087658,19.25348,19.304646,19.2838,19.232584
51.075512,19.31986,0.00010323738,51.047283,51.0553,51.103737,51.095715,19.304646,19.355907,19.335115,19.2838
51.083515,19.371199,0.00011424864,51.0553,51.063282,51.111725,51.103737,19.355907,19.40727,19.38653,19.335115
51.09148,19.422638,7.680252e-05,51.063282,51.07123,51.11968,51.111725,19.40727,19.458735,19.438047,19.38653
51.099415,19.47418,7.49731e-05,51.07123,51.079144,51.127594,51.11968,19.458735,19.510305,19.48967,19.438047
51.10731,19.525831,4.4132135e-05,51.079144,51.08702,51.13548,51.127594,19.510305,19.561985,19.5414,19.48967
51.115173,19.57759,5.149201e-05,51.08702,51.094864,51.14333,51.13548,19.561985,19.613773,19.593243,19.5414
51.123005,19.629463,3.6430632e-05,51.094864,51.102673,51.151142,51.14333,19.613773,19.665676,19.645199,19.593243
51.1308,19.681452,3.2965992e-05,51.102673,51.110447,51.158924,51.151142,19.665676,19.717695,19.697271,19.645199
51.138557,19.733555,4.016194e-05,51.110447,51.11819,51.166668,51.158924,19.717695,19.769833,19.749462,19.697271
51.146286,19.78578,4.6890545e-05,51.11819,51.125896,51.17438,51.166668,19.769833,19.822092,19.801775,19.749462
51.15398,19.838127,2.8692315e-05,51.125896,51.13357,51.18206,51.17438,19.822092,19.874475,19.854212,19.801775
51.16164,19.890602,3.4520457e-05,51.13357,51.141212,51.18971,51.18206,19.874475,19.926987,19.906776,19.854212
51.169266,19.943203,2.8600576e-05,51.141212,51.14882,51.19732,51.18971,19.926987,19.979628,19.95947,19.906776
51.176857,19.995937,4.344447e-05,51.14882,51.15639,51.2049,51.19732,19.979628,20.0324,20.012299,19.95947
51.184418,20.048805,3.3234348e-05,51.15639,51.163933,51.212444,51.2049,20.0324,20.085308,20.065262,20.012299
51.191944,20.10181,2.5418884e-05,51.163933,51.17144,51.219955,51.212444,20.085308,20.138357,20.118362,20.065262
51.199436,20.154955,5.6590856e-05,51.17144,51.178913,51.227436,51.219955,20.138357,20.191545,20.171606,20.118362
51.206898,20.208242,5.594399e-05,51.178913,51.186356,51.234882,51.227436,20.191545,20.244879,20.224995,20.171606
51.214325,20.261677,2.4756047e-05,51.186356,51.193764,51.2423,51.234882,20.244879,20.298359,20.27853,20.224995
51.22172,20.31526,4.2110943e-05,51.193764,51.201138,51.249676,51.2423,20.298359,20.35199,20.332216,20.27853
51.22908,20.368994,5.688766e-05,51.201138,51.20848,51.257027,51.249676,20.35199,20.405773,20.386057,20.332216
51.236412,20.422884,3.2896798e-05,51.20848,51.21579,51.26434,51.257027,20.405773,20.459715,20.440052,20.386057
51.243706,20.476933,2.5243673e-05,51.21579,51.22307,51.27162,51.26434,20.459715,20.513815,20.49421,20.440052
50.911716,18.040115,7.275796e-05,50.883083,50.892063,50.940327,50.931343,18.026373,18.075968,18.05389,18.004246
50.920677,18.089756,9.4322466e-05,50.892063,50.901,50.949272,50.940327,18.075968,18.125605,18.103575,18.05389
50.929596,18.139437,4.607116e-05,50.901,50.909893,50.95817,50.949272,18.125605,18.175283,18.153305,18.103575
50.938473,18.189163,6.750267e-05,50.909893,50.918747,50.96703,50.95817,18.175283,18.22501,18.20308,18.153305
50.947308,18.238937,7.509584e-05,50.918747,50.92756,50.97585,50.96703,18.22501,18.274782,18.252901,18.20308
50.956104,18.28876,6.0554594e-05,50.92756,50.936333,50.98463,50.97585,18.274782,18.324604,18.302773,18.252901
50.96486,18.338633,6.556451e-05,50.936333,50.945065,50.993366,50.98463,18.324604,18.37448,18.352697,18.302773
50.973576,18.388557,7.051567e-05,50.945065,50.95376,51.002068,50.993366,18.37448,18.424408,18.402676,18.352697
50.98225,18.43854,6.6057575e-05,50.95376,50.96241,51.010727,51.002068,18.424408,18.474394,18.452711,18.402676
50.990887,18.48858,5.4091237e-05,50.96241,50.971024,51.019344,51.010727,18.474394,18.524437,18.502806,18.452711
50.999485,18.53868,4.745811e-05,50.971024,50.9796,51.027927,51.019344,18.524437,18.574543,18.552961,18.502806
51.008045,18.588842,7.171303e-05,50.9796,50.988136,51.03647,51.027927,18.574543,18.624714,18.603182,18.552961
51.016563,18.63907,8.591408e-05,50.988136,50.99663,51.04497,51.03647,18.624714,18.67495,18.653467,18.603182
51.025047,18.689365,7.479728e-05,50.99663,51.005093,51.053436,51.04497,18.67495,18.725254,18.703823,18.653467
51.03349,18.739729,8.611588e-05,51.005093,51.013515,51.061867,51.053436,18.725254,18.775629,18.754248,18.703823
51.041897,18.790167,9.046576e-05,51.013515,51.0219,51.070255,51.061867,18.775629,18.826077,18.804747,18.754248
51.050266,18.840677,9.776742e-05,51.0219,51.030247,51.07861,51.070255,18.826077,18.8766,18.855322,18.804747
51.058598,18.891264,0.00010976199,51.030247,51.03856,51.086926,51.07861,18.8766,18.927202,18.905973,18.855322
51.06689,18.941933,0.00013822399,51.03856,51.04683,51.095207,51.086926,18.927202,18.977884,18.956707,18.905973
51.07515,18.99268,0.00014825627,51.04683,51.05507,51.103447,51.095207,18.977884,19.028648,19.007523,18.956707
51.08337,19.043512,0.00015216855,51.05507,51.06327,51.111656,51.103447,19.028648,19.079498,19.058424,19.007523
51.091557,19.094433,0.0001749537,51.06327,51.071434,51.119827,51.111656,19.079498,19.130436,19.109415,19.058424
51.09971,19.145441,0.00018334883,51.071434,51.079563,51.12796,51.119827,19.130436,19.181465,19.160494,19.109415
51.107822,19.19654,0.00018035491,51.079563,51.087654,51.13606,51.12796,19.181465,19.232586,19.211666,19.160494
51.1159,19.247736,0.00013348015,51.087654,51.095715,51.144123,51.13606,19.232586,19.283802,19.262936,19.211666
51.123943,19.299026,0.00011105585,51.095715,51.103737,51.15215,51.144123,19.283802,19.335115,19.3143,19.262936
51.13195,19.350416,9.3242765e-05,51.103737,51.111725,51.160145,51.15215,19.335115,19.38653,19.365768,19.3143
51.139923,19.401909,6.861281e-05,51.111725,51.119675,51.168102,51.160145,19.38653,19.438047,19.417337,19.365768
51.14786,19.453505,6.9841946e-05,51.119675,51.127594,51.176025,51.168102,19.438047,19.489672,19.469013,19.417337
51.155766,19.505207,5.811526e-05,51.127594,51.135475,51.183914,51.176025,19.489672,19.541403,19.520798,19.469013
51.16363,19.55702,4.034021e-05,51.135475,51.143326,51.19177,51.183914,19.541403,19.593245,19.572693,19.520798
51.171467,19.608946,4.7088477e-05,51.143326,51.151142,51.19959,51.19177,19.593245,19.6452,19.6247,19.572693
51.179268,19.660986,5.193671e-05,51.151142,51.15892,51.207375,51.19959,19.6452,19.697271,19.676826,19.6247
51.187035,19.713142,5.680514e-05,51.15892,51.166668,51.215126,51.207375,19.697271,19.749462,19.72907,19.676826
51.194767,19.76542,3.707129e-05,51.166668,51.17438,51.222843,51.215126,19.749462,19.801775,19.781437,19.72907
51.202465,19.817823,4.270747e-05,51.17438,51.18206,51.23053,51.222843,19.801775,19.854212,19.833927,19.781437
51.21013,19.87035,2.5384961e-05,51.18206,51.189705,51.238182,51.23053,19.854212,19.906776,19.886547,19.833927
51.217762,19.923006,5.9386686e-05,51.189705,51.19732,51.245796,51.238182,19.906776,19.95947,19.939295,19.886547
51.22536,19.975794,3.7175712e-05,51.19732,51.204895,51.253384,51.245796,19.95947,20.012299,19.992176,19.939295
51.232925,20.028715,3.374276e-05,51.204895,51.21244,51.260933,51.253384,20.012299,20.065262,20.045195,19.992176
51.240456,20.081776,4.913148e-05,51.21244,51.219955,51.26845,51.260933,20.065262,20.118364,20.09835,20.045195
51.247955,20.134975,4.130355e-05,51.219955,51.227436,51.275936,51.26845,20.118364,20.171608,20.15165,20.09835
51.25542,20.188318,3.8559763e-05,51.227436,51.234882,51.283386,51.275936,20.171608,20.224995,20.205091,20.15165
51.262856,20.241806,4.2337695e-05,51.234882,51.242294,51.290806,51.283386,20.224995,20.27853,20.258682,20.205091
51.270252,20.295444,4.3227952e-05,51.242294,51.249676,51.29819,51.290806,20.27853,20.332216,20.312426,20.258682
51.277622,20.349236,3.3637578e-05,51.249676,51.257023,51.305546,51.29819,20.332216,20.386057,20.36632,20.312426
51.284954,20.403181,3.9483053e-05,51.257023,51.26434,51.312866,51.305546,20.386057,20.440054,20.420374,20.36632
51.292255,20.457285,4.444446e-05,51.26434,51.27162,51.320152,51.312866,20.440054,20.49421,20.474586,20.420374
50.95996,18.018002,5.0086634e-05,50.931343,50.940327,50.988583,50.97959,18.004246,18.05389,18.031776,17.982082
50.96893,18.06769,6.728666e-05,50.940327,50.94927,50.99753,50.988583,18.05389,18.103577,18.081512,18.031776
50.977856,18.117422,7.873387e-05,50.94927,50.958168,51.00644,50.99753,18.103577,18.153305,18.13129,18.081512
50.986736,18.167198,7.8968886e-05,50.958168,50.96703,51.015305,51.00644,18.153305,18.20308,18.181114,18.13129
50.99558,18.21702,6.845086e-05,50.96703,50.97585,51.02413,51.015305,18.20308,18.252901,18.230986,18.181114
51.004383,18.266891,7.395061e-05,50.97585,50.984627,51.032913,51.02413,18.252901,18.302773,18.280907,18.230986
51.01314,18.316814,7.7054945e-05,50.984627,50.993366,51.04166,51.032913,18.302773,18.352697,18.330881,18.280907
51.021866,18.36679,7.054476e-05,50.993366,51.002064,51.050365,51.04166,18.352697,18.402676,18.380909,18.330881
51.03055,18.416822,0.00010813568,51.002064,51.010723,51.05903,51.050365,18.402676,18.452711,18.430996,18.380909
51.03919,18.466913,8.24942e-05,51.010723,51.019344,51.067657,51.05903,18.452711,18.502806,18.48114,18.430996
51.047794,18.517063,7.81889e-05,51.019344,51.027924,51.076244,51.067657,18.502806,18.552963,18.531345,18.48114
51.05636,18.567276,6.0872637e-05,51.027924,51.036465,51.08479,51.076244,18.552963,18.603182,18.581617,18.531345
51.064884,18.617554,7.974302e-05,51.036465,51.04497,51.0933,51.08479,18.603182,18.65347,18.631954,18.581617
51.07337,18.6679,7.681722e-05,51.04497,51.053436,51.101772,51.0933,18.65347,18.703823,18.682358,18.631954
51.08182,18.718315,7.975816e-05,51.053436,51.061863,51.110207,51.101772,18.703823,18.75425,18.732834,18.682358
51.090233,18.7688,8.225471e-05,51.061863,51.070255,51.118603,51.110207,18.75425,18.804749,18.783384,18.732834
51.09861,18.819363,8.73998e-05,51.070255,51.07861,51.12696,51.118603,18.804749,18.855322,18.83401,18.783384
51.106945,18.870003,9.704149e-05,51.07861,51.086926,51.135284,51.12696,18.855322,18.905975,18.884714,18.83401
51.115246,18.920721,0.00012711542,51.086926,51.095203,51.14357,51.135284,18.905975,18.956709,18.935497,18.884714
51.123512,18.97152,0.00014828308,51.095203,51.103447,51.151817,51.14357,18.956709,19.007524,18.986366,18.935497
51.131737,19.022404,0.00013031645,51.103447,51.111652,51.16003,51.151817,19.007524,19.058426,19.03732,18.986366
51.13993,19.073376,0.000121788216,51.111652,51.119823,51.16821,51.16003,19.058426,19.109415,19.08836,19.03732
51.148087,19.124435,0.00012363437,51.119823,51.127956,51.176346,51.16821,19.109415,19.160496,19.139492,19.08836
51.156204,19.175587,0.00011633563,51.127956,51.13606,51.184452,51.176346,19.160496,19.211668,19.190716,19.139492
51.164288,19.226833,9.478152e-05,51.13606,51.14412,51.19252,51.184452,19.211668,19.262936,19.242037,19.190716
51.172337,19.278177,9.879017e-05,51.14412,51.15215,51.200554,51.19252,19.262936,19.314302,19.293455,19.242037
51.18035,19.329618,8.265031e-05,51.15215,51.16014,51.208553,51.200554,19.314302,19.365768,19.344975,19.293455
51.188328,19.381163,9.266385e-05,51.16014,51.1681,51.21652,51.208553,19.365768,19.41734,19.396597,19.344975
51.196274,19.432812,7.899939e-05,51.1681,51.17602,51.224445,51.21652,19.41734,19.469015,19.448324,19.396597
51.20418,19.484568,8.4863874e-05,51.17602,51.18391,51.23234,51.224445,19.469015,19.520798,19.500162,19.448324
51.212055,19.536434,7.588463e-05,51.18391,51.191765,51.2402,51.23234,19.520798,19.572693,19.55211,19.500162
51.219894,19.588411,3.964619e-05,51.191765,51.199585,51.248028,51.2402,19.572693,19.624702,19.604172,19.55211
51.2277,19.640505,6.5761975e-05,51.199585,51.20737,51.255817,51.248028,19.624702,19.676826,19.656351,19.604172
51.235474,19.692717,4.355444e-05,51.20737,51.215126,51.263577,51.255817,19.676826,19.729073,19.708649,19.656351
51.24321,19.745049,5.240206e-05,51.215126,51.222843,51.271297,51.263577,19.729073,19.781439,19.761068,19.708649
51.250916,19.797503,4.2921678e-05,51.222843,51.230526,51.278988,51.271297,19.781439,19.83393,19.813614,19.761068
51.258587,19.850084,3.8457063e-05,51.230526,51.23818,51.286644,51.278988,19.83393,19.886547,19.866285,19.813614
51.266224,19.902794,2.2639158e-05,51.23818,51.245796,51.29427,51.286644,19.886547,19.939295,19.919088,19.866285
51.273827,19.955637,5.4935106e-05,51.245796,51.25338,51.301857,51.29427,19.939295,19.992178,19.972025,19.919088
51.281395,20.008614,4.453346e-05,51.25338,51.260933,51.309414,51.301857,19.992178,20.045195,20.025097,19.972025
51.288933,20.061728,4.281966e-05,51.260933,51.268448,51.316936,51.309414,20.045195,20.098352,20.078308,20.025097
51.296436,20.11498,4.5925237e-05,51.268448,51.275932,51.324425,51.316936,20.098352,20.15165,20.131662,20.078308
51.303905,20.168379,4.756503e-05,51.275932,51.283386,51.331882,51.324425,20.15165,20.205093,20.18516,20.131662
51.311344,20.221924,2.5790445e-05,51.283386,51.290802,51.339306,51.331882,20.205093,20.258684,20.238806,20.18516
51.31875,20.275618,4.9551803e-05,51.290802,51.29819,51.3467,51.339306,20.258684,20.312426,20.292604,20.238806
51.326122,20.329464,3.6178684e-05,51.29819,51.305542,51.354057,51.3467,20.312426,20.366322,20.346556,20.292604
51.33346,20.383465,4.2986623e-05,51.305542,51.312862,51.36138,51.354057,20.366322,20.420374,20.400663,20.346556
51.340767,20.437626,3.782604e-05,51.312862,51.320152,51.368675,51.36138,20.420374,20.474586,20.454933,20.400663
51.017193,18.045576,8.9429705e-05,50.988583,50.99753,51.0458,51.036846,18.031776,18.081512,18.059404,18.009619
51.026127,18.095358,6.6947716e-05,50.99753,51.00644,51.054714,51.0458,18.081512,18.13129,18.109232,18.059404
51.035015,18.145184,6.6359535e-05,51.00644,51.015305,51.063587,51.054714,18.13129,18.181114,18.159105,18.109232
51.043865,18.195055,6.583172e-05,51.015305,51.02413,51.07242,51.063587,18.181114,18.230986,18.209026,18.159105
51.052673,18.244976,6.390517e-05,51.02413,51.032913,51.081207,51.07242,18.230986,18.280907,18.258999,18.209026
51.06144,18.294949,6.595344e-05,51.032913,51.04166,51.08996,51.081207,18.280907,18.330881,18.309021,18.258999
51.070168,18.344975,9.074041e-05,51.04166,51.050365,51.09867,51.08996,18.330881,18.380909,18.3591,18.309021
51.078857,18.395058,8.3779145e-05,51.050365,51.05903,51.10734,51.09867,18.380909,18.430996,18.409237,18.3591
51.087505,18.445196,7.962061e-05,51.05903,51.067654,51.115974,51.10734,18.430996,18.48114,18.45943,18.409237
51.096115,18.495398,6.928202e-05,51.067654,51.076244,51.12457,51.115974,18.48114,18.531347,18.509687,18.45943
51.104687,18.54566,6.7848596e-05,51.076244,51.08479,51.13312,51.12457,18.531347,18.581617,18.560009,18.509687
51.113216,18.59599,6.9749316e-05,51.08479,51.0933,51.14164,51.13312,18.581617,18.631954,18.610395,18.560009
51.12171,18.646385,6.950194e-05,51.0933,51.101772,51.150116,51.14164,18.631954,18.682358,18.660852,18.610395
51.13017,18.696852,5.4379132e-05,51.101772,51.110207,51.158558,51.150116,18.682358,18.732836,18.71138,18.660852
51.138584,18.747389,7.133435e-05,51.110207,51.118603,51.166958,51.158558,18.732836,18.783384,18.76198,18.71138
51.146965,18.798002,8.8956425e-05,51.118603,51.12696,51.175323,51.166958,18.783384,18.83401,18.812656,18.76198
51.15531,18.848692,8.720652e-05,51.12696,51.135284,51.18365,51.175323,18.83401,18.884714,18.86341,18.812656
51.163616,18.899462,8.7952496e-05,51.135284,51.14357,51.191944,51.18365,18.884714,18.935497,18.914248,18.86341
51.171886,18.950312,9.800356e-05,51.14357,51.151817,51.2002,51.191944,18.935497,18.986366,18.965166,18.914248
51.18012,19.001247,0.000104917424,51.151817,51.16003,51.208416,51.2002,18.986366,19.03732,19.01617,18.965166
51.188316,19.05227,0.00010504511,51.16003,51.168205,51.2166,51.208416,19.03732,19.08836,19.067265,19.01617
51.19648,19.103382,0.00010350148,51.168205,51.176346,51.224743,51.2166,19.08836,19.139492,19.118448,19.067265
51.204605,19.154587,8.916621e-05,51.176346,51.184452,51.232853,51.224743,19.139492,19.190716,19.169724,19.118448
51.212692,19.205885,0.00012461196,51.184452,51.19252,51.24093,51.232853,19.190716,19.242037,19.221096,19.169724
51.22075,19.25728,0.00010131031,51.19252,51.200554,51.24897,51.24093,19.242037,19.293455,19.272568,19.221096
51.228767,19.308775,0.00012433773,51.200554,51.208553,51.256973,51.24897,19.293455,19.344975,19.324139,19.272568
51.23675,19.36037,0.00017916512,51.208553,51.21652,51.264942,51.256973,19.344975,19.396597,19.375814,19.324139
51.2447,19.412073,0.00014828687,51.21652,51.224445,51.272877,51.264942,19.396597,19.448324,19.427595,19.375814
51.252613,19.463882,0.00012095892,51.224445,51.23234,51.280777,51.272877,19.448324,19.500162,19.479486,19.427595
51.260494,19.5158,8.7785826e-05,51.23234,51.2402,51.288643,51.280777,19.500162,19.55211,19.531487,19.479486
51.26834,19.567831,6.670031e-05,51.2402,51.248028,51.296474,51.288643,19.55211,19.604172,19.583603,19.531487
51.27615,19.619978,5.5172743e-05,51.248028,51.255817,51.30427,51.296474,19.604172,19.656351,19.635834,19.583603
51.283928,19.672243,4.477011e-05,51.255817,51.263577,51.312035,51.30427,19.656351,19.708649,19.688187,19.635834
51.29167,19.724628,7.15709e-05,51.263577,51.271297,51.319763,51.312035,19.708649,19.761068,19.74066,19.688187
51.29938,19.777138,3.2488973e-05,51.271297,51.278988,51.327457,51.319763,19.761068,19.813614,19.793259,19.74066
51.307056,19.829773,3.736983e-05,51.278988,51.286644,51.335117,51.327457,19.813614,19.866285,19.845985,19.793259
51.3147,19.882538,2.9085437e-05,51.286644,51.29427,51.342747,51.335117,19.866285,19.919088,19.898842,19.845985
51.322308,19.935434,4.5899484e-05,51.29427,51.301857,51.35034,51.342747,19.919088,19.972025,19.951834,19.898842
51.329884,19.988464,4.457979e-05,51.301857,51.309414,51.357903,51.35034,19.972025,20.025097,20.004961,19.951834
51.337425,20.041634,3.3800596e-05,51.309414,51.316936,51.365433,51.357903,20.025097,20.078308,20.058228,20.004961
51.344936,20.094944,4.539988e-05,51.316936,51.324425,51.372925,51.365433,20.078308,20.131662,20.111635,20.058228
51.35241,20.148396,5.7500307e-05,51.324425,51.331882,51.38039,51.372925,20.131662,20.18516,20.16519,20.111635
51.35985,20.201996,4.020039e-05,51.331882,51.339306,51.387817,51.38039,20.18516,20.238806,20.218891,20.16519
51.367264,20.255745,4.5126002e-05,51.339306,51.3467,51.395214,51.387817,20.238806,20.292604,20.272745,20.218891
51.37464,20.309647,2.423773e-05,51.3467,51.354057,51.402576,51.395214,20.292604,20.346556,20.326752,20.272745
51.381985,20.363705,4.491276e-05,51.354057,51.36138,51.40991,51.402576,20.346556,20.400663,20.380917,20.326752
51.389297,20.417921,4.4467433e-05,51.36138,51.368675,51.417206,51.40991,20.400663,20.454933,20.435242,20.380917
51.396576,20.4723,5.2982083e-05,51.368675,51.375935,51.42447,51.417206,20.454933,20.509365,20.48973,20.435242
51.06546,18.023428,9.0967136e-05,51.036842,51.0458,51.094067,51.085106,18.00962,18.059404,18.037262,17.987427
51.074398,18.07326,9.827954e-05,51.0458,51.05471,51.102985,51.094067,18.059404,18.109232,18.08714,18.037262
51.083294,18.123135,8.3940846e-05,51.05471,51.063583,51.111866,51.102985,18.109232,18.159105,18.137062,18.08714
51.092148,18.173056,6.122453e-05,51.063583,51.072414,51.1207,51.111866,18.159105,18.209028,18.187033,18.137062
51.100964,18.223028,5.6733723e-05,51.072414,51.081207,51.1295,51.1207,18.209028,18.258999,18.237055,18.187033
51.109737,18.27305,7.34518e-05,51.081207,51.08996,51.138256,51.1295,18.258999,18.309023,18.287128,18.237055
51.11847,18.323126,8.123606e-05,51.08996,51.098667,51.146973,51.138256,18.309023,18.359102,18.337257,18.287128
51.127163,18.373259,9.084749e-05,51.098667,51.10734,51.15565,51.146973,18.359102,18.409237,18.387444,18.337257
51.13582,18.423449,7.9806654e-05,51.10734,51.11597,51.16429,51.15565,18.409237,18.459433,18.437689,18.387444
51.144436,18.4737,7.72856e-05,51.11597,51.124565,51.17289,51.16429,18.459433,18.50969,18.487997,18.437689
51.15301,18.524014,8.217317e-05,51.124565,51.13312,51.18145,51.17289,18.50969,18.560009,18.538368,18.487997
51.16155,18.574392,7.99331e-05,51.13312,51.141636,51.189972,51.18145,18.560009,18.610397,18.588806,18.538368
51.17005,18.624838,6.619065e-05,51.141636,51.150112,51.198456,51.189972,18.610397,18.660852,18.639313,18.588806
51.178513,18.675356,6.27471e-05,51.150112,51.158554,51.2069,51.198456,18.660852,18.71138,18.689892,18.639313
51.186935,18.725945,7.51979e-05,51.158554,51.166958,51.21531,51.2069,18.71138,18.76198,18.740543,18.689892
51.195324,18.77661,8.783141e-05,51.166958,51.175323,51.223682,51.21531,18.76198,18.812658,18.791271,18.740543
51.20367,18.827349,6.3228435e-05,51.175323,51.18365,51.232014,51.223682,18.812658,18.863413,18.842077,18.791271
51.211987,18.87817,7.336163e-05,51.18365,51.19194,51.24031,51.232014,18.863413,18.914248,18.892965,18.842077
51.22026,18.929073,9.8558354e-05,51.19194,51.200195,51.248573,51.24031,18.914248,18.965168,18.943935,18.892965
51.2285,18.98006,0.00010133594,51.200195,51.208412,51.256798,51.248573,18.965168,19.016172,18.994991,18.943935
51.236702,19.031136,9.813181e-05,51.208412,51.216595,51.264984,51.256798,19.016172,19.067265,19.046137,18.994991
51.24487,19.082298,0.00010767373,51.216595,51.224743,51.273136,51.264984,19.067265,19.118448,19.097372,19.046137
51.253002,19.133554,9.3431285e-05,51.224743,51.232853,51.28125,51.273136,19.118448,19.169725,19.1487,19.097372
51.261097,19.184906,0.0001156849,51.232853,51.24093,51.289333,51.28125,19.169725,19.221098,19.200127,19.1487
51.269157,19.236353,0.00011835509,51.24093,51.248966,51.29738,51.289333,19.221098,19.272568,19.25165,19.200127
51.27718,19.2879,0.00019705009,51.248966,51.25697,51.305386,51.29738,19.272568,19.32414,19.303274,19.25165
51.28517,19.33955,0.00043266205,51.25697,51.26494,51.313362,51.305386,19.32414,19.375816,19.355001,19.303274
51.293125,19.391304,0.00041825091,51.26494,51.272873,51.3213,51.313362,19.375816,19.427597,19.406836,19.355001
51.301044,19.443167,0.00027827822,51.272873,51.280773,51.32921,51.3213,19.427597,19.479486,19.45878,19.406836
51.30893,19.495138,0.0001752879,51.280773,51.28864,51.33708,51.32921,19.479486,19.531488,19.510834,19.45878
51.31678,19.547222,0.000105418396,51.28864,51.29647,51.344913,51.33708,19.531488,19.583603,19.563004,19.510834
51.324596,19.599422,7.22138e-05,51.29647,51.304268,51.35272,51.344913,19.583603,19.635836,19.61529,19.563004
51.332382,19.651741,7.00095e-05,51.304268,51.31203,51.360485,51.35272,19.635836,19.688187,19.667694,19.61529
51.34013,19.70418,5.5548644e-05,51.31203,51.31976,51.36822,51.360485,19.688187,19.740662,19.720222,19.667694
51.347843,19.756744,4.780119e-05,51.31976,51.327454,51.37592,51.36822,19.740662,19.79326,19.772875,19.720222
51.355526,19.809433,5.417881e-05,51.327454,51.335117,51.383587,51.37592,19.79326,19.845987,19.825657,19.772875
51.363174,19.862251,5.55942e-05,51.335117,51.342747,51.39122,51.383587,19.845987,19.898844,19.878569,19.825657
51.37079,19.915203,4.702725e-05,51.342747,51.35034,51.398823,51.39122,19.898844,19.951834,19.931614,19.878569
51.37837,19.968288,3.6473928e-05,51.35034,51.357903,51.406387,51.398823,19.951834,20.004961,19.984797,19.931614
51.385914,20.021513,3.6550005e-05,51.357903,51.36543,51.41392,51.406387,20.004961,20.058228,20.038116,19.984797
51.39343,20.074877,3.9424325e-05,51.36543,51.372925,51.42142,51.41392,20.058228,20.111637,20.091581,20.038116
51.40091,20.128386,2.6522226e-05,51.372925,51.380386,51.42889,51.42142,20.111637,20.16519,20.145191,20.091581
51.40836,20.182041,2.713938e-05,51.380386,51.387817,51.436325,51.42889,20.16519,20.218893,20.198948,20.145191
51.415775,20.235846,2.8231158e-05,51.387817,51.39521,51.443726,51.436325,20.218893,20.272745,20.252857,20.198948
51.423157,20.289804,2.8608223e-05,51.39521,51.402576,51.45109,51.443726,20.272745,20.326754,20.306921,20.252857
51.430504,20.343918,4.7890826e-05,51.402576,51.409904,51.458427,51.45109,20.326754,20.380919,20.361143,20.306921
51.43782,20.398191,3.4565313e-05,51.409904,51.417202,51.465733,51.458427,20.380919,20.435244,20.415524,20.361143
51.445107,20.452627,4.9891107e-05,51.417202,51.42447,51.473,51.465733,20.435244,20.489733,20.47007,20.415524
51.113716,18.001236,6.907586e-05,51.085102,51.094067,51.14232,51.13335,17.987427,18.037262,18.015068,17.965185
51.122658,18.051115,7.605023e-05,51.094067,51.102985,51.151245,51.14232,18.037262,18.08714,18.064997,18.015068
51.13156,18.10104,6.847289e-05,51.102985,51.111866,51.16013,51.151245,18.08714,18.137062,18.11497,18.064997
51.140423,18.151012,5.90336e-05,51.111866,51.1207,51.168976,51.16013,18.137062,18.187033,18.16499,18.11497
51.149242,18.201033,4.615296e-05,51.1207,51.1295,51.17778,51.168976,18.187033,18.237055,18.215061,18.16499
51.158024,18.251106,6.8268426e-05,51.1295,51.138256,51.186543,51.17778,18.237055,18.287128,18.265186,18.215061
51.166763,18.301231,6.5073866e-05,51.138256,51.146973,51.195267,51.186543,18.287128,18.337257,18.315365,18.265186
51.175465,18.351414,9.7176664e-05,51.146973,51.15565,51.20395,51.195267,18.337257,18.387444,18.3656,18.315365
51.184128,18.401655,7.025362e-05,51.15565,51.16429,51.212593,51.20395,18.387444,18.437689,18.415897,18.3656
51.19275,18.451956,3.8353875e-05,51.16429,51.17289,51.2212,51.212593,18.437689,18.487997,18.466255,18.415897
51.201332,18.502321,5.741912e-05,51.17289,51.18145,51.229767,51.2212,18.487997,18.538368,18.516678,18.466255
51.209877,18.55275,7.0752445e-05,51.18145,51.189972,51.238293,51.229767,18.538368,18.588806,18.567165,18.516678
51.21838,18.603249,8.143919e-05,51.189972,51.198456,51.246784,51.238293,18.588806,18.639313,18.617723,18.567165
51.22685,18.653816,7.478115e-05,51.198456,51.2069,51.255234,51.246784,18.639313,18.689892,18.668354,18.617723
51.23528,18.704456,6.196231e-05,51.2069,51.21531,51.26365,51.255234,18.689892,18.740543,18.719057,18.668354
51.24367,18.75517,7.8058685e-05,51.21531,51.223682,51.272026,51.26365,18.740543,18.791271,18.769835,18.719057
51.252026,18.805964,8.341945e-05,51.223682,51.232014,51.28037,51.272026,18.791271,18.842077,18.820694,18.769835
51.260345,18.856836,6.6903616e-05,51.232014,51.24031,51.28867,51.28037,18.842077,18.892965,18.871632,18.820694
51.268627,18.907791,7.446419e-05,51.24031,51.248573,51.296936,51.28867,18.892965,18.943935,18.922655,18.871632
51.27687,18.95883,0.00010478207,51.248573,51.256794,51.305164,51.296936,18.943935,18.994991,18.973763,18.922655
51.28508,19.009956,9.508654e-05,51.256794,51.264984,51.31336,51.305164,18.994991,19.046137,19.02496,18.973763
51.293255,19.061172,0.00010874724,51.264984,51.273136,51.321518,51.31336,19.046137,19.097372,19.076248,19.02496
51.30139,19.11248,9.6788826e-05,51.273136,51.28125,51.32964,51.321518,19.097372,19.1487,19.127628,19.076248
51.30949,19.163883,9.7868986e-05,51.28125,51.289333,51.337727,51.32964,19.1487,19.200127,19.179106,19.127628
51.31756,19.215384,0.00010559124,51.289333,51.29738,51.345776,51.337727,19.200127,19.25165,19.230682,19.179106
51.32559,19.266983,0.0001455624,51.29738,51.305386,51.35379,51.345776,19.25165,19.303274,19.28236,19.230682
51.333584,19.318686,0.00020632747,51.305386,51.313362,51.36177,51.35379,19.303274,19.355001,19.33414,19.28236
51.341545,19.370493,0.0003784951,51.313362,51.3213,51.369717,51.36177,19.355001,19.406836,19.386028,19.33414
51.34947,19.422407,0.00052378635,51.3213,51.32921,51.37763,51.369717,19.406836,19.45878,19.438025,19.386028
51.35736,19.474432,0.0004997775,51.32921,51.33708,51.385506,51.37763,19.45878,19.510834,19.490133,19.438025
51.365215,19.526571,0.00033218387,51.33708,51.344913,51.39335,51.385506,19.510834,19.563004,19.542355,19.490133
51.37304,19.578825,0.00019166006,51.344913,51.35272,51.401157,51.39335,19.563004,19.61529,19.594694,19.542355
51.380825,19.631197,0.00016384291,51.35272,51.360485,51.40893,51.401157,19.61529,19.667694,19.647154,19.594694
51.38858,19.683691,0.00013272245,51.360485,51.36822,51.41667,51.40893,19.667694,19.720222,19.699736,19.647154
51.3963,19.736307,0.00010679042,51.36822,51.37592,51.424377,51.41667,19.720222,19.772875,19.752443,19.699736
51.403988,19.789051,8.002587e-05,51.37592,51.383587,51.43205,51.424377,19.772875,19.825657,19.805279,19.752443
51.41164,19.841925,7.0176684e-05,51.383587,51.39122,51.439686,51.43205,19.825657,19.878569,19.858246,19.805279
51.419262,19.89493,8.113726e-05,51.39122,51.398823,51.447292,51.439686,19.878569,19.931614,19.911346,19.858246
51.426846,19.94807,5.702484e-05,51.398823,51.406387,51.454865,51.447292,19.931614,19.984797,19.964582,19.911346
51.4344,20.00135,5.1099752e-05,51.406387,51.41392,51.462402,51.454865,19.984797,20.038116,20.01796,19.964582
51.441917,20.05477,3.8986527e-05,51.41392,51.42142,51.46991,51.462402,20.038116,20.091581,20.071478,20.01796
51.449406,20.108334,5.04292e-05,51.42142,51.42889,51.477383,51.46991,20.091581,20.145191,20.125143,20.071478
51.45686,20.162045,4.2857115e-05,51.42889,51.43632,51.48482,51.477383,20.145191,20.198948,20.178957,20.125143
51.46428,20.215906,8.950579e-06,51.43632,51.443726,51.492226,51.48482,20.198948,20.252857,20.232922,20.178957
51.471664,20.26992,5.3058673e-05,51.443726,51.45109,51.4996,51.492226,20.252857,20.306921,20.287043,20.232922
51.47902,20.324091,4.2581156e-05,51.45109,51.458427,51.506943,51.4996,20.306921,20.361143,20.34132,20.287043
51.486343,20.37842,1.509147e-05,51.458427,51.465733,51.514248,51.506943,20.361143,20.415524,20.395758,20.34132
51.49363,20.432913,3.7596114e-05,51.465733,51.473,51.521523,51.514248,20.415524,20.47007,20.450361,20.395758
51.170918,18.028933,7.478817e-05,51.14232,51.151245,51.199512,51.19058,18.01507,18.064997,18.042824,17.992847
51.179825,18.078907,6.3953776e-05,51.151245,51.16013,51.208405,51.199512,18.064997,18.11497,18.092848,18.042824
51.188694,18.12893,5.217619e-05,51.16013,51.168972,51.217255,51.208405,18.11497,18.164991,18.142918,18.092848
51.19752,18.179,4.2573458e-05,51.168972,51.177776,51.226063,51.217255,18.164991,18.215063,18.19304,18.142918
51.206306,18.229124,6.0746162e-05,51.177776,51.18654,51.234833,51.226063,18.215063,18.265186,18.243216,18.19304
51.215054,18.2793,7.7064666e-05,51.18654,51.195263,51.243565,51.234833,18.265186,18.315365,18.293444,18.243216
51.223763,18.329533,7.509347e-05,51.195263,51.203945,51.252254,51.243565,18.315365,18.365602,18.34373,18.293444
51.23243,18.379824,6.538357e-05,51.203945,51.212593,51.260902,51.252254,18.365602,18.415897,18.394077,18.34373
51.241055,18.430176,4.698473e-05,51.212593,51.221195,51.269516,51.260902,18.415897,18.466255,18.444487,18.394077
51.249645,18.48059,5.7737558e-05,51.221195,51.229763,51.278088,51.269516,18.466255,18.516678,18.494959,18.444487
51.258194,18.53107,7.2288756e-05,51.229763,51.238293,51.28662,51.278088,18.516678,18.567167,18.5455,18.494959
51.26671,18.58162,7.738836e-05,51.238293,51.24678,51.29512,51.28662,18.567167,18.617725,18.59611,18.5455
51.27518,18.632238,5.5692337e-05,51.24678,51.255234,51.303577,51.29512,18.617725,18.668354,18.64679,18.59611
51.28362,18.68293,6.133628e-05,51.255234,51.26365,51.311996,51.303577,18.668354,18.719057,18.697544,18.64679
51.292015,18.733698,6.260884e-05,51.26365,51.272026,51.32038,51.311996,18.719057,18.769836,18.748375,18.697544
51.300377,18.78454,5.6186065e-05,51.272026,51.280365,51.328728,51.32038,18.769836,18.820694,18.799284,18.748375
51.3087,18.835464,7.167957e-05,51.280365,51.28867,51.337036,51.328728,18.820694,18.871634,18.850275,18.799284
51.31699,18.88647,6.136003e-05,51.28867,51.296936,51.345306,51.337036,18.871634,18.922655,18.90135,18.850275
51.32524,18.937563,7.6788056e-05,51.296936,51.305164,51.353542,51.345306,18.922655,18.973764,18.952509,18.90135
51.333454,18.98874,7.176047e-05,51.305164,51.31336,51.361744,51.353542,18.973764,19.024961,19.00376,18.952509
51.341633,19.040009,8.162901e-05,51.31336,51.321514,51.369907,51.361744,19.024961,19.076248,19.0551,19.00376
51.349777,19.09137,9.250714e-05,51.321514,51.329636,51.378033,51.369907,19.076248,19.12763,19.106533,19.0551
51.357883,19.142824,8.493202e-05,51.329636,51.337723,51.386124,51.378033,19.12763,19.179108,19.158062,19.106533
51.365955,19.194378,0.000102227365,51.337723,51.345776,51.39418,51.386124,19.179108,19.230684,19.209692,19.158062
51.373993,19.24603,0.00014179497,51.345776,51.35379,51.402203,51.39418,19.230684,19.28236,19.261421,19.209692
51.381992,19.297785,0.00018380446,51.35379,51.36177,51.41019,51.402203,19.28236,19.33414,19.313255,19.261421
51.389957,19.349646,0.00027710103,51.36177,51.369717,51.41814,51.41019,19.33414,19.386028,19.365196,19.313255
51.39789,19.401613,0.00032220964,51.369717,51.37763,51.426056,51.41814,19.386028,19.438025,19.417246,19.365196
51.405785,19.453693,0.00040625062,51.37763,51.385506,51.43394,51.426056,19.438025,19.490133,19.469408,19.417246
51.413647,19.505884,0.00040117322,51.385506,51.393345,51.441788,51.43394,19.490133,19.542356,19.521685,19.469408
51.421474,19.558191,0.00034902757,51.393345,51.401154,51.4496,51.441788,19.542356,19.594696,19.574078,19.521685
51.429268,19.610619,0.00031400064,51.401154,51.408928,51.457382,51.4496,19.594696,19.647154,19.62659,19.574078
51.43703,19.663166,0.00025708976,51.408928,51.416668,51.465126,51.457382,19.647154,19.699738,19.679228,19.62659
51.444756,19.715837,0.00017356071,51.416668,51.424374,51.472836,51.465126,19.699738,19.752443,19.731989,19.679228
51.452446,19.768635,0.00015004085,51.424374,51.432045,51.480515,51.472836,19.752443,19.805279,19.78488,19.731989
51.460106,19.821564,0.0001377113,51.432045,51.439686,51.48816,51.480515,19.805279,19.858246,19.837902,19.78488
51.46773,19.874624,0.00012904376,51.439686,51.447292,51.49577,51.48816,19.858246,19.911346,19.891056,19.837902
51.475323,19.92782,0.0001641345,51.447292,51.454865,51.50335,51.49577,19.911346,19.964584,19.94435,19.891056
51.48288,19.981153,0.00012362855,51.454865,51.462402,51.51089,51.50335,19.964584,20.01796,19.997782,19.94435
51.490402,20.03463,7.5054784e-05,51.462402,51.469906,51.518402,51.51089,20.01796,20.07148,20.051357,19.997782
51.497894,20.08825,4.275086e-05,51.469906,51.47738,51.52588,51.518402,20.07148,20.125145,20.105078,20.051357
51.505356,20.142015,4.305683e-05,51.47738,51.484818,51.533325,51.52588,20.125145,20.178959,20.158947,20.105078
51.51278,20.195932,3.0771225e-05,51.484818,51.492226,51.540737,51.533325,20.178959,20.232924,20.212969,20.158947
51.520172,20.250004,4.0125877e-05,51.492226,51.4996,51.548115,51.540737,20.232924,20.287043,20.267145,20.212969
51.52753,20.30423,2.637662e-05,51.4996,51.50694,51.55546,51.548115,20.287043,20.34132,20.32148,20.267145
51.53486,20.358616,3.7715487e-05,51.50694,51.514248,51.562775,51.55546,20.34132,20.39576,20.375975,20.32148
51.542152,20.413164,4.231946e-05,51.514248,51.521523,51.570053,51.562775,20.39576,20.450361,20.430634,20.375975
51.549416,20.467878,3.6940797e-05,51.521523,51.528767,51.5773,51.570053,20.450361,20.505133,20.485462,20.430634
51.219177,18.006712,5.918022e-05,51.19058,51.199512,51.247765,51.238827,17.992847,18.042824,18.020592,17.970566
51.228096,18.056736,5.3962518e-05,51.199512,51.208405,51.256664,51.247765,18.042824,18.092848,18.070665,18.020592
51.23697,18.106808,7.022513e-05,51.208405,51.217255,51.26552,51.256664,18.092848,18.142918,18.120787,18.070665
51.245804,18.156929,4.7245303e-05,51.217255,51.226063,51.274338,51.26552,18.142918,18.19304,18.17096,18.120787
51.254597,18.207104,5.0825663e-05,51.226063,51.234833,51.28311,51.274338,18.19304,18.243216,18.221184,18.17096
51.263348,18.25733,5.787914e-05,51.234833,51.243565,51.291847,51.28311,18.243216,18.293444,18.271463,18.221184
51.27206,18.307613,7.2422685e-05,51.243565,51.252254,51.300545,51.291847,18.293444,18.34373,18.321802,18.271463
51.280735,18.357954,5.9778402e-05,51.252254,51.260902,51.3092,51.300545,18.34373,18.394077,18.372198,18.321802
51.289368,18.408358,3.9591327e-05,51.260902,51.269516,51.317818,51.3092,18.394077,18.444487,18.422659,18.372198
51.297962,18.458824,5.295049e-05,51.269516,51.278088,51.326397,51.317818,18.444487,18.49496,18.473183,18.422659
51.30652,18.509356,4.6525827e-05,51.278088,51.28662,51.334938,51.326397,18.49496,18.5455,18.523773,18.473183
51.315037,18.559956,6.571029e-05,51.28662,51.29512,51.34344,51.334938,18.5455,18.59611,18.574434,18.523773
51.323517,18.610626,5.5155917e-05,51.29512,51.303577,51.351906,51.34344,18.59611,18.64679,18.625166,18.574434
51.331963,18.661367,3.5980447e-05,51.303577,51.311996,51.360332,51.351906,18.64679,18.697544,18.675972,18.625166
51.340366,18.712187,6.345256e-05,51.311996,51.32038,51.36872,51.360332,18.697544,18.748375,18.726854,18.675972
51.348732,18.763083,4.812793e-05,51.32038,51.328728,51.37707,51.36872,18.748375,18.799284,18.777815,18.726854
51.357063,18.814058,6.135296e-05,51.328728,51.337036,51.385387,51.37707,18.799284,18.850275,18.828857,18.777815
51.365356,18.865116,7.845859e-05,51.337036,51.345306,51.393665,51.385387,18.850275,18.90135,18.879984,18.828857
51.373615,18.91626,6.575549e-05,51.345306,51.353542,51.40191,51.393665,18.90135,18.952509,18.931196,18.879984
51.381836,18.96749,6.1938044e-05,51.353542,51.361744,51.410114,51.40191,18.952509,19.00376,18.982498,18.931196
51.39002,19.01881,8.5214524e-05,51.361744,51.369907,51.41828,51.410114,19.00376,19.0551,19.033892,18.982498
51.398167,19.070223,8.1196056e-05,51.369907,51.378033,51.426414,51.41828,19.0551,19.106533,19.085377,19.033892
51.40628,19.12173,6.414448e-05,51.378033,51.386124,51.434513,51.426414,19.106533,19.158064,19.136961,19.085377
51.414356,19.173336,8.8419154e-05,51.386124,51.39418,51.442577,51.434513,19.158064,19.209692,19.188643,19.136961
51.422398,19.225042,0.00010989796,51.39418,51.402203,51.450603,51.442577,19.209692,19.261421,19.240425,19.188643
51.430405,19.276852,0.00010822801,51.402203,51.41019,51.458595,51.450603,19.261421,19.313255,19.292313,19.240425
51.438377,19.328764,0.000100458965,51.41019,51.41814,51.466553,51.458595,19.313255,19.365196,19.344307,19.292313
51.446312,19.380787,0.00011752672,51.41814,51.426056,51.474476,51.466553,19.365196,19.417246,19.39641,19.344307
51.454216,19.432919,0.00011443246,51.426056,51.43394,51.48236,51.474476,19.417246,19.469408,19.448626,19.39641
51.462082,19.485165,0.00014444083,51.43394,51.441788,51.490215,51.48236,19.469408,19.521685,19.500956,19.448626
51.469917,19.537525,0.00016332837,51.441788,51.4496,51.498035,51.490215,19.521685,19.574078,19.553402,19.500956
51.477715,19.590006,0.00014439084,51.4496,51.45738,51.50582,51.498035,19.574078,19.626593,19.60597,19.553402
51.48548,19.642607,0.00016491159,51.45738,51.465126,51.513573,51.50582,19.626593,19.679228,19.65866,19.60597
51.493214,19.695333,0.0001423272,51.465126,51.472836,51.52129,51.513573,19.679228,19.731989,19.711477,19.65866
51.50091,19.748186,0.00019007198,51.472836,51.480515,51.528973,51.52129,19.731989,19.78488,19.764423,19.711477
51.508575,19.801168,0.0002155556,51.480515,51.48816,51.53662,51.528973,19.78488,19.837902,19.8175,19.764423
51.516205,19.854284,0.00023123296,51.48816,51.49577,51.54424,51.53662,19.837902,19.891056,19.870708,19.8175
51.5238,19.907536,0.000220529,51.49577,51.503345,51.55182,51.54424,19.891056,19.94435,19.924057,19.870708
51.531364,19.960926,0.00019740412,51.503345,51.51089,51.55937,51.55182,19.94435,19.997782,19.977545,19.924057
51.538895,20.014456,0.00011131598,51.51089,51.518402,51.566887,51.55937,19.997782,20.051357,20.031176,19.977545
51.54639,20.068132,4.6509726e-05,51.518402,51.52588,51.574368,51.566887,20.051357,20.105078,20.084951,20.031176
51.553856,20.121956,3.6493664e-05,51.52588,51.533325,51.581818,51.574368,20.105078,20.158947,20.138878,20.084951
51.561287,20.175928,3.6983918e-05,51.533325,51.540737,51.589237,51.581818,20.158947,20.212969,20.192955,20.138878
51.568684,20.230055,3.4222976e-05,51.540737,51.548115,51.59662,51.589237,20.212969,20.267145,20.247189,20.192955
51.57605,20.284338,2.9294168e-05,51.548115,51.55546,51.60397,51.59662,20.267145,20.32148,20.301579,20.247189
51.58338,20.338781,3.4904082e-05,51.55546,51.562775,51.61129,51.60397,20.32148,20.375975,20.356133,20.301579
51.59068,20.393387,2.6539175e-05,51.562775,51.570053,51.618572,51.61129,20.375975,20.430634,20.410849,20.356133
51.597946,20.448158,2.207484e-05,51.570053,51.5773,51.625828,51.618572,20.430634,20.485462,20.465734,20.410849
51.27634,18.034502,6.249104e-05,51.247765,51.25666,51.304924,51.29602,18.020594,18.070667,18.04847,17.998346
51.28522,18.084623,6.311322e-05,51.25666,51.26552,51.31379,51.304924,18.070667,18.120789,18.098642,18.04847
51.294064,18.134794,6.351107e-05,51.26552,51.274334,51.322613,51.31379,18.120789,18.17096,18.148865,18.098642
51.30286,18.185019,6.884124e-05,51.274334,51.28311,51.331394,51.322613,18.17096,18.221186,18.19914,18.148865
51.31162,18.235296,7.2670024e-05,51.28311,51.291847,51.340137,51.331394,18.221186,18.271465,18.249472,18.19914
51.32034,18.28563,5.5336135e-05,51.291847,51.300545,51.34884,51.340137,18.271465,18.321802,18.29986,18.249472
51.32902,18.336021,7.398443e-05,51.300545,51.3092,51.357502,51.34884,18.321802,18.3722,18.350307,18.29986
51.33766,18.386477,5.222807e-05,51.3092,51.317818,51.366127,51.357502,18.3722,18.422659,18.400818,18.350307
51.34626,18.436993,5.1560564e-05,51.317818,51.326397,51.37471,51.366127,18.422659,18.473183,18.451393,18.400818
51.354824,18.487576,4.3182903e-05,51.326397,51.334938,51.38326,51.37471,18.473183,18.523775,18.502035,18.451393
51.36335,18.538227,4.4653076e-05,51.334938,51.34344,51.391766,51.38326,18.523775,18.574434,18.552748,18.502035
51.371834,18.588947,5.690113e-05,51.34344,51.351902,51.400238,51.391766,18.574434,18.625166,18.60353,18.552748
51.380283,18.639742,4.0538198e-05,51.351902,51.36033,51.40867,51.400238,18.625166,18.675972,18.654388,18.60353
51.388695,18.69061,4.5270866e-05,51.36033,51.368717,51.417065,51.40867,18.675972,18.726854,18.705322,18.654388
51.397068,18.74156,3.3355776e-05,51.368717,51.37707,51.425423,51.417065,18.726854,18.777817,18.756334,18.705322
51.405403,18.792587,5.324315e-05,51.37707,51.385387,51.433743,51.425423,18.777817,18.82886,18.80743,18.756334
51.413704,18.843697,4.212735e-05,51.385387,51.393665,51.442028,51.433743,18.82886,18.879986,18.858608,18.80743
51.421967,18.894892,5.1912724e-05,51.393665,51.401905,51.450275,51.442028,18.879986,18.931198,18.909874,18.858608
51.430195,18.946175,4.9288723e-05,51.401905,51.41011,51.458485,51.450275,18.931198,18.982498,18.961227,18.909874
51.438385,18.997547,5.5577893e-05,51.41011,51.41828,51.466663,51.458485,18.982498,19.033892,19.012672,18.961227
51.446537,19.049013,8.04426e-05,51.41828,51.426414,51.4748,51.466663,19.033892,19.085379,19.06421,19.012672
51.45466,19.100574,5.8957598e-05,51.426414,51.434513,51.482906,51.4748,19.085379,19.136961,19.115847,19.06421
51.462738,19.152233,9.142667e-05,51.434513,51.442574,51.490974,51.482906,19.136961,19.188643,19.167582,19.115847
51.470787,19.20399,9.864355e-05,51.442574,51.4506,51.499004,51.490974,19.188643,19.240425,19.219418,19.167582
51.4788,19.255852,9.064245e-05,51.4506,51.45859,51.507004,51.499004,19.240425,19.292313,19.271358,19.219418
51.48678,19.30782,7.843191e-05,51.45859,51.46655,51.514965,51.507004,19.292313,19.344307,19.323406,19.271358
51.49472,19.359894,7.5901924e-05,51.46655,51.474472,51.522896,51.514965,19.344307,19.39641,19.375565,19.323406
51.50263,19.41208,8.488625e-05,51.474472,51.48236,51.53079,51.522896,19.39641,19.448626,19.427834,19.375565
51.5105,19.46438,8.2887535e-05,51.48236,51.490215,51.538647,51.53079,19.448626,19.500956,19.480217,19.427834
51.51834,19.516794,8.308245e-05,51.490215,51.49803,51.54647,51.538647,19.500956,19.553404,19.532719,19.480217
51.526146,19.56933,8.594806e-05,51.49803,51.505817,51.554264,51.54647,19.553404,19.605972,19.58534,19.532719
51.533916,19.621986,9.752273e-05,51.505817,51.51357,51.56202,51.554264,19.605972,19.658663,19.638086,19.58534
51.541653,19.674767,0.00012231576,51.51357,51.521286,51.56974,51.56202,19.658663,19.71148,19.690958,19.638086
51.549355,19.727674,0.0001011589,51.521286,51.52897,51.57743,51.56974,19.71148,19.764423,19.743958,19.690958
51.557026,19.780712,0.000104768515,51.52897,51.536617,51.585087,51.57743,19.764423,19.8175,19.797089,19.743958
51.56466,19.833881,0.00015216405,51.536617,51.544235,51.59271,51.585087,19.8175,19.87071,19.850355,19.797089
51.57226,19.887188,0.00013766634,51.544235,51.55182,51.600296,51.59271,19.87071,19.924057,19.903757,19.850355
51.57983,19.940634,8.378397e-05,51.55182,51.55937,51.60785,51.600296,19.924057,19.977545,19.957302,19.903757
51.587368,19.99422,6.704641e-05,51.55937,51.566883,51.61537,51.60785,19.977545,20.031176,20.010988,19.957302
51.594868,20.04795,6.321741e-05,51.566883,51.574368,51.62286,51.61537,20.031176,20.084953,20.064821,20.010988
51.602337,20.10183,3.8662583e-05,51.574368,51.581818,51.630314,51.62286,20.084953,20.138878,20.118803,20.064821
51.609776,20.155859,4.2989253e-05,51.581818,51.589233,51.637737,51.630314,20.138878,20.192957,20.172937,20.118803
51.617176,20.210043,1.8780998e-05,51.589233,51.59662,51.645126,51.637737,20.192957,20.247189,20.227226,20.172937
51.624546,20.264383,2.771646e-05,51.59662,51.60397,51.65248,51.645126,20.247189,20.30158,20.281675,20.227226
51.631886,20.318882,3.206107e-05,51.60397,51.611286,51.659805,51.65248,20.30158,20.356133,20.336285,20.281675
51.63919,20.373545,2.4297135e-05,51.611286,51.618572,51.667095,51.659805,20.356133,20.41085,20.391058,20.336285
51.64646,20.428375,2.6585069e-05,51.618572,51.625824,51.674355,51.667095,20.41085,20.465734,20.446001,20.391058
51.32461,18.012295,9.202157e-05,51.29602,51.304924,51.35319,51.34428,17.998346,18.04847,18.026249,17.976076
51.3335,18.062468,7.4125404e-05,51.304924,51.31379,51.362064,51.35319,18.04847,18.098642,18.076471,18.026249
51.342346,18.11269,7.805281e-05,51.31379,51.322613,51.37089,51.362064,18.098642,18.148865,18.126745,18.076471
51.35115,18.162964,8.893651e-05,51.322613,51.331394,51.37968,51.37089,18.148865,18.19914,18.17707,18.126745
51.359917,18.213291,7.41914e-05,51.331394,51.340137,51.38843,51.37968,18.19914,18.249472,18.227451,18.17707
51.368645,18.263676,7.114315e-05,51.340137,51.34884,51.397137,51.38843,18.249472,18.29986,18.277891,18.227451
51.37733,18.31412,6.271666e-05,51.34884,51.357502,51.405807,51.397137,18.29986,18.350307,18.32839,18.277891
51.385975,18.364624,4.317916e-05,51.357502,51.366127,51.41444,51.405807,18.350307,18.400818,18.378952,18.32839
51.394585,18.415194,5.1821688e-05,51.366127,51.37471,51.42303,51.41444,18.400818,18.451393,18.429579,18.378952
51.403152,18.465826,7.0845424e-05,51.37471,51.38326,51.431583,51.42303,18.451393,18.502035,18.480272,18.429579
51.411682,18.51653,4.3227454e-05,51.38326,51.391766,51.440098,51.431583,18.502035,18.552748,18.531036,18.480272
51.420174,18.567303,5.1291823e-05,51.391766,51.400238,51.448574,51.440098,18.552748,18.60353,18.581871,18.531036
51.42863,18.618149,4.857016e-05,51.400238,51.40867,51.457012,51.448574,18.60353,18.654388,18.63278,18.581871
51.437046,18.66907,4.1390114e-05,51.40867,51.417065,51.465412,51.457012,18.654388,18.705322,18.683767,18.63278
51.445427,18.72007,4.9969596e-05,51.417065,51.425423,51.473778,51.465412,18.705322,18.756336,18.73483,18.683767
51.45377,18.771149,3.7124e-05,51.425423,51.433743,51.482105,51.473778,18.756336,18.80743,18.785978,18.73483
51.462074,18.822311,4.1585023e-05,51.433743,51.442028,51.490395,51.482105,18.80743,18.858608,18.83721,18.785978
51.470345,18.873558,5.072518e-05,51.442028,51.450275,51.49865,51.490395,18.858608,18.909874,18.888527,18.83721
51.478577,18.924894,4.9332397e-05,51.450275,51.458485,51.506866,51.49865,18.909874,18.961227,18.939934,18.888527
51.48677,18.97632,5.9661736e-05,51.458485,51.46666,51.515045,51.506866,18.961227,19.012672,18.991432,18.939934
51.49493,19.027838,6.210559e-05,51.46666,51.4748,51.523193,51.515045,19.012672,19.06421,19.043024,18.991432
51.503056,19.079453,7.409599e-05,51.4748,51.482903,51.5313,51.523193,19.06421,19.115847,19.094713,19.043024
51.511147,19.131163,5.0328337e-05,51.482903,51.490974,51.539375,51.5313,19.115847,19.167582,19.1465,19.094713
51.5192,19.182976,6.590859e-05,51.490974,51.499004,51.547413,51.539375,19.167582,19.21942,19.198391,19.1465
51.527218,19.23489,8.31441e-05,51.499004,51.507004,51.555416,51.547413,19.21942,19.271358,19.250385,19.198391
51.5352,19.286911,6.5486915e-05,51.507004,51.514965,51.563385,51.555416,19.271358,19.323406,19.302486,19.250385
51.543148,19.339039,4.1063206e-05,51.514965,51.522896,51.57132,51.563385,19.323406,19.375565,19.354696,19.302486
51.551064,19.39128,6.801086e-05,51.522896,51.53079,51.57922,51.57132,19.375565,19.427834,19.40702,19.354696
51.55894,19.443632,5.1655374e-05,51.53079,51.538647,51.587082,51.57922,19.427834,19.480217,19.45946,19.40702
51.566784,19.496103,6.906528e-05,51.538647,51.54647,51.594913,51.587082,19.480217,19.532719,19.512014,19.45946
51.574596,19.54869,6.25544e-05,51.54647,51.55426,51.60271,51.594913,19.532719,19.58534,19.564692,19.512014
51.58237,19.601402,6.040864e-05,51.55426,51.56202,51.610474,51.60271,19.58534,19.638086,19.61749,19.564692
51.590115,19.654238,6.169374e-05,51.56202,51.56974,51.618202,51.610474,19.638086,19.690958,19.670418,19.61749
51.597824,19.707201,4.8095684e-05,51.56974,51.57743,51.625896,51.618202,19.690958,19.743958,19.723473,19.670418
51.6055,19.760294,5.2966203e-05,51.57743,51.585087,51.633556,51.625896,19.743958,19.797089,19.776659,19.723473
51.61314,19.813519,6.267736e-05,51.585087,51.59271,51.641182,51.633556,19.797089,19.850355,19.82998,19.776659
51.620747,19.86688,6.412865e-05,51.59271,51.600296,51.648777,51.641182,19.850355,19.903757,19.88344,19.82998
51.628323,19.920382,7.5573524e-05,51.600296,51.60785,51.656338,51.648777,19.903757,19.957302,19.937038,19.88344
51.63586,19.974024,3.7441645e-05,51.60785,51.61537,51.663864,51.656338,19.957302,20.010988,19.990782,19.937038
51.643368,20.027813,2.8427146e-05,51.61537,51.62286,51.671356,51.663864,20.010988,20.064821,20.04467,19.990782
51.650845,20.081747,2.134516e-05,51.62286,51.630314,51.678818,51.671356,20.064821,20.118803,20.09871,20.04467
51.658283,20.135834,2.3048873e-05,51.630314,51.637737,51.686245,51.678818,20.118803,20.172937,20.1529,20.09871
51.66569,20.190073,4.97432e-05,51.637737,51.645126,51.693638,51.686245,20.172937,20.227226,20.207247,20.1529
51.67307,20.24447,3.7980935e-05,51.645126,51.65248,51.701,51.693638,20.227226,20.281675,20.261753,20.207247
51.680412,20.299028,4.88332e-05,51.65248,51.659805,51.70833,51.701,20.281675,20.336285,20.31642,20.261753
51.68772,20.353748,3.7486636e-05,51.659805,51.667095,51.715626,51.70833,20.336285,20.391058,20.371252,20.31642
51.694996,20.408634,3.0916173e-05,51.667095,51.674355,51.72289,51.715626,20.391058,20.446001,20.426252,20.371252
51.70224,20.463692,3.011645e-05,51.674355,51.68158,51.730118,51.72289,20.446001,20.501114,20.481422,20.426252
51.38176,18.040218,6.427493e-05,51.35319,51.36206,51.41032,51.401443,18.02625,18.076473,18.054214,18.00394
51.390614,18.090492,6.9631984e-05,51.36206,51.37089,51.419155,51.41032,18.076473,18.126745,18.104538,18.054214
51.399426,18.140816,6.845506e-05,51.37089,51.37968,51.427948,51.419155,18.126745,18.17707,18.154915,18.104538
51.4082,18.191196,4.984033e-05,51.37968,51.388428,51.436707,51.427948,18.17707,18.227453,18.205347,18.154915
51.41693,18.24163,5.4168126e-05,51.388428,51.397137,51.44542,51.436707,18.227453,18.277893,18.255838,18.205347
51.42562,18.292126,6.8199326e-05,51.397137,51.405807,51.454094,51.44542,18.277893,18.328392,18.306389,18.255838
51.434277,18.342682,5.4915017e-05,51.405807,51.414436,51.46273,51.454094,18.328392,18.378954,18.357,18.306389
51.44289,18.393301,3.8654514e-05,51.414436,51.423027,51.47133,51.46273,18.378954,18.42958,18.407679,18.357
51.451466,18.443987,4.880259e-05,51.423027,51.43158,51.47989,51.47133,18.42958,18.480274,18.458424,18.407679
51.46,18.49474,3.5894733e-05,51.43158,51.440094,51.48841,51.47989,18.480274,18.531036,18.50924,18.458424
51.4685,18.545565,4.0698887e-05,51.440094,51.44857,51.49689,51.48841,18.531036,18.581871,18.560125,18.50924
51.47696,18.596462,5.455983e-05,51.44857,51.457012,51.505337,51.49689,18.581871,18.632782,18.611088,18.560125
51.485382,18.647436,4.9039187e-05,51.457012,51.465412,51.513744,51.505337,18.632782,18.683767,18.662125,18.611088
51.493767,18.698488,4.725054e-05,51.465412,51.473774,51.522114,51.513744,18.683767,18.734833,18.713242,18.662125
51.502117,18.749619,4.399606e-05,51.473774,51.4821,51.53045,51.522114,18.734833,18.78598,18.76444,18.713242
51.51043,18.800835,3.991394e-05,51.4821,51.49039,51.538742,51.53045,18.78598,18.83721,18.815725,18.76444
51.518703,18.852135,5.580499e-05,51.49039,51.498646,51.547005,51.538742,18.83721,18.888527,18.867094,18.815725
51.526943,18.903522,5.8416445e-05,51.498646,51.506863,51.555225,51.547005,18.888527,18.939934,18.918554,18.867094
51.535145,18.955,7.958568e-05,51.506863,51.515045,51.56341,51.555225,18.939934,18.991432,18.970104,18.918554
51.54331,19.00657,8.311331e-05,51.515045,51.52319,51.571564,51.56341,18.991432,19.043024,19.02175,18.970104
51.55144,19.058239,5.24974e-05,51.52319,51.5313,51.57968,51.571564,19.043024,19.094713,19.073492,19.02175
51.559536,19.110003,8.497742e-05,51.5313,51.53937,51.58776,51.57968,19.094713,19.146502,19.125334,19.073492
51.567593,19.16187,6.343956e-05,51.53937,51.547413,51.595802,51.58776,19.146502,19.198391,19.177277,19.125334
51.57562,19.213837,6.9026544e-05,51.547413,51.555416,51.603813,51.595802,19.198391,19.250385,19.229324,19.177277
51.583607,19.265911,5.525878e-05,51.555416,51.563385,51.611786,51.603813,19.250385,19.302486,19.281479,19.229324
51.59156,19.318094,4.853592e-05,51.563385,51.57132,51.619728,51.611786,19.302486,19.354698,19.333744,19.281479
51.59948,19.370388,5.857291e-05,51.57132,51.579216,51.627632,51.619728,19.354698,19.40702,19.386122,19.333744
51.607365,19.422794,6.735206e-05,51.579216,51.587082,51.6355,51.627632,19.40702,19.45946,19.438614,19.386122
51.615215,19.475319,4.2017473e-05,51.587082,51.594913,51.643337,51.6355,19.45946,19.512016,19.491224,19.438614
51.62303,19.527962,4.3848428e-05,51.594913,51.602707,51.65114,51.643337,19.512016,19.564692,19.543957,19.491224
51.630814,19.580729,5.158635e-05,51.602707,51.61047,51.65891,51.65114,19.564692,19.617493,19.596811,19.543957
51.63856,19.633617,3.0785624e-05,51.61047,51.6182,51.66664,51.65891,19.617493,19.670418,19.649792,19.596811
51.646275,19.686636,5.5315562e-05,51.6182,51.625893,51.67434,51.66664,19.670418,19.723473,19.702902,19.649792
51.653954,19.739784,6.0253475e-05,51.625893,51.633553,51.682007,51.67434,19.723473,19.77666,19.756144,19.702902
51.661602,19.793066,7.2802795e-05,51.633553,51.641182,51.68964,51.682007,19.77666,19.82998,19.80952,19.756144
51.669216,19.846483,5.5434874e-05,51.641182,51.648773,51.69724,51.68964,19.82998,19.88344,19.863035,19.80952
51.676796,19.90004,3.2690717e-05,51.648773,51.656334,51.704803,51.69724,19.88344,19.93704,19.91669,19.863035
51.68434,19.95374,4.0259623e-05,51.656334,51.66386,51.712337,51.704803,19.93704,19.990782,19.97049,19.91669
51.691853,20.007582,4.49482e-05,51.66386,51.671356,51.719837,51.712337,19.990782,20.044672,20.024435,19.97049
51.699333,20.061573,3.9486073e-05,51.671356,51.678814,51.727303,51.719837,20.044672,20.098711,20.078531,20.024435
51.70678,20.115717,3.379541e-05,51.678814,51.68624,51.734734,51.727303,20.098711,20.1529,20.132778,20.078531
51.71419,20.170013,6.135924e-05,51.68624,51.693638,51.742134,51.734734,20.1529,20.207249,20.187181,20.132778
51.721573,20.224466,4.0348903e-05,51.693638,51.701,51.7495,51.742134,20.207249,20.261753,20.241745,20.187181
51.72892,20.279081,3.3264227e-05,51.701,51.70833,51.756832,51.7495,20.261753,20.31642,20.296469,20.241745
51.736237,20.333858,3.2336873e-05,51.70833,51.715622,51.764133,51.756832,20.31642,20.371252,20.351358,20.296469
51.429996,18.017908,6.760753e-05,51.401443,51.41032,51.458546,51.44966,18.00394,18.054214,18.031902,17.981579
51.438858,18.068232,4.6885296e-05,51.41032,51.419155,51.46739,51.458546,18.054214,18.104538,18.082277,18.031902
51.447674,18.118607,6.117665e-05,51.419155,51.427948,51.47619,51.46739,18.104538,18.154915,18.132706,18.082277
51.45645,18.169037,7.2355004e-05,51.427948,51.436703,51.48495,51.47619,18.154915,18.205347,18.18319,18.132706
51.46519,18.219524,4.746522e-05,51.436703,51.44542,51.49367,51.48495,18.205347,18.255838,18.23373,18.18319
51.47389,18.27007,4.2178508e-05,51.44542,51.454094,51.502354,51.49367,18.255838,18.306389,18.284332,18.23373
51.482548,18.320677,5.2378462e-05,51.454094,51.46273,51.510998,51.502354,18.306389,18.357,18.334997,18.284332
51.49117,18.371347,4.24678e-05,51.46273,51.47133,51.5196,51.510998,18.357,18.407679,18.385725,18.334997
51.499752,18.422085,3.8263566e-05,51.47133,51.47989,51.528164,51.5196,18.407679,18.458424,18.436522,18.385725
51.508293,18.472889,5.0128834e-05,51.47989,51.48841,51.536694,51.528164,18.458424,18.50924,18.487389,18.436522
51.5168,18.523766,2.9056337e-05,51.48841,51.49689,51.54518,51.536694,18.50924,18.560125,18.538328,18.487389
51.525265,18.574715,5.6575813e-05,51.49689,51.505337,51.55363,51.54518,18.560125,18.611088,18.58934,18.538328
51.533695,18.62574,4.8442704e-05,51.505337,51.513744,51.562046,51.55363,18.611088,18.662125,18.64043,18.58934
51.542088,18.676844,3.925177e-05,51.513744,51.522114,51.570423,51.562046,18.662125,18.713242,18.6916,18.64043
51.55044,18.72803,6.0882845e-05,51.522114,51.53045,51.578762,51.570423,18.713242,18.764442,18.742851,18.6916
51.558758,18.779295,5.1013652e-05,51.53045,51.538742,51.587063,51.578762,18.764442,18.815725,18.794188,18.742851
51.56704,18.830648,5.4084765e-05,51.538742,51.547005,51.59533,51.587063,18.815725,18.867094,18.84561,18.794188
51.575283,18.88209,4.6296784e-05,51.547005,51.555225,51.603558,51.59533,18.867094,18.918554,18.897121,18.84561
51.583492,18.93362,9.727772e-05,51.555225,51.56341,51.61175,51.603558,18.918554,18.970104,18.948727,18.897121
51.591663,18.985245,9.912312e-05,51.56341,51.571564,51.619907,51.61175,18.970104,19.02175,19.000423,18.948727
51.5998,19.036964,9.342946e-05,51.571564,51.57968,51.62803,51.619907,19.02175,19.073492,19.05222,19.000423
51.6079,19.088781,7.654636e-05,51.57968,51.58776,51.636112,51.62803,19.073492,19.125334,19.104115,19.05222
51.615967,19.140701,7.152395e-05,51.58776,51.595802,51.644165,51.636112,19.125334,19.177277,19.15611,19.104115
51.623997,19.192722,6.3788066e-05,51.595802,51.603813,51.65218,51.644165,19.177277,19.229324,19.208212,19.15611
51.63199,19.24485,6.4008476e-05,51.603813,51.611786,51.66016,51.65218,19.229324,19.281479,19.260422,19.208212
51.63995,19.297087,7.473406e-05,51.611786,51.619728,51.668106,51.66016,19.281479,19.333744,19.31274,19.260422
51.647873,19.349434,8.735994e-05,51.619728,51.627632,51.676014,51.668106,19.333744,19.386122,19.365171,19.31274
51.655766,19.401897,4.9478258e-05,51.627632,51.6355,51.68389,51.676014,19.386122,19.438614,19.417719,19.365171
51.66362,19.454475,5.0428218e-05,51.6355,51.643337,51.691734,51.68389,19.438614,19.491224,19.470385,19.417719
51.671444,19.507174,6.7262394e-05,51.643337,51.65114,51.69954,51.691734,19.491224,19.543957,19.52317,19.470385
51.67923,19.559994,5.736163e-05,51.65114,51.65891,51.707314,51.69954,19.543957,19.596811,19.57608,19.52317
51.686985,19.612938,3.6612684e-05,51.65891,51.66664,51.715054,51.707314,19.596811,19.649792,19.629116,19.57608
51.694702,19.666012,6.301421e-05,51.66664,51.67434,51.72276,51.715054,19.649792,19.702902,19.682281,19.629116
51.70239,19.719213,3.475751e-05,51.67434,51.682007,51.73043,51.72276,19.702902,19.756144,19.735579,19.682281
51.71004,19.77255,5.519413e-05,51.682007,51.68964,51.738068,51.73043,19.756144,19.80952,19.789011,19.735579
51.71766,19.826025,3.070457e-05,51.68964,51.69724,51.74567,51.738068,19.80952,19.863035,19.84258,19.789011
51.725243,19.879637,3.7470687e-05,51.69724,51.704803,51.753242,51.74567,19.863035,19.91669,19.896294,19.84258
51.732796,19.933392,4.416139e-05,51.704803,51.712337,51.76078,51.753242,19.91669,19.97049,19.950148,19.896294
51.487103,18.04596,4.6497193e-05,51.45854,51.467384,51.515656,51.50681,18.031904,18.08228,18.060051,18.009624
51.495926,18.096386,5.2148178e-05,51.467384,51.476185,51.524464,51.515656,18.08228,18.132706,18.110529,18.060051
51.50471,18.146868,5.017772e-05,51.476185,51.484947,51.533234,51.524464,18.132706,18.18319,18.161064,18.110529
51.513454,18.197405,4.920385e-05,51.484947,51.493668,51.54196,51.533234,18.18319,18.23373,18.211657,18.161064
51.52216,18.248001,4.9671078e-05,51.493668,51.50235,51.550648,51.54196,18.23373,18.284332,18.26231,18.211657
51.530827,18.29866,3.8114922e-05,51.50235,51.510994,51.559296,51.550648,18.284332,18.334997,18.313026,18.26231
51.53945,18.349382,2.9691242e-05,51.510994,51.519596,51.56791,51.559296,18.334997,18.385727,18.363808,18.313026
51.548042,18.400171,4.0520263e-05,51.519596,51.528164,51.57648,51.56791,18.385727,18.436523,18.414656,18.363808
51.55659,18.451029,5.366913e-05,51.528164,51.53669,51.58501,51.57648,18.436523,18.48739,18.465574,18.414656
51.5651,18.501957,4.88551e-05,51.53669,51.545177,51.593506,51.58501,18.48739,18.538328,18.516565,18.465574
51.573574,18.55296,3.689378e-05,51.545177,51.55363,51.601963,51.593506,18.538328,18.589342,18.56763,18.516565
51.58201,18.604036,4.6840236e-05,51.55363,51.562042,51.610382,51.601963,18.589342,18.640432,18.618773,18.56763
51.59041,18.655191,4.0453444e-05,51.562042,51.57042,51.618767,51.610382,18.640432,18.6916,18.669994,18.618773
51.598766,18.706429,5.1733758e-05,51.57042,51.57876,51.62711,51.618767,18.6916,18.742853,18.721298,18.669994
51.60709,18.757748,5.621506e-05,51.57876,51.58706,51.635418,51.62711,18.742853,18.79419,18.772688,18.721298
51.61538,18.809153,9.726053e-05,51.58706,51.595325,51.643692,51.635418,18.79419,18.845612,18.824163,18.772688
51.623627,18.860647,8.756427e-05,51.595325,51.603554,51.651928,51.643692,18.845612,18.897123,18.875727,18.824163
51.631844,18.912231,6.340012e-05,51.603554,51.611748,51.660126,51.651928,18.897123,18.948727,18.927385,18.875727
51.64002,18.963907,8.7328786e-05,51.611748,51.619904,51.66829,51.660126,18.948727,19.000425,18.979136,18.927385
51.648163,19.01568,6.884795e-05,51.619904,51.628025,51.676414,51.66829,19.000425,19.05222,19.030985,18.979136
51.65627,19.067553,5.391735e-05,51.628025,51.636112,51.684505,51.676414,19.05222,19.104115,19.082933,19.030985
51.664337,19.119524,7.061335e-05,51.636112,51.64416,51.692562,51.684505,19.104115,19.156113,19.134983,19.082933
51.672375,19.1716,6.3162355e-05,51.64416,51.652176,51.700584,51.692562,19.156113,19.208214,19.18714,19.134983
51.680374,19.223782,6.051654e-05,51.652176,51.660156,51.70857,51.700584,19.208214,19.260422,19.239403,19.18714
51.68834,19.276073,7.170871e-05,51.660156,51.668102,51.71652,51.70857,19.260422,19.31274,19.291775,19.239403
51.69627,19.328476,7.424903e-05,51.668102,51.676014,51.724438,51.71652,19.31274,19.365173,19.344261,19.291775
51.704166,19.380991,6.557716e-05,51.676014,51.683887,51.73232,51.724438,19.365173,19.417719,19.396864,19.344261
51.71203,19.433624,6.526402e-05,51.683887,51.69173,51.740166,51.73232,19.417719,19.470385,19.449583,19.396864
51.719856,19.486378,6.648173e-05,51.69173,51.69954,51.74798,51.740166,19.470385,19.52317,19.502424,19.449583
51.72765,19.539251,6.2595514e-05,51.69954,51.70731,51.755756,51.74798,19.52317,19.57608,19.55539,19.502424
51.73541,19.592253,6.2272724e-05,51.70731,51.71505,51.7635,51.755756,19.57608,19.629116,19.60848,19.55539
51.53537,18.023687,5.5746445e-05,51.50681,51.515656,51.563915,51.55506,18.009624,18.060051,18.037775,17.987299
51.5442,18.074165,5.046461e-05,51.515656,51.524464,51.57273,51.563915,18.060051,18.110529,18.088306,18.037775
51.55299,18.124699,4.9254846e-05,51.524464,51.533234,51.581505,51.57273,18.110529,18.161064,18.138891,18.088306
51.56174,18.175287,3.0902975e-05,51.533234,51.541958,51.59024,51.581505,18.161064,18.211657,18.189535,18.138891
51.570454,18.225935,2.9074272e-05,51.541958,51.550648,51.598934,51.59024,18.211657,18.26231,18.24024,18.189535
51.579124,18.276646,3.7815367e-05,51.550648,51.559296,51.60759,51.598934,18.26231,18.313026,18.291008,18.24024
51.587757,18.32742,5.1626277e-05,51.559296,51.56791,51.616207,51.60759,18.313026,18.363808,18.34184,18.291008
51.59635,18.37826,4.0469757e-05,51.56791,51.57648,51.624783,51.616207,18.363808,18.414656,18.392742,18.34184
51.604908,18.429169,3.3971606e-05,51.57648,51.58501,51.633324,51.624783,18.414656,18.465574,18.443712,18.392742
51.613422,18.48015,4.6648016e-05,51.58501,51.593506,51.641823,51.633324,18.465574,18.516565,18.494755,18.443712
51.621902,18.531204,6.446775e-05,51.593506,51.601963,51.650288,51.641823,18.516565,18.56763,18.545872,18.494755
51.630344,18.582333,4.950424e-05,51.601963,51.610382,51.658714,51.650288,18.56763,18.618773,18.597067,18.545872
51.63875,18.633541,4.5817138e-05,51.610382,51.618767,51.667103,51.658714,18.618773,18.669994,18.648342,18.597067
51.647114,18.68483,5.9070353e-05,51.618767,51.62711,51.675453,51.667103,18.669994,18.721298,18.6997,18.648342
51.655445,18.736202,6.6766515e-05,51.62711,51.635418,51.68377,51.675453,18.721298,18.772688,18.75114,18.6997
51.66374,18.78766,7.7013785e-05,51.635418,51.643692,51.692043,51.68377,18.772688,18.824163,18.80267,18.75114
51.671993,18.839207,6.0124516e-05,51.643692,51.651924,51.700287,51.692043,18.824163,18.875729,18.854288,18.80267
51.680214,18.890844,5.0192513e-05,51.651924,51.660126,51.708492,51.700287,18.875729,18.927385,18.905998,18.854288
51.688396,18.942575,3.5480763e-05,51.660126,51.66829,51.71666,51.708492,18.927385,18.979136,18.957802,18.905998
51.696545,18.994402,4.695223e-05,51.66829,51.676414,51.724792,51.71666,18.979136,19.030985,19.009705,18.957802
51.70466,19.046328,5.5898254e-05,51.676414,51.684505,51.73289,51.724792,19.030985,19.082933,19.061707,19.009705
51.712734,19.098352,6.184851e-05,51.684505,51.692562,51.74095,51.73289,19.082933,19.134983,19.113811,19.061707
51.720776,19.150482,6.353792e-05,51.692562,51.700584,51.748978,51.74095,19.134983,19.18714,19.166021,19.113811
51.728783,19.202719,5.464977e-05,51.700584,51.70857,51.75697,51.748978,19.18714,19.239403,19.218338,19.166021
51.736755,19.255064,6.9773625e-05,51.70857,51.71652,51.764927,51.75697,19.239403,19.291775,19.270767,19.218338
51.58362,18.001362,4.7409325e-05,51.55506,51.563915,51.612175,51.603313,17.987299,18.037777,18.015434,17.964907
51.592457,18.051891,3.5722303e-05,51.563915,51.572727,51.621,51.612175,18.037777,18.088306,18.066015,18.015434
51.601254,18.102474,2.7111428e-05,51.572727,51.581505,51.629776,51.621,18.088306,18.138893,18.116653,18.066015
51.610012,18.153114,3.054488e-05,51.581505,51.590237,51.63852,51.629776,18.138893,18.189537,18.167349,18.116653
51.61873,18.203815,3.874051e-05,51.590237,51.598934,51.64722,51.63852,18.189537,18.240242,18.218105,18.167349
51.627407,18.254576,6.0110513e-05,51.598934,51.60759,51.65588,51.64722,18.240242,18.29101,18.268925,18.218105
51.636047,18.305403,5.5408436e-05,51.60759,51.616203,51.664505,51.65588,18.29101,18.341843,18.31981,18.268925
51.644646,18.356295,4.7237238e-05,51.616203,51.624783,51.673088,51.664505,18.341843,18.392742,18.370762,18.31981
51.65321,18.407255,3.625664e-05,51.624783,51.63332,51.681633,51.673088,18.392742,18.443712,18.421785,18.370762
51.66173,18.458288,5.253617e-05,51.63332,51.641823,51.69014,51.681633,18.443712,18.494757,18.47288,18.421785
51.670216,18.509396,4.4647088e-05,51.641823,51.650288,51.698612,51.69014,18.494757,18.545874,18.52405,18.47288
51.678665,18.560577,7.795609e-05,51.650288,51.65871,51.707043,51.698612,18.545874,18.597069,18.575298,18.52405
51.687073,18.611837,6.954458e-05,51.65871,51.6671,51.715435,51.707043,18.597069,18.648344,18.626625,18.575298
51.695446,18.66318,5.4405806e-05,51.6671,51.67545,51.723793,51.715435,18.648344,18.6997,18.678036,18.626625
51.70378,18.714605,4.9650334e-05,51.67545,51.683765,51.732113,51.723793,18.6997,18.75114,18.72953,18.678036
51.712082,18.766115,6.783806e-05,51.683765,51.692043,51.7404,51.732113,18.75114,18.80267,18.78111,18.72953
51.720345,18.817717,5.6094414e-05,51.692043,51.700283,51.748646,51.7404,18.80267,18.854288,18.832783,18.78111
51.72857,18.869406,5.9655835e-05,51.700283,51.70849,51.756855,51.748646,18.854288,18.905998,18.884546,18.832783
51.73676,18.92119,5.3663724e-05,51.70849,51.71666,51.76503,51.756855,18.905998,18.957804,18.936405,18.884546
51.640724,18.029537,3.170379e-05,51.612175,51.620995,51.669262,51.660435,18.015434,18.066017,18.043674,17.993042
51.64953,18.080172,5.002722e-05,51.620995,51.629776,51.67805,51.669262,18.066017,18.116653,18.094362,18.043674
51.658295,18.130863,2.7447146e-05,51.629776,51.63852,51.6868,51.67805,18.116653,18.167349,18.145111,18.094362
51.66702,18.181616,4.0991312e-05,51.63852,51.64722,51.695507,51.6868,18.167349,18.218105,18.195919,18.145111
51.6757,18.232428,3.2567586e-05,51.64722,51.65588,51.704174,51.695507,18.218105,18.268925,18.24679,18.195919
51.68435,18.283306,4.6355963e-05,51.65588,51.664505,51.712803,51.704174,18.268925,18.31981,18.297728,18.24679
51.692955,18.334251,5.291003e-05,51.664505,51.673088,51.721394,51.712803,18.31981,18.370762,18.348732,18.297728
51.701523,18.385263,5.073191e-05,51.673088,51.681633,51.729946,51.721394,18.370762,18.421785,18.399807,18.348732
51.710052,18.436348,6.0662067e-05,51.681633,51.69014,51.738457,51.729946,18.421785,18.472881,18.450954,18.399807
51.718544,18.487507,7.085721e-05,51.69014,51.69861,51.746933,51.738457,18.472881,18.52405,18.502176,18.450954
51.726997,18.538742,5.5599256e-05,51.69861,51.707043,51.75537,51.746933,18.52405,18.575298,18.553476,18.502176
51.735413,18.590055,6.677696e-05,51.707043,51.715435,51.76377,51.75537,18.575298,18.626625,18.604856,18.553476
51.68898,18.007158,3.356422e-05,51.660435,51.669262,51.717518,51.708683,17.993042,18.043674,18.021309,17.970625
51.69779,18.057846,5.2079624e-05,51.669262,51.678047,51.72631,51.717518,18.043674,18.094364,18.07205,18.021309
51.706562,18.10859,3.544113e-05,51.678047,51.686794,51.735065,51.72631,18.094364,18.145111,18.122849,18.07205
51.71529,18.159391,4.8669768e-05,51.686794,51.695503,51.74378,51.735065,18.145111,18.195919,18.173708,18.122849
51.723984,18.210258,5.5235298e-05,51.695503,51.70417,51.752453,51.74378,18.195919,18.246792,18.224632,18.173708
51.732635,18.261189,5.2989686e-05,51.70417,51.7128,51.76109,51.752453,18.246792,18.297728,18.275621,18.224632
