"lon","lat","ff.xco2","time","obs","uncert","qf","lat1","lat2","lat3","lat4","lon1","lon2","lon3","lon4","obs_enhance","uncert_bg","ver_0.8","ver_0.9","ver_1.1","ver_1.2","wind_ff.xco2","uncert_ver","uncert_ver_percent","uncert_wind","uncert_wind_percent","uncert_trans","uncert_trans_percent","uncert_total","uncert_total_percent"
18.946623,51.602112,0.233061,"2020-04-08 13:34:34",412.483368,0.842808,0,51.594452,51.595226,51.6096,51.608841,18.941833,18.974976,18.951355,18.918121,-2.19663200000002,0.92,0.370283342992315,0.316242960019439,0.234000457155213,0.190818641131589,0.117070709699486,0.0726619690107365,0.311772321455484,0.0820175208232897,0.351914395043743,0.109574793919569,0.470154997702614,1.25249030348603,5.37408791469197
18.959818,51.572708,0.231742,"2020-04-08 13:34:33",414.350311,0.791981,0,51.565189,51.566254,51.580105,51.579052,18.954254,18.987396,18.964844,18.931702,-0.32968900000003,0.92,0.293480470919839,0.376907679983749,0.151567178033046,0.223588390869977,0.167667412467617,0.0845091068915221,0.364668928772178,0.045307575345879,0.195508692191657,0.0958882971552067,0.413771768411452,1.21771444513577,5.25461265172379
18.965778,51.632568,0.206914,"2020-04-08 13:34:35",415.244751,0.728454,0,51.625141,51.626217,51.640064,51.638966,18.96051,18.993561,18.970947,18.937897,0.564751000000001,0.92,0.240854683835586,0.212766403542157,0.271999876118877,0.265151442874379,0.169906780307392,0.0295491085469513,0.142808647780968,0.0261680559975034,0.126468271830342,0.0394704569343704,0.190757787942674,1.17413932183817,5.67452817034214
18.969931,51.587769,0.263418,"2020-04-08 13:34:34",412.445099,0.827763,0,51.580704,51.581497,51.594696,51.593918,18.964111,18.99704,18.975739,18.942627,-2.23490099999998,0.92,0.203429930769353,0.210231427045044,0.222115554800166,0.201605545641563,0.152098145369669,0.0254843987198928,0.0967450922863769,0.0787150240898077,0.298821736137271,0.0827375948138057,0.31409241135308,1.24033749188057,4.70862846077552
18.979843,51.602779,0.18348,"2020-04-08 13:34:34",413.62088,0.757346,0,51.595226,51.596035,51.610447,51.6096,18.975037,19.008026,18.984528,18.951416,-1.05912000000001,0.92,0.210717178745888,0.262940360955793,0.236575751999998,0.189684275312099,0.193882952781396,0.0331753912220912,0.180812029769409,0.00735599845608857,0.0400915546985424,0.033981131470638,0.185203463432734,1.19211059932039,6.49722367190098
18.982431,51.558407,0.095607,"2020-04-08 13:34:33",414.777557,0.685022,0,51.551052,51.55212,51.565701,51.564636,18.976929,19.009949,18.988037,18.954926,0.0975569999999948,0.92,0.147862656573616,0.140245009480777,0.183389056310811,0.161939030366866,0.0998363130117685,0.0325109781872603,0.340048094671523,0.00299057591038201,0.0312798844266843,0.0326482349747773,0.34148373000698,1.14748466121817,12.0020988130384
18.989548,51.618088,0.165944,"2020-04-08 13:34:35",415.269318,0.770493,0,51.610821,51.611866,51.625446,51.624371,18.984009,19.016968,18.994995,18.961914,0.589317999999992,0.92,0.153845971560293,0.176648436842736,0.213235562294758,0.222747544961813,0.179626571441443,0.0300606120238759,0.181149134791712,0.00967503905031374,0.0583030362671367,0.0315792143011045,0.190300428464449,1.20044021501484,7.23400794855397
18.992676,51.573631,0.167792,"2020-04-08 13:34:34",412.864044,0.743859,0,51.566254,51.567078,51.580891,51.580105,18.987457,19.020416,18.997803,18.964905,-1.81595600000003,0.92,0.175975224074027,0.228509010831451,0.213223275008634,0.143580509135178,0.158887502232504,0.0345665807994907,0.206008515301628,0.00629643075445689,0.0375252142799233,0.03513536037119,0.20939830487264,1.18362185913805,7.05410185907582
18.99889,51.633694,0.204479,"2020-04-08 13:34:35",414.468658,0.774724,0,51.626217,51.627239,51.641083,51.640064,18.993622,19.026733,19.004272,18.971008,-0.211342000000002,0.92,0.134707028146635,0.121525416214031,0.235686002138617,0.197501411966472,0.170027943288702,0.0486562872572756,0.237952490266852,0.0243605758196011,0.119134854041741,0.054413894768938,0.266109941700311,1.20397597489316,5.88801771767837
19.003002,51.588421,0.25916,"2020-04-08 13:34:34",414.650787,0.752429,0,51.581501,51.582264,51.595501,51.594696,18.997101,19.030151,19.008789,18.9758,-0.029213000000027,0.92,0.274779907869114,0.304377469802495,0.312822408490612,0.207424924957873,0.128860491138703,0.0420026528311284,0.162072282879798,0.0921356663010998,0.355516539207824,0.101258105105714,0.390716565464248,1.19281289559201,4.60261188297581
19.005459,51.543941,0.233387,"2020-04-08 13:34:33",414.316833,0.73448,0,51.536499,51.537567,51.551331,51.550262,19.000092,19.032959,19.010803,18.977814,-0.363167000000033,0.92,0.348250476825376,0.301593287405057,0.2220673875761,0.213502353200378,0.115032208998968,0.0586443143696964,0.251274982624124,0.0836894753027463,0.35858670492678,0.102191408074949,0.437862469096175,1.18165306003257,5.06306289567359
19.012865,51.60371,0.28155,"2020-04-08 13:34:35",414.672943,0.725584,0,51.596035,51.597065,51.611496,51.610455,19.008087,19.041199,19.017517,18.984589,-0.00705700000003162,0.92,0.214531817942879,0.253314585883984,0.328938287340959,0.195208614047156,0.197569241442804,0.0533546451981633,0.189503268329474,0.0593833638649835,0.210915872367194,0.0798317109182994,0.283543636719231,1.17441272265083,4.17124035748831
19.015516,51.559353,0.348088,"2020-04-08 13:34:34",413.65802,0.715284,0,51.552113,51.552967,51.566525,51.565701,19.009949,19.042908,19.021027,18.988098,-1.02197999999999,0.92,0.369410798537706,0.367997550797352,0.196685572729926,0.253639992369199,0.196568976579318,0.0779750936052754,0.224009714799922,0.107140128939528,0.307796100237663,0.13251083899791,0.380682008566541,1.17285562756374,3.36942275391205
19.022648,51.619221,0.231014,"2020-04-08 13:34:35",414.975616,0.758512,0,51.611866,51.612904,51.626465,51.625446,19.017029,19.050171,19.028107,18.995056,0.295615999999995,0.92,0.198292513679106,0.195838646857702,0.167544254134198,0.213535237808666,0.20163727118935,0.0235102605688191,0.101769851908625,0.0207724841510888,0.0899187241945893,0.0313724154285418,0.135803091711073,1.19278023231181,5.16323786572161
19.025656,51.574272,0.33393,"2020-04-08 13:34:34",413.596771,0.772367,0,51.567078,51.567795,51.581661,51.580891,19.020477,19.053375,19.030914,18.997864,-1.08322900000002,0.92,0.41142681886741,0.333149076754439,0.338040745669901,0.241573583307406,0.17262732271045,0.060262728045168,0.180465151514293,0.114058216934986,0.341563252582835,0.128999508688344,0.386307036469752,1.20813561156471,3.61793073867191
19.027916,51.529621,0.53093,"2020-04-08 13:34:33",413.841583,0.739525,0,51.522205,51.523304,51.536999,51.535934,19.022491,19.055634,19.033264,19.000458,-0.838416999999993,0.92,0.435655061854444,0.440770547645582,0.306813018232762,0.271491877500903,0.156592861471769,0.106340505909396,0.200291009943675,0.26469632910328,0.498552218001017,0.285258566633534,0.537280934649641,1.21435978007459,2.28723142424537
19.032059,51.634605,0.203775,"2020-04-08 13:34:35",414.535828,0.744689,0,51.627239,51.627995,51.641815,51.641083,19.026794,19.059753,19.037354,19.004333,-0.144172000000026,0.92,0.144173757126598,0.154861359926319,0.257943887780206,0.169572966042786,0.190672387279791,0.0460454915684333,0.225962417217192,0.00926494630572091,0.0454665503899934,0.0469683566225875,0.230491260569685,1.18455381188227,5.81304778251637
19.036137,51.589336,0.280177,"2020-04-08 13:34:35",414.478027,0.764167,0,51.582264,51.583271,51.596527,51.595501,19.030212,19.063263,19.041992,19.00885,-0.20197300000001,0.92,0.317896138267148,0.408622566957964,0.401703286590464,0.279994631650809,0.254622770994355,0.0635559339085351,0.226842081643158,0.0180695686178856,0.064493404590261,0.0660747004913571,0.235831993673132,1.19779675652175,4.27514305785896
19.038467,51.544895,0.54752,"2020-04-08 13:34:34",413.685791,0.792376,0,51.537567,51.538479,51.552185,51.551331,19.033051,19.066315,19.043793,19.010864,-0.994209000000012,0.92,0.513604150975029,0.644892740805593,0.301940869426925,0.238635665871568,0.198244343826772,0.171852324525861,0.313874058529115,0.246975184983471,0.451079750481207,0.300881975935019,0.549536046053147,1.25091554024185,2.28469378331723
19.039164,51.528278,0.409137,"2020-04-08 13:34:18",414.105835,0.772501,0,51.520798,51.521729,51.535763,51.53484,19.028534,19.061646,19.049744,19.016693,-0.574164999999994,0.92,0.565381520947823,0.448151181634205,0.312510200361735,0.375042337327934,0.253639769142114,0.0943406461307631,0.230584489133867,0.109953146395341,0.268744079355671,0.144878749009664,0.354108156949051,1.21001968864792,2.95749269474019
19.048567,51.559994,0.43443,"2020-04-08 13:34:34",413.635162,0.722214,0,51.552967,51.553669,51.567242,51.566525,19.042969,19.076294,19.054047,19.021118,-1.04483800000003,0.92,0.538673364876337,0.565250745985324,0.332162042620153,0.330156459079899,0.253925672616271,0.110848709124296,0.255158964906419,0.127635833926551,0.293800690390975,0.169051301138586,0.389133579952089,1.18176622231838,2.72026844904444
19.055687,51.620121,0.273169,"2020-04-08 13:34:35",415.606354,0.71967,0,51.612904,51.613689,51.627224,51.626465,19.050232,19.083221,19.061188,19.028198,0.926354000000003,0.92,0.199364457650365,0.189216529938725,0.24399540871279,0.255236308164681,0.21826213952717,0.0363112021093966,0.132925778947818,0.0388250133740017,0.142128182092411,0.053159054375721,0.194601343401781,1.16925223709947,4.28032550215973
19.058743,51.575172,0.346181,"2020-04-08 13:34:34",412.780396,0.8042,0,51.567795,51.568783,51.582661,51.581661,19.053436,19.086548,19.063965,19.030975,-1.89960400000001,0.92,0.523407169270729,0.461372391880494,0.314136089310593,0.337812822381602,0.241743005189523,0.0909310503470486,0.262669096071271,0.0738488143440138,0.213324285111008,0.117141381660087,0.338381891727411,1.22754215540536,3.54595473294421
19.061216,51.530609,0.277335,"2020-04-08 13:34:34",415.128387,0.707357,0,51.523304,51.524212,51.537914,51.537006,19.055725,19.088867,19.06662,19.033417,0.448386999999968,0.92,0.366689436193372,0.38176506448592,0.329230581085136,0.227197064797253,0.185755158635783,0.0641277461441957,0.231228464291185,0.0647567268486261,0.233496409932486,0.0911361700845607,0.328614023057172,1.16407032731991,4.19734374428006
19.064253,51.498974,0.197373,"2020-04-08 13:34:18",413.398346,0.833141,0,51.491161,51.492069,51.506775,51.505848,19.053864,19.086853,19.074402,19.041351,-1.281654,0.92,0.23831395554369,0.267046065695412,0.23812483334781,0.246135673180421,0.19851842933588,0.0252919088636652,0.128142698665295,0.000809940850770747,0.00410360510693331,0.0253048741974683,0.1282083881659,1.24143637071706,6.28979835497794
19.065289,51.635246,0.275409,"2020-04-08 13:34:36",414.844574,0.687607,0,51.627995,51.628769,51.64262,51.641815,19.059845,19.093079,19.070496,19.037415,0.164574000000016,0.92,0.13035110388544,0.160139460572567,0.234705697155849,0.208599093064059,0.225212567921667,0.0578529048579525,0.210061780326541,0.0354942375139592,0.128878277449028,0.0678734078796744,0.246445860083274,1.15056950504791,4.17767576603493
19.069218,51.59045,0.409817,"2020-04-08 13:34:35",413.044403,0.83146,0,51.583271,51.58432,51.597561,51.596527,19.063324,19.096344,19.075012,19.042023,-1.63559700000002,0.92,0.215294344939894,0.319776417154319,0.306446782382675,0.32643613098407,0.265059342247326,0.0692038701876366,0.168865298871537,0.102359121425597,0.249767875480024,0.12355794344342,0.301495407568305,1.24619111575551,3.0408477826823
19.071854,51.545567,0.271,"2020-04-08 13:34:34",413.739502,0.742738,0,51.538479,51.539124,51.552887,51.552185,19.066406,19.099487,19.077179,19.043854,-0.940497999999991,0.92,0.229351857178586,0.180603538235172,0.326233443933817,0.316916652479556,0.229356027772594,0.0609800505836594,0.225018636840072,0.029446735157543,0.108659539326727,0.0677176253321404,0.249880536280961,1.18433332023743,4.37023365401267
19.072487,51.529224,0.308569,"2020-04-08 13:34:18",414.844604,0.740353,0,51.521729,51.522655,51.536697,51.535767,19.061707,19.094788,19.083008,19.049805,0.164603999999997,0.92,0.246312859177079,0.297251437341606,0.277033895709949,0.271968857080384,0.185407461398422,0.0240918150925938,0.0780759411755354,0.0870883591265445,0.28223301474401,0.090359270967675,0.292833275434911,1.18435103008306,3.83820484262211
19.07914,51.605755,0.245347,"2020-04-08 13:34:35",413.548218,0.740924,0,51.598103,51.598919,51.613323,51.61253,19.07431,19.107361,19.083832,19.050812,-1.13178199999999,0.92,0.206585732547893,0.277365172946505,0.341413772206378,0.266416960473359,0.230227653873448,0.0494039880474308,0.201363734007063,0.0106909921731915,0.043574986338498,0.0505475157513989,0.206024592725401,1.18233811793608,4.81904452850894
19.081877,51.560902,0.255655,"2020-04-08 13:34:34",414.351654,0.744803,0,51.553669,51.554615,51.568226,51.567242,19.076355,19.109253,19.08725,19.054108,-0.32834600000001,0.92,0.129122395261436,0.249540489750725,0.329490682900974,0.325165080428804,0.227007300749168,0.0810992515885893,0.317221456997083,0.0202569824056561,0.0792356199004756,0.083590872374993,0.326967484989509,1.18664187636937,4.64157507723051
19.084898,51.514503,0.184952,"2020-04-08 13:34:18",412.550598,0.789162,0,51.50716,51.508068,51.521851,51.520935,19.074188,19.107178,19.095581,19.0625,-2.12940200000003,0.92,0.256114425925075,0.273756887654697,0.272784699510098,0.204815758279531,0.229627806603368,0.0410206412382405,0.221790741588307,0.0315905658042203,0.170804131905685,0.0517750601682626,0.279937822614854,1.21320126899844,6.55954663371275
19.088385,51.46986,0.251301,"2020-04-08 13:34:17",414.944946,0.821566,0,51.462299,51.4632,51.477406,51.476501,19.077789,19.110687,19.098816,19.065887,0.264946000000009,0.92,0.303475681705217,0.298914777854203,0.144303168636895,0.203252290340356,0.179530158491895,0.0673345983792002,0.267944012873805,0.050749648721846,0.20194765926855,0.0843177026743432,0.33552473995067,1.23631717910101,4.9196667705302
19.088943,51.620762,0.22145,"2020-04-08 13:34:36",415.119354,0.675788,0,51.613693,51.614414,51.627995,51.627224,19.083282,19.116425,19.094513,19.061249,0.43935399999998,0.92,0.170208458891462,0.185016951309786,0.346318330838375,0.251558370537914,0.211156297538645,0.0699030788847899,0.315660776178776,0.00727874681394077,0.0328685789746705,0.0702810116087881,0.317367403968337,1.14369088548294,5.1645558161343
19.091974,51.576279,0.280778,"2020-04-08 13:34:35",413.5784,0.701658,0,51.568783,51.569851,51.583721,51.582661,19.086609,19.119781,19.097229,19.064026,-1.10160000000002,0.92,0.304151832542121,0.268008668730298,0.25066992147103,0.351342069089904,0.303469905885351,0.0389671058161916,0.138782617641666,0.0160456005295786,0.0571469293519385,0.042141388587054,0.150087929207609,1.15779957056308,4.12354091333038
19.097189,51.49987,0.423727,"2020-04-08 13:34:18",414.910767,0.733312,0,51.492069,51.492981,51.507679,51.506775,19.086914,19.119965,19.107452,19.074463,0.230767000000014,0.92,0.380549644664805,0.439395085941992,0.283705921212213,0.285506490580164,0.202348128711592,0.0743704700725931,0.175515060575779,0.156538501099457,0.369432443765578,0.173306864103195,0.409005949829005,1.1891937430416,2.80650924543774
19.098539,51.63615,0.16544,"2020-04-08 13:34:36",414.262695,0.76546,0,51.628773,51.629761,51.643642,51.642624,19.09314,19.126251,19.103668,19.070587,-0.417304999999999,0.92,0.123595404188817,0.128470707449437,0.260857569640566,0.195887920835572,0.183737822160673,0.0563615929008968,0.340676939681436,0.0129385141307574,0.078206685993456,0.0578276257703723,0.349538356929233,1.19819574607083,7.24247912276857
19.104671,51.42717,0.200264,"2020-04-08 13:34:00",415.493927,0.733671,0,51.419537,51.420471,51.434795,51.433872,19.090271,19.12323,19.118988,19.08606,0.813926999999978,0.92,0.214702530599388,0.202216577200111,0.19197768765301,0.177690473236431,0.209553296816555,0.0136806612531976,0.0683131329305199,0.00656852477144064,0.0327993287432621,0.0151758363854442,0.0757791534446741,1.1768192054224,5.87633925928971
19.104921,51.54644,0.441137,"2020-04-08 13:34:34",414.36142,0.742039,0,51.539124,51.540054,51.553833,51.552887,19.099548,19.132568,19.110168,19.07724,-0.318579999999997,0.92,0.609755968220969,0.39483465484262,0.261723474031276,0.326684819156983,0.2665110727207,0.132267684057996,0.299833575642026,0.123479177350182,0.279911178047142,0.180947084765529,0.41018342321213,1.19572727869115,2.71055766959278
19.105465,51.530121,0.450601,"2020-04-08 13:34:18",414.9245,0.826689,0,51.522655,51.523548,51.537598,51.536701,19.094879,19.127838,19.116028,19.083069,0.244500000000016,0.92,0.472905827261487,0.549513150095442,0.33655593112992,0.3674710503758,0.241105863806228,0.0852115898969833,0.189106526388053,0.148135431428215,0.32875078268405,0.170895058726679,0.37926027400445,1.24860715351875,2.7709817632867
19.109201,51.412132,0.135235,"2020-04-08 13:34:00",413.375946,0.873574,0,51.404621,51.405563,51.419636,51.418713,19.094788,19.127777,19.123566,19.090637,-1.30405400000001,0.92,0.186460671603778,0.211642885166204,0.151906765044743,0.102545180441869,0.136129515345732,0.0427703236207123,0.316266673721391,0.000632517866842534,0.00467717578173205,0.0427750004263278,0.316301256526252,1.26939404210729,9.38657922954328
19.112305,51.60638,0.291031,"2020-04-08 13:34:36",414.069,0.794003,0,51.598919,51.599598,51.614044,51.613323,19.107422,19.140503,19.117065,19.083893,-0.61099999999999,0.92,0.238130279046521,0.276494678038096,0.32583777090349,0.270456608819401,0.235447729797138,0.0319314130977359,0.109718253717768,0.0393033072809679,0.135048525005817,0.0506395606777985,0.174000572714929,1.21630799105927,4.17930732828898
19.112499,51.440384,0.244482,"2020-04-08 13:34:17",414.929596,0.786232,0,51.432842,51.433743,51.447918,51.44701,19.101837,19.134796,19.123016,19.089996,0.249595999999997,0.92,0.235438484641323,0.270318519646508,0.213407493588019,0.214290074287008,0.202158699241957,0.0236162607528002,0.0965971349743547,0.02992709296821,0.122410210028591,0.0381229414588136,0.155933530725426,1.210790698878,4.95247379716298
19.114866,51.56197,0.41479,"2020-04-08 13:34:35",414.452087,0.759178,0,51.554615,51.555695,51.569294,51.568226,19.109314,19.142456,19.120483,19.087311,-0.227913000000001,0.92,0.452873164774077,0.491459293922261,0.398170074312434,0.328360123941716,0.311543117916693,0.0613340505737187,0.147867717576891,0.0730065704574742,0.176008511433434,0.0953510623419668,0.229877919771371,1.19659644858814,2.88482472718276
19.121359,51.470757,0.435209,"2020-04-08 13:34:18",415.360352,0.771161,0,51.4632,51.4641,51.478313,51.477406,19.110748,19.143707,19.131927,19.098877,0.680351999999971,0.92,0.687101398000106,0.441998606499165,0.324445876850651,0.26248083462858,0.236415029820617,0.162385549983904,0.373120845349944,0.140568564372838,0.322990940841844,0.214775669323636,0.493500063931664,1.219515426739,2.80213742532669
19.122187,51.621647,0.193203,"2020-04-08 13:34:36",414.130157,0.761083,0,51.614414,51.615391,51.628986,51.628002,19.116486,19.149689,19.127655,19.094574,-0.54984300000001,0.92,0.144543309449895,0.193838796717368,0.308385957947092,0.252547206506713,0.271748043512336,0.0631593280396596,0.326906559627229,0.0555397328961652,0.28746827376472,0.084105663594069,0.435322762038214,1.19696328078083,6.19536591450871
19.124329,51.425678,0.245515,"2020-04-08 13:34:17",414.663696,0.712777,0,51.418156,51.419052,51.433208,51.432308,19.113739,19.146667,19.134857,19.101898,-0.016303999999991,0.92,0.185507418902598,0.194334905246202,0.20814331530063,0.22006440292873,0.226022274803662,0.023498907029963,0.09571271421283,0.0137834381701365,0.0561409207996924,0.0272430137722099,0.110962726400464,1.16412767063084,4.74157452958411
19.12513,51.577221,0.404729,"2020-04-08 13:34:35",414.161713,0.766353,0,51.569855,51.570728,51.584576,51.583721,19.119843,19.152985,19.130371,19.09729,-0.518286999999987,0.92,0.366993814024615,0.36855796456652,0.406833305741946,0.47460046323701,0.360162792717003,0.0436405551441161,0.107826607789697,0.0315130673815725,0.0778621432651786,0.0538290950052308,0.133000340981819,1.198580198434,2.96143888486864
19.127424,51.532124,0.562702,"2020-04-08 13:34:34",413.698608,0.722113,0,51.52483,51.525753,51.53949,51.538563,19.122009,19.155182,19.132904,19.099915,-0.981392000000028,0.92,0.670284534652975,0.542247319267945,0.509639938087873,0.508787187834222,0.363402168237437,0.0664002793503309,0.118002565035011,0.140926262528646,0.250445640016645,0.155785777810733,0.276853072871134,1.17987982156536,2.09681113904936
19.130239,51.500774,0.522904,"2020-04-08 13:34:18",414.647095,0.762433,0,51.492985,51.493866,51.508579,51.507679,19.120056,19.152924,19.140472,19.107513,-0.0329050000000279,0.92,0.66270499563779,0.713374546810489,0.432266328077281,0.451918815894614,0.255633598556052,0.125885816944761,0.240743648824185,0.188988713271466,0.361421433516413,0.22707701920682,0.434261392543985,1.21625164013902,2.32595589274326
19.131588,51.637245,0.155012,"2020-04-08 13:34:36",414.288666,0.759909,0,51.629765,51.630798,51.64465,51.643642,19.126343,19.159698,19.13681,19.103729,-0.391334000000029,0.92,0.101262324363637,0.118763736605995,0.221402216838592,0.278419743138522,0.239576452566608,0.0739054926110365,0.476772718312366,0.0597960978571767,0.385751411872479,0.095066267187815,0.613283276054853,1.19703771178607,7.72222609724452
19.133392,51.45612,0.367711,"2020-04-08 13:34:18",413.175049,0.764247,0,51.448696,51.449589,51.463543,51.462646,19.122681,19.15567,19.144012,19.111053,-1.50495100000001,0.92,0.336013331745401,0.419529054141346,0.259952927084218,0.212813249021837,0.336083424100709,0.082961257082028,0.225615380236186,0.0223640733908809,0.0608197018606484,0.0859227673859673,0.233669287527344,1.19910641686393,3.26100230034982
19.135542,51.592003,0.271997,"2020-04-08 13:34:36",412.615082,0.798635,0,51.585186,51.585831,51.599064,51.598385,19.12973,19.162872,19.141296,19.108154,-2.06491800000003,0.92,0.225144294025911,0.263356388516251,0.313036346847639,0.355025974397051,0.340729149590243,0.0497678826507145,0.182972174879556,0.048600969060789,0.178682004069122,0.0695621760526729,0.255746115040507,1.22026913406928,4.48633306275171
19.137682,51.428093,0.181727,"2020-04-08 13:34:00",413.952332,0.802556,0,51.420471,51.421387,51.435711,51.434795,19.123322,19.15625,19.152008,19.119049,-0.727667999999994,0.92,0.235281471045131,0.298888360819301,0.21747520793584,0.275301693568979,0.269306753610705,0.0464337570651506,0.25551380403105,0.0619282376727765,0.340776206467814,0.0774028450151628,0.425929251102824,1.2233099907842,6.73158083710291
19.138021,51.547489,0.58606,"2020-04-08 13:34:35",414.743256,0.702111,0,51.540054,51.541134,51.554913,51.553833,19.132629,19.165619,19.143341,19.110199,0.0632559999999671,0.92,0.624403672441977,0.586904481268843,0.541539880292922,0.47354320282481,0.365847218486158,0.0577394035170923,0.0985213178123269,0.155713951112389,0.265696261666705,0.166074300508962,0.283374228763203,1.16916231961629,1.99495328057927
19.138548,51.531021,0.606755,"2020-04-08 13:34:19",415.240326,0.763773,0,51.523548,51.524448,51.538494,51.537598,19.127899,19.16098,19.149139,19.116089,0.560325999999975,0.92,0.516119543462776,0.678685937947548,0.489917643021916,0.566240120028463,0.351419593691148,0.0749701158233275,0.123559123243035,0.180549397278012,0.29756556975717,0.195495787995589,0.322198890813573,1.21159720974135,1.99684750804088
19.142281,51.413078,0.314389,"2020-04-08 13:34:00",414.134155,0.858102,0,51.405567,51.406494,51.420563,51.419636,19.127838,19.160797,19.156586,19.123627,-0.545844999999986,0.92,0.421453898883503,0.411126968909674,0.18489692371712,0.292695065881091,0.220002782543955,0.096832645661163,0.308002651686805,0.0667411344137175,0.212288389268446,0.117605018126652,0.374074850349893,1.26355450325365,4.01907987637496
19.145466,51.441277,0.347491,"2020-04-08 13:34:18",413.930603,0.806674,0,51.433743,51.434631,51.448818,51.447926,19.134857,19.167816,19.156067,19.123108,-0.749396999999988,0.92,0.375260802619483,0.344893927120317,0.221072002081734,0.347689374598928,0.266374133602048,0.0606580039088725,0.174559927908557,0.0573582862985951,0.165064091727829,0.0834827314198594,0.240244298182858,1.22641441149447,3.52934151242613
19.145536,51.607262,0.287857,"2020-04-08 13:34:36",413.177917,0.783804,0,51.599598,51.600552,51.615021,51.614048,19.140564,19.173706,19.150269,19.117126,-1.50208300000003,0.92,0.149493761380549,0.134855228616451,0.302613052419811,0.215187182414318,0.253670780951614,0.07689837248282,0.267140880655395,0.0241733073122424,0.083976791643915,0.0806083648073737,0.280029197856483,1.21129947531274,4.20799034003946
19.148087,51.562927,0.423637,"2020-04-08 13:34:35",414.853973,0.698042,0,51.555698,51.556568,51.570179,51.569302,19.142517,19.175659,19.153656,19.120544,0.173972999999989,0.92,0.509903663130561,0.273729289510749,0.342506042001152,0.46673173506965,0.295614287300523,0.0952444144158933,0.224825533218046,0.0905257282956973,0.213687020481444,0.1314016969483,0.310175213563263,1.16229473014588,2.74361004856961
19.154406,51.471653,0.294448,"2020-04-08 13:34:18",414.085144,0.740054,0,51.4641,51.464985,51.479206,51.478317,19.143799,19.176758,19.164948,19.131958,-0.594855999999993,0.92,0.261533570045628,0.359113944745745,0.280998705070925,0.358207076796766,0.305583587895023,0.0451783583014942,0.153434081065228,0.0078740497130696,0.0267417327102565,0.0458594016282603,0.155747030471459,1.18160188203714,4.01293906576759
19.155306,51.62273,0.192126,"2020-04-08 13:34:36",414.925781,0.70955,0,51.615391,51.616425,51.630024,51.628986,19.14975,19.182831,19.161163,19.127716,0.245780999999965,0.92,0.0989619156847858,0.162192417296559,0.235608977574622,0.34084189301257,0.237054960827953,0.0903157750425047,0.470086167632203,0.0317695728731103,0.165358009187254,0.0957405085743134,0.49832145870061,1.1657733259438,6.06775410898993
19.155386,51.368282,0.195931,"2020-04-08 13:34:00",414.067719,0.784491,0,51.360523,51.361446,51.376026,51.375095,19.141052,19.173981,19.169617,19.136658,-0.612280999999996,0.92,0.199235519595063,0.145714970131993,0.128446971663711,0.131817709784043,0.124514425169587,0.0347278604817483,0.177245359242531,0.0504991443517015,0.257739430471449,0.0612877465232143,0.312802703621246,1.2106123727085,6.17876891716214
19.15736,51.426579,0.279473,"2020-04-08 13:34:18",414.048309,0.804131,0,51.419052,51.419956,51.434097,51.433208,19.146759,19.17981,19.167877,19.134918,-0.631690999999989,0.92,0.60652733183372,0.512269877892834,0.312783449028751,0.290778574238719,0.184361407832102,0.149432423856509,0.534693597794812,0.06725405179137,0.24064597220973,0.163869328374738,0.586351198057552,1.23283406099239,4.41128145113263
19.158386,51.577869,0.326868,"2020-04-08 13:34:35",413.3909,0.891927,0,51.570728,51.571339,51.58522,51.584576,19.153046,19.186249,19.163666,19.130432,-1.28910000000002,0.92,0.189112071791614,0.307570563304952,0.337589894484056,0.383569383561368,0.330695202042432,0.0725816475505673,0.222051860538711,0.00270624051717469,0.00827930698990019,0.0726320817469221,0.222206155839428,1.28343647783125,3.92646719113297
19.159731,51.35326,0.141813,"2020-04-08 13:34:00",414.647614,0.719128,0,51.345623,51.346542,51.360889,51.35997,19.145386,19.178284,19.174011,19.141113,-0.0323860000000309,0.92,0.138687512669455,0.185183755648935,0.067790703648313,0.130020688564675,0.161014063935816,0.0421124599817453,0.296957683581514,0.013577202515012,0.0957401825997049,0.044247030565313,0.31200969280188,1.16854733755114,8.2400579463881
19.160595,51.533154,0.529771,"2020-04-08 13:34:35",414.899384,0.718906,0,51.525753,51.526836,51.540569,51.53949,19.155243,19.188202,19.165955,19.132965,0.219383999999991,0.92,0.466616628106809,0.436459017209147,0.440682229180593,0.437443817398585,0.324601695046298,0.0397612491276288,0.075053653611898,0.145076606824093,0.273847769742197,0.150426655815324,0.283946565242952,1.17722301014539,2.22213562113705
19.163351,51.501671,0.227136,"2020-04-08 13:34:19",413.880096,0.780748,0,51.493866,51.494751,51.50948,51.508579,19.152985,19.186005,19.173676,19.140564,-0.799904000000026,0.92,0.324934568529365,0.261226429609905,0.357968949313428,0.437273256425537,0.321333009940875,0.0825870438128933,0.363601735580856,0.0666073444966893,0.293248734223942,0.10609975563899,0.467119944169969,1.21129046791042,5.33288632321791
19.163788,51.30862,0.0406,"2020-04-08 13:33:34",415.808533,0.830593,0,51.300671,51.301609,51.316578,51.315624,19.144043,19.176941,19.18338,19.150574,1.128533,0.92,0.0363536665773605,0.0430662114203924,0.0350775664644,0.0655896918886535,0.0521970490909462,0.0124149965836972,0.305788093194512,0.00820035205396135,0.20197911462959,0.0148787739408232,0.366472264552296,1.23955883666851,30.5310058292736
19.166412,51.457008,0.31718,"2020-04-08 13:34:18",414.245087,0.694858,0,51.449589,51.450481,51.464436,51.463547,19.155701,19.188721,19.177094,19.144104,-0.434912999999995,0.92,0.433427087468264,0.388352075656509,0.322224461567388,0.351530483554703,0.312664883047073,0.048721976743285,0.153609864251482,0.00319266981526502,0.0100657980177345,0.0488264698531699,0.153939308446844,1.15395479301501,3.63817010219753
19.168842,51.592884,0.321326,"2020-04-08 13:34:36",413.00174,0.741877,0,51.585831,51.586746,51.60001,51.599072,19.162933,19.195984,19.174469,19.141357,-1.67826000000002,0.92,0.150610420203751,0.162693516629476,0.353992010297681,0.360195637063059,0.293455157886155,0.104394136007372,0.324885431018255,0.0197076614560794,0.0613322963472592,0.106238070166928,0.330623946294193,1.18662041558444,3.69288640067857
19.17115,51.548458,0.469181,"2020-04-08 13:34:35",414.068115,0.721005,0,51.541134,51.542004,51.55579,51.554916,19.16568,19.198853,19.176575,19.143402,-0.611885000000029,0.92,0.276188308740587,0.403873123362389,0.432316169240134,0.378239585776378,0.366077558545418,0.0730153408672814,0.155622970383032,0.0729051426162051,0.155388096739222,0.10318139280827,0.21991809729778,1.17341152621186,2.50097835635259
19.171705,51.531918,0.357108,"2020-04-08 13:34:19",414.237274,0.818062,0,51.524448,51.52533,51.539387,51.538494,19.161041,19.194061,19.182312,19.1492,-0.442725999999993,0.92,0.385663217850101,0.418869859642027,0.485909137098392,0.378207161654162,0.34583627178736,0.0503089399194606,0.140878781543568,0.00797031545484947,0.022319061613992,0.0509363854653008,0.142635800556977,1.23216068400524,3.45038667295396
19.175295,51.413994,0.33255,"2020-04-08 13:34:00",414.405304,0.780989,0,51.406494,51.407391,51.421478,51.420563,19.160858,19.193787,19.189636,19.156677,-0.274696000000006,0.92,0.523991368018741,0.468853499019293,0.23639946464918,0.389225896202542,0.279518609946101,0.112988471795663,0.339763860459069,0.0374988555228608,0.112761556225713,0.119048557001939,0.357986940315557,1.21264849690471,3.64651480049528
19.175583,51.487015,0.362851,"2020-04-08 13:34:19",414.932037,0.687861,0,51.479813,51.480686,51.494213,51.493328,19.164673,19.197632,19.186371,19.153351,0.252036999999973,0.92,0.356269997828564,0.250633944060893,0.380688881444889,0.373593232267677,0.484233068417664,0.0534829582752218,0.147396474793295,0.0858300836925797,0.236543605205938,0.101129768577528,0.278708804929649,1.15316086710118,3.17805619138759
19.178511,51.442165,0.496943,"2020-04-08 13:34:18",413.946869,0.756646,0,51.434643,51.435528,51.449707,51.448818,19.167908,19.200928,19.189087,19.156097,-0.733131000000014,0.92,0.466074795060384,0.576987304262963,0.320589512266063,0.427728773514895,0.265465639922671,0.0942565186402556,0.18967269614474,0.16367921100184,0.329372203656837,0.188878732048808,0.380081281049956,1.20606315951378,2.42696478170289
19.178692,51.608322,0.256404,"2020-04-08 13:34:36",412.890778,0.782882,0,51.600552,51.601593,51.616055,51.615021,19.173767,19.206909,19.183472,19.15033,-1.789222,0.92,0.119174447109787,0.143076556819847,0.257857276996858,0.24921943391209,0.241053932771096,0.0681763385382048,0.265894208117677,0.0108541366292274,0.0423321657588315,0.0690349579448112,0.269242905511658,1.20998762445838,4.71906688061958
19.18148,51.563618,0.405674,"2020-04-08 13:34:35",413.328674,0.770976,0,51.556576,51.557171,51.570789,51.570179,19.175751,19.208832,19.186981,19.153717,-1.35132600000003,0.92,0.289084314993157,0.284417474844778,0.454084973002874,0.340997662772413,0.380113624178062,0.0740074523266238,0.182430849220369,0.018073915073369,0.0445528061284899,0.0761824744016421,0.187792351498105,1.20275008292744,2.96481924630969
19.183167,51.278194,0.022336,"2020-04-08 13:33:35",414.913361,0.617948,0,51.269863,51.270802,51.286518,51.285583,19.163361,19.196198,19.202881,19.170044,0.233361000000002,0.92,0.0161057534599157,0.0173882851393735,0.0257275302163985,0.0270934503477793,0.0400951008744789,0.00488867876657409,0.21886993045192,0.01255758065612,0.562212601008237,0.0134756080388868,0.603313397156466,1.10835072189087,49.6217192823636
19.183189,51.202408,0.002577,"2020-04-08 13:33:17",415.153412,0.675743,0,51.194393,51.195263,51.210522,51.209621,19.159912,19.192596,19.206421,19.173798,0.473411999999996,0.92,0.00574236758384276,0.00198199792504375,0.00236595520282322,0.00242835149294282,0.00685872534382508,0.0015380833345292,0.596850343239891,0.00302763702579702,1.17486884974661,0.00339592201087326,1.31778114508081,1.14150783367233,442.959966500712
19.184191,51.517197,0.427073,"2020-04-08 13:34:19",414.60376,0.798791,0,51.509861,51.510738,51.524532,51.523651,19.173431,19.206421,19.194855,19.161835,-0.0762399999999843,0.92,0.511344019304094,0.356784843841735,0.55075734442892,0.478082433295596,0.393920682112712,0.0755348164269395,0.176866288496204,0.0234422287901534,0.0548904491507387,0.0790888524591256,0.185188135187955,1.22095131281485,2.85888200100416
19.187456,51.472534,0.351212,"2020-04-08 13:34:18",413.894989,0.68394,0,51.464993,51.46587,51.480083,51.479206,19.176849,19.209869,19.197968,19.165009,-0.785010999999997,0.92,0.381935836857264,0.28024931030617,0.319308784534528,0.373661045196989,0.401369490850252,0.0418555640209387,0.119174641017217,0.0354667019075154,0.100983741750041,0.0548614179884867,0.156205989511995,1.14768623708037,3.26778765270086
19.188332,51.216473,0.021002,"2020-04-08 13:33:35",415.255219,0.644904,0,51.208355,51.209301,51.224564,51.223621,19.16864,19.201416,19.207977,19.175232,0.575219000000004,0.92,0.00318241958005257,0.00350268489915878,0.00573538676128893,0.0102985871780197,0.0219760450412133,0.0074183829005293,0.353222688340601,0.000688753853823055,0.0327946792602159,0.00745028769444655,0.354741819562258,1.12354647256032,53.4971180154422
19.188541,51.623646,0.201413,"2020-04-08 13:34:37",414.469086,0.755539,0,51.616425,51.617264,51.630829,51.630032,19.182922,19.215973,19.194122,19.161224,-0.210914000000002,0.92,0.0643021991220267,0.105356869789808,0.268937778477447,0.228737534286815,0.273182908858393,0.0858865895280177,0.426420288303226,0.0507489892389102,0.251964814778143,0.0997595417467684,0.495298425358683,1.19465105645562,5.93135029246185
19.19051,51.427483,0.351548,"2020-04-08 13:34:18",413.628235,0.786398,0,51.419956,51.420837,51.434994,51.434101,19.179871,19.21283,19.200989,19.167938,-1.05176499999999,0.92,0.280835031702041,0.310984866321541,0.248461364088638,0.28313385560872,0.279511013693498,0.0386020994420778,0.109806056191694,0.05093784151357,0.144895836453543,0.0639123288528719,0.181802567082936,1.21198457093455,3.44756497244913
19.191763,51.57872,0.348129,"2020-04-08 13:34:36",411.972504,0.76489,0,51.571339,51.572224,51.58614,51.585224,19.18631,19.219208,19.196747,19.163727,-2.70749599999999,0.92,0.294617599936159,0.313283800814071,0.371234445738562,0.374316757718161,0.269993587989361,0.0353274975833464,0.101478180741468,0.0552500796835277,0.158705766205997,0.0655789858913471,0.188375532895413,1.19823091075574,3.44191638948707
19.193787,51.534138,0.400846,"2020-04-08 13:34:35",413.87326,0.742781,0,51.526836,51.52771,51.541443,51.540569,19.188293,19.221436,19.199219,19.166016,-0.806739999999991,0.92,0.474231086226097,0.532644413484833,0.546946655410293,0.421870227181919,0.320410577931469,0.0648477177910069,0.161777135835226,0.0568764323922603,0.141890981554663,0.0862563334739742,0.215185715895816,1.18556474687188,2.95765642384326
19.195351,51.232357,0.008564,"2020-04-08 13:33:35",415.538574,0.606986,0,51.224361,51.225307,51.240311,51.239391,19.175751,19.208496,19.214996,19.182159,0.858573999999976,0.92,0.00568022139926411,0.00822020614608185,0.00774965634960138,0.0073786787150632,0.0164997242298111,0.00112224253341938,0.131041865182085,0.00561140441652582,0.65523171608195,0.00572252460279736,0.668206983044997,1.10220903257224,128.702596050004
19.196447,51.502556,0.625103,"2020-04-08 13:34:19",414.520477,0.807826,0,51.494755,51.495636,51.510357,51.50948,19.186066,19.219116,19.206726,19.173737,-0.159522999999979,0.92,0.545694166719269,0.591673357749485,0.522892145370877,0.553731711235133,0.377165584857087,0.0404872487916722,0.0647689241479759,0.175318227557418,0.280462943798731,0.179932482416581,0.287844535087148,1.23748072490225,1.97964291469126
19.197098,51.338951,0.035955,"2020-04-08 13:34:00",415.372192,0.847055,0,51.331196,51.332096,51.346691,51.345783,19.1828,19.215668,19.211304,19.178406,0.692191999999977,0.92,0.0752026760221055,0.0870554855250104,0.0942303165527429,0.0643784687912297,0.139784310399534,0.022838681610292,0.635201824789099,0.0734184094694334,2.04195270391972,0.0768886742421644,2.13846959371894,1.25292220079769,34.84695315805
19.198071,51.638748,0.136798,"2020-04-08 13:34:37",414.668854,0.72627,0,51.631607,51.632233,51.646114,51.645435,19.19281,19.225739,19.203217,19.170197,-0.0111459999999965,0.92,0.051623184771817,0.0660454978187382,0.180603304556231,0.186679723040662,0.319150375973012,0.0630336933307179,0.460779348606835,0.128942601615996,0.942576657670402,0.143525053584426,1.04917508724123,1.18087575718465,8.63225893057389
19.199533,51.457905,0.377655,"2020-04-08 13:34:18",413.278595,0.805526,0,51.450481,51.451355,51.465321,51.464443,19.188782,19.221771,19.210144,19.177185,-1.40140500000001,0.92,0.384237144053606,0.227097036155353,0.301688396901135,0.340327476036526,0.400755471857447,0.0644936601888598,0.17077401381912,0.0163345002990097,0.0432524401874985,0.0665300541452843,0.176166220876949,1.22462173130342,3.2426996367145
19.201256,51.323826,0.05928,"2020-04-08 13:34:00",414.425171,0.907931,0,51.316071,51.316971,51.331585,51.330685,19.186981,19.219849,19.215515,19.182617,-0.254829000000029,0.92,0.0497976095919802,0.0602516321883781,0.125412329851688,0.0775715556613178,0.146327766821934,0.0301925706010247,0.509321366414047,0.0615520662069349,1.03832770254614,0.0685583559738764,1.15651747594258,1.29438748021404,21.8351464273623
19.20162,51.187309,0.00411,"2020-04-08 13:33:17",414.839966,0.642833,0,51.179363,51.180286,51.195293,51.194347,19.178223,19.211182,19.224731,19.191956,0.159965999999997,0.92,0.00439734112098978,0.00434076737576202,0.00390304219995961,0.00376645429542583,0.00434841000466053,0.000272242445418504,0.0662390378147211,0.000168581330998177,0.0410173554740091,0.000320211827152846,0.077910420231836,1.12233433896705,273.074048410475
19.201832,51.59391,0.314659,"2020-04-08 13:34:36",414.066772,0.814888,0,51.586746,51.587799,51.601063,51.600018,19.196045,19.229095,19.207703,19.17453,-0.613227999999992,0.92,0.197295377302684,0.294322933202942,0.354098063927152,0.415270099037578,0.283718196742534,0.0804125357349597,0.255554539151779,0.021878451798713,0.0695306722474585,0.0833357219710418,0.264844552264648,1.2318227531185,3.91478633415379
19.202309,51.248013,0.010109,"2020-04-08 13:33:35",414.1633,0.668786,0,51.239941,51.24086,51.256107,51.255161,19.182556,19.215363,19.221924,19.189148,-0.516700000000014,0.92,0.0115459781996304,0.0108264001179365,0.0149479992910534,0.0386260268943825,0.00899274360521422,0.0121142327523847,1.19836113882528,0.000789312466295873,0.0780801727466488,0.0121399196598825,1.20090213274136,1.13746300662718,112.519834467028
19.203764,51.429924,0.236698,"2020-04-08 13:34:01",413.018311,0.840514,0,51.422314,51.423199,51.437531,51.43663,19.189362,19.22229,19.218079,19.18512,-1.66168900000002,0.92,0.270028071760291,0.28709528011623,0.31904463382562,0.300842023126068,0.355056919102092,0.03140914283335,0.132697119677184,0.0836923943109992,0.353583022716707,0.089392120005253,0.377663182643085,1.24934172079341,5.27820987415782
19.204887,51.532806,0.678684,"2020-04-08 13:34:19",413.582489,0.858763,0,51.52533,51.526215,51.540264,51.539387,19.194122,19.227295,19.215424,19.182373,-1.097511,0.92,0.680598220488423,0.385355134728836,0.560318547182843,0.475297509263556,0.428533422731512,0.128673306736127,0.18959236807723,0.176883169504277,0.260626697408923,0.218733800589411,0.322291081842818,1.27738732015364,1.88215328511301
19.205759,51.156376,0.001951,"2020-04-08 13:33:17",414.500031,0.673382,0,51.148529,51.149479,51.16423,51.163284,19.182709,19.215454,19.228638,19.195892,-0.179969000000028,0.92,0.00194217214192604,0.00191770107452051,0.00194132281650018,0.00196948725098031,0.00215219077985519,1.87094570443902e-05,0.00958967557375204,0.000142263364747815,0.0729181777282494,0.000143488357479851,0.0735460571398521,1.14010672242247,584.370436915669
19.208303,51.414894,0.316333,"2020-04-08 13:34:01",414.113281,0.862281,0,51.407394,51.408276,51.422375,51.421482,19.193848,19.226746,19.222656,19.189697,-0.566719000000035,0.92,0.149429793114787,0.215858985034637,0.244649490459818,0.298974726484024,0.334372680799638,0.0670534151619806,0.211970977299177,0.0127559806238648,0.0403245333995024,0.0682559559786642,0.215772480198601,1.26276973296305,3.99190009566832
19.208626,51.487892,0.622075,"2020-04-08 13:34:19",413.938568,0.782559,0,51.480686,51.481567,51.495098,51.494213,19.197693,19.230743,19.219482,19.186432,-0.741432000000032,0.92,0.685287771373623,0.692024784291969,0.554341752595001,0.561268669136248,0.505527884288758,0.0655167060381615,0.105319625508438,0.0824112558471525,0.132478006425515,0.105280833300253,0.169241382952623,1.21238716684952,1.94894050853919
19.21162,51.443062,0.378218,"2020-04-08 13:34:18",414.114227,0.81918,0,51.435528,51.436398,51.450581,51.449707,19.200989,19.233948,19.222168,19.189148,-0.565772999999979,0.92,0.349860824747027,0.351237455901707,0.380695440907104,0.485715980401145,0.390066488389798,0.0558949392989045,0.147784979294757,0.00837814648723626,0.022151633415745,0.0565193557800318,0.149435922616141,1.2331465079129,3.26041200554417
19.211912,51.609249,0.333231,"2020-04-08 13:34:37",413.199188,0.774721,0,51.601597,51.602451,51.616894,51.616058,19.207001,19.240204,19.216553,19.183533,-1.48081200000001,0.92,0.0846666660727039,0.145740724095203,0.272218111439504,0.361960743378547,0.378612756918155,0.120017448554732,0.360162915679311,0.0320897480589869,0.0962988079109894,0.124233408904679,0.372814680821048,1.20914290624768,3.6285426813462
19.214092,51.201683,0.005151,"2020-04-08 13:33:35",415.10498,0.751119,0,51.193615,51.194519,51.209793,51.208847,19.194305,19.227112,19.233704,19.200958,0.424980000000005,0.92,0.00607663025542485,0.00567131647615278,0.00492215991322069,0.00574641496284023,0.00808280911650241,0.000468337605999611,0.0909216862744343,0.00207310210742339,0.402465949800698,0.00212534525689281,0.412608281283792,1.18768020495985,230.572744119558
19.216038,51.203362,0.005496,"2020-04-08 13:33:17",415.65451,0.711832,0,51.195263,51.196209,51.211472,51.210522,19.192657,19.225433,19.239258,19.206512,0.974510000000009,0.92,0.00620209939411852,0.00579732873610609,0.0050377544768629,0.0048956810464145,0.00512441986946568,0.000538336368337768,0.097950576480671,0.000262746830055,0.0478069195878821,0.000599034174466739,0.108994573229028,1.16323048234902,211.650378884466
19.216049,51.279133,0.077248,"2020-04-08 13:33:35",414.051025,0.707766,0,51.270802,51.271732,51.287445,51.286518,19.196259,19.229065,19.235809,19.202972,-0.628975000000025,0.92,0.055607604296781,0.111918898942552,0.0661786466429987,0.0867596677691918,0.071748538632785,0.0215467819998554,0.278929965822486,0.00388870642563116,0.0503405450708259,0.0218948818725755,0.283436229709191,1.16095309836712,15.0289081706597
19.217098,51.384914,0.330614,"2020-04-08 13:34:01",414.882111,0.797784,0,51.377533,51.378429,51.392307,51.391403,19.202637,19.235535,19.231567,19.198608,0.202111000000002,0.92,0.20221658558829,0.179207436958559,0.217048362340398,0.259536436539079,0.386654831151408,0.0596170720247109,0.180322285277426,0.0396268517304909,0.119858359689822,0.0715854919300683,0.216522869358431,1.21982941156166,3.68958789271374
19.220028,51.172333,0.002938,"2020-04-08 13:33:17",415.175476,0.670784,0,51.163849,51.164806,51.180805,51.179852,19.196503,19.229218,19.2435,19.210815,0.495475999999996,0.92,0.00294279453430665,0.00303325513513803,0.00295184767539855,0.00296519378151798,0.01448374771701,3.88794515425509e-05,0.0132333054944012,0.00816407650456687,2.77878710162249,0.00816416908106226,2.77881861166176,1.13860345525244,387.543722005594
19.220509,51.473415,0.500089,"2020-04-08 13:34:19",413.971283,0.834328,0,51.46587,51.466751,51.480968,51.480087,19.20993,19.242981,19.231079,19.198029,-0.708716999999979,0.92,0.669799596791316,0.578834665075122,0.432791977107395,0.570799576785457,0.595651981885111,0.0892241006858629,0.178416443244828,0.0675732325213692,0.135122413253179,0.111924447269522,0.223809056526982,1.24700853785393,2.49357321967475
19.221176,51.217407,0.007485,"2020-04-08 13:33:35",414.48761,0.659601,0,51.209305,51.210236,51.225494,51.224567,19.201477,19.234222,19.240845,19.208038,-0.192389999999989,0.92,0.00783481255392855,0.00743693940438748,0.00681746139014529,0.0070455159664307,0.0140095905618817,0.000398039093521884,0.0531782356074661,0.0046135822307723,0.616377051539385,0.00463072090716657,0.618666787864605,1.13203132588154,151.239990097734
19.22135,51.370094,0.300221,"2020-04-08 13:34:00",414.254761,0.866005,0,51.362366,51.363255,51.377827,51.376938,19.207062,19.23996,19.235596,19.202698,-0.425239000000033,0.92,0.224569802785484,0.223207853463323,0.340628468329044,0.340202291388092,0.482271506295553,0.0588231322011135,0.195932770196334,0.12872914752003,0.428781289516822,0.14153216702638,0.471426605821646,1.27137563856171,4.23479915982461
19.221682,51.624245,0.194675,"2020-04-08 13:34:37",414.36557,0.714787,0,51.617264,51.617859,51.631458,51.630829,19.216034,19.249176,19.227173,19.194214,-0.314430000000016,0.92,0.0875715376796525,0.0738456925131225,0.252166373638384,0.259733718917834,0.277243387186266,0.0885828233997773,0.455029271348541,0.0583846664910451,0.299908393430308,0.10609281730045,0.544974019778863,1.16986159063872,6.00930571793356
19.222864,51.294765,0.175231,"2020-04-08 13:33:35",416.032684,0.838297,0,51.286942,51.287868,51.302582,51.301662,19.203186,19.236023,19.242493,19.209595,1.35268400000001,0.92,0.0516069828376546,0.134191981842881,0.150557444417574,0.161768688381178,0.122308580466978,0.0488150536134512,0.278575443919462,0.0374218017285993,0.213556971817768,0.0615085417149416,0.351014042691884,1.24616417895593,7.11155091825035
19.223452,51.428349,0.446904,"2020-04-08 13:34:18",414.141022,0.798822,0,51.420837,51.421722,51.435863,51.434994,19.212891,19.245941,19.233978,19.20105,-0.538977999999986,0.92,0.333455979160807,0.399666724943553,0.433406754417369,0.519973453170458,0.491316561933695,0.0681512341902318,0.152496362060379,0.0314044237131832,0.0702710732353777,0.0750388469421604,0.167908201632029,1.2207159441223,2.73149478215076
19.224291,51.141624,0.001515,"2020-04-08 13:33:17",414.178192,0.655172,0,51.133408,51.134418,51.149921,51.148895,19.200958,19.233734,19.247559,19.214813,-0.501807999999983,0.92,0.00150954522302511,0.00151513206156474,0.00159423834916765,0.00165331057809786,0.00178544577431153,6.40903873934814e-05,0.0423038860683046,0.000191234040958929,0.126227089741868,0.000201687967359801,0.133127371194588,1.1294469399941,745.509531349241
19.229525,51.503429,0.840675,"2020-04-08 13:34:19",413.496552,0.805224,0,51.495636,51.496502,51.511219,51.510357,19.219177,19.252167,19.239777,19.206787,-1.183448,0.92,0.770970916125425,0.976960005048806,0.730095513803891,0.735675215543252,0.600579698814155,0.10276786679677,0.122244466407078,0.169773015599538,0.201948452849838,0.198454305248638,0.236065429861288,1.23861608315398,1.4733590069337
19.232555,51.458771,0.636344,"2020-04-08 13:34:19",413.386719,0.887163,0,51.451359,51.452225,51.466198,51.465321,19.221832,19.254822,19.243256,19.210205,-1.29328099999998,0.92,0.530360957251507,0.741896278315277,0.544656702395822,0.535278817482848,0.511675637588461,0.0915566317527472,0.143879146739416,0.0881538444606213,0.138531744560523,0.127097274207969,0.199730451152158,1.28437218347335,2.01836142632499
19.234224,51.324726,0.358945,"2020-04-08 13:34:00",416.246613,0.882345,0,51.316971,51.317871,51.332474,51.331589,19.21991,19.252838,19.248444,19.215576,1.56661300000002,0.92,0.211009394080243,0.25934126863422,0.184778562811238,0.351410411396858,0.273131773069189,0.0796038736656499,0.221771785832509,0.0606791146782765,0.169048502356284,0.100093614485222,0.278855018137101,1.27865219300861,3.56225102176825
19.23444,51.188263,0.003238,"2020-04-08 13:33:17",414.637787,0.712712,0,51.180286,51.181244,51.196217,51.195293,19.211243,19.243927,19.25766,19.224792,-0.0422130000000038,0.92,0.00316963740377143,0.00325051171776775,0.00334653674195218,0.0033256961174705,0.00619638953995061,7.13431862581301e-05,0.0220331026121464,0.00209189730509043,0.64604611028117,0.00209311351466423,0.646421715461467,1.16377092937923,359.410416732312
19.235115,51.594852,0.394871,"2020-04-08 13:34:37",413.782349,0.726361,0,51.587799,51.588642,51.60191,51.601063,19.229187,19.262299,19.240936,19.207764,-0.897650999999996,0.92,0.172342201780119,0.235261755834834,0.43647900605096,0.403230966889764,0.312674921218006,0.116969975920282,0.296223262585204,0.0581214046936917,0.147190866621483,0.130614214197228,0.330776922582888,1.17943222580671,2.98687983115171
19.236765,51.430809,0.576943,"2020-04-08 13:34:01",415.16037,0.824872,0,51.423199,51.424099,51.438427,51.437531,19.222351,19.255371,19.251129,19.21814,0.480369999999994,0.92,0.55489751048322,0.585061859109926,0.697625622199253,0.613265310121527,0.513995120068468,0.0555455779045884,0.0962756769812414,0.0445108727609028,0.0771495152223059,0.071179554780091,0.123373634449315,1.23769153887497,2.14525791780985
19.237539,51.549915,0.416857,"2020-04-08 13:34:36",413.601074,0.8331,0,51.542606,51.543446,51.557266,51.556393,19.232178,19.265106,19.24292,19.209808,-1.07892600000002,0.92,0.416687581482395,0.574042746334853,0.520332721695928,0.462834375000022,0.433838396893304,0.0684540537761908,0.164214715780689,0.0120076608972754,0.0288052279253448,0.0694992186906988,0.166721966263488,1.24309523022117,2.98206634462458
19.238028,51.533676,0.687128,"2020-04-08 13:34:20",413.728149,0.850603,0,51.526218,51.527069,51.541138,51.540268,19.227386,19.260315,19.248596,19.215485,-0.951851000000033,0.92,0.820742180752233,0.703551308967041,0.611165806415795,0.686814139132444,0.458937365394688,0.0755060889460926,0.10988649705163,0.161355145132678,0.234825454839095,0.178147838405979,0.259264414208093,1.2655679025393,1.84182263354033
19.238487,51.157337,0.002074,"2020-04-08 13:33:18",414.545044,0.604393,0,51.149479,51.150513,51.165268,51.164234,19.215515,19.24823,19.261505,19.228729,-0.134955999999988,0.92,0.00205421581271224,0.00203780777959337,0.00218900661301775,0.00225171019475458,0.00237761239728935,9.39408348859962e-05,0.0452945201957552,0.000214686384975604,0.10351320394195,0.000234339762637439,0.112989278031552,1.10076834682149,530.7465510229
19.241329,51.415791,0.670306,"2020-04-08 13:34:01",416.212097,0.825885,0,51.408276,51.409184,51.423275,51.422379,19.226807,19.259827,19.255707,19.222717,1.53209700000002,0.92,0.705926207190829,0.71362810699183,0.65762338200986,0.487574531854302,0.542054935977171,0.0921738949376565,0.137510174364628,0.0906871970649324,0.135292235284978,0.129306591554615,0.192906809061257,1.24306324370262,1.8544713066907
19.241713,51.488762,0.558237,"2020-04-08 13:34:19",413.511353,0.825382,0,51.481567,51.482422,51.495956,51.495098,19.230804,19.263763,19.252533,19.219543,-1.16864700000002,0.92,0.911536415824896,0.714803548306673,0.721190475733385,0.797684422305686,0.552860749274065,0.129205552328812,0.231452863799448,0.0038015833456677,0.00680998096806142,0.129261466758379,0.231553026328207,1.24272441543269,2.22615916793887
19.242058,51.264397,0.029166,"2020-04-08 13:33:35",415.350494,0.643224,0,51.256702,51.257641,51.272121,51.271175,19.222382,19.255157,19.261566,19.228821,0.670494000000019,0.92,0.0437696605637932,0.0393485404452226,0.0630850798753977,0.077444221693495,0.125908985837066,0.0194238753631547,0.66597666334618,0.0684076213176235,2.34545776992469,0.0711118104709671,2.43817494586049,1.12480842980681,38.5657419531924
19.24267,51.126835,0.000981,"2020-04-08 13:33:18",415.07666,0.703636,0,51.118633,51.119751,51.134991,51.133881,19.219574,19.252197,19.265747,19.233154,0.396659999999997,0.92,0.000978977907864026,0.000965468492359616,0.000951929996425684,0.00101238635919864,0.00342718208428327,2.25224916243559e-05,0.0229587070584668,0.00172971193981374,1.76321298655835,0.00172985856571085,1.76336245230464,1.15823426512371,1180.66693692529
19.244631,51.443924,0.648665,"2020-04-08 13:34:19",413.565704,0.772097,0,51.436401,51.437286,51.451458,51.450588,19.234009,19.267151,19.255219,19.222229,-1.11429600000002,0.92,0.721681929862889,0.704017174162911,0.659053443373209,0.61063000056824,0.601155718954493,0.0444997467263935,0.0686020468599254,0.0335941347965755,0.0517896522805693,0.0557565543361824,0.0859558544644498,1.20234877251172,1.85357429877012
19.245113,51.609882,0.241493,"2020-04-08 13:34:37",414.614807,0.735855,0,51.602451,51.603031,51.617493,51.616894,19.240295,19.273407,19.249786,19.216614,-0.065193000000022,0.92,0.210240209738444,0.192887190661982,0.385696138836273,0.3326946536783,0.337510345810709,0.083085234636421,0.344048211072044,0.0678945163342861,0.281144862725984,0.107297817139287,0.444310258016947,1.18296043999276,4.89852890142885
19.245758,51.400826,0.704221,"2020-04-08 13:34:01",415.397034,0.820974,0,51.392853,51.393738,51.408794,51.407883,19.231537,19.264465,19.259918,19.226898,0.717034000000012,0.92,0.671623025580268,0.734850070413015,0.603989724112724,0.60956870621435,0.526085553237739,0.0575672519683549,0.0817460029853624,0.12596078237529,0.178865416361185,0.138492264028657,0.196660230280916,1.24079749188648,1.76194332728857
19.24692,51.202614,0.003652,"2020-04-08 13:33:35",415.480072,0.71188,0,51.194519,51.195419,51.210709,51.209793,19.227173,19.26001,19.266571,19.233765,0.800072,0.92,0.00306929646552204,0.00328189014237512,0.00527542298303208,0.00450725999921248,0.00513899158876295,0.000918945178270999,0.251627923951533,0.00105146183598164,0.287913974803297,0.00139643554566382,0.382375560148909,1.1632605402197,318.526982535515
19.247477,51.56538,0.388642,"2020-04-08 13:34:36",413.593506,0.78565,0,51.558044,51.559086,51.572723,51.571674,19.242065,19.274902,19.252869,19.219971,-1.08649400000002,0.92,0.251193932638297,0.299232136445652,0.560991524919769,0.345566738292916,0.38087993126218,0.118892196330321,0.305917004158893,0.00548861144054862,0.0141225380698654,0.119018818696006,0.306242811368834,1.21565266491041,3.12794979675489
19.248886,51.204304,0.003732,"2020-04-08 13:33:17",415.238434,0.706417,0,51.196209,51.197132,51.212421,51.211472,19.225494,19.258362,19.272034,19.239319,0.558433999999977,0.92,0.00315116832128527,0.00331334468511041,0.00408432378753399,0.00447760721105518,0.0124014010508105,0.000545610124470799,0.146197782548446,0.00613019227185388,1.64260243082902,0.00615442505014255,1.64909567259983,1.15994088419915,310.809454501379
19.248926,51.28006,0.183943,"2020-04-08 13:33:35",415.383453,0.715062,0,51.271732,51.272678,51.288361,51.287445,19.229126,19.261871,19.268738,19.23587,0.703452999999968,0.92,0.149271009113206,0.257289784482298,0.174720535754264,0.144994897827372,0.155618563851399,0.0451826081453342,0.2456337460264,0.0200284008739611,0.108883735037273,0.0494227166430874,0.268684954812564,1.16625737672453,6.34031942897816
19.250101,51.385807,0.814989,"2020-04-08 13:34:01",417.107666,0.801936,0,51.378429,51.379314,51.393192,51.392307,19.235626,19.268524,19.264557,19.231628,2.42766599999999,0.92,1.08898460663142,0.928446871485294,0.644932384193104,0.64421668102772,0.5617060507366,0.190783875729758,0.234093804615471,0.179098090983078,0.219755224896383,0.261676543527025,0.32107984712312,1.24818907282841,1.53154100586439
19.252895,51.173286,0.002604,"2020-04-08 13:33:18",414.999481,0.716435,0,51.164806,51.165833,51.18185,51.180805,19.229309,19.262115,19.276398,19.243591,0.319480999999996,0.92,0.00229809211673021,0.0023250099103901,0.0027955574182515,0.00283708414726623,0.00327429495515625,0.000253624300945827,0.0973979650329595,0.000473970108186117,0.182016170578386,0.000537562042451119,0.206437036271551,1.16605291397859,447.792977718351
19.253624,51.474285,0.961584,"2020-04-08 13:34:19",415.139404,0.8004,0,51.466755,51.467602,51.481823,51.480968,19.243042,19.27597,19.26413,19.23114,0.459404000000006,0.92,0.843511452590086,0.810710504595891,0.823683408725451,0.704084304771028,0.611704609756135,0.0918632069011648,0.0955332107243515,0.247402089438851,0.257285987952016,0.263906503597156,0.274449765800134,1.24767255425487,1.2975180059723
19.254007,51.218334,0.006858,"2020-04-08 13:33:35",415.07959,0.701549,0,51.210236,51.211166,51.226414,51.225494,19.234314,19.267059,19.273682,19.240906,0.399589999999989,0.92,0.00609511023205416,0.00700174040748711,0.0257113686966112,0.0191013986837539,0.0168471991094483,0.00894673047276242,1.30456845622082,0.00706343042891351,1.02995485985907,0.0113989488803291,1.66213894434662,1.15702244379121,168.711350800701
19.254326,51.370983,0.653011,"2020-04-08 13:34:01",417.72821,0.841487,0,51.363255,51.36414,51.378712,51.377827,19.240051,19.272949,19.268585,19.235657,3.04820999999998,0.92,0.827121444041786,0.887590730320703,0.577760971212601,0.685504047638401,0.478989958727502,0.127748817215672,0.195630421563607,0.123051458352927,0.188437037588842,0.177373678156556,0.271624334286185,1.25934975001855,1.92852762054322
19.25489,51.62508,0.211433,"2020-04-08 13:34:37",414.255981,0.708097,0,51.617859,51.618763,51.632374,51.631458,19.249237,19.282654,19.260498,19.227264,-0.424018999999987,0.92,0.106081071168833,0.138608568227257,0.199366330332032,0.23172895365863,0.256432682800084,0.0528761648887792,0.250084730807297,0.0318195808591831,0.150494865319903,0.0617120291304657,0.291875105260133,1.16258751754369,5.49860957156021
19.256552,51.429222,0.687519,"2020-04-08 13:34:19",415.277649,0.784512,0,51.421726,51.422577,51.436752,51.435863,19.246033,19.278931,19.267242,19.23407,0.59764899999999,0.92,1.02440610105233,0.944385837032053,0.785285238020444,0.579339658373853,0.708698029811405,0.182124402702915,0.264900901215697,0.0149758355985965,0.0217824316107577,0.182739086436837,0.265794961938269,1.22280523872601,1.77857664839227
19.257053,51.142742,0.001926,"2020-04-08 13:33:18",414.438751,0.650401,0,51.134426,51.135525,51.15099,51.149921,19.233795,19.266449,19.280334,19.24762,-0.241248999999982,0.92,0.00197284535979016,0.00200107419190891,0.00195006987935042,0.00192082175062874,0.00852290116673777,3.34336567175063e-05,0.0173591156373345,0.00466471354981772,2.42196965203412,0.00466483336371778,2.42203186070498,1.1266957093516,584.992580141019
19.25774,51.580654,0.35125,"2020-04-08 13:34:36",414.071655,0.752777,0,51.573288,51.574127,51.588039,51.587193,19.25235,19.285522,19.263123,19.229919,-0.608344999999986,0.92,0.250389282347243,0.272614415624334,0.355606143255008,0.408234820545453,0.371535212796728,0.0648663018481755,0.184672745475233,0.0143438115263785,0.0408364740964513,0.0664332901831822,0.1891339222297,1.19058245987985,3.38955860464015
19.258638,51.355957,0.778551,"2020-04-08 13:34:01",416.164612,0.832608,0,51.348358,51.349243,51.363586,51.362701,19.244324,19.277222,19.27298,19.240051,1.48461199999997,0.92,1.00494728165162,0.770933153195503,0.665861119960596,0.47310256168391,0.742413045821027,0.193237025979854,0.248200857721401,0.0255533924581606,0.032821732241254,0.19491927579298,0.250361602249538,1.25603726287864,1.61330120040773
19.260815,51.111778,1.9e-05,"2020-04-08 13:33:18",414.958282,0.664025,0,51.103558,51.104534,51.119976,51.11903,19.23761,19.270111,19.284058,19.251404,0.27828199999999,0.92,1.21014792151762e-05,1.34009919533733e-05,3.47453655945468e-05,5.58736082510081e-05,8.09562413160954e-05,1.84700563972855e-05,0.972108231436078,4.38096783714412e-05,2.30577254586533,4.75439891293109e-05,2.50231521733215,1.13460530709381,59716.0687944109
19.261282,51.234135,0.026718,"2020-04-08 13:33:35",418.495026,0.548545,0,51.226238,51.227154,51.241989,51.241241,19.241394,19.2742,19.281219,19.247894,3.81502599999999,0.92,0.00942635445684624,0.0101757039148205,0.0206607059430408,0.0154090193967639,0.0278234059037926,0.00729623172155046,0.273083004773952,0.000781640010535392,0.0292551841655585,0.00733798054239918,0.274645577603083,1.07114679805498,40.0908300791594
19.262478,51.311428,0.251742,"2020-04-08 13:33:35",417.83136,0.812717,0,51.303467,51.304394,51.319363,51.318447,19.242828,19.275665,19.282135,19.249268,3.15136000000001,0.92,0.352214392726314,0.337057188382207,0.266422764683861,0.351983668468016,0.443400048420139,0.0488671604518283,0.194116041232008,0.13552270570686,0.538339671992993,0.144063885595013,0.57226797910167,1.23598678197695,4.90973608685459
19.262541,51.50428,0.766705,"2020-04-08 13:34:20",414.720551,0.752104,0,51.496502,51.497345,51.51207,51.511227,19.252228,19.285217,19.272797,19.239868,0.0405509999999936,0.92,0.796871185620632,0.750209228738969,0.692280628296793,0.739196668339865,0.541114566415297,0.0384699827999045,0.0501757296481757,0.159516525358557,0.208054630344861,0.164089796876869,0.214019468865951,1.19957737901942,1.56458791715121
19.262993,51.340729,0.434353,"2020-04-08 13:34:01",416.584167,0.867893,0,51.332981,51.333881,51.34848,51.347595,19.248688,19.281616,19.277283,19.244354,1.90416699999997,0.92,0.65603629493278,0.587371463406109,0.528823283572358,0.385030227027387,0.66909026785704,0.110295990500232,0.253931688051498,0.165984313898916,0.382141515999466,0.199288730190448,0.458817436947478,1.28037270254794,2.94776990730568
19.26564,51.459641,0.93649,"2020-04-08 13:34:19",412.969818,0.808171,0,51.452225,51.453094,51.467045,51.466198,19.254913,19.288025,19.276276,19.243317,-1.71018200000003,0.92,1.48430886121629,1.27662383077058,0.806031755872228,0.817502092982851,0.615106846974673,0.302256464974951,0.322754610273416,0.227252206863323,0.242663783770593,0.378156761335037,0.40380224170577,1.28161729911249,1.36853281840969
19.267191,51.325623,0.530249,"2020-04-08 13:34:01",416.720673,0.855395,0,51.317871,51.31876,51.333374,51.332474,19.252899,19.285797,19.281464,19.248535,2.04067299999997,0.92,0.613679938330564,0.546945822990048,0.40895704943553,0.471008925911008,0.664971861586829,0.0777297560559385,0.146591046953296,0.0952634490089034,0.179657951281197,0.122951371255418,0.231874781952287,1.26222725597199,2.38044250148891
19.267357,51.18922,0.003744,"2020-04-08 13:33:18",414.243866,0.653621,0,51.181248,51.182281,51.197277,51.196224,19.243988,19.276825,19.290558,19.257721,-0.436133999999981,0.92,0.00331438373689496,0.0034904898574971,0.00910055133295084,0.0236177162570855,0.0052047953754164,0.00870909940105614,2.32614834429918,0.00103293831588289,0.275891644199489,0.00877014104458392,2.34245220207904,1.12858199835676,301.437499561101
19.268379,51.595516,0.219341,"2020-04-08 13:34:37",412.819458,0.819112,0,51.588642,51.58923,51.602489,51.601913,19.26236,19.295715,19.27417,19.240997,-1.86054200000001,0.92,0.126632922227909,0.206517530695267,0.36199289882494,0.344521689857368,0.395669851174514,0.0993864588104033,0.453113913086944,0.124683326384332,0.568445144247233,0.159447797329201,0.726940231553613,1.24208215051064,5.66279058867535
19.268391,51.249748,0.057835,"2020-04-08 13:33:35",416.539246,0.527704,0,51.241791,51.242538,51.257915,51.257034,19.248291,19.281586,19.287781,19.254852,1.85924599999998,0.92,0.0266928600754907,0.0284318555200524,0.0488038536320738,0.0560249446986098,0.132846458431193,0.015000080087346,0.259359904683082,0.0530411109233894,0.917110934959616,0.055121337525627,0.953079234470943,1.06203101342033,18.3631194505115
19.269859,51.431717,0.790622,"2020-04-08 13:34:01",415.248596,0.827667,0,51.424103,51.424988,51.439327,51.438427,19.255432,19.288422,19.284241,19.251221,0.568596000000014,0.92,1.17591315904806,1.16517261726401,0.652391342644343,0.670423937741619,0.588493767192969,0.260772755599412,0.329832404865298,0.142926244087105,0.180776963058332,0.297372395006257,0.376124614551906,1.2727383879654,1.60979379269157
19.271353,51.158451,0.003196,"2020-04-08 13:33:18",413.986572,0.639826,0,51.150517,51.151581,51.166309,51.165268,19.248291,19.281036,19.294403,19.261566,-0.693427999999983,0.92,0.0033244759777159,0.00330476199613862,0.00305838484107721,0.00309500024125562,0.00437136817148584,0.000119868420248025,0.0375057635319228,0.00083111080444847,0.260047185371862,0.000839710430710337,0.262737932011995,1.12061501658224,350.630480782928
19.274374,51.416683,0.813933,"2020-04-08 13:34:01",414.419098,0.820518,0,51.409191,51.41008,51.424164,51.423275,19.259888,19.292877,19.288757,19.255768,-0.260901999999987,0.92,1.44339430394585,0.831299975765461,0.702454465169752,0.734710185775413,0.645509864365631,0.30562088756333,0.375486541967619,0.119093141315764,0.146318113795317,0.328005035362956,0.402987758652071,1.27563203610895,1.5672445227174
19.274759,51.489616,0.867901,"2020-04-08 13:34:20",415.036743,0.725674,0,51.482422,51.483276,51.496807,51.495956,19.263824,19.296844,19.285583,19.252594,0.356742999999994,0.92,0.892329983381441,0.766207928983493,0.928461528591368,0.767263555134031,0.750147989951902,0.0741281771908129,0.0854108673579278,0.0832639519101378,0.0959371540188775,0.11148036751521,0.128448253332131,1.17704317109328,1.3561952009426
19.274902,51.265327,0.059199,"2020-04-08 13:33:36",415.404724,0.712958,0,51.257641,51.258514,51.272999,51.272125,19.255219,19.288147,19.294556,19.261627,0.724723999999981,0.92,0.203025769610196,0.0864560566768141,0.184289730221577,0.133882831671936,0.258735251196274,0.0615371096960724,1.0394957633756,0.141093436313428,2.38337533258041,0.153929118884237,2.60019795746951,1.17405420803491,19.8323317629505
19.275417,51.127838,0.000849,"2020-04-08 13:33:18",415.454803,0.639968,0,51.119755,51.120686,51.135895,51.134991,19.252289,19.284973,19.298676,19.265808,0.77480300000002,0.92,0.00084403917895051,0.000803997999619644,0.000872691043874137,0.000927022394925774,0.00120127514477347,4.51744512248953e-05,0.0532090120434574,0.000249096143712793,0.293399462559238,0.000253159277641676,0.298185250461338,1.12069581292767,1320.01862535651
19.277845,51.444805,0.702814,"2020-04-08 13:34:19",413.89093,0.861696,0,51.437286,51.438141,51.45232,51.451458,19.267242,19.300232,19.288391,19.25531,-0.789069999999981,0.92,1.35037165505904,1.04472521351171,0.661112664632244,0.62281038921497,0.65877524101653,0.313755848013494,0.446427999461442,0.0311401051122517,0.0443077473019201,0.315297380751996,0.448621371731348,1.29935847044804,1.84879423353553
19.278559,51.610687,0.179575,"2020-04-08 13:34:37",414.351166,0.753512,0,51.603031,51.603893,51.618393,51.617493,19.273499,19.30658,19.283234,19.249847,-0.328834000000029,0.92,0.0624329829084643,0.125168535926156,0.350613064129304,0.236648057959307,0.334336919365355,0.110174636779043,0.613529927768582,0.109433202652688,0.609401100669292,0.155287077479803,0.864747751523337,1.19928912718169,6.67848602078067
19.278786,51.401714,0.655388,"2020-04-08 13:34:01",416.287689,0.830952,0,51.393742,51.394634,51.409679,51.408794,19.264526,19.297516,19.292969,19.259979,1.60768899999999,0.92,0.824326685828856,0.763293250632074,0.708610171757331,0.642850232995179,0.783327369947811,0.0758432072713732,0.1157226059546,0.0904667960708316,0.138035478328611,0.118052671636562,0.180126385647223,1.24531829649473,1.90012373814401
19.279791,51.203514,0.014094,"2020-04-08 13:33:36",414.663544,0.772255,0,51.195423,51.196335,51.211613,51.210712,19.260071,19.292847,19.299408,19.266632,-0.0164560000000051,0.92,0.00784025048992302,0.00870240752391262,0.00923002792471086,0.0114364747651627,0.014269449331862,0.00252119869129806,0.178884538902942,0.000124061412314269,0.00880242743821971,0.00252424921016695,0.179100979861427,1.20115950516952,85.2248832956943
19.280617,51.566338,0.327616,"2020-04-08 13:34:36",414.445618,0.671339,0,51.559086,51.559948,51.573578,51.572727,19.274994,19.308228,19.286194,19.25296,-0.234381999999982,0.92,0.246635200162744,0.292658900662986,0.436187887300604,0.3724449643083,0.445123375363373,0.0729669187513861,0.222720864522447,0.0830902619588741,0.253620891406018,0.110581023980002,0.337532428147592,1.14425705843812,3.49267758118689
19.281754,51.205284,0.00927,"2020-04-08 13:33:18",414.2995,0.672061,0,51.19714,51.198193,51.213486,51.212421,19.258423,19.29126,19.304932,19.272095,-0.380499999999984,0.92,0.00912910806877587,0.0113808063140928,0.0229344273601903,0.0193464469024588,0.0270764392691772,0.00633478059085297,0.683363602033761,0.0125910539560216,1.35825824768302,0.0140948247544159,1.52047731978597,1.1394141704428,122.91414999383
19.281843,51.280968,0.349595,"2020-04-08 13:33:36",416.182556,0.746432,0,51.272686,51.273571,51.289272,51.288361,19.261932,19.29483,19.301605,19.268799,1.50255599999997,0.92,0.227539460240872,0.174108965545169,0.275844003740784,0.355636093771552,0.429726109637403,0.0782414198030917,0.223805889109088,0.0566612510086104,0.16207683464755,0.0966034012789632,0.276329470613033,1.18865173527096,3.40008219588655
19.283394,51.519787,0.602658,"2020-04-08 13:34:20",413.736237,0.755146,0,51.512455,51.513309,51.527119,51.526276,19.272583,19.305664,19.294128,19.2612,-0.94376299999999,0.92,0.563399993506726,0.558711110397072,0.862226122140886,0.735579210637571,0.551068998951169,0.131704978924422,0.2185401652752,0.0364789324762683,0.0605300725722853,0.136663506423955,0.226767928782088,1.19804941271389,1.98794243619746
19.285858,51.174381,0.004965,"2020-04-08 13:33:18",414.145935,0.685444,0,51.165833,51.166874,51.18288,51.181854,19.262177,19.294983,19.309235,19.276459,-0.534064999999998,0.92,0.00551309248375745,0.00505485542766726,0.00445091442330344,0.00441582927126639,0.00818121222982375,0.000457759323251754,0.0921972453679262,0.00227420547744348,0.458047427481064,0.00231981769793616,0.467234178839106,1.14727453501337,231.072413899974
19.28668,51.47514,0.873928,"2020-04-08 13:34:19",413.998657,0.75577,0,51.467602,51.468456,51.482677,51.481823,19.276031,19.309082,19.29718,19.264191,-0.681343000000027,0.92,1.09040105367836,1.2079020979794,1.02633152131291,0.854227347763194,0.730451080340106,0.148892108531129,0.170371138733545,0.101453502835269,0.116089086097789,0.180171233054535,0.206162559220593,1.20418020500272,1.37789406564696
19.2869,51.219234,0.025464,"2020-04-08 13:33:36",414.851013,0.706826,0,51.211166,51.212067,51.227253,51.226421,19.26712,19.299927,19.306732,19.273743,0.171013000000016,0.92,0.0307427574696413,0.0216807809777316,0.0640780507841273,0.0215606297406797,0.0440274803830315,0.0179323812242126,0.704224836012118,0.013126362861265,0.515487074350653,0.0222232243010795,0.872731083140099,1.1603865157672,45.5696872355952
19.287376,51.371887,0.565615,"2020-04-08 13:34:01",417.481964,0.868115,0,51.36414,51.36504,51.379612,51.378712,19.27301,19.306,19.301636,19.268646,2.801964,0.92,0.430663930287494,0.419354491814966,0.687976550172607,0.748171661125765,0.820941237390033,0.148147570060805,0.261922986591242,0.180542913873339,0.319197535202105,0.233545383736859,0.412905215980586,1.28629977046169,2.27416134731521
19.288658,51.296604,0.474352,"2020-04-08 13:33:36",417.728546,0.737759,0,51.288776,51.289692,51.304409,51.303501,19.269012,19.301819,19.308289,19.275452,3.04854599999999,0.92,0.346539285715658,0.309138947137202,0.430604640662567,0.50446638868813,0.837553812441447,0.0831327768251688,0.17525545760357,0.256822464516592,0.541417480091982,0.269942284318406,0.569075885246413,1.20977567298406,2.55037540262097
19.289734,51.430099,0.423725,"2020-04-08 13:34:19",414.661133,0.760031,0,51.422577,51.42345,51.437611,51.436752,19.278992,19.312134,19.300293,19.267303,-0.0188670000000002,0.92,0.685896456125993,0.627563381332764,0.598150047271707,0.702904029883655,0.905422607413163,0.11125537690795,0.262565052588235,0.340611644683183,0.803850716108757,0.35832115676403,0.845645540772979,1.24596997248959,2.94051559971583
19.289909,51.143715,0.001967,"2020-04-08 13:33:18",414.705414,0.618734,0,51.135525,51.136433,51.151917,51.15099,19.26651,19.299316,19.313141,19.280396,0.025414000000012,0.92,0.0019469743671084,0.00203519030016264,0.00200929981767174,0.00548894768185152,0.0031638584578393,0.00156533154305427,0.795796412330589,0.000846306731658643,0.43025253261751,0.00177946562870188,0.904659699390892,1.1087086764583,563.654639785615
19.291023,51.581352,0.277871,"2020-04-08 13:34:37",415.429413,0.692499,0,51.574131,51.574707,51.588619,51.588043,19.285614,19.318878,19.296448,19.263184,0.749413000000004,0.92,0.172743968891993,0.213307396766209,0.380704303350893,0.414470488022114,0.466955539686404,0.104261050067369,0.375213858471625,0.133702960229793,0.481169176451638,0.169548954981622,0.610171464390389,1.1639165404514,4.18869381997906
19.293081,51.53651,0.679435,"2020-04-08 13:34:36",412.636932,0.852983,0,51.529114,51.530155,51.543926,51.542881,19.287537,19.32074,19.298492,19.265533,-2.04306800000001,0.92,0.50302733781648,0.577430294075501,0.736983199324132,0.641414572502912,0.518257894757752,0.0906610785039494,0.133435985052212,0.113969424088811,0.167741467673599,0.145631249334182,0.214341694693653,1.26300770348863,1.8589088043575
19.293631,51.112698,1.7e-05,"2020-04-08 13:33:18",415.023468,0.699097,0,51.104534,51.105442,51.120895,51.119976,19.270203,19.302979,19.316833,19.284119,0.343467999999973,0.92,2.22850249711158e-06,1.96448748356153e-05,1.70550206267616e-05,1.45392657795044e-05,8.16503274655604e-05,6.87409961570606e-06,0.404358800923886,4.57146849568287e-05,2.68909911510757,4.62286238842208e-05,2.71933081671887,1.15548111951087,67969.4776182863
19.295403,51.312336,0.696821,"2020-04-08 13:33:36",418.265503,0.832247,0,51.304394,51.305298,51.320271,51.319363,19.275726,19.308563,19.315033,19.282196,3.58550300000002,0.92,0.883167690362831,0.812942795285856,0.797670024966665,0.879991290263334,1.02656608225712,0.0760553306901769,0.109146151867089,0.233164983726926,0.334612452447509,0.245255627790209,0.351963600107071,1.2645890209755,1.81479751754826
19.295618,51.505135,0.992187,"2020-04-08 13:34:20",412.882568,0.836949,0,51.497349,51.498199,51.512928,51.512074,19.285278,19.318329,19.305969,19.272888,-1.79743200000001,0.92,0.856405546287748,0.901473571703482,0.958096767701625,0.777544913811067,0.62636356963213,0.0847506931077064,0.0854180644452169,0.258676228330046,0.260713180408578,0.272205935066256,0.274349427140504,1.27317701035099,1.28320267283384
19.297712,51.641537,0.067134,"2020-04-08 13:34:38",412.135162,0.754394,0,51.634174,51.634998,51.648895,51.648071,19.292236,19.325348,19.302856,19.269684,-2.54483800000003,0.92,0.0282379632591642,0.0438689621079757,0.11576021029911,0.165820070046471,0.191929000807694,0.0563637002969686,0.839570117927855,0.0882433913293011,1.31443666889059,0.104707988350759,1.55968642343312,1.19435089904955,17.7905517181986
19.298706,51.460491,0.876444,"2020-04-08 13:34:19",414.951324,0.821175,0,51.453098,51.45393,51.467899,51.467052,19.288086,19.320953,19.309357,19.276337,0.271323999999993,0.92,0.984049261067934,1.05704614006666,1.04376847217651,0.935860097605794,0.742381596080215,0.0753151616537443,0.0859326570251428,0.0947964349138499,0.108160287381567,0.121073273877043,0.138141482943625,1.2391073877079,1.41378957207523
19.300282,51.190319,0.006308,"2020-04-08 13:33:18",414.989014,0.660979,0,51.182285,51.183308,51.198292,51.197277,19.276886,19.309662,19.323334,19.290619,0.309013999999991,0.92,0.00714939061333837,0.00686119853454327,0.0246238937388114,0.0200306422041222,0.0231234964637309,0.00867816323637959,1.37573925751103,0.0118903515785225,1.88496378860535,0.0147204272294701,2.33361243333387,1.13292097227424,179.600661425847
19.301661,51.596272,0.192604,"2020-04-08 13:34:37",413.687805,0.840346,0,51.58923,51.590073,51.603352,51.602493,19.295776,19.328979,19.307373,19.274231,-0.992194999999981,0.92,0.130928361228788,0.162951455925387,0.315387427992969,0.326999385785786,0.364546637323198,0.0898884883369091,0.466701046379665,0.121581804826332,0.631252750858406,0.151202101838311,0.785041337865835,1.25516671216071,6.51682577807682
19.302895,51.43259,0.604221,"2020-04-08 13:34:02",413.886322,0.781266,0,51.424992,51.425861,51.440186,51.439327,19.288483,19.321442,19.31723,19.284302,-0.793678,0.92,0.523955439130381,0.525924545549501,0.693332627731512,0.6671395750004,0.879611150668027,0.078204845443132,0.129430862951026,0.194730243009347,0.322283143103843,0.209847242996575,0.347302134478237,1.22507649889681,2.02753048784602
19.303677,51.551834,0.545288,"2020-04-08 13:34:36",413.908386,0.784448,0,51.544495,51.545364,51.559162,51.558308,19.298218,19.331512,19.309113,19.275879,-0.771614,0.92,0.280520248585751,0.311716530184248,0.454223874908914,0.436904563699082,0.564841354646723,0.108761159247516,0.199456359295485,0.0138263096656433,0.0253559764118105,0.109636474769275,0.201061594550541,1.21399292473384,2.22633346916463
19.304182,51.159409,0.003418,"2020-04-08 13:33:18",414.888855,0.708091,0,51.151581,51.152508,51.16721,51.166309,19.281097,19.313843,19.327301,19.294464,0.208854999999971,0.92,0.00357560656208434,0.00351960249212224,0.00338439842025224,0.0036037597879697,0.00344327093652968,9.61171874406456e-05,0.0281208857345364,1.78692505870717e-05,0.00522798437304614,9.7764123470953e-05,0.0286027277562765,1.16094481946336,339.656178895074
19.307426,51.417568,0.656403,"2020-04-08 13:34:02",414.373901,0.818027,0,51.41008,51.410938,51.425034,51.424164,19.292938,19.325867,19.321808,19.288818,-0.306099000000017,0.92,0.521542541415322,0.50902497922998,0.800005369009709,0.887447452408442,0.915083369472044,0.167483538991965,0.25515352457555,0.182914643413524,0.278662107597808,0.248009077673318,0.377830506066117,1.25581713451337,1.91318006546797
19.307831,51.26622,0.457088,"2020-04-08 13:33:36",420.533752,0.675365,0,51.258518,51.25943,51.273911,51.272999,19.288208,19.320984,19.327393,19.294617,5.85375199999999,0.92,0.49728037886,0.41679797703404,0.398016951159716,0.647741534329305,0.723580412599803,0.0995228862243056,0.21773244150865,0.188438592084084,0.412258891250884,0.213105391459362,0.466223990696238,1.16100464731802,2.54000246630413
19.308161,51.128773,0.000913,"2020-04-08 13:33:18",415.178864,0.658818,0,51.120693,51.121613,51.13681,51.135895,19.285034,19.317749,19.331482,19.298737,0.498863999999969,0.92,0.000814469056850109,0.000835939182000413,0.000923596535984638,0.000970535639892482,0.00108888633483023,6.47299010660881e-05,0.0708980296452224,0.000124370420076503,0.136221708736586,0.000140206852478869,0.153567198772037,1.13156580753483,1239.39299839522
19.31086,51.445648,0.858849,"2020-04-08 13:34:19",414.310547,0.783793,0,51.438141,51.438984,51.453159,51.45232,19.300293,19.333252,19.321381,19.288452,-0.369453000000021,0.92,0.591274586836396,0.656323199805346,0.897196863085798,0.888318795732851,0.895728319182029,0.143688502541724,0.167303568545488,0.0260776166791558,0.0303634476830687,0.146035707463442,0.17003653431912,1.21739800176579,1.41747618238572
19.311737,51.097771,6e-06,"2020-04-08 13:33:19",414.966339,0.659066,0,51.089569,51.090504,51.105923,51.10503,19.288544,19.321136,19.335083,19.302277,0.286338999999998,0.92,1.64555859226801e-06,1.98446522458668e-06,5.31386430346087e-06,8.11079505773352e-06,6.60328644409039e-05,2.75519655942581e-06,0.459199426570968,4.24496455402159e-05,7.07494092336932,4.25389646626601e-05,7.08982744377668,1.13171020767932,188618.367946553
19.312592,51.204437,0.027059,"2020-04-08 13:33:36",415.19455,0.748245,0,51.196335,51.197247,51.212498,51.21162,19.292908,19.325653,19.332306,19.299469,0.514549999999986,0.92,0.0117308097589004,0.0135747411305195,0.0187336347607357,0.0180897779991025,0.0142118061195445,0.00594486212593092,0.219699993567054,0.0090843379120884,0.335723342033645,0.0108566376469575,0.401220948555286,1.18591249534103,43.8269150870702
19.314037,51.567074,0.249912,"2020-04-08 13:34:37",413.932129,0.774064,0,51.559952,51.56052,51.574146,51.573578,19.308289,19.341614,19.31955,19.286285,-0.747871000000032,0.92,0.117733464698851,0.331857152722506,0.3514619130545,0.41342328711012,0.507136256843107,0.114022257543325,0.456249630043077,0.181885016299431,0.727796249477541,0.214670059322489,0.858982599164861,1.221334643112,4.88705881715164
19.314566,51.206387,0.018479,"2020-04-08 13:33:18",414.82666,0.750498,0,51.198196,51.199207,51.214458,51.213486,19.291321,19.324036,19.337952,19.305023,0.146659999999997,0.92,0.0154991247067585,0.0193038551631241,0.0259467529126884,0.01493926691368,0.0718705815160426,0.00439398398683293,0.237782563279016,0.0377535493482681,2.04305153678598,0.0380083883329543,2.05684227138667,1.18789388650151,64.2834507549928
19.31476,51.281868,3.092576,"2020-04-08 13:33:36",422.06839,0.691222,0,51.273571,51.274475,51.290176,51.289272,19.294922,19.327728,19.334473,19.301666,7.38839000000002,0.92,2.43868916299112,2.59056741307319,2.4511563497807,3.10570336149456,3.04062273470303,0.337085654347414,0.108998341301043,0.0367365061962714,0.0118789340007397,0.339081567258282,0.109643729776821,1.19965168383924,0.38791340417802
19.31616,51.387585,0.894522,"2020-04-08 13:34:02",415.749023,0.77819,0,51.380215,51.381077,51.394943,51.394077,19.301636,19.334564,19.330597,19.297668,1.06902300000002,0.92,0.666114748205563,0.670770021498952,1.05225895080275,0.993976906857893,1.25634479218676,0.179864247019562,0.201073027851256,0.255847349943109,0.28601571559236,0.312744326613331,0.349621727149618,1.24490509273953,1.39169868682887
19.316505,51.520634,0.711693,"2020-04-08 13:34:20",414.971863,0.917797,0,51.513309,51.514145,51.527969,51.527119,19.305725,19.338684,19.327301,19.294189,0.291862999999978,0.92,0.57497641604285,0.406410955266361,0.779094328410709,0.762678722406491,0.696399027586946,0.156593537111001,0.220029615453574,0.0108144716045504,0.0151954165694344,0.156966520828551,0.220553694961944,1.30896517213791,1.83922726813093
19.318401,51.097237,3e-06,"2020-04-08 13:33:00",416.111816,0.604379,0,51.088989,51.089951,51.105465,51.104534,19.290222,19.322784,19.346741,19.313965,1.43181599999997,0.92,2.27380720156935e-07,1.61880054165537e-07,2.7236885826621e-05,1.35579367686367e-05,8.00187503876398e-05,1.16650853131961e-05,3.88836177106536,5.44604806776141e-05,18.1534935592047,5.56957643901305e-05,18.5652547967102,1.10076063644328,366920.21214776
19.318609,51.175335,0.003953,"2020-04-08 13:33:18",414.754883,0.633863,0,51.166882,51.167782,51.183762,51.18288,19.295044,19.327881,19.342285,19.309296,0.0748829999999998,0.92,0.00403164246438351,0.00386972615883466,0.00387847692781974,0.00444472663915164,0.00610556451661013,0.000237920566230482,0.0601873428359429,0.00152209296663657,0.38504755037606,0.00154057560506453,0.389723148258165,1.11722185627663,282.62632336874
19.31974,51.220139,0.02318,"2020-04-08 13:33:36",414.56311,0.729256,0,51.212067,51.212948,51.228146,51.227253,19.299988,19.332825,19.3396,19.306793,-0.116890000000012,0.92,0.146993904194164,0.0280468402598976,0.0362974846133121,0.0545540351554644,0.122960844401529,0.0512646097986244,2.21158799821503,0.0705557117088409,3.04381845163248,0.0872133514580554,3.76243966600757,1.17720876747013,50.7855378546217
19.322716,51.144634,0.001645,"2020-04-08 13:33:18",413.577423,0.7093,0,51.13644,51.137344,51.152813,51.151917,19.299377,19.332153,19.346069,19.313232,-1.102577,0.92,0.00153731605600719,0.0014763934945755,0.00169918043915782,0.00185574421420259,0.0179250269844494,0.00014777245430772,0.0898312792144193,0.0115117174786042,6.99800454626392,0.011512665894807,6.99858109106809,1.16173965735702,706.224715718553
19.322758,51.430943,0.779141,"2020-04-08 13:34:19",414.40744,0.834556,0,51.42345,51.424274,51.43845,51.437611,19.312195,19.345093,19.333313,19.300354,-0.272559999999999,0.92,0.594574897885526,0.682904835164829,0.979031655684231,0.980419387724056,0.93842783186334,0.173851716191968,0.223132547500348,0.112632798964289,0.144560225895299,0.2071486582757,0.265867998572402,1.25928324207123,1.61624563727391
19.326447,51.113613,4.5e-05,"2020-04-08 13:33:19",414.678467,0.76319,0,51.105442,51.106335,51.121769,51.120895,19.30304,19.335846,19.349701,19.316895,-0.0015329999999949,0.92,1.16484504249106e-05,2.88030814691132e-05,1.93692150631472e-05,8.46332931329985e-05,0.00225998707554928,2.89382879452939e-05,0.643073065450975,0.00156623238136146,34.8051640302546,0.00156649969579773,34.8111043510607,1.19534991948856,26563.3315441901
19.328297,51.313244,3.567221,"2020-04-08 13:33:36",420.337463,0.812415,0,51.305298,51.306194,51.32114,51.320271,19.308624,19.341492,19.348053,19.315094,5.65746300000001,0.92,3.3066514738452,3.67251978138696,3.23944144788323,2.93779849510683,2.83746505939501,0.289429304336533,0.0811357929145778,0.516015374212956,0.144654725404721,0.591642788034187,0.165855378187723,1.36251947540498,0.381955442459265
19.32897,51.342495,2.435125,"2020-04-08 13:34:01",417.00354,0.849018,0,51.334766,51.335606,51.350216,51.349365,19.314667,19.347504,19.343201,19.310333,2.32353999999998,0.92,2.4674567911734,2.18614164939623,1.91497611684466,2.04449745813642,1.98811794456382,0.240813215316671,0.0988915210991924,0.316081720137154,0.129801024644383,0.397364641703329,0.16318038774327,1.3134421276935,0.539373595890763
19.330818,51.642151,0.06478,"2020-04-08 13:34:38",414.218842,0.72091,0,51.634998,51.635544,51.649448,51.648899,19.325409,19.358551,19.33609,19.302917,-0.461158000000012,0.92,0.0352570868541141,0.0608415608032133,0.0816539512607658,0.0968784288699687,0.177900608932478,0.0232057895491031,0.358224599399553,0.0799883496681067,1.23476921377133,0.0832865220262232,1.28568264937053,1.17177125449092,18.0884725917092
19.331751,51.461334,1.155102,"2020-04-08 13:34:20",414.652405,0.812135,0,51.45393,51.454773,51.468754,51.467899,19.321014,19.354065,19.34256,19.309418,-0.0275950000000194,0.92,1.0378210085996,1.03308504215664,1.24170295590945,1.28028673330541,0.81538806825621,0.113646961103241,0.0983869486012848,0.240214024799578,0.207959145425753,0.265741245346698,0.230058683429427,1.25562003317222,1.08702091518517
19.332935,51.191269,0.006494,"2020-04-08 13:33:18",415.330811,0.666791,0,51.183319,51.184193,51.199192,51.198299,19.309723,19.342712,19.356262,19.323395,0.650810999999976,0.92,0.00741623797977279,0.00446964197886712,0.00632482370672594,0.00609973355813316,0.00579452795889895,0.00106978912197166,0.164735004923261,0.000494601423512948,0.0761628308458497,0.00117859209806868,0.181489389908943,1.13622692573285,174.965649173522
19.333105,51.32737,3.293048,"2020-04-08 13:34:01",419.264801,0.894,0,51.319637,51.320469,51.335102,51.334259,19.318817,19.351624,19.347351,19.314514,4.58480099999997,0.92,3.65518060269396,3.30179651430098,2.97707986914947,3.06217476204426,2.64547519930844,0.263705549861119,0.0800794734425732,0.457903118680967,0.139051455879467,0.528408821960147,0.160461925231623,1.38739031390785,0.421308864586197
19.333805,51.251663,0.39154,"2020-04-08 13:33:36",413.151825,0.879035,0,51.243408,51.244457,51.259735,51.258839,19.314636,19.346985,19.353455,19.320648,-1.52817500000003,0.92,0.374521176522572,0.424677005515291,0.605558396684627,0.848117009329234,0.546430818429487,0.200835150466488,0.512936482776952,0.109524348055025,0.279727098265885,0.22875825773024,0.584252586530725,1.29283907417156,3.30193358065985
19.335924,51.433456,1.170952,"2020-04-08 13:34:02",415.268066,0.812566,0,51.425861,51.426723,51.441044,51.440189,19.321503,19.354492,19.350281,19.317322,0.588065999999969,0.92,0.790899505446076,1.00106120504304,1.23431006638004,1.07846577937173,1.15091318714564,0.172341216061215,0.147180427601828,0.0141695804562461,0.0121009063191712,0.17292273350767,0.147677046973462,1.23958290409305,1.05861120190499
19.337038,51.552601,0.218605,"2020-04-08 13:34:37",414.578461,0.849147,0,51.545364,51.545929,51.559742,51.559162,19.331573,19.364868,19.34256,19.309174,-0.101539000000002,0.92,0.258134328898396,0.279929492857961,0.344915603484148,0.461324778438785,0.39741546381583,0.0949108630398572,0.434166021087611,0.126438091511285,0.578386091403605,0.158097004740718,0.723208548481133,1.26192126953982,5.77260936181615
19.337103,51.160309,0.002024,"2020-04-08 13:33:19",413.923157,0.684895,0,51.152508,51.1534,51.168102,51.167217,19.313934,19.346771,19.360229,19.327362,-0.756843000000003,0.92,0.00182206457038086,0.00190252660893372,0.00245700599138912,0.00263728660264046,0.00508057595759994,0.000358690729625433,0.177218739933514,0.00216132558683068,1.06784861009421,0.00219088733891276,1.08245421883041,1.14694636361616,566.673104553439
19.337311,51.536224,0.468535,"2020-04-08 13:34:21",415.606323,0.812049,0,51.528774,51.529606,51.543682,51.542843,19.32663,19.35968,19.347961,19.31488,0.926322999999968,0.92,0.261998252794015,0.364872362578994,0.516603249993585,0.394263731453648,0.489754797298214,0.0982303834862395,0.209654312882153,0.0150046625649711,0.0320246354380593,0.0993697546466848,0.212086086731375,1.23113684314114,2.62763047187754
19.340416,51.418423,1.477257,"2020-04-08 13:34:02",415.264526,0.793503,0,51.410938,51.411793,51.4259,51.425037,19.325928,19.358887,19.354828,19.321869,0.584525999999983,0.92,1.69767387491932,1.31900296986993,1.4570431364475,1.24488847250831,1.2623206127371,0.173766904883234,0.117628080207597,0.151982976957334,0.102881879698207,0.230854418449188,0.156272346957359,1.23666518246715,0.837136112719149
19.340721,51.267117,11.270991,"2020-04-08 13:33:36",418.62558,0.653584,0,51.259434,51.26033,51.27478,51.273911,19.321045,19.353851,19.360352,19.327454,3.94558000000001,0.92,10.9934737447527,10.1784355629003,11.3437404623907,10.3627930200923,12.0243785405166,0.531023658524431,0.0471141941755104,0.532725438760743,0.0472651818070605,0.752185162719591,0.0667363821619227,1.3562280649181,0.12032908773666
19.340916,51.491306,1.334505,"2020-04-08 13:34:20",414.24353,0.800468,0,51.484116,51.484951,51.498486,51.497654,19.329956,19.362976,19.351715,19.318756,-0.436469999999986,0.92,0.963398816766992,1.27921822016607,1.02894242168491,1.15067026874683,0.898422475064422,0.158276467177702,0.118603127884648,0.308356910538899,0.231064634856294,0.346605574593584,0.259725946769465,1.26778722322137,0.950005599995031
19.341141,51.129658,0.001488,"2020-04-08 13:33:19",414.177673,0.699105,0,51.121613,51.122486,51.137676,51.13681,19.31781,19.350647,19.364349,19.331543,-0.50232699999998,0.92,0.00135837278527912,0.00143973149068407,0.00158891571659505,0.00156235389699599,0.0091411443513038,9.33329635646528e-05,0.0627237658364602,0.00541159026820644,3.6368214168054,0.00541239505884727,3.6373622707307,1.15549863480892,776.544781457606
19.343916,51.446491,1.46466,"2020-04-08 13:34:20",413.816864,0.766214,0,51.438984,51.439819,51.453999,51.453167,19.333344,19.366302,19.354462,19.321472,-0.863135999999997,0.92,1.33304281201565,1.20473215431976,1.27159500625899,1.12707792857644,1.1037847754277,0.128485079346913,0.087723484868101,0.255177318457292,0.174222903921246,0.285698931516792,0.195061605776625,1.23089714162713,0.840397868192706
19.344662,51.612583,0.146956,"2020-04-08 13:34:38",414.072937,0.764937,0,51.604931,51.605755,51.620228,51.619427,19.339813,19.372986,19.349335,19.316406,-0.607062999999982,0.92,0.100978774411224,0.0913598775500845,0.162233543524751,0.152034755421187,0.262468734404484,0.0321900193554584,0.219045288082544,0.0816798378108112,0.55581152052867,0.0877940388118989,0.597417178011779,1.19968179415206,8.1635441503039
19.344795,51.403446,1.581814,"2020-04-08 13:34:02",414.723511,0.74275,0,51.395496,51.396343,51.411396,51.410542,19.330566,19.363495,19.358978,19.326019,0.0435109999999668,0.92,2.1115535372989,2.32298186385361,1.77171153942221,1.56452388925175,1.41599961487746,0.335248710068169,0.211939399997831,0.117248476138426,0.074122795814442,0.355160390188931,0.224527277030632,1.23459161881942,0.780491017793128
19.345488,51.205311,0.006597,"2020-04-08 13:33:36",414.659485,0.760344,0,51.19725,51.198132,51.213406,51.212498,19.325714,19.35849,19.365112,19.332367,-0.020514999999989,0.92,0.00769988398279319,0.025825078097733,0.0104758310893839,0.0126448348796822,0.0091120347448843,0.00773712102022448,1.17282416556381,0.00177839812302747,0.269576795972028,0.00793887533379805,1.20340690219767,1.1935602306032,180.924697681249
19.347523,51.207283,0.006725,"2020-04-08 13:33:18",414.266022,0.752792,0,51.199215,51.200115,51.215374,51.214458,19.324097,19.356964,19.370728,19.338013,-0.413977999999986,0.92,0.0117793087005405,0.0406745188791729,0.00706523034518011,0.0144342768384511,0.0157218989570519,0.0140966424385123,2.0961550094442,0.00636176826218158,0.945987845677558,0.0154656853537425,2.29973016412528,1.18883766035883,176.778834254101
19.349106,51.388428,2.285129,"2020-04-08 13:34:02",415.644775,0.746848,0,51.381077,51.381927,51.395798,51.394943,19.334625,19.367554,19.363586,19.330658,0.964774999999975,0.92,2.43214096699716,2.70129448595516,1.6884248306931,1.92620378329276,1.66660267839628,0.40276721038475,0.176255787040797,0.437364156348362,0.191395827696538,0.594566086334755,0.260189287490884,1.32577930521012,0.580177007604437
19.349657,51.521477,0.774544,"2020-04-08 13:34:21",413.47821,0.833497,0,51.514145,51.51498,51.528809,51.527973,19.338745,19.371826,19.360443,19.327393,-1.20179000000002,0.92,0.49074568598161,0.600791594224984,0.6310516150808,0.681148985610931,0.624209533856245,0.104397335385687,0.134785545283014,0.106302520456309,0.137245295885461,0.148993387406943,0.192362715877914,1.25032646876726,1.61427429399396
19.351524,51.176231,0.003504,"2020-04-08 13:33:19",414.60141,0.641138,0,51.167782,51.168671,51.184666,51.183762,19.327972,19.360809,19.375122,19.342377,-0.0785900000000197,0.92,0.00292745092937635,0.00291713536478098,0.003843214333332,0.00831449403368913,0.00530573876880294,0.00227786243646628,0.650074896251792,0.00127402170134726,0.363590668192711,0.00260994033935028,0.7448459872575,1.12136735587968,320.024930330958
19.352619,51.221024,0.026888,"2020-04-08 13:33:36",413.00351,0.806683,0,51.212952,51.213848,51.229137,51.228149,19.332886,19.365631,19.372162,19.339661,-1.67649,0.92,0.0635679831984477,0.0227367041801448,0.0334048666812189,0.0596282198921955,0.120919227276194,0.0190158256852991,0.707223508081638,0.0664901184502902,2.47285474748179,0.0691558925763185,2.57199838501631,1.22552845742848,45.5790113592859
19.352755,51.476814,1.612188,"2020-04-08 13:34:20",414.111053,0.823477,0,51.469311,51.470127,51.484348,51.483517,19.342316,19.375244,19.363342,19.330353,-0.56894699999998,0.92,1.26207955205968,1.36129645578528,1.23560400365064,1.09492930702076,0.909559058608539,0.192343199496131,0.119305688602155,0.496833689115827,0.308173543728044,0.532766009644807,0.33046146581218,1.3447505309766,0.834115209253884
19.353329,51.373611,2.635622,"2020-04-08 13:34:02",416.932281,0.812645,0,51.365894,51.36673,51.381329,51.380478,19.33902,19.371887,19.367584,19.334686,2.25228099999998,0.92,3.23999739631999,2.61790780544579,2.25252020472859,2.09959619619528,2.0025003061775,0.440898877063159,0.167284563971297,0.447684643018203,0.169859199467224,0.628341753657904,0.238403592646405,1.37898703961092,0.523211234240312
19.354441,51.298409,8.70967,"2020-04-08 13:33:36",418.365967,0.803615,0,51.290604,51.291504,51.306202,51.305309,19.334747,19.367554,19.374084,19.341278,3.68596700000001,0.92,10.9245249859744,10.2759455733955,6.49286340328931,6.78587165347797,6.31188271094521,1.99675918549792,0.229257731406347,1.69549165193355,0.194667725864878,2.61949216197466,0.300756763686186,2.89031767369465,0.331851571149614
19.35446,51.627647,0.084515,"2020-04-08 13:34:38",414.175079,0.698131,0,51.620605,51.621143,51.634766,51.63422,19.348816,19.381927,19.359985,19.326843,-0.504921000000024,0.92,0.0276165068880536,0.0368808964308914,0.103854732958606,0.143766257052502,0.308687043398087,0.0481055861702438,0.569195837073227,0.158513572039232,1.87556731987496,0.165652346622134,1.96003486507879,1.16671658645209,13.8048463166549
19.355625,51.145527,0.003143,"2020-04-08 13:33:19",415.016724,0.67748,0,51.137348,51.13821,51.153652,51.152813,19.332214,19.365021,19.378967,19.346161,0.336724000000004,0.92,0.00274889207309875,0.00297919737034871,0.00325388113457442,0.00597053975964161,0.00409592976571533,0.00132816246976238,0.422577941381602,0.000673823099331818,0.214388513945854,0.00148931296753853,0.473850769181843,1.14253287412359,363.516663736428
19.355803,51.431782,1.704038,"2020-04-08 13:34:20",415.14389,0.802538,0,51.424282,51.42511,51.439281,51.43845,19.345154,19.378143,19.366364,19.333374,0.463889999999992,0.92,1.91469424861248,1.56315200974419,1.47846512119232,1.41241925713704,1.20352550487079,0.200070210740164,0.117409477218327,0.353915779374463,0.207692421984993,0.406551925485352,0.238581490251598,1.2867601600764,0.755124099390038
19.357595,51.358578,3.408962,"2020-04-08 13:34:02",417.071564,0.814713,0,51.350979,51.351818,51.366177,51.365345,19.343231,19.376099,19.371918,19.33905,2.39156400000002,0.92,5.02448083133447,4.54820380086364,2.92663628691718,2.59846041094878,2.36231538470841,1.04521218925588,0.306607169354155,0.740090919178631,0.21710154562551,1.28070413805053,0.375687419821789,1.77492545240321,0.520664487431426
19.359158,51.114426,6.2e-05,"2020-04-08 13:33:19",415.186035,0.626722,0,51.106335,51.107159,51.122601,51.121777,19.335938,19.36853,19.382385,19.349792,0.506034999999997,0.92,5.21190105332641e-05,5.49228602821051e-05,5.08304997217643e-05,0.000171803479529373,0.000316567268635223,5.24287440623796e-05,0.845624904231928,0.000180006241920104,2.90332648258232,0.000187486053705755,3.02396860815734,1.11318484558272,17954.5942835922
19.359461,51.538273,0.569054,"2020-04-08 13:34:37",413.860413,0.794389,0,51.531025,51.531605,51.545361,51.5448,19.353882,19.387115,19.365082,19.331879,-0.819587000000013,0.92,0.166588722214972,0.313624312155947,0.494081741021333,0.48441140462578,0.54387590971244,0.163051657971752,0.286531081359153,0.0178035983796608,0.0312863074148688,0.164020764790929,0.288234095166591,1.22652219490868,2.15537048313285
19.3613,51.314114,5.331685,"2020-04-08 13:33:36",419.004364,0.790902,0,51.306194,51.307087,51.322025,51.32114,19.341553,19.37439,19.380981,19.348114,4.324364,0.92,7.07853183291275,7.04009507221503,4.86589088038035,4.71046205567057,4.23706221353097,1.16740191792152,0.218955530553948,0.774015195153566,0.145172716533997,1.40068795964535,0.262710186300458,1.85306576621,0.347557248076359
19.361799,51.506813,0.902585,"2020-04-08 13:34:21",413.981995,0.833912,0,51.499035,51.499866,51.514591,51.513763,19.35141,19.384521,19.372101,19.33905,-0.698005000000023,0.92,0.729048681521641,0.862007769547282,1.02912172486996,0.840641803435479,0.693058926758058,0.108557151411254,0.120273604603726,0.148157307224766,0.164147761401714,0.18367156232422,0.203495030744163,1.2552069417234,1.39068003758472
19.361904,51.343342,3.809757,"2020-04-08 13:34:02",418.834717,0.875661,0,51.335613,51.336452,51.351055,51.35022,19.347565,19.380432,19.376129,19.343262,4.15471700000001,0.92,5.84603323708134,4.89233029309106,3.79935261399709,3.57640280503902,2.68253440563162,0.964328611901307,0.253120766469176,0.797066740384574,0.209217212642322,1.25109754230387,0.328393003098065,1.78281441750952,0.467960139586203
19.363894,51.642891,0.039429,"2020-04-08 13:34:39",414.207886,0.759718,0,51.635548,51.636364,51.650295,51.649456,19.358612,19.391632,19.369141,19.336151,-0.472114000000033,0.92,0.0221268660263333,0.0247762905103541,0.0452789437535716,0.060189483959707,0.213716284059834,0.0156010633904394,0.395674843146907,0.123239720433295,3.12561110941933,0.124223274274144,3.15055604438722,1.19958445363192,30.4239126945121
19.36492,51.462181,1.732146,"2020-04-08 13:34:20",413.433716,0.821297,0,51.454773,51.455608,51.469574,51.468754,19.354156,19.387177,19.375519,19.342621,-1.246284,0.92,1.92146798019044,1.79887770574916,1.47366376452562,1.1737646056621,0.971002466096165,0.298327513692878,0.172230004683715,0.538209754279695,0.310718469620745,0.615360906320822,0.355259260085941,1.37825897683889,0.795694460420132
19.365984,51.192146,0.010491,"2020-04-08 13:33:19",414.691193,0.758337,0,51.184193,51.185101,51.200092,51.199192,19.342773,19.375549,19.389099,19.356323,0.0111929999999916,0.92,0.00450269296326377,0.00450980212219398,0.0076339993601287,0.0172912039638835,0.0204598458018727,0.00531872805240851,0.506980083157802,0.00704903846710723,0.671912922229266,0.00883050459522187,0.841721913566092,1.19228896806957,113.648743501055
19.366011,51.328209,4.597753,"2020-04-08 13:34:02",419.243469,0.822317,0,51.320469,51.321323,51.335938,51.335102,19.351685,19.384583,19.38028,19.347412,4.563469,0.92,5.48091432545116,4.55546895663233,3.54875509001577,3.51305483315394,3.63535245791205,0.825295781552975,0.179499808178685,0.680519949527999,0.148011419823553,1.06968244294965,0.232653307593872,1.63304187859458,0.355182603022516
19.366693,51.252552,0.193416,"2020-04-08 13:33:36",414.458832,0.719292,0,51.244457,51.245361,51.260601,51.259739,19.347046,19.379791,19.386414,19.353516,-0.221168000000034,0.92,0.200802616824887,0.198088199281609,0.338364616047198,0.170218009152668,0.657860146668704,0.0671633201812037,0.347248005238469,0.32841160559184,1.69795469657029,0.33520903070349,1.73309876485653,1.21496752035977,6.28162882264018
19.368061,51.598171,0.09635,"2020-04-08 13:34:38",413.348694,0.844439,0,51.59111,51.591923,51.605213,51.604397,19.362305,19.395172,19.373779,19.340607,-1.33130599999998,0.92,0.0523043549689001,0.03952007073106,0.199314500887103,0.163496217311143,0.349813798851995,0.0695004705360381,0.721333373492871,0.179225970953549,1.86015538093979,0.192229716924759,1.9951190132305,1.26349890731649,13.1136368169849
19.36898,51.434319,1.640855,"2020-04-08 13:34:02",413.138,0.845312,0,51.426727,51.42757,51.441895,51.441051,19.354553,19.387512,19.383301,19.350342,-1.54200000000003,0.92,1.8271490382273,2.01819805922466,1.39469173604827,1.31564534762691,1.17891416052978,0.293018324922405,0.178576610926867,0.326641500096399,0.199067864068671,0.438810219030457,0.267427785532821,1.32420043258925,0.807018555929226
19.369921,51.161213,0.008238,"2020-04-08 13:33:19",414.27475,0.686277,0,51.1534,51.15424,51.168945,51.168106,19.346832,19.379669,19.393036,19.360291,-0.405250000000024,0.92,0.00479739397306971,0.00503586716833334,0.00528174096825878,0.00553239392777094,0.00666619387179889,0.00140272417547926,0.170274845287601,0.00111143477196158,0.134915607181546,0.00178967102138892,0.217245814686686,1.147771459678,139.326469977907
19.370497,51.53706,0.486017,"2020-04-08 13:34:21",414.660004,0.850578,0,51.529613,51.530437,51.544525,51.543682,19.359741,19.392883,19.381317,19.348053,-0.0199959999999919,0.92,0.26071354951671,0.288059419137342,0.447631603974234,0.464360253885309,0.455158164432489,0.106271951144925,0.21865891757886,0.0218204918893076,0.0448965610036431,0.108488992374529,0.223220571244481,1.25763778392288,2.58764155147428
19.373444,51.419277,1.968185,"2020-04-08 13:34:02",415.428955,0.765383,0,51.411793,51.412659,51.426746,51.4259,19.358948,19.391937,19.387848,19.354889,0.748954999999967,0.92,2.5057285466484,2.42806081814919,1.89762059948457,1.53108130492663,1.43517058660923,0.402649520796405,0.204579102470756,0.376898106178783,0.191495264001495,0.551524087451063,0.280219637610826,1.31772150158056,0.669510996974655
19.373896,51.130455,0.004935,"2020-04-08 13:33:19",415.147125,0.676305,0,51.122486,51.123322,51.138508,51.137676,19.350708,19.38327,19.397034,19.36441,0.46712500000001,0.92,0.00537051102616857,0.00520861954363902,0.00915151099415992,0.0044231622518935,0.00439155737304892,0.00189796914673632,0.384593545437958,0.00038427196670294,0.0778666599195421,0.00193647923468256,0.392397008041045,1.14183720511149,231.3753201847
19.373985,51.492134,1.271316,"2020-04-08 13:34:21",414.924927,0.79967,0,51.484951,51.485767,51.499325,51.498489,19.363037,19.396027,19.384888,19.351776,0.244927000000018,0.92,0.87877344543639,0.906073674649449,1.16363686165584,1.09574734243972,0.732825746687614,0.168197025314402,0.132301509077525,0.38077010972005,0.299508627060503,0.416264478163622,0.327428018025119,1.28807927732762,1.01318576760429
19.377771,51.613255,0.083376,"2020-04-08 13:34:38",413.46405,0.734628,0,51.605755,51.606304,51.62077,51.620228,19.373047,19.406464,19.382507,19.349396,-1.21595000000002,0.92,0.0295132981260167,0.0836590914598912,0.097816415884804,0.131258296631293,0.257610460797835,0.0366988500115476,0.440160837789623,0.123202368746531,1.4776718569676,0.128552048824304,1.54183516628651,1.18431580570426,14.2045169557697
19.377804,51.404301,1.924103,"2020-04-08 13:34:02",415.174133,0.769221,0,51.396347,51.397198,51.412258,51.411396,19.363556,19.396515,19.392029,19.359039,0.494132999999977,0.92,2.39694737862282,2.27385535522787,1.94785891427009,1.95156158370557,1.68463533075065,0.220520758598476,0.114609643349902,0.169329212801153,0.0880042351169103,0.278031989671522,0.144499535457053,1.23101695119186,0.639787449628144
19.378283,51.206215,0.019613,"2020-04-08 13:33:37",414.138184,0.740805,0,51.198132,51.198994,51.214252,51.213406,19.358582,19.391388,19.398041,19.365173,-0.541815999999983,0.92,0.0048291878438498,0.0122144353730796,0.0088747375414915,0.00949498047333082,0.0264505626172059,0.00548906254434628,0.279868584323983,0.00483488689341393,0.246514398277364,0.00731477538191373,0.372955457192358,1.18120512780968,60.2256221796605
19.380222,51.208206,0.013467,"2020-04-08 13:33:19",414.226288,0.701444,0,51.200115,51.201019,51.216278,51.215374,19.357025,19.389771,19.403503,19.370789,-0.453711999999996,0.92,0.00590021338517519,0.00508977533584398,0.00631123127324163,0.0121979917590679,0.0342372134507403,0.00392052268875661,0.291120716474093,0.0146867587777105,1.09057390493135,0.0152010322527028,1.12876158407239,1.15700248768857,85.9138997318314
19.380491,51.283669,2.103613,"2020-04-08 13:33:37",415.363434,0.683263,0,51.275345,51.276234,51.291962,51.29108,19.360748,19.393524,19.400238,19.367432,0.683433999999977,0.92,1.27996108465763,1.6423763705077,1.8713356373516,1.83155433490785,2.50886375879416,0.30775212520054,0.146296930661933,0.286555559624344,0.13622066398351,0.420506194148279,0.199897126585678,1.22068578532154,0.580280586458413
19.380613,51.568661,0.12897,"2020-04-08 13:34:37",414.150116,0.757275,0,51.561337,51.562328,51.576,51.574986,19.374847,19.407806,19.385986,19.353088,-0.529883999999981,0.92,0.0535063285182175,0.094198970429714,0.318755566232569,0.221556991939211,0.350555926132908,0.106733797443339,0.827586240546944,0.156684910984081,1.21489424660061,0.189584453072411,1.46998878089797,1.20656856020359,9.35542033188796
19.382126,51.38929,1.715345,"2020-04-08 13:34:02",415.645264,0.77468,0,51.381927,51.382771,51.396648,51.395798,19.367615,19.400543,19.396606,19.363647,0.965263999999991,0.92,1.58461934185951,1.44816879036675,1.72321083649768,1.83896752256758,1.6577059312789,0.149684244858604,0.0872618889253205,0.0407569763539672,0.0237602210365653,0.155133827002393,0.0904388487461081,1.21268116447828,0.706960503268022
19.385492,51.221901,0.035522,"2020-04-08 13:33:37",414.818329,0.76584,0,51.213848,51.214703,51.23,51.229137,19.365692,19.39856,19.40506,19.372253,0.138328999999999,0.92,0.00653776978081867,0.0248028676682483,0.0328852797995776,0.0431521661210036,0.0855105411524596,0.013957090181126,0.392913973907045,0.035347236430527,0.995080131482658,0.0380029931663239,1.06984384793435,1.19764566257704,33.7156033606509
19.385754,51.477634,1.267024,"2020-04-08 13:34:20",413.634247,0.801028,0,51.470135,51.470936,51.485168,51.484356,19.375305,19.408234,19.396362,19.363403,-1.04575299999999,0.92,1.30985861770328,1.41196306678506,1.17429081907877,1.17693299568853,0.954924568694883,0.0994397681354809,0.0784829396566134,0.220687624280313,0.174177935287977,0.242056388053129,0.191043254155508,1.24363867412578,0.981543107412156
19.386311,51.374458,1.462112,"2020-04-08 13:34:02",416.677246,0.805052,0,51.366734,51.367584,51.382172,51.381329,19.371948,19.404877,19.400574,19.367676,1.99724600000002,0.92,1.31156241438386,1.05727007372806,1.86278991001978,1.69779797566735,1.86814341455914,0.316757606316378,0.216643872915603,0.287107566609534,0.196364961514258,0.427511562374317,0.292393169862717,1.29509646693508,0.885771040067437
19.387335,51.299297,2.566367,"2020-04-08 13:33:37",415.949097,0.770671,0,51.291504,51.292385,51.307087,51.306202,19.367615,19.400452,19.406952,19.374146,1.26909699999999,0.92,1.77358592735996,2.33946144537914,2.40495176807761,2.2124213736109,2.59348048958824,0.300019243882039,0.116904263451813,0.0191721323494754,0.00747053416345964,0.300631198245252,0.117142715069689,1.23721982994106,0.482089985548075
19.387535,51.628345,0.059411,"2020-04-08 13:34:39",414.195801,0.801085,0,51.621143,51.621948,51.635586,51.634769,19.381989,19.415161,19.393066,19.360046,-0.48419899999999,0.92,0.0129483929094277,0.0125595568516249,0.063551768677098,0.107857262003801,0.161596772687475,0.039957101451745,0.672553928594788,0.0722562528081007,1.21621000838398,0.0825683718277961,1.38978256261965,1.22268340679478,20.5800846105062
19.38846,51.146309,0.007262,"2020-04-08 13:33:19",414.172363,0.65396,0,51.138203,51.13905,51.154491,51.153656,19.365112,19.397736,19.411713,19.379028,-0.507636999999988,0.92,0.00843726940427943,0.00795372668842174,0.00712795987216982,0.00669962662830687,0.00629474150563118,0.000692806218880551,0.0954015724153884,0.000683955040528483,0.0941827376106421,0.000973537341032117,0.134059121596271,1.12874471399646,155.431659872826
19.388868,51.43261,1.529679,"2020-04-08 13:34:20",414.695374,0.773519,0,51.42511,51.425934,51.440098,51.439281,19.378204,19.411194,19.399353,19.366425,0.0153740000000084,0.92,1.59331983809141,1.75546746376313,1.31026700414489,1.45302813155473,1.16729565478846,0.165105091812672,0.107934469789199,0.256243720788146,0.167514701311939,0.304828699084952,0.199276252785684,1.24002103980006,0.810641343576045
19.390566,51.359425,1.801686,"2020-04-08 13:34:02",417.414612,0.821016,0,51.351822,51.352673,51.367023,51.36618,19.37616,19.409088,19.404907,19.371979,2.73461199999997,0.92,1.23499473491662,1.39223450329115,1.90358467296267,1.72940530707069,1.88607846747299,0.285138354007348,0.158261957970117,0.0596744860312165,0.0331214684641033,0.291315851283636,0.161690689323021,1.26701704703019,0.703239658314597
19.391872,51.115334,0.000101,"2020-04-08 13:33:19",415.300995,0.631531,0,51.107159,51.108074,51.123508,51.122601,19.368591,19.401154,19.41507,19.382446,0.620994999999994,0.92,4.9788811629282e-05,7.3545467606085e-05,0.000189688143005137,0.000174438041527887,0.000338457542976361,6.17291260548333e-05,0.611179465889439,0.000167907838882481,1.66245385032159,0.000178895297203919,1.77124056637544,1.11589938433737,11048.5087558156
19.392607,51.237766,0.0571,"2020-04-08 13:33:37",414.429169,0.757196,0,51.229877,51.230724,51.245701,51.244812,19.372742,19.40564,19.412231,19.379486,-0.250831000000005,0.92,0.0275215162019004,0.056976468514048,0.0982835469812222,0.0591118785656199,0.143202042441328,0.0251923586481884,0.441197174223964,0.060883338084275,1.06625811005735,0.0658895726996546,1.15393297197294,1.19335125516612,20.8993214564994
19.394175,51.315006,2.39518,"2020-04-08 13:33:37",416.266235,0.796413,0,51.307087,51.30798,51.322926,51.322025,19.374451,19.407227,19.413788,19.381042,1.58623499999999,0.92,2.33760233716102,2.42241564804587,2.21885068571576,2.35844935148514,2.51531354936009,0.0785003676099521,0.0327743082398618,0.0849472474005287,0.0354659137937561,0.115664785288454,0.0482906442473862,1.22231420229204,0.510322481939578
19.394831,51.344173,1.945172,"2020-04-08 13:34:02",417.554718,0.822593,0,51.336452,51.337296,51.35191,51.351055,19.380493,19.413422,19.409119,19.37619,2.87471799999997,0.92,1.65359918882987,1.91982154620777,2.23906696876391,1.97836747767275,2.24729291593348,0.208034172558236,0.106948985775158,0.213631748394855,0.109826662318219,0.298189102541043,0.153297036221497,1.26963616226194,0.652711514591996
19.394983,51.507645,0.888307,"2020-04-08 13:34:21",414.546936,0.79156,0,51.499866,51.500683,51.515415,51.514599,19.384613,19.417603,19.405243,19.372162,-0.13306399999999,0.92,0.465717909575955,0.697741584811832,0.928134537347637,0.856119764742554,0.676214044725449,0.18986144785249,0.21373404448292,0.14997236691653,0.168829432748509,0.241948507371279,0.272370371246967,1.23754042916552,1.39314497033742
19.397806,51.462982,1.474399,"2020-04-08 13:34:20",414.764435,0.77653,0,51.455608,51.456402,51.470387,51.469578,19.387238,19.420044,19.408508,19.37561,0.0844349999999849,0.92,1.4185783197497,1.60465947001477,1.45095375486185,1.08830179468144,1.06266527193452,0.191863044400076,0.130129662594776,0.291139711158319,0.197463312955529,0.348674288154166,0.236485705805665,1.25338445822494,0.850098554207467
19.398827,51.193043,0.011965,"2020-04-08 13:33:19",414.824524,0.708877,0,51.185101,51.185917,51.20105,51.200092,19.37561,19.408356,19.420868,19.38916,0.14452399999999,0.92,0.00752628162153873,0.00809497187009257,0.00715990224030925,0.0223478599481128,0.0128200469416771,0.00640469415118153,0.535285762739785,0.000604609490692696,0.0505315077887753,0.00643316872205406,0.537665584793486,1.16144220122605,97.0699708504845
19.399002,51.329071,2.257094,"2020-04-08 13:34:02",416.878235,0.840955,0,51.321331,51.322205,51.336788,51.335941,19.384644,19.417603,19.413269,19.380341,2.19823500000001,0.92,1.90301371194082,1.74865105594654,2.22489667725422,2.07613631393198,2.43896533267738,0.215785016792402,0.0956030261887199,0.12860245263961,0.0569770034564843,0.251200645494833,0.111293834237667,1.2714979655202,0.563334077145305
19.399553,51.253433,0.193346,"2020-04-08 13:33:37",415.317413,0.660109,0,51.245361,51.246243,51.261475,51.260601,19.379852,19.412628,19.419281,19.386475,0.637412999999981,0.92,0.257148856512779,0.324856037859994,0.300851802920719,0.326628869481476,0.462344581805973,0.0562374435035404,0.290864271841881,0.190210721324568,0.98378410375476,0.198350116104393,1.02588166346546,1.1495593331532,5.94560701102272
19.401974,51.435146,1.532549,"2020-04-08 13:34:03",415.308014,0.73867,0,51.427578,51.428406,51.44273,51.441895,19.387573,19.420532,19.416351,19.383362,0.628014000000007,0.92,1.62172439956592,1.63435784397512,1.2318320570943,1.26664096387735,1.35528629892465,0.19444399167431,0.126876198851919,0.125343657981824,0.0817877000877779,0.231342815956112,0.150952965259912,1.20231146854486,0.78451747288006
19.402802,51.161987,0.00742,"2020-04-08 13:33:19",414.633728,0.692891,0,51.15424,51.155075,51.169785,51.168945,19.37973,19.412445,19.425842,19.393097,-0.0462719999999877,0.92,0.00759909367685734,0.00739073421569227,0.00698315908082062,0.00654487744738805,0.0159666021182163,0.000424113393172472,0.057158139241573,0.00604336031389406,0.814469044999199,0.00605822383655622,0.816472215169302,1.15175285541519,155.222756794501
19.403446,51.554115,0.300588,"2020-04-08 13:34:37",414.79364,0.737598,0,51.546734,51.547695,51.561539,51.560547,19.398041,19.430939,19.408691,19.375702,0.113639999999975,0.92,0.142844140351415,0.139720649589935,0.399544794921175,0.426912764197127,0.500376408672643,0.136720278531011,0.454842769940952,0.141271738574895,0.469984625383898,0.19659638522,0.654039366907529,1.19545010280044,3.97703868018828
19.406483,51.420124,1.184096,"2020-04-08 13:34:03",415.147766,0.810908,0,51.412659,51.413486,51.427578,51.426746,19.392029,19.424927,19.420868,19.387939,0.467765999999983,0.92,1.18885867965312,1.4385142223004,1.43439035394107,1.34683280167425,1.43279260534789,0.126004003033365,0.106413671723716,0.175855056099568,0.148514188122895,0.216337721020201,0.182702856035491,1.24530068417239,1.05168895441956
19.406515,51.268875,0.754039,"2020-04-08 13:33:37",414.583252,0.631372,0,51.2612,51.26207,51.276554,51.275677,19.386841,19.419678,19.426086,19.39328,-0.096747999999991,0.92,0.657048928587035,0.583079908586166,0.572357118963007,0.69104739821671,0.846408249365597,0.075917615406534,0.100681284928941,0.0653149225995248,0.0866200854326167,0.100147508422308,0.132814759478367,1.12029466026898,1.48572508884684
19.40654,51.131374,0.003508,"2020-04-08 13:33:19",414.748596,0.572839,0,51.123322,51.124226,51.139435,51.138508,19.383331,19.415955,19.429657,19.397125,0.0685960000000136,0.92,0.00321135017421725,0.00451093506610878,0.00370744688991904,0.00379812697549292,0.00385024074309361,0.000482653289023112,0.137586456391993,0.000242000750239815,0.0689853906042802,0.000539924587809688,0.153912368246775,1.08376418626912,308.94076005391
19.407097,51.492962,0.792037,"2020-04-08 13:34:21",413.554993,0.800069,0,51.485775,51.486584,51.500141,51.499325,19.396088,19.429077,19.417999,19.384949,-1.12500699999998,0.92,0.600615193246369,0.738420455000845,0.789737304742459,0.879259630856241,0.864912949326078,0.102472836195981,0.129378849972894,0.051531077953877,0.0650614528789399,0.1147001924721,0.144816709916456,1.22460872890656,1.54615091076119
19.409927,51.448128,1.530772,"2020-04-08 13:34:20",415.017944,0.764286,0,51.440632,51.441441,51.455627,51.454838,19.399353,19.432312,19.420441,19.387634,0.337943999999993,0.92,1.50596613041953,1.22488368452329,1.27732743323611,1.06808630952852,1.0963489565474,0.195784898998753,0.127899451387112,0.307183479929032,0.200672262054069,0.364271076284217,0.237965599242876,1.25029056895318,0.816771255910859
19.410839,51.405148,1.455891,"2020-04-08 13:34:03",415.346863,0.756143,0,51.397198,51.398052,51.413086,51.412262,19.396576,19.429565,19.425018,19.39209,0.666862999999978,0.92,1.02781798065979,1.11012469663492,1.49706188394476,1.52532513135406,1.66604367674868,0.235234477387613,0.161574236936428,0.148600382813496,0.102068343587189,0.278239704435117,0.191113005324655,1.22293481820297,0.839990643669735
19.410976,51.207146,0.017236,"2020-04-08 13:33:37",415.601715,0.771998,0,51.198994,51.200073,51.215328,51.214252,19.391449,19.423676,19.430328,19.398102,0.921715000000006,0.92,0.0099822466178355,0.00979876601961481,0.0207085083857737,0.0362275999479617,0.0907309466304327,0.0108234039072097,0.627953348062758,0.0519687751453224,3.01512967888851,0.0530838926817135,3.079826681464,1.20216421992432,69.747285908814
19.411121,51.613922,0.028037,"2020-04-08 13:34:39",412.578949,0.810308,0,51.606308,51.60709,51.621578,51.620773,19.406555,19.439667,19.415802,19.382568,-2.10105099999998,0.92,0.0186788547121885,0.025245100342453,0.0701759591370295,0.166837384051408,0.25450792655153,0.0621261672659315,2.21586358262052,0.160139127906187,5.71170695531574,0.171767869363594,6.1264710690728,1.23794315532245,44.153909309928
19.412554,51.209167,0.011457,"2020-04-08 13:33:19",415.34552,0.696438,0,51.201019,51.201977,51.21722,51.216278,19.389832,19.421539,19.435242,19.403595,0.665520000000015,0.92,0.0103584588241867,0.0242905620213358,0.0101711963446941,0.0228606384313525,0.0488657126396177,0.00710798683911308,0.620405589518467,0.0264519543829326,2.3088028613889,0.0273903152150856,2.39070570088903,1.15419934032713,100.741846934375
19.413382,51.284546,1.686201,"2020-04-08 13:33:37",415.781494,0.675956,0,51.276241,51.277115,51.29282,51.291965,19.393616,19.426392,19.433167,19.400299,1.101494,0.92,1.04277776625352,1.06452728203338,1.1450656146438,1.3206971202304,1.2747400708057,0.266272708721953,0.157912792556731,0.290946813226607,0.172545748239153,0.394399801644023,0.233898450803921,1.20783596463793,0.716306042184729
19.413631,51.569614,0.131021,"2020-04-08 13:34:38",415.303101,0.678453,0,51.562328,51.563175,51.576843,51.576,19.407867,19.440979,19.419159,19.386047,0.62310100000002,0.92,0.0856578134598272,0.0947581432498946,0.235883772424662,0.274690823176944,0.345143605541822,0.0857882176702418,0.654766927975224,0.151407546383955,1.15559754836213,0.174022594490044,1.32820383366059,1.15627952355909,8.82514653039661
19.415161,51.390141,1.111985,"2020-04-08 13:34:03",415.976379,0.742404,0,51.382771,51.383617,51.397491,51.396652,19.400604,19.433563,19.429626,19.396667,1.296379,0.92,1.17549853111981,1.13951007065867,1.65205427712077,1.59930466299447,1.80868195694582,0.266350728780485,0.239527267706385,0.492639142688421,0.443026787850935,0.560032173746007,0.503632849135561,1.30812833271307,1.17639026849559
19.415928,51.523125,0.50262,"2020-04-08 13:34:21",414.955475,0.764593,0,51.515797,51.516617,51.530457,51.529644,19.404999,19.43811,19.426849,19.393738,0.275474999999972,0.92,0.321671683546457,0.335642456658019,0.58808276923695,0.491934477510901,0.609823197383507,0.115238693113939,0.229275980092195,0.0758041078347578,0.150817929717794,0.137935561604802,0.274433093798102,1.20417136438475,2.39578879548118
19.417248,51.177902,0.007498,"2020-04-08 13:33:19",415.244324,0.701213,0,51.16951,51.170349,51.186356,51.185486,19.393677,19.426422,19.440674,19.40799,0.564323999999999,0.92,0.00834657306374788,0.00791820855731689,0.010410027517585,0.00984516120021104,0.0155679052095511,0.00126123373033113,0.168209353205005,0.00570628469720623,0.761040903868529,0.00584400509651514,0.779408521807834,1.15677734407472,154.278120041974
19.4179,51.222935,0.060211,"2020-04-08 13:33:37",414.630035,0.68705,0,51.214706,51.215775,51.230839,51.230007,19.398621,19.430847,19.437988,19.405121,-0.049964999999986,0.92,0.0543840733881765,0.0601285544861312,0.0276914336380418,0.102158543357127,0.0899198622046342,0.0266861497083444,0.443210538080159,0.0210073379262336,0.348895350122628,0.0339626093373749,0.564059878383931,1.14873459133649,19.0784838540547
19.418915,51.478462,0.965145,"2020-04-08 13:34:21",413.689758,0.803783,0,51.470936,51.471752,51.485981,51.485168,19.408295,19.441284,19.429413,19.396423,-0.990242000000023,0.92,1.15176749551202,0.929834263278271,0.958563121418042,1.20936825628595,0.899354448622965,0.127970910286086,0.132592419052148,0.0465209450167034,0.0482009905420465,0.136164430761842,0.14108183823347,1.22923059809529,1.27362271792869
19.419294,51.375294,1.649103,"2020-04-08 13:34:02",416.504517,0.785298,0,51.367584,51.36842,51.383015,51.382172,19.404938,19.437866,19.433624,19.400665,1.82451700000001,0.92,1.70079382275931,1.53144802013571,1.73735296575707,1.75512594476345,1.79254220297892,0.0897927189089246,0.0544494303320803,0.101426833114388,0.0615042438916113,0.135462669561289,0.0821432436671871,1.21714546527877,0.73806515740907
19.420259,51.300167,1.969496,"2020-04-08 13:33:37",415.239716,0.790984,0,51.292385,51.293243,51.307968,51.307095,19.400513,19.433411,19.439819,19.407013,0.55971599999998,0.92,1.98301538339692,1.81418291016039,1.87104522384654,1.8168975915891,1.45003136839444,0.081269077413803,0.0412638956432524,0.367316963594863,0.186503025949209,0.376199966358639,0.191013318310186,1.27026851608006,0.644971361241689
19.420803,51.629269,0.054813,"2020-04-08 13:34:39",413.927948,0.813026,0,51.621948,51.622955,51.6366,51.63559,19.415222,19.448334,19.426331,19.393127,-0.752051999999992,0.92,0.0184895189326091,0.0299393205048191,0.0379913329037563,0.0872670749784981,0.209413615165571,0.0267352825762382,0.487754411840953,0.109319143359187,1.99440175431352,0.112540883412286,2.05317868776178,1.2329139171553,22.493093192405
19.421165,51.147217,0.004523,"2020-04-08 13:33:19",414.314209,0.673302,0,51.13905,51.139969,51.155376,51.154491,19.397797,19.430328,19.44455,19.411804,-0.365791000000002,0.92,0.00430395406738396,0.00452445237574212,0.00472062745223055,0.0159750239165787,0.00515529509686753,0.00512585364750766,1.1332862364598,0.000447100150706036,0.0988503539036117,0.0051453157493422,1.13758915528238,1.14007107562562,252.060817073982
19.421835,51.433418,1.222521,"2020-04-08 13:34:20",414.997711,0.672698,0,51.425934,51.426739,51.440903,51.440098,19.411255,19.444183,19.432343,19.399414,0.317710999999974,0.92,1.23162197429999,1.21748921937889,1.26653925014401,1.02867952467471,1.20017154725272,0.0940364595670387,0.0769201179914608,0.01580344959341,0.0129269350738434,0.0953551506052754,0.0779987833380984,1.14368492337311,0.935513519500368
19.423567,51.360271,1.975372,"2020-04-08 13:34:02",416.809326,0.808023,0,51.352673,51.353516,51.367863,51.367031,19.409149,19.442108,19.437897,19.404968,2.12932599999999,0.92,1.60194513502578,2.05914162202401,1.72820825298041,2.10937689245191,2.00977798517599,0.219692990566622,0.111216009220857,0.0243287054313463,0.0123160120885313,0.221035960902454,0.11189586614696,1.2442500008202,0.629881359470622
19.424673,51.116219,8.2e-05,"2020-04-08 13:33:20",415.345886,0.767082,0,51.108074,51.108929,51.124378,51.123508,19.401215,19.434113,19.447937,19.415131,0.665886,0.92,2.33801635487084e-05,6.04843664187139e-05,0.000136127083961848,0.000133166364643276,0.000338242611482513,4.82710084466614e-05,0.588670834715383,0.000181190888208235,2.20964497814921,0.000187510608302962,2.28671473540197,1.19783756406461,14607.7751715196
19.425396,51.238663,0.117646,"2020-04-08 13:33:37",414.227509,0.694094,0,51.230724,51.231594,51.246586,51.245708,19.405701,19.438477,19.445038,19.412292,-0.452491000000009,0.92,0.0422814910910083,0.133316894500514,0.146990143193719,0.149925642045986,0.188379653545265,0.0442371310553777,0.376018998141694,0.0500162460799568,0.425141917956894,0.066772364312951,0.567570204791927,1.15439379306714,9.81243555299068
19.425777,51.539719,0.461329,"2020-04-08 13:34:37",414.590576,0.757797,0,51.532391,51.533314,51.547123,51.546162,19.420471,19.453247,19.431213,19.398315,-0.0894240000000082,0.92,0.174478042553184,0.216945699587616,0.501676812225579,0.465061143443474,0.503338781879105,0.155068276354485,0.336133814164046,0.0297054016428829,0.0643909263083025,0.157887875463305,0.342245719352793,1.20232477909561,2.60621981079796
19.427013,51.315903,2.216313,"2020-04-08 13:33:37",416.601562,0.801421,0,51.307983,51.308853,51.323792,51.322933,19.407288,19.440125,19.446747,19.413879,1.92156199999999,0.92,2.36879167446255,2.56578331788534,2.13018068993631,2.25227920230242,1.82675596843834,0.168278071085199,0.0759270333590966,0.275458418676152,0.124286785610224,0.322792270086694,0.145643810277111,1.26208972298673,0.569454640651718
19.427824,51.34502,2.428995,"2020-04-08 13:34:02",416.589996,0.798764,0,51.337299,51.33815,51.352753,51.35191,19.413483,19.446442,19.442139,19.40921,1.90999599999998,0.92,2.24474244834732,2.11890541414503,2.06110074905955,2.00465539326421,1.8958102017273,0.169159153971391,0.0696416229639792,0.377018586484208,0.155215875901024,0.413228549264044,0.17012326055181,1.2865386747482,0.529658840280941
19.428066,51.508453,0.587465,"2020-04-08 13:34:21",414.561646,0.748806,0,51.500683,51.501495,51.516232,51.515415,19.417664,19.450745,19.438416,19.405304,-0.118354000000011,0.92,0.28932798013402,0.371297954277001,0.632194287155782,0.596625515433866,0.673555120675721,0.154355304192156,0.262748085744948,0.0608749081229705,0.103623038177543,0.165925629036726,0.282443429032752,1.19776531090495,2.03887093002128
19.430408,51.644749,0.02635,"2020-04-08 13:34:39",413.815704,0.797226,0,51.637379,51.638184,51.652103,51.651318,19.424927,19.458099,19.435638,19.402496,-0.864296000000024,0.92,0.0103960165290349,0.00617410000089077,0.0450580219665317,0.054528976660276,0.16638361198923,0.0211098213847693,0.801131741357468,0.0990187166316304,3.75782605812639,0.101243917359375,3.8422739035816,1.22156441740838,46.3591809263142
19.431038,51.463818,0.967533,"2020-04-08 13:34:21",414.863678,0.800376,0,51.456402,51.457214,51.471191,51.470387,19.420135,19.453186,19.441589,19.4086,0.183677999999986,0.92,1.01569473209925,0.863202388672972,1.32419632963218,1.23057647900827,0.979978306658468,0.191108628713105,0.197521561241948,0.00880016073214881,0.00909546313371101,0.191311136104293,0.197730864067988,1.2343426153923,1.27576280642862
19.431335,51.193871,0.008678,"2020-04-08 13:33:19",413.626892,0.664582,0,51.185917,51.186787,51.201767,51.201054,19.408417,19.441071,19.454712,19.420929,-1.05310800000001,0.92,0.0103720784223036,0.00915426160556907,0.00796113518885872,0.0108568334619227,0.0455823760717705,0.00119574286143545,0.13779014305548,0.0260953345758075,3.00706782390038,0.0261227159310438,3.01022308493244,1.135231972335,130.817235807214
19.431969,51.32991,2.414504,"2020-04-08 13:34:02",416.000305,0.780183,0,51.322205,51.323029,51.337635,51.336792,19.417664,19.450562,19.446259,19.41333,1.32030500000002,0.92,2.16542545922039,2.90627053380911,2.09880225240408,2.0456400301408,1.7673988899504,0.353748314581929,0.146509723977234,0.457572411456539,0.189509899944891,0.578368724773139,0.239539352501855,1.33775778647882,0.554050764247571
19.432377,51.254326,0.181466,"2020-04-08 13:33:37",414.904083,0.758533,0,51.246246,51.247143,51.262344,51.261475,19.412689,19.445404,19.452118,19.419342,0.224083000000007,0.92,0.190270504547828,0.245406777310978,0.295591075212691,0.280249095000418,0.311627946268294,0.0515485111751746,0.284067049338028,0.0920383948587497,0.507193605737437,0.105490829613537,0.581325590543334,1.19703827308134,6.59648789900774
19.434736,51.599518,0.138893,"2020-04-08 13:34:39",415.394257,0.88071,0,51.59248,51.593246,51.606556,51.605762,19.428772,19.461731,19.44046,19.407288,0.714256999999975,0.92,0.038900167991434,0.04832631830933,0.0573951700458057,0.117994234506929,0.182925861048732,0.0450413382202345,0.324288036259815,0.0311359346426034,0.224172093932764,0.054755534649367,0.394228180321305,1.27477381235839,9.17809977722699
19.435621,51.162872,0.014909,"2020-04-08 13:33:20",414.407745,0.692864,0,51.155075,51.155964,51.170689,51.169788,19.412537,19.445251,19.458496,19.425903,-0.27225500000003,0.92,0.0066517954687262,0.00587852249108534,0.00705387453516346,0.00619924630377228,0.0132811818571059,0.00381098990587307,0.255616735252067,0.00115104124737891,0.0772044568635664,0.00398102248371371,0.26702142891634,1.15172755938026,77.2504902662997
19.436493,51.55508,0.203433,"2020-04-08 13:34:38",415.223877,0.723081,0,51.547699,51.548553,51.562389,51.561539,19.431,19.46405,19.441864,19.408752,0.543877000000009,0.92,0.104268213493574,0.139935945465772,0.383220146667066,0.355125429113732,0.363214495483632,0.125995690860778,0.619347356922317,0.112982578964604,0.555379800546636,0.169233499239889,0.831888136339185,1.18232233753151,5.8118512607665
19.436687,51.538685,0.363225,"2020-04-08 13:34:22",415.937012,0.796127,0,51.531261,51.532047,51.546131,51.54533,19.426117,19.459045,19.447418,19.414368,1.25701199999997,0.92,0.194996972607642,0.213617603962829,0.324028560242673,0.34871755637865,0.515684291947625,0.0787743258598873,0.216874735659405,0.107804999191065,0.296799502212307,0.133518958448848,0.367592975287627,1.22394669507878,3.36966534538861
19.439287,51.132271,0.003304,"2020-04-08 13:33:20",413.90976,0.729544,0,51.124233,51.125103,51.140285,51.139435,19.416016,19.448822,19.462585,19.429718,-0.770240000000001,0.92,0.00300226287645016,0.00304459204153369,0.00808516875961808,0.00346618532133822,0.00385946719155897,0.00219108793895697,0.663162209127413,0.000392774617877995,0.118878516306899,0.00222601398393899,0.673733045986376,1.17415476112575,355.373717047744
19.439365,51.269753,0.388653,"2020-04-08 13:33:37",413.679016,0.720755,0,51.262074,51.262943,51.277431,51.276554,19.419739,19.452515,19.458923,19.426147,-1.00098400000002,0.92,0.425583033474457,0.5540938470753,0.491677624155049,0.539230395758253,0.667031269292211,0.0714840355563832,0.183927656692173,0.196843161951497,0.506475344205492,0.209421101483326,0.538838247699944,1.18732681590685,3.05497916112019
19.439478,51.420948,1.192349,"2020-04-08 13:34:03",415.268372,0.808612,0,51.413486,51.414322,51.428394,51.427582,19.425018,19.457977,19.453857,19.420929,0.588371999999993,0.92,0.939078660994012,0.897724872638655,1.21143301480158,1.33777076338626,1.20839457329665,0.189118714493146,0.158610200950515,0.0113459336860869,0.00951561471187283,0.189458751137943,0.158895383095002,1.23941437176061,1.03947281522491
19.440168,51.493767,0.707488,"2020-04-08 13:34:21",414.540558,0.728544,0,51.486584,51.487396,51.50095,51.500141,19.429169,19.46228,19.451141,19.41803,-0.139442000000031,0.92,0.310675092048624,0.452992277787817,0.734597988389488,0.798199469514761,0.628409869881968,0.208728511540761,0.295027635155311,0.0559166820500126,0.0790355201077793,0.216088562542083,0.305430710545031,1.19326050248783,1.68661588958092
19.442808,51.101254,2.6e-05,"2020-04-08 13:33:20",415.067352,0.670133,0,51.093098,51.093967,51.109406,51.108524,19.419464,19.45224,19.466064,19.43338,0.387352000000021,0.92,6.5933075326583e-06,8.19599486835699e-06,3.74832541149568e-05,5.28990721428913e-05,0.000145373579023561,1.96770994796225e-05,0.756811518447018,8.44098672220682e-05,3.24653335469493,8.66730288404538e-05,3.33357803232515,1.13819077715522,43776.568352124
19.442947,51.448933,1.185926,"2020-04-08 13:34:21",414.952637,0.748155,0,51.441441,51.442234,51.456448,51.455631,19.432373,19.465271,19.453613,19.420532,0.272636999999975,0.92,0.566146963615423,0.62276763052658,1.12721747655655,1.23173785353868,0.926045908833199,0.324351272676799,0.273500431457611,0.183762974759423,0.154953154547099,0.372790261379628,0.314345297581492,1.24302392696379,1.04814628144066
19.443516,51.208122,0.016459,"2020-04-08 13:33:37",414.800415,0.723905,0,51.200077,51.200729,51.215984,51.215328,19.423737,19.457062,19.463745,19.430389,0.12041499999998,0.92,0.0110320693889364,0.0118044501971178,0.0176836053004004,0.034014531757029,0.0698496364914307,0.0092962282359351,0.564811242234346,0.0377528811149566,2.29375302964679,0.0388805850251079,2.36226897290892,1.17130275715414,71.1648798319547
19.443886,51.405994,1.607453,"2020-04-08 13:34:03",416.586395,0.733325,0,51.398052,51.398861,51.413921,51.41309,19.429626,19.462524,19.458038,19.425079,1.90639499999997,0.92,1.41299140409149,1.33980954340631,1.60027881793148,1.61386827508997,1.42032613837993,0.129124308116535,0.0803285123213776,0.132318672793708,0.0823157335198654,0.184881903161078,0.115015433210849,1.19094369041591,0.740888654545986
19.446297,51.285404,0.790514,"2020-04-08 13:33:37",414.568909,0.784989,0,51.277119,51.277988,51.293701,51.29282,19.426453,19.459259,19.466003,19.433258,-0.111090999999988,0.92,0.836399357495242,0.601813078711541,0.740406032368073,0.730953176091842,0.877349075932883,0.0880655068042897,0.11140284271283,0.0614016710369903,0.0776730975504423,0.107357806864853,0.135807597164444,1.21413896602318,1.53588546948337
19.448156,51.390968,1.612839,"2020-04-08 13:34:03",416.808075,0.748828,0,51.383617,51.384434,51.398312,51.397495,19.433624,19.466553,19.462616,19.429718,2.12807499999997,0.92,1.73468814814945,1.85880674498081,1.67519775745593,1.57457816623304,1.47818541985518,0.111781491959975,0.0693072848312665,0.0952144596314484,0.0590353157577715,0.146836287298837,0.0910421234226338,1.1952841791188,0.741105701882706
19.449001,51.523926,0.361049,"2020-04-08 13:34:22",415.242157,0.8117,0,51.516613,51.517414,51.53125,51.530457,19.438171,19.471252,19.459839,19.42691,0.562157000000013,0.92,0.119081052895229,0.120967462945891,0.409839167681193,0.356930756453821,0.536887428096047,0.141708544423174,0.392491169960793,0.124336544899898,0.344375818517425,0.188522910968877,0.52215325612002,1.2412887568814,3.43800635614945
19.44945,51.100945,1.3e-05,"2020-04-08 13:33:01",414.6409,0.643673,0,51.092743,51.093647,51.109146,51.108246,19.421112,19.453857,19.477753,19.445007,-0.039100000000019,0.92,3.10805864362084e-06,3.24227127117944e-06,6.12764696278839e-05,5.81865553682889e-05,0.000169292264472747,2.94780588187387e-05,2.26754298605682,0.000110515320055681,8.5011784658216,0.000114379158585516,8.79839681427045,1.12281563224404,86370.4332495418
19.449789,51.178829,0.007397,"2020-04-08 13:33:20",414.781647,0.596063,0,51.170353,51.171253,51.187244,51.186356,19.426514,19.459106,19.473389,19.440735,0.101647000000014,0.92,0.00733442205120813,0.0136748502741115,0.0136576350714297,0.00968815945392408,0.0101177485037894,0.00317202736945579,0.428826195681465,0.00192385971693264,0.260086483294935,0.00370985091924363,0.501534530112698,1.09622299873832,148.198323474155
19.45117,51.223648,0.066193,"2020-04-08 13:33:37",415.65686,0.6343,0,51.215778,51.216431,51.231705,51.230846,19.430908,19.464233,19.470856,19.43808,0.976859999999988,0.92,0.0142310220827264,0.0136228152161382,0.0371372100489895,0.0536467574534733,0.121271756807498,0.0234215606211743,0.353837424216674,0.0389465624379065,0.588378868428785,0.0454467185576813,0.686578921603211,1.11839254925436,16.8959338488112
19.451977,51.479263,0.752462,"2020-04-08 13:34:21",414.819092,0.778642,0,51.471752,51.472549,51.48679,51.485981,19.441345,19.474396,19.462585,19.429504,0.139092000000005,0.92,0.524252742025905,0.630464783683122,0.978420893093298,0.9137256587755,0.761332612131709,0.189573295339767,0.251937367388343,0.00627246999160711,0.00833592924507432,0.189677036527288,0.252075236393716,1.22010685693909,1.62148634341546
19.452328,51.376141,1.287911,"2020-04-08 13:34:03",416.475555,0.761606,0,51.36842,51.369247,51.383839,51.383015,19.437927,19.470886,19.466614,19.433685,1.79555499999998,0.92,1.86623878117341,1.50071046986705,1.28364491880304,1.62117724636008,1.47291363095508,0.244894947660314,0.190148968104406,0.130816614885689,0.101572713398433,0.277644596777425,0.215577471407127,1.22618523125819,0.952072954775749
19.453127,51.301044,1.035263,"2020-04-08 13:33:37",416.007721,0.826246,0,51.293243,51.294128,51.308826,51.307972,19.433472,19.466217,19.472748,19.439911,1.327721,0.92,0.999405273932861,1.12382788099412,1.0608232172869,1.0941100616327,1.08942004336551,0.0486973881254202,0.0470386637264349,0.0382948126127659,0.0369904194516427,0.0619510151917196,0.059840847390199,1.23811161887743,1.1959392143614
19.453947,51.630188,0.045461,"2020-04-08 13:34:39",413.788574,0.791474,0,51.622955,51.623779,51.637405,51.6366,19.448395,19.481903,19.459534,19.426392,-0.891426000000024,0.92,0.0249423756454279,0.0120105543988652,0.0773724276832948,0.0949376622534597,0.147303585481062,0.0348420186323331,0.766415578899124,0.0720135828072296,1.58407388326763,0.0799995148179635,1.75973944299429,1.21623641412643,26.7534021276793
19.454042,51.148087,0.005789,"2020-04-08 13:33:20",413.999634,0.66215,0,51.139969,51.140823,51.156265,51.155376,19.430389,19.463257,19.477234,19.444611,-0.680365999999992,0.92,0.00597102529248773,0.00611266658868237,0.00962323457519932,0.0058000914711485,0.00542387739872443,0.00166231011434421,0.287149786551081,0.000258180667326428,0.0445984915056879,0.00168224022459106,0.29059254181915,1.1335102348158,195.804151807877
19.454821,51.434216,0.928065,"2020-04-08 13:34:21",415.712189,0.824098,0,51.426739,51.427521,51.4417,51.440907,19.444244,19.477112,19.465332,19.432404,1.03218900000002,0.92,0.926330081748602,0.864315500233792,1.01761529951051,1.0212309010344,1.2524108680381,0.0671146253674425,0.0723167292888349,0.229347162739578,0.247124029825042,0.238965466113634,0.257487854960196,1.258031004228,1.35554191164196
19.456568,51.361111,1.624037,"2020-04-08 13:34:03",415.288208,0.745115,0,51.353519,51.35434,51.368694,51.36787,19.442169,19.475067,19.470886,19.437958,0.608207999999991,0.92,1.37435129576558,1.59385743005364,1.40435148852142,1.48749189520804,1.65465905915173,0.110946440420171,0.0683152172149843,0.0216530656800839,0.0133328647562118,0.113039673987732,0.0696041247753171,1.18927470801336,0.732295328255056
19.457293,51.585285,0.097656,"2020-04-08 13:34:38",416.952454,0.722701,0,51.577923,51.57869,51.592636,51.591869,19.451752,19.484802,19.462433,19.429535,2.27245399999998,0.92,0.0494779780586285,0.0485928808612325,0.0803808517193251,0.082511380359348,0.253736769500291,0.0217583974902232,0.222806560684681,0.11036577052647,1.13014838337092,0.11249013807994,1.15190196280761,1.17530879626005,12.0351928837967
19.457413,51.117107,0.000748,"2020-04-08 13:33:20",415.421539,0.67179,0,51.108929,51.109818,51.125248,51.124378,19.434174,19.466827,19.480743,19.447998,0.741538999999989,0.92,0.000624767430595635,0.000668673646689353,0.000688903755229778,0.000875252788109938,0.00104161266607717,9.6891401583053e-05,0.129533959335632,0.000207615507225428,0.277560838536669,0.000229111637725368,0.306298980916267,1.13916717675333,1522.9507710606
19.45833,51.239498,0.037422,"2020-04-08 13:33:37",414.985596,0.661137,0,51.231594,51.232441,51.247417,51.246593,19.438568,19.471375,19.477997,19.445129,0.30559599999998,0.92,0.0179623392512193,0.114080760927808,0.085478591069157,0.154970855374372,0.0860948767484412,0.0557988354926003,1.49107037284486,0.0344169212086798,0.919697536440591,0.0655593967926395,1.75189452174228,1.13481283358835,30.3247510445286
19.458849,51.540695,0.156465,"2020-04-08 13:34:38",415.597992,0.73762,0,51.533325,51.534214,51.547993,51.547131,19.453308,19.486664,19.464386,19.431305,0.91799199999997,0.92,0.0473145069113815,0.10672979119525,0.212870542621847,0.212205222553944,0.379474321703158,0.071132015380376,0.454619342219513,0.157691403644115,1.00783819796194,0.172992318891115,1.10562949471841,1.19180938358251,7.61709892680479
19.459997,51.316746,1.264834,"2020-04-08 13:33:37",416.099976,0.814614,0,51.308853,51.309711,51.324657,51.323792,19.440216,19.473053,19.479614,19.446808,1.41997600000002,0.92,1.43123807980731,1.17768143102761,1.12315224804347,1.24880853751852,1.13055907565504,0.116603347780682,0.0921886569942633,0.0949467095476318,0.0750665380181366,0.150370270890176,0.118885380129073,1.23798513212542,0.978772812974206
19.46117,51.509258,0.253404,"2020-04-08 13:34:22",414.56311,0.769511,0,51.501495,51.502293,51.517029,51.516235,19.450806,19.483917,19.471527,19.438477,-0.116890000000012,0.92,0.071529844430326,0.160451550830163,0.49594589538701,0.475760075619422,0.440366261186291,0.188919120788985,0.745525409184482,0.132202282710797,0.52170558756293,0.23058160757881,0.909936731775387,1.22135787420175,4.81980503149814
19.464027,51.464607,0.737743,"2020-04-08 13:34:21",414.008575,0.785289,0,51.457214,51.458019,51.471996,51.471195,19.453247,19.486298,19.474701,19.44165,-0.671424999999999,0.92,0.539928631221479,0.534013175862295,0.965559615196369,0.730274531264421,0.924250276337652,0.177500811598844,0.240599790982557,0.131880559838987,0.178762197457634,0.221131228418089,0.299740191934168,1.2296250785108,1.66673906565132
19.464302,51.194729,0.010772,"2020-04-08 13:33:20",415.44342,0.574972,0,51.186787,51.187679,51.202656,51.201767,19.441162,19.473816,19.487427,19.454803,0.763419999999996,0.92,0.00703805685510864,0.00732490732349585,0.0192977587041677,0.0175541308187234,0.0214810253101235,0.0057293430914145,0.531873662403871,0.0075724244166867,0.702972931367127,0.00949562972138088,0.881510371461277,1.0849345453841,100.718023151142
19.464952,51.33075,1.364462,"2020-04-08 13:34:03",415.901855,0.852186,0,51.323032,51.323864,51.33844,51.337643,19.450623,19.483521,19.479187,19.44632,1.22185500000001,0.92,1.38461269891719,1.49653964524392,1.26470489518123,1.57757552953602,1.35175870731818,0.121565165221291,0.0890938444759111,0.00898258439871238,0.00658324262508768,0.121896580008463,0.0893367349244341,1.25995228275271,0.923405915850136
19.465277,51.255173,0.104493,"2020-04-08 13:33:37",415.038605,0.608898,0,51.247143,51.247967,51.26321,51.262348,19.445465,19.478363,19.484985,19.452209,0.358605000000011,0.92,0.0370885263232817,0.0937751566735809,0.124207302620817,0.13351674724219,0.223232666924655,0.0378040336403943,0.361785321891364,0.0839616236782555,0.803514337594437,0.0920798523574678,0.881205940660789,1.10708422155416,10.5948170839593
19.468018,51.436798,1.037767,"2020-04-08 13:34:03",416.018677,0.837484,0,51.429226,51.430027,51.44437,51.443542,19.453613,19.486511,19.482391,19.449402,1.33867700000002,0.92,0.943715994758395,0.700984521373549,1.11908800251768,1.34667522607403,1.18434681175151,0.23663034778643,0.228018763158233,0.10364757887454,0.0998755779231178,0.25833455459942,0.2489330982768,1.27063613688423,1.22439443235739
19.468239,51.16378,0.018106,"2020-04-08 13:33:20",414.73587,0.707105,0,51.155964,51.156857,51.171555,51.170696,19.445312,19.477905,19.491364,19.458588,0.0558699999999703,0.92,0.00911199751522297,0.00882433999309563,0.00715249584642921,0.0119391664588577,0.0102669252403387,0.00431494543729541,0.238315775836486,0.00554306292078481,0.306145085650326,0.00702454985537265,0.387968068892779,1.1603649535063,64.0873165528718
19.469648,51.555862,0.048478,"2020-04-08 13:34:38",414.789825,0.710247,0,51.548557,51.549149,51.562958,51.562397,19.464142,19.497345,19.475159,19.441956,0.109825000000001,0.92,0.0638563185642077,0.0464278239496837,0.153733122906712,0.17961912284832,0.257663499368212,0.0633341868276272,1.30645213968454,0.147916485129157,3.05120848898793,0.160905269628067,3.31914001460594,1.17334620074515,24.2036841607565
19.469877,51.53949,0.175203,"2020-04-08 13:34:22",415.314941,0.81347,0,51.532047,51.532864,51.546932,51.546131,19.459106,19.492371,19.48053,19.447479,0.634940999999969,0.92,0.0557381251347353,0.0805776280576149,0.264402323543095,0.20204562359956,0.363758914278121,0.0865739124832391,0.494134874877936,0.133329165618889,0.760998188494996,0.158970779476244,0.907351925915903,1.23830737283894,7.06784343212698
19.472189,51.133125,0.004235,"2020-04-08 13:33:20",415.161621,0.655064,0,51.125103,51.125961,51.141132,51.140285,19.448883,19.481659,19.495483,19.462646,0.481621000000018,0.92,0.00441437231488495,0.00576725750051788,0.00410538461161998,0.00391257110962017,0.00839851084637465,0.000738822859126754,0.174456401210568,0.00294404675301526,0.695170425741501,0.00303533696664932,0.716726556469734,1.12938835542363,266.679658895781
19.472189,51.27063,0.214796,"2020-04-08 13:33:38",415.502075,0.672776,0,51.262943,51.263805,51.278278,51.277431,19.452576,19.485382,19.491821,19.458984,0.822074999999984,0.92,0.224782207921048,0.213801092713037,0.320989882992146,0.263527209180847,0.52424319098967,0.0457680810067242,0.213076970738394,0.218812207167924,1.01869777448334,0.223547532405832,1.04074346079923,1.16146504270285,5.40729363071403
19.472466,51.421761,1.490078,"2020-04-08 13:34:03",416.795074,0.828512,0,51.414322,51.415119,51.429199,51.428402,19.458038,19.490967,19.486847,19.453918,2.11507399999999,0.92,1.07684843328703,1.14941292430575,1.46430200259968,1.38973165650805,1.30266167867726,0.18885125172913,0.12673917186156,0.132523351712346,0.0889371910143941,0.230710281584357,0.154831009909788,1.25938848977301,0.845182929868776
19.473305,51.494568,0.413055,"2020-04-08 13:34:22",416.229645,0.732657,0,51.487396,51.488194,51.501751,51.50095,19.462341,19.495422,19.484283,19.451202,1.549645,0.92,0.227531968464755,0.233183028316144,0.362972541203752,0.467106863793808,0.563819173431021,0.107327635625881,0.259838606543636,0.10660636939306,0.25809243174168,0.151275045411368,0.36623463076677,1.18577840215329,2.87075184213553
19.475584,51.102127,0.000131,"2020-04-08 13:33:20",414.466125,0.658431,0,51.093967,51.094849,51.110264,51.109406,19.452301,19.484955,19.498901,19.466125,-0.21387500000003,0.92,0.000172599568798821,0.000142883652663926,0.000196346044483798,0.000198220890117417,0.000367441830701152,3.05678213504664e-05,0.233342147713484,0.000167189621844946,1.27625665530493,0.000169961058347994,1.29741265914499,1.13134053699484,8636.18730530408
19.476088,51.449745,0.929609,"2020-04-08 13:34:21",414.88147,0.776933,0,51.442234,51.443039,51.457256,51.456451,19.465332,19.498413,19.486755,19.453674,0.201469999999972,0.92,0.654427483402019,0.748870946011699,0.960046209432753,0.864831143939568,1.00124558001967,0.127908843980729,0.137594240138305,0.0506547115129214,0.0544903411142979,0.137573878941258,0.147991122010714,1.21200307699937,1.30377726226765
19.476851,51.406799,1.482481,"2020-04-08 13:34:03",416.628693,0.751312,0,51.398861,51.399662,51.414722,51.413921,19.462585,19.495483,19.491028,19.458099,1.94869299999999,0.92,1.38379742513296,1.50177691379136,1.48424929078163,1.40709977823698,1.07196940084717,0.052712426073919,0.0355568982495688,0.2902755355167,0.195803882489354,0.295022857389229,0.199006164253861,1.22389060284247,0.825569166041568
19.478886,51.210732,0.008506,"2020-04-08 13:33:20",415.421204,0.582433,0,51.202679,51.203571,51.2188,51.217937,19.455536,19.488159,19.502075,19.469299,0.741203999999982,0.92,0.00689531604561419,0.0084999694637623,0.0709378200205287,0.0132212823270927,0.0524755438325941,0.0276754134166522,3.25363430715403,0.0310911626097064,3.655203692653,0.0416243786765138,4.89353146914106,1.08966085934533,128.104968180735
19.479139,51.286278,0.357641,"2020-04-08 13:33:38",415.061127,0.651136,0,51.277988,51.278851,51.29454,51.293701,19.45932,19.492126,19.498962,19.466064,0.381126999999992,0.92,0.519976920002067,0.236268033899329,0.402744251201905,0.317215481518361,0.379813778609913,0.105280885232582,0.294375883169384,0.0156785221128175,0.0438387156752652,0.106441913037103,0.297622233013281,1.132125422092,3.1655358923949
19.479944,51.570911,0.048086,"2020-04-08 13:34:38",415.503754,0.654926,0,51.563747,51.564484,51.578136,51.577374,19.474365,19.50766,19.485504,19.452423,0.823754000000008,0.92,0.00830453713961872,0.0467190225631963,0.120950499288871,0.10582220755111,0.249017379660088,0.0464402754505684,0.965775390978007,0.142079941110817,2.95470492681481,0.149477118148491,3.10853716567173,1.13915384137788,23.6899272423965
19.481152,51.391785,1.125793,"2020-04-08 13:34:03",415.129822,0.768313,0,51.384434,51.385239,51.399109,51.398315,19.466614,19.499512,19.495575,19.462677,0.449821999999983,0.92,0.831434370418674,1.05288933813682,1.25600546260638,1.36776374647393,1.25481429844095,0.204610747031498,0.181748107362097,0.0912318350450891,0.081037841810252,0.22402858194097,0.198996247037395,1.21938249597716,1.08313206422243
19.48218,51.101849,6.1e-05,"2020-04-08 13:33:02",415.073761,0.650027,0,51.093647,51.094547,51.110031,51.109146,19.453918,19.486603,19.51059,19.477814,0.393760999999984,0.92,0.000172248721367164,7.17318318459101e-05,0.00014491123649439,0.00361916316472604,0.00175794769030004,0.00156895153786253,25.7205170141398,0.00119992321913001,19.6708724447542,0.00197520243518696,32.3803677899502,1.12647192692657,18466.7529004356
19.482224,51.524734,0.125986,"2020-04-08 13:34:22",416.549194,0.746799,0,51.517414,51.518219,51.532063,51.53125,19.471313,19.504517,19.493164,19.45993,1.86919399999999,0.92,0.0511725381082603,0.076402470128521,0.211236490463845,0.3270684860998,0.425259887082682,0.112375197686687,0.891965755613222,0.211618594988222,1.67969929189133,0.239605122649561,1.90183927301097,1.20893315001323,9.59577373686942
19.482777,51.179676,0.00884,"2020-04-08 13:33:20",414.193115,0.726371,0,51.171253,51.172119,51.188095,51.187244,19.459198,19.491943,19.506348,19.47348,-0.486885000000029,0.92,0.0075320389251099,0.00709173565512949,0.00592275321221914,0.00594829330740849,0.00943968980757848,0.00121667656173455,0.137633095218841,0.000424044729547198,0.0479688608085066,0.00128845480655356,0.145752806171217,1.17218449476044,132.600055968376
19.485161,51.480072,0.585797,"2020-04-08 13:34:21",415.375366,0.788161,0,51.472553,51.473358,51.487591,51.486797,19.474457,19.507629,19.495758,19.462677,0.695365999999979,0.92,0.248397998610458,0.361929399388764,0.601698277063003,0.684720101134713,0.607708022721736,0.183119692724179,0.312599232710612,0.015493432749272,0.0264484672152162,0.18377395985763,0.313716116432194,1.22530430107902,2.09168756596402
19.485262,51.376938,1.013768,"2020-04-08 13:34:03",414.944885,0.775851,0,51.369247,51.370037,51.38464,51.383839,19.470947,19.503815,19.499542,19.466675,0.264884999999992,0.92,1.17459797942239,0.907679363367529,1.24906716541083,1.20200771285046,1.11284583866589,0.143327050718663,0.141380523668791,0.0700586115859575,0.0691071444215614,0.15953323329345,0.157366609809591,1.21399984626278,1.19751249424206
19.486788,51.148968,0.003371,"2020-04-08 13:33:20",414.569092,0.684332,0,51.140827,51.141678,51.157124,51.156269,19.463318,19.496124,19.510071,19.477295,-0.110907999999995,0.92,0.00349494274072471,0.00338358558966051,0.00299108282436672,0.00315982525288975,0.00763181402582931,0.0002019445606498,0.0599064255858203,0.00301285049103866,0.893755707813307,0.00301961085024675,0.895761154033448,1.14661214204006,340.140059934754
19.487537,51.630905,0.014189,"2020-04-08 13:34:40",413.230835,0.959368,0,51.623783,51.624268,51.63792,51.637405,19.481964,19.514893,19.492981,19.459595,-1.44916499999999,0.92,0.0151776328835183,0.00494394849651681,0.0145141544189666,0.0214984970543386,0.15741077136512,0.00591408331838197,0.41680761987328,0.101273085745826,7.13743644695367,0.101445622271137,7.14959632610731,1.33307095598921,93.9510152927766
19.487831,51.435009,1.017896,"2020-04-08 13:34:21",415.868256,0.776578,0,51.427521,51.428299,51.442505,51.4417,19.477203,19.510071,19.498474,19.465424,1.18825599999997,0.92,0.558903122848787,0.855734801025125,1.21638406533575,1.08614993705544,0.878800754182558,0.252935389047777,0.248488439926846,0.098355191548323,0.0966259731331324,0.271385435750074,0.266614109643887,1.23414887465867,1.2124508541724
19.489468,51.361897,1.123379,"2020-04-08 13:34:03",414.43219,0.779487,0,51.35434,51.355118,51.369488,51.368694,19.475128,19.507965,19.503845,19.470947,-0.247810000000015,0.92,1.19917762208073,1.09453107629346,1.38964330156933,1.3095037961435,1.19493791406609,0.124748452345042,0.111047520333781,0.0505997933904778,0.0450424953559554,0.1346198924886,0.119834795281557,1.21331055324787,1.08005450809377
19.490185,51.586113,0.027519,"2020-04-08 13:34:39",415.612457,0.762797,0,51.578693,51.579639,51.593597,51.59264,19.484863,19.518097,19.495575,19.462494,0.932456999999999,0.92,0.0111767715315138,0.0602998504446889,0.0834147161846481,0.0682970809889186,0.148165613339368,0.0298745363601855,1.08559672808552,0.0853100384194585,3.10004136848935,0.0903896596844215,3.28462733690983,1.19851139076225,43.5521418206422
19.490252,51.117966,0.000375,"2020-04-08 13:33:20",415.753326,0.725555,0,51.109818,51.110672,51.126099,51.125248,19.466919,19.499664,19.513611,19.480804,1.07332600000001,0.92,0.00040542896842023,0.000388539888292045,0.000411553282721645,0.000580754736648887,0.00256122564966927,8.42459418448681e-05,0.224655844919648,0.00154589498208511,4.12238661889362,0.00154818883678744,4.1285035647665,1.17167933109434,3124.47821625157
19.492151,51.541481,0.081256,"2020-04-08 13:34:38",415.198364,0.72221,0,51.534222,51.534832,51.548584,51.547993,19.486755,19.519867,19.497681,19.464478,0.51836400000002,0.92,0.0540850098393627,0.0424617337793102,0.142983796656075,0.287600127055971,0.342554578986827,0.100575912191376,1.23776597656021,0.184765997115994,2.27387512449535,0.210366318129578,2.58893273271609,1.18837757968728,14.6251055883538
19.492937,51.317589,0.578689,"2020-04-08 13:33:38",415.148346,0.715874,0,51.309711,51.310528,51.325459,51.324657,19.473114,19.506073,19.512695,19.479706,0.468345999999997,0.92,0.381371877622691,0.755260375015613,0.560420604268912,0.698038736940622,0.740018224840853,0.144394277691996,0.249519651647077,0.114076988888536,0.197130045479586,0.184019745745038,0.317994200244065,1.18014357207082,2.03933990808676
19.493731,51.346653,1.031207,"2020-04-08 13:34:03",415.299255,0.77179,0,51.338947,51.339756,51.354351,51.353577,19.479401,19.512299,19.507996,19.475189,0.61925500000001,0.92,0.886846204801443,0.959017980128979,1.19164450832979,1.18761811578542,1.00642689337243,0.13623871951598,0.132115782297812,0.0175221814348804,0.0169919147512385,0.137360895227101,0.133203998059654,1.20868847087973,1.17211042097245
19.4944,51.510063,0.239907,"2020-04-08 13:34:22",414.905945,0.779593,0,51.5023,51.503094,51.517838,51.517033,19.483978,19.51712,19.504791,19.471619,0.225944999999967,0.92,0.0832823562052185,0.105052923025308,0.353852482231035,0.45622190500485,0.515703320024121,0.159837267742755,0.666246786224474,0.195017448115351,0.812887694462234,0.252150267160066,1.05103338860503,1.2319679390625,5.13518963207616
19.496876,51.646042,0.006649,"2020-04-08 13:34:40",413.711792,0.73103,0,51.638699,51.639454,51.653385,51.652618,19.491577,19.524597,19.502075,19.468933,-0.968208000000004,0.92,0.0145965823262626,0.0032405289576844,0.0112220490222481,0.00828471329046821,0.102841676353827,0.00433781966077296,0.65240181392284,0.0680184937502739,10.229883253162,0.0681566737118636,10.2506653198772,1.17705148276168,177.026843549658
19.49712,51.465405,0.509184,"2020-04-08 13:34:21",416.238586,0.726828,0,51.458019,51.45879,51.472809,51.472,19.486359,19.519287,19.507935,19.474762,1.55858599999999,0.92,0.268648502105495,0.296522884211366,0.764240822685983,0.727310385216994,0.694621918652736,0.232182732913445,0.455989844365582,0.131124409768469,0.257518715765753,0.266650393399832,0.523681799506332,1.20240649278199,2.36143809071375
19.497217,51.195583,0.00629,"2020-04-08 13:33:20",412.977203,0.726228,0,51.187679,51.188522,51.203503,51.202656,19.473877,19.506775,19.520386,19.487488,-1.70279700000003,0.92,0.0132652966103333,0.00702629142384281,0.00582626586954827,0.0141739339666679,0.0472248989297393,0.00405506322905597,0.644684138164701,0.0289453446204046,4.60180359624874,0.0292280090492943,4.6467422971851,1.1724595449298,186.400563581844
19.497852,51.331539,0.866407,"2020-04-08 13:34:03",414.81134,0.772873,0,51.323864,51.324635,51.339249,51.338444,19.483612,19.516388,19.512146,19.479248,0.131339999999966,0.92,0.604015253192802,0.659698998819792,0.984931641797065,0.839587478751119,0.913412104205241,0.156412645759217,0.18053021935328,0.0332376279339062,0.0383626031806139,0.15990514583362,0.184561234885706,1.21214781680828,1.39905127360268
19.500832,51.601315,0.011014,"2020-04-08 13:34:39",414.111816,0.83423,0,51.594208,51.595032,51.608349,51.607529,19.494934,19.527832,19.506561,19.47345,-0.568184000000031,0.92,0.0018265289549016,0.00584877384542247,0.0355737381890709,0.0326811290649468,0.240305786932892,0.0156568025466138,1.42153645783673,0.162133777410629,14.7206988751252,0.162887989868569,14.7891764906999,1.25254628263527,113.723105378179
19.501055,51.437611,1.04005,"2020-04-08 13:34:04",416.837128,0.810493,0,51.430035,51.430843,51.445175,51.444378,19.486572,19.519562,19.515411,19.482452,2.157128,0.92,0.455258735491276,0.585847214049399,1.02105799881629,0.912560030276613,0.996985164159541,0.266376004387163,0.256118460061692,0.030451437453474,0.0292788206850382,0.268110920621024,0.257786568550573,1.25506269516915,1.20673303703586
19.501062,51.164646,0.002774,"2020-04-08 13:33:20",414.704071,0.765098,0,51.15686,51.157715,51.172424,51.171555,19.477997,19.510773,19.524139,19.491425,0.0240709999999922,0.92,0.00280072280088376,0.00312614797832867,0.0046059337232136,0.00294537372540523,0.00278831192464889,0.000770570860613074,0.277783295102045,1.0120058971061e-05,0.00364818275813301,0.000770637312112223,0.2778072502207,1.19656823603415,431.351202607839
19.503092,51.540291,0.04275,"2020-04-08 13:34:22",414.236115,0.771429,0,51.532864,51.533649,51.547741,51.546932,19.492462,19.525543,19.513885,19.480621,-0.443885000000023,0.92,0.0491409798829101,0.0459618970372938,0.140195685028616,0.265573182268976,0.332411639122263,0.0967392364386774,2.26290611552462,0.204821709272963,4.79115109410439,0.226518017950529,5.29866708656209,1.22180731479937,28.5802880654822
19.50321,51.556396,0.06141,"2020-04-08 13:34:38",416.032135,0.722119,0,51.549149,51.549854,51.563702,51.562958,19.497406,19.530731,19.508575,19.47522,1.35213499999998,0.92,0.0189911168059214,0.0123197385235545,0.130967242099672,0.0962304454825964,0.269619077449905,0.0505637441652694,0.823379647700201,0.147226050569423,2.39742795260418,0.155666959211906,2.53487964845963,1.17986781138875,19.2129589869525
19.505091,51.133972,0.000892,"2020-04-08 13:33:20",415.149994,0.705408,0,51.125965,51.12682,51.142002,51.141132,19.48172,19.514496,19.528229,19.495575,0.469993999999986,0.92,0.000823789475851017,0.000811142914018044,0.0011770804446266,0.00215353352496566,0.00103814560784791,0.000568616978534373,0.6374629804197,0.000103340550349887,0.115852634921398,0.000577931256832659,0.647904996449169,1.15931047630414,1299.67542186563
19.505486,51.422569,0.893963,"2020-04-08 13:34:04",416.362701,0.815116,0,51.415119,51.41592,51.430012,51.429199,19.491028,19.523926,19.519897,19.486908,1.68270100000001,0.92,0.435764717594133,0.797037362242278,1.20414648989743,1.04326753382623,0.784392978841435,0.289834712182164,0.324213319994411,0.0774777049759748,0.0866676864433704,0.300011591699491,0.33559732528023,1.26523557040184,1.41531089139241
19.506521,51.495373,0.275759,"2020-04-08 13:34:22",416.321259,0.7855,0,51.488201,51.488972,51.502552,51.501755,19.495483,19.528473,19.517487,19.484344,1.64125899999999,0.92,0.138183073906114,0.16584905348224,0.449127996121438,0.498334649657663,0.555687271474341,0.162938683984755,0.590873494554141,0.197939179005335,0.717797711064137,0.256376545970941,0.929712342918785,1.23658367421052,4.48429126233603
19.508377,51.102985,0.000139,"2020-04-08 13:33:21",415.257477,0.757972,0,51.094852,51.095715,51.111126,51.110264,19.485016,19.517731,19.531647,19.498962,0.577476999999988,0.92,0.000124896797945473,8.1116655404761e-05,0.000116362532534265,9.34581374784448e-05,0.000267168911327844,2.34872490419246e-05,0.168973014690105,9.06291063372158e-05,0.652007959260545,9.36231049636774e-05,0.673547517724298,1.19202414470064,8575.71327122761
19.509108,51.450527,0.498924,"2020-04-08 13:34:21",416.389923,0.725062,0,51.443043,51.443813,51.458023,51.457249,19.498505,19.531403,19.519714,19.486786,1.709923,0.92,0.341779373627153,0.47599673316745,0.639726895851228,0.956280547486212,0.664398769983373,0.234126632538777,0.469263119310309,0.117008331970527,0.234521353894636,0.261736947744243,0.524602840801891,1.20025877778855,2.40569461037864
19.50972,51.209637,0.008493,"2020-04-08 13:33:38",414.901367,0.759162,0,51.201611,51.202427,51.217697,51.216839,19.489899,19.522736,19.529358,19.496643,0.221366999999987,0.92,0.00930651397996435,0.0160383104968947,0.00754246336402245,0.00963187524029649,0.0450044719206337,0.00336092520194188,0.395728859289047,0.0258175093861823,3.039857457457,0.0260353530630691,3.06550724868351,1.19306528817711,140.476308510197
19.509821,51.407593,0.737318,"2020-04-08 13:34:04",415.30542,0.754627,0,51.399662,51.400467,51.415524,51.41473,19.495575,19.528503,19.524017,19.491089,0.62542000000002,0.92,0.597902082400058,0.677241446736605,0.855361764126685,1.05290274365022,1.01821699791133,0.177207586074847,0.240340783861029,0.198625586251607,0.269389308618001,0.266185371642149,0.361018409481592,1.21930987087174,1.65370962172596
19.511641,51.211609,0.008288,"2020-04-08 13:33:20",413.94397,0.702929,0,51.203571,51.204418,51.219654,51.2188,19.48822,19.521118,19.534943,19.502136,-0.736030000000028,0.92,0.012633885921389,0.0284753162272603,0.02446372180442,0.00647381829155031,0.0425145090614217,0.00985899966035242,1.18955111732051,0.0242017966536741,2.92010094759581,0.0261328688736736,3.1530971131363,1.15809848712299,139.731960318894
19.513224,51.571743,0.06846,"2020-04-08 13:34:39",414.929688,0.71532,0,51.564487,51.565403,51.579082,51.578136,19.507721,19.540863,19.518799,19.485535,0.249687999999992,0.92,0.00883162631701079,0.0212876695478724,0.0646426258820635,0.0856653982093511,0.221653382978105,0.0329627972966196,0.481489881633357,0.108324079936726,1.58229739901732,0.113228319336446,1.65393396635183,1.17085582148263,17.1027727356504
19.514124,51.392586,0.83254,"2020-04-08 13:34:04",415.020935,0.747904,0,51.385242,51.386032,51.399918,51.399113,19.499573,19.532471,19.528595,19.495636,0.340935000000002,0.92,0.818071223327044,0.733782487102348,0.988773525107369,0.968659026765138,0.978049902213781,0.107798947232632,0.129482003546535,0.102891038585156,0.12358690103197,0.149020732938729,0.178995283035925,1.19497597133231,1.43533760700064
19.515072,51.102722,0.000102,"2020-04-08 13:33:02",414.177521,0.679785,0,51.094555,51.095448,51.110897,51.110031,19.486664,19.519257,19.543518,19.510651,-0.502478999999994,0.92,0.000143633565454237,0.000132004058436424,0.000245145431703776,0.000151203476588336,0.000239739460137519,5.38688597112252e-05,0.528126075600247,9.73965063002138e-05,0.954867708825626,0.000111301093822456,1.09118719433781,1.14390019608921,11214.7078047962
19.515596,51.180538,0.004059,"2020-04-08 13:33:20",414.476898,0.621792,0,51.172123,51.172993,51.18895,51.188095,19.492004,19.524719,19.539185,19.506409,-0.203102000000001,0.92,0.0118088879589015,0.00323275523860113,0.00311249302884049,0.0102798860067684,0.0500132601566185,0.00420060688047065,1.03488713487821,0.0324945689811557,8.00556023186886,0.0327649524863892,8.07217356156424,1.11090001052094,273.688103109373
19.516911,51.225334,0.024664,"2020-04-08 13:33:38",414.595001,0.718013,0,51.217289,51.21814,51.233383,51.232533,19.497162,19.529907,19.536591,19.503845,-0.0849989999999821,0.92,0.0192054137651104,0.033185300819789,0.0261343766808407,0.0742940956234015,0.0673634354359525,0.0222541398829464,0.90229240524434,0.0301930603495992,1.22417533042488,0.0375082342320228,1.52076849789259,1.16762559744303,47.3412908467011
19.518265,51.377754,0.85238,"2020-04-08 13:34:03",414.292694,0.819029,0,51.370041,51.370834,51.385426,51.384644,19.503876,19.536774,19.532501,19.499634,-0.387306000000024,0.92,0.714268903746713,0.818951842529773,1.00418380226878,1.0833288523132,0.881802122055455,0.148030117921778,0.173666812832045,0.0208045820223105,0.0244076374648754,0.149484937184516,0.175373585941148,1.24078775352034,1.45567440991147
19.518286,51.480865,0.239907,"2020-04-08 13:34:22",415.580231,0.76779,0,51.473362,51.474121,51.488369,51.487595,19.507721,19.540527,19.528809,19.49585,0.900231000000019,0.92,0.0761234250176981,0.126208461434972,0.401279149700665,0.390482462154312,0.542360834661972,0.148516651838343,0.61905926812616,0.213867157485355,0.891458596395083,0.260377335657575,1.08532612911493,1.22625357941338,5.11137057031843
19.519566,51.149834,0.001203,"2020-04-08 13:33:20",414.665955,0.672961,0,51.141678,51.142544,51.15799,51.157131,19.496216,19.5289,19.542816,19.510132,-0.0140450000000101,0.92,0.000979550450905491,0.00107890392595216,0.00134425855781743,0.00152220097760602,0.0100007835631758,0.000214838817796389,0.17858588345502,0.00622097241693315,5.17121564167345,0.00622468099824202,5.1742984191538,1.13987510463846,947.527102775108
19.520861,51.435791,0.481047,"2020-04-08 13:34:21",416.256226,0.809874,0,51.428299,51.429089,51.443272,51.442505,19.510132,19.543182,19.531464,19.498535,1.57622600000002,0.92,0.274904905706964,0.412958646216624,0.668129855377011,0.778373766332378,0.819715130410229,0.201058903501141,0.417961038112994,0.239474531584843,0.497819405556719,0.312686318784275,0.650011992142712,1.26493819209907,2.62955218949306
19.522551,51.087364,1.8e-05,"2020-04-08 13:33:02",414.111053,0.652628,0,51.079346,51.080212,51.095383,51.094501,19.494324,19.527161,19.550751,19.518066,-0.56894699999998,0.92,5.46525659405765e-05,2.42381882966481e-05,1.65324468744988e-05,5.9984267434146e-05,0.00313233574687223,2.09511148006781e-05,1.16395082225989,0.00220216792550503,122.342662528057,0.00220226758622437,122.348199234687,1.12797524634476,62665.2914635978
19.523449,51.58707,0.008856,"2020-04-08 13:34:39",415.00296,0.733911,0,51.579639,51.580475,51.594421,51.593597,19.518158,19.551178,19.528595,19.495636,0.322959999999966,0.92,0.0155389636959511,0.0175596705299164,0.04509256781328,0.0502056968239947,0.199239690443653,0.0188049871987077,2.12341770536446,0.134621598540028,15.2011741802199,0.135928666354879,15.3487653968923,1.18469487981421,133.773134577034
19.525467,51.541996,0.078779,"2020-04-08 13:34:38",415.243652,0.775087,0,51.534832,51.53548,51.54929,51.548584,19.519928,19.553101,19.531097,19.497742,0.56365199999999,0.92,0.021159054063229,0.0117255920849736,0.126891189653758,0.15850634789546,0.280786727132152,0.0641978300541714,0.814910446364784,0.142841033707226,1.81318668309101,0.156604349537978,1.98789461072085,1.21313015784095,15.399156600629
19.526682,51.347458,0.77005,"2020-04-08 13:34:03",414.294495,0.772432,0,51.339756,51.340542,51.355164,51.354355,19.51236,19.545227,19.540985,19.508057,-0.385505000000023,0.92,0.499686267175386,0.668335059903864,0.716157001118014,0.814142057964553,0.675561437530329,0.12157778793495,0.157882978942861,0.0668135032668731,0.0867651493628635,0.138727080045492,0.180153340751239,1.20925447998424,1.57035839229172
19.52751,51.510849,0.16593,"2020-04-08 13:34:22",415.965424,0.764474,0,51.503094,51.503864,51.518616,51.517841,19.517181,19.550201,19.537903,19.504852,1.28542399999998,0.92,0.0383992830540731,0.0429392869311485,0.215637940177328,0.229754801738585,0.391774258774471,0.0924420139413886,0.557114529870359,0.159696006871478,0.962429981748194,0.184521924313169,1.11204679270276,1.21031765963661,7.29414608350876
19.529909,51.196465,0.003541,"2020-04-08 13:33:20",414.687164,0.689304,0,51.188526,51.189381,51.204365,51.203503,19.506836,19.539612,19.553162,19.520447,0.00716399999998885,0.92,0.0036656509334466,0.00904110159038476,0.00681070085422537,0.00379021892935231,0.037684505862761,0.00246466835789199,0.696037378676076,0.0241431045290409,6.81815999125697,0.0242685822909908,6.85359567664241,1.14983867064141,324.721454572554
19.529985,51.646793,0.019283,"2020-04-08 13:34:40",415.907776,0.735857,0,51.639454,51.640339,51.654312,51.653385,19.524689,19.55777,19.535217,19.502167,1.22777600000001,0.92,0.00422171561200315,0.00749408720819664,0.0133089831653026,0.0012053718204993,0.0876975987077918,0.00724759895099486,0.375854325104748,0.048376426678436,2.50876039404844,0.0489163198608456,2.53675879587437,1.17910064489751,61.1471578539393
19.530113,51.466175,0.295332,"2020-04-08 13:34:22",416.748413,0.75739,0,51.458797,51.459576,51.47356,51.472809,19.519379,19.552399,19.540833,19.507996,2.06841300000002,0.92,0.0565393493782116,0.105838462582143,0.484472928395959,0.532883634189049,0.47564481855042,0.215136173437934,0.728455343267692,0.127500416731861,0.431718935746419,0.250079846025855,0.84677531058556,1.21761222952478,4.12285911965105
19.530783,51.332333,0.491361,"2020-04-08 13:34:03",415.06778,0.822135,0,51.324635,51.32542,51.340038,51.339252,19.516449,19.549316,19.545074,19.512207,0.387780000000021,0.92,0.465950418052546,0.385439249153318,0.542710459092696,0.500924447437371,0.663134389121603,0.0583128680787151,0.118676223954923,0.121462128275281,0.247195296890232,0.134734699275007,0.274207149682223,1.24115244728991,2.52594822806431
19.531111,51.25684,0.072216,"2020-04-08 13:33:38",414.759888,0.579972,0,51.24881,51.249653,51.264874,51.264038,19.511322,19.544098,19.550781,19.517975,0.0798879999999826,0.92,0.0159519986734806,0.054193565363604,0.083028087419415,0.0926423468805834,0.0918388533135269,0.0302239838014061,0.418521986836797,0.0138754526442238,0.192138205442337,0.0332568396410386,0.460518993589213,1.08805952877906,15.0667376866492
19.533749,51.602051,0.012717,"2020-04-08 13:34:40",414.545746,0.843882,0,51.595032,51.595581,51.60886,51.608353,19.527924,19.561157,19.539642,19.506653,-0.134253999999999,0.92,0.0164259592341758,0.00473779416742788,0.0429842602595779,0.0368390800967721,0.127572048379995,0.0163785010326932,1.28792176084715,0.0812147835630035,6.38631623519725,0.0828498422766358,6.51488891064212,1.2511598324312,98.3848260148776
19.533922,51.165501,0.001809,"2020-04-08 13:33:21",414.769409,0.68301,0,51.157715,51.158585,51.17326,51.172424,19.510834,19.543518,19.557037,19.5242,0.0894089999999892,0.92,0.00167013468643288,0.00185271311571351,0.00600971411737911,0.00173073893542033,0.00206842054982657,0.00189930828637199,1.04992166189718,0.00018343802996151,0.101403001637098,0.00190814608390382,1.05480712211378,1.14582123436489,633.40035067158
19.534092,51.438416,0.377377,"2020-04-08 13:34:04",417.198547,0.824681,0,51.430847,51.431641,51.445972,51.445175,19.519623,19.552612,19.548462,19.515472,2.51854700000001,0.92,0.102146815052042,0.310124975838447,0.606974303066877,0.745331792697739,0.679618510842857,0.252669750410236,0.669541997552144,0.213717021873052,0.566322329853307,0.3309334800389,0.876930708651826,1.27906830152719,3.38936475070604
19.536247,51.557186,0.031452,"2020-04-08 13:34:39",414.928223,0.738412,0,51.549854,51.550732,51.564617,51.563702,19.530792,19.56366,19.541718,19.508636,0.248222999999996,0.92,0.0107949721879875,0.0117922835625308,0.0969665280046988,0.0839241997242206,0.223206398662774,0.0407804398739938,1.29659289946566,0.135590835616796,4.31104017603956,0.141590674055806,4.50180192216094,1.18814990667154,37.7766090128302
19.536367,51.541084,0.019369,"2020-04-08 13:34:23",414.018036,0.835683,0,51.533649,51.534412,51.548519,51.547741,19.525635,19.558563,19.547058,19.513947,-0.661964000000012,0.92,0.0119561504482515,0.063176415796845,0.111695262245147,0.099337267180467,0.270269700456596,0.0452296217729845,2.33515523635627,0.177413586697314,9.15966682313561,0.183088228541686,9.45264229137723,1.25629907900927,64.8613288765175
19.537807,51.134838,0.000612,"2020-04-08 13:33:21",416.002045,0.665171,0,51.12682,51.127659,51.142879,51.14201,19.514557,19.547363,19.560883,19.52829,1.322045,0.92,0.000612214799005527,0.000640955043347397,0.00159463791417765,0.000708067310401501,0.00394193418750644,0.000427249109535378,0.698119460025127,0.00235461904489072,3.84741674001752,0.00239306762298119,3.91024121402156,1.13527890230271,1855.03088611554
19.538044,51.272293,0.085386,"2020-04-08 13:33:38",415.45697,0.658539,0,51.264637,51.265472,51.279938,51.27911,19.518372,19.551178,19.557678,19.524841,0.776970000000006,0.92,0.094547730690602,0.0771797275215736,0.103383070778411,0.17251990590387,0.227869102210953,0.0381334039858159,0.44660019190284,0.100750767777861,1.17994481270771,0.107725919385141,1.26163445278079,1.13652034219735,13.3103827582665
19.538506,51.42337,0.392864,"2020-04-08 13:34:04",416.072815,0.824047,0,51.41592,51.416718,51.430817,51.430019,19.524017,19.556946,19.552948,19.519958,1.39281499999998,0.92,0.16859107568689,0.283782913724282,0.51309200603081,0.677474151085365,0.60446203777617,0.197884273539533,0.50369663175942,0.149622407397297,0.380850389440868,0.248082749318915,0.631472339840033,1.25976129037157,3.20660913285912
19.539516,51.49614,0.158305,"2020-04-08 13:34:22",416.008057,0.644135,0,51.488972,51.489746,51.503323,51.502552,19.528534,19.561523,19.550537,19.517578,1.328057,0.92,0.0478021610564456,0.0482040773183944,0.249298065640945,0.25926761699217,0.386542048023333,0.103249862141051,0.652221105720292,0.161387964375298,1.01947483892043,0.191589689381628,1.2102567157173,1.13930527397285,7.19690012300843
19.541208,51.103828,0.000102,"2020-04-08 13:33:21",414.863098,0.696986,0,51.095715,51.096569,51.111958,51.111126,19.517792,19.550446,19.564514,19.531708,0.183097999999973,0.92,2.78051869442317e-05,7.81049397986447e-05,0.000134572708720704,9.72901032353224e-05,0.0012174235609549,3.92830772710939e-05,0.385128208540136,0.000788723563846456,7.73258395927898,0.000789701222188836,7.74216884498859,1.15420540105478,11315.7392260272
19.542191,51.451309,0.259206,"2020-04-08 13:34:22",416.916168,0.749742,0,51.443813,51.444599,51.458801,51.458023,19.531464,19.564606,19.552795,19.519775,2.23616800000002,0.92,0.106435663483381,0.199010137419195,0.488840243783026,0.477523952038325,0.541069541378567,0.170523640560474,0.657869187289161,0.19930762147804,0.768915925858351,0.262301048357096,1.01194049658224,1.21544843845111,4.68912154213678
19.542557,51.210476,0.011566,"2020-04-08 13:33:38",414.886078,0.652648,0,51.202427,51.203247,51.218517,51.217697,19.522797,19.555603,19.562256,19.529449,0.206077999999991,0.92,0.00853520380645958,0.0151485151690226,0.0234757289581629,0.0140874881322835,0.0520798099468377,0.00559736572259813,0.483950001953841,0.0286475897451119,2.47687962520421,0.0291892942915165,2.5237155707692,1.12836227640117,97.5585575307948
19.542833,51.408394,0.523345,"2020-04-08 13:34:04",414.505798,0.770239,0,51.400467,51.401257,51.416321,51.415524,19.528564,19.561493,19.557037,19.524078,-0.17420199999998,0.92,0.299579355755136,0.338801666955209,0.745952476219927,0.719280915029343,0.761166362479928,0.207395351886904,0.396288016293085,0.168165098120581,0.321327419045909,0.267006240021086,0.510191632710899,1.2292113119115,2.34875906316388
19.543737,51.617001,0.0142,"2020-04-08 13:34:40",413.966705,0.868923,0,51.609394,51.610119,51.624645,51.623901,19.538971,19.57196,19.548523,19.515564,-0.713295000000016,0.92,0.011997220879702,0.00709913096261759,0.0165182432026905,0.0150434454532792,0.069514396871843,0.00366795226980342,0.25830649787348,0.0391131851253241,2.75444965671297,0.0392847950803034,2.7665348648101,1.26608470295376,89.1608945742082
19.5445,51.212463,0.005999,"2020-04-08 13:33:20",414.152588,0.659882,0,51.204422,51.20528,51.220516,51.219654,19.521179,19.553864,19.567719,19.535004,-0.527412000000027,0.92,0.00359693867037178,0.00423427476247539,0.0144324340176878,0.0347246542406191,0.041714019750983,0.0131098415370049,2.18533781246956,0.0252543326561316,4.20975706886674,0.0284543364539033,4.74317993897372,1.13254311316922,188.788650303254
19.544973,51.287949,0.172252,"2020-04-08 13:33:38",414.524628,0.730602,0,51.279667,51.280499,51.296185,51.295361,19.525177,19.557983,19.56488,19.532013,-0.155372,0.92,0.0418955984547709,0.144868521340437,0.235972220909023,0.161467580642074,0.276145611291457,0.0702182981857508,0.407648666986455,0.0734638770661485,0.426490705862042,0.101624557237378,0.589976065516676,1.17919753775086,6.8457697893253
19.546432,51.572708,0.027427,"2020-04-08 13:34:39",415.102783,0.752647,0,51.565403,51.566242,51.579922,51.579082,19.540924,19.573761,19.55188,19.51886,0.422782999999981,0.92,0.00345487285262803,0.0243512631076014,0.0334215173944917,0.0563242327513465,0.165218759694267,0.0189921169635614,0.692460603185235,0.0974334876714434,3.55246609805824,0.0992672404501048,3.61932549860009,1.19278308658179,43.4893749437339
19.547089,51.393372,0.584843,"2020-04-08 13:34:04",414.183868,0.799207,0,51.386032,51.386829,51.400707,51.399918,19.532532,19.565491,19.561584,19.528656,-0.496131999999989,0.92,0.139205500987847,0.312708407626495,0.599281465064494,0.710803412428091,0.797944670179225,0.235612258828106,0.402864117084596,0.150685636065909,0.257651431351506,0.279677130682275,0.478208905094658,1.25034040416027,2.13790778749215
19.547874,51.103603,8.9e-05,"2020-04-08 13:33:02",414.783722,0.65781,0,51.095448,51.096325,51.111782,51.110901,19.519318,19.552002,19.576172,19.543579,0.103722000000005,0.92,3.75309871589475e-05,5.2757920478252e-05,0.000139663805483545,0.000123571904117568,0.000395242844098563,4.39413240791586e-05,0.493722742462456,0.000216546391751949,2.43310552530279,0.000220959678997364,2.48269302244229,1.13097924159694,12707.6319280555
19.548485,51.181385,0.008191,"2020-04-08 13:33:21",414.690857,0.675738,0,51.172993,51.173824,51.189789,51.18895,19.52478,19.557648,19.572021,19.539246,0.0108569999999872,0.92,0.0024420069280248,0.00270258443223027,0.00220119507961267,0.0021832679410823,0.00313422381949713,0.00260632378447872,0.31819360083979,0.00357568072817619,0.436537752188523,0.00442475042679133,0.540196609301835,1.14150839815585,139.36129876155
19.548565,51.526306,0.046972,"2020-04-08 13:34:23",416.906189,0.756372,0,51.519001,51.519772,51.533615,51.532852,19.537659,19.570709,19.559357,19.526398,2.22618899999998,0.92,0.0339117997974061,0.014627070359078,0.117704350229898,0.124838569870463,0.411244204666969,0.0503816427524201,1.0725888348893,0.257579346117788,5.4836784918204,0.26246033885694,5.58759130667077,1.21958354853487,25.9640540861549
19.549774,51.22617,0.005036,"2020-04-08 13:33:38",414.760315,0.763402,0,51.21814,51.218964,51.234207,51.233383,19.529968,19.562775,19.569458,19.536652,0.0803149999999846,0.92,0.00805150144267438,0.0114441249946984,0.0377772143025895,0.0222730273199888,0.0662562125562393,0.0133561142733788,2.65212753641359,0.0432892274441986,8.59595461560735,0.0453027924216501,8.99578880493448,1.19634232417197,237.558046896738
19.551205,51.378532,0.622129,"2020-04-08 13:34:04",414.810089,0.819123,0,51.370834,51.371632,51.38623,51.385426,19.536835,19.569794,19.565552,19.532593,0.130088999999998,0.92,0.302010560502064,0.361018589955354,0.677677120972168,0.747925748330225,0.656931833894966,0.198483902145568,0.31903978458739,0.0246093198516395,0.0395566190478815,0.200003695052096,0.321482674898769,1.24794389583967,2.00592464881025
19.551311,51.481632,0.160678,"2020-04-08 13:34:22",416.761292,0.752671,0,51.474121,51.474899,51.48914,51.488373,19.540619,19.5737,19.561859,19.52887,2.08129200000002,0.92,0.0209678325789855,0.0513373841424691,0.343419961966322,0.338887844825179,0.445907846518864,0.15339760982507,0.954689564377638,0.201687958670287,1.2552307015913,0.253394671160685,1.57703401312367,1.21536928281639,7.56400554410929
19.551958,51.303543,0.321068,"2020-04-08 13:33:38",414.399841,0.747217,0,51.295776,51.2966,51.311268,51.310471,19.532227,19.565094,19.571747,19.538788,-0.280159000000026,0.92,0.271312177260861,0.138100130730011,0.259493362418902,0.224501927586019,0.394377794074824,0.0680336851595093,0.211898056360364,0.0518378525176974,0.161454434941188,0.0855321300449707,0.266398800394218,1.18829667607001,3.70107477565503
19.55233,51.150692,0.001187,"2020-04-08 13:33:21",415.041809,0.680825,0,51.142548,51.143414,51.158833,51.157993,19.528961,19.561554,19.575653,19.542877,0.361808999999994,0.92,0.00113194468768201,0.00111811834459075,0.00762009423674399,0.00137038399441968,0.00943994009584238,0.00287208497901,2.41961666302443,0.0058357099064965,4.9163520695,0.00650418190393198,5.47951297719628,1.14453701775313,964.226636691773
19.553652,51.632217,0.018363,"2020-04-08 13:34:40",415.040802,0.764033,0,51.625019,51.625858,51.639561,51.638676,19.548035,19.580994,19.559204,19.526123,0.360801999999978,0.92,0.00217843338442261,0.0043637707739153,0.0171282390822016,0.0150718606231382,0.0928596352606281,0.00757169477735027,0.412334301440411,0.052677075968371,2.86865305061107,0.053218463848357,2.8981355905003,1.19707085420345,65.1892857487039
19.55393,51.436569,0.301331,"2020-04-08 13:34:22",416.044037,0.768361,0,51.429089,51.429867,51.444061,51.443272,19.543243,19.576294,19.564636,19.531525,1.364037,0.92,0.0934657455375757,0.196683493240876,0.401319904972734,0.473125989018328,0.597464671745645,0.152756829575561,0.506940306757554,0.209398127429017,0.694910671086004,0.259195340916374,0.860168190184131,1.22636081602184,4.06981298313762
19.555485,51.363525,0.570976,"2020-04-08 13:34:04",414.768738,0.790383,0,51.355927,51.356709,51.371082,51.370281,19.541016,19.573914,19.569794,19.536865,0.088737999999978,0.92,0.180321311013861,0.255551641556828,0.454857203154702,0.578176660712906,0.537371798536456,0.182205210256831,0.319111854538249,0.0237617587312309,0.0416160376814978,0.183748087943078,0.321814030612632,1.22673087778524,2.14848063278533
19.556549,51.587818,0.005178,"2020-04-08 13:34:39",414.710114,0.723045,0,51.580479,51.581036,51.594975,51.594425,19.551239,19.584076,19.56189,19.528656,0.0301139999999691,0.92,0.00052880698265549,0.00391487402569281,0.0133554922316869,0.034721050375714,0.120314615340826,0.013788773238788,2.66295350304906,0.0814138814703651,15.723036205169,0.0825733029707628,15.9469492025421,1.17303555887641,226.542209130246
19.556925,51.242031,0.030137,"2020-04-08 13:33:38",415.679108,0.747892,0,51.234127,51.234943,51.24992,51.2491,19.53717,19.569977,19.57666,19.543793,0.999107999999978,0.92,0.0280134433569348,0.0121520882138824,0.0294972754582759,0.0303230128238152,0.0428274917655521,0.00780784449368639,0.259078358618522,0.00897353278401393,0.297757997943191,0.0118948193035187,0.394691552029689,1.18569976401712,39.3436561043609
19.558575,51.542767,0.032964,"2020-04-08 13:34:39",416.698944,0.757413,0,51.535492,51.536331,51.550159,51.54929,19.553192,19.585938,19.563965,19.531189,2.01894399999998,0.92,0.000783073020855238,0.00355711820371455,0.0621974030088861,0.0773791569660481,0.197884534329724,0.0342731032812799,1.03971311980585,0.116616428181457,3.53769045569278,0.121548496207605,3.68731028417682,1.19785161414064,36.3381754077368
19.559641,51.348248,0.523115,"2020-04-08 13:34:04",413.641022,0.724457,0,51.340542,51.341328,51.355953,51.355164,19.545288,19.578186,19.573944,19.541046,-1.03897799999999,0.92,0.252097850668355,0.380826357717253,0.3887659555697,0.522171146431234,0.597721045364991,0.113528416161211,0.217023821074163,0.0527544405950964,0.100846736559067,0.12518678955295,0.239310265530428,1.17767129417659,2.2512665363765
19.560556,51.511616,0.05306,"2020-04-08 13:34:23",417.249359,0.785504,0,51.503864,51.504623,51.51939,51.51862,19.550262,19.583221,19.570984,19.537964,2.56935900000002,0.92,0.00308215412471131,0.0139923627143482,0.0976890267683909,0.135746845378594,0.197857454877265,0.0560357146285875,1.05608206989422,0.102387262242267,1.92965062650334,0.116718262424538,2.1997410935646,1.21533521581472,22.9049230270395
19.562931,51.197285,0.00408,"2020-04-08 13:33:21",414.354126,0.723398,0,51.189381,51.190228,51.205181,51.204365,19.539673,19.572449,19.586151,19.553223,-0.325873999999999,0.92,0.0028070242758085,0.00521415184718801,0.00315566785813958,0.0345801793133067,0.0611058027822793,0.0137905259831858,3.3800308782318,0.0403233318499564,9.88316957106774,0.0426163078923389,10.4451735030242,1.17111947131895,287.039086107586
19.563324,51.647812,0.004496,"2020-04-08 13:34:41",415.183655,0.755647,0,51.640339,51.641209,51.655167,51.654316,19.557831,19.591034,19.568756,19.535278,0.503654999999981,0.92,0.00175202444536681,0.00266345298970719,0.00294682824858109,0.00126124589375849,0.074641938668729,0.00124775785894321,0.27752621417776,0.0496006689053539,11.0321772476321,0.0496163607647024,11.0356674298715,1.19158053519875,265.031257828903
19.56333,51.466969,0.103229,"2020-04-08 13:34:22",417.689667,0.720431,0,51.459576,51.460361,51.474346,51.47356,19.55246,19.585632,19.574005,19.540894,3.00966699999998,0.92,0.0694589178252019,0.0636018846861664,0.198522268598001,0.342936544475608,0.438181765325986,0.117860033831849,1.14173375535798,0.236847371739191,2.29438793109679,0.264551819261571,2.56276646350901,1.19808534371956,11.6060927037902
19.563725,51.333122,0.295531,"2020-04-08 13:34:04",414.169006,0.812131,0,51.32542,51.326202,51.340824,51.340038,19.549377,19.582245,19.578003,19.545135,-0.510993999999982,0.92,0.20297955585137,0.257311370146153,0.394420421167303,0.438052303332532,0.369924541511348,0.0970434477310735,0.32836977417284,0.0526041776791571,0.177998848442827,0.110384012686774,0.373510774459445,1.23212880471882,4.16920324676201
19.563963,51.257679,0.061407,"2020-04-08 13:33:38",414.406982,0.707295,0,51.249653,51.250458,51.265675,51.264874,19.544189,19.577026,19.58374,19.550842,-0.273017999999979,0.92,0.0476591540138582,0.044812151768644,0.0467949131521631,0.0989026216399876,0.113174748688263,0.0227634529972481,0.370698014839483,0.0366053261442318,0.596109989809497,0.0431059705201438,0.701971607799498,1.16125980801864,18.9108702268249
19.566748,51.166344,0.001287,"2020-04-08 13:33:21",415.036224,0.675069,0,51.158585,51.159424,51.174118,51.17326,19.543579,19.576355,19.589752,19.557129,0.356223999999997,0.92,0.00160410489601637,0.00168325188240013,0.00157887728455898,0.00315932379066821,0.0204732508911699,0.000740319518099044,0.575228840791798,0.0135667281106927,10.5413582833665,0.0135869122547523,10.5570413789839,1.14118480490481,886.701480112514
19.567034,51.602551,0.003097,"2020-04-08 13:34:40",414.070923,0.774604,0,51.595581,51.596256,51.609577,51.60886,19.561218,19.594116,19.572693,19.539703,-0.609077000000013,0.92,0.0112307337083575,0.00166001124308446,0.00741411611755302,0.0351981468937086,0.114753456963471,0.0136524988725972,4.40829798921445,0.0789530378821342,25.4933929228719,0.0801247334865084,25.8717253750431,1.20533453021652,389.194229969817
19.567144,51.439213,0.168001,"2020-04-08 13:34:04",416.570038,0.828851,0,51.431641,51.432449,51.446789,51.44598,19.552673,19.585693,19.581573,19.548553,1.890038,0.92,0.0533956460360658,0.0707272028816329,0.347037419081214,0.384906105040518,0.525908784524716,0.15404759920176,0.916944537245376,0.25307902147688,1.5064137801375,0.29627631348375,1.76353898776644,1.27325316969271,7.57884280267799
19.569288,51.558147,0.006198,"2020-04-08 13:34:39",416.001251,0.730882,0,51.550732,51.551586,51.565456,51.564617,19.563721,19.596649,19.574646,19.541779,1.32125100000002,0.92,0.00273601997662863,0.0134477636019514,0.0337864905201291,0.023659334050785,0.123959016627463,0.0127822629063289,2.06232057217311,0.0832696134167009,13.434916653227,0.0842449687730568,13.5922827965564,1.17800072694696,190.061427387377
19.569334,51.541836,0.015981,"2020-04-08 13:34:23",416.624023,0.734886,0,51.53442,51.535172,51.549267,51.548523,19.558655,19.591644,19.579987,19.547119,1.94402300000002,0.92,0.0137332405693184,0.0121917561186144,0.0396335694386921,0.0625833658415874,0.213843626121788,0.0219422354004859,1.37302017398698,0.139910004674095,8.7547715833862,0.14162016488578,8.86178367347351,1.1859653047616,74.2109570591077
19.570995,51.273102,0.064567,"2020-04-08 13:33:39",414.28302,0.656601,0,51.265472,51.266277,51.280712,51.279938,19.55127,19.584137,19.590729,19.557739,-0.396979999999985,0.92,0.0306277998541567,0.0394925074870466,0.0863495803596809,0.0494916162809127,0.102575561323358,0.0219951902559684,0.340656841048343,0.0268761114548912,0.416251513232629,0.0347291485834591,0.53787768648782,1.13080988099783,17.5137435686625
19.571564,51.424171,0.28035,"2020-04-08 13:34:04",415.675903,0.760569,0,51.416718,51.417507,51.431622,51.430817,19.557037,19.589996,19.586029,19.553009,0.995902999999998,0.92,0.0618279012753649,0.126907288159319,0.361757158122234,0.378968398345099,0.673744991939396,0.141669643785282,0.505331349332198,0.278172266485174,0.992232090191454,0.312169982240041,1.11350091756747,1.23382142207564,4.40100382406149
19.572596,51.49691,0.123788,"2020-04-08 13:34:23",416.713623,0.774931,0,51.489746,51.490509,51.504089,51.503326,19.561584,19.594666,19.583618,19.550598,2.03362299999998,0.92,0.0181502595994819,0.0326628831913205,0.168835847972345,0.157448576611535,0.294331034438318,0.0704238814653561,0.568907175698421,0.120592136135466,0.97418276517486,0.139649512632022,1.12813449310128,1.21095831519477,9.78251781428549
19.573986,51.104671,4.7e-05,"2020-04-08 13:33:21",414.911652,0.658902,0,51.096569,51.097397,51.112804,51.111958,19.550537,19.583282,19.597198,19.564575,0.231651999999997,0.92,1.71533765803085e-05,9.78831362834824e-06,9.49235042613666e-05,6.53335672712764e-05,0.00891979418941841,3.5029216681255e-05,0.745302482579893,0.00627401293941035,133.489637008731,0.00627411072662173,133.491717587696,1.13163210014095,24077.2787264031
19.575356,51.452091,0.166511,"2020-04-08 13:34:22",415.892822,0.817914,0,51.444607,51.445362,51.459591,51.458801,19.564667,19.597656,19.585999,19.552856,1.21282200000002,0.92,0.0261836816320176,0.108491049155025,0.388041017402419,0.319855508626521,0.514299759738554,0.14951236021884,0.897912811879334,0.24592379043159,1.47692218791305,0.287806283041995,1.72845207248767,1.2642055876931,7.59232475748207
19.575403,51.2113,0.016757,"2020-04-08 13:33:39",415.044525,0.749646,0,51.203251,51.20406,51.219311,51.218521,19.555664,19.58847,19.595184,19.562317,0.364525000000015,0.92,0.00336081999784483,0.00484691139134519,0.00645414851599336,0.00473148850416828,0.0244075644494729,0.00543732239706897,0.324480658654232,0.00540976600212701,0.322836187988722,0.00767007451381257,0.457723608868686,1.18677207388742,70.8224666639267
19.575846,51.409184,0.273294,"2020-04-08 13:34:04",415.362091,0.813268,0,51.401257,51.40205,51.41711,51.416321,19.561554,19.594543,19.590088,19.557098,0.682091000000014,0.92,0.0686533726814657,0.14476299286453,0.354909354200471,0.391040339427036,0.621461954412091,0.137242716183336,0.502179763124458,0.246191921556638,0.900831783927339,0.281861713230317,1.03134980361924,1.25986144683022,4.60991257338331
19.576946,51.617748,0.009914,"2020-04-08 13:34:40",414.348694,0.865514,0,51.610119,51.61092,51.625484,51.624645,19.572021,19.605194,19.581604,19.548584,-0.331305999999984,0.92,0.00485975173408718,0.0102179248336576,0.00789715000890415,0.0153069093619242,0.0506280945826854,0.00382136202054986,0.385451081354636,0.0287892123692873,2.90389473162067,0.029041720963745,2.92936463221152,1.2634705796941,127.443068357282
19.577276,51.213322,0.007457,"2020-04-08 13:33:21",415.120026,0.683545,0,51.20528,51.206097,51.221325,51.220516,19.553925,19.586914,19.600769,19.56778,0.440025999999989,0.92,0.00616841762727765,0.0108693825796944,0.00608604214246144,0.0128843030700131,0.0421681068215247,0.00304142663816307,0.407861960327621,0.0245444590159907,3.29146560493372,0.0247321803402566,3.31663944485137,1.14640544650197,153.735476264177
19.57802,51.288731,0.089134,"2020-04-08 13:33:39",414.141815,0.775942,0,51.280499,51.281281,51.296978,51.296185,19.558075,19.591034,19.597839,19.564941,-0.538184999999999,0.92,0.0150686260868744,0.0676476029261117,0.0752947059479692,0.173417747293153,0.215209522585682,0.0572637440027805,0.642445576354483,0.0891488569619735,1.0001666811988,0.105955910995293,1.18872608651348,1.20818568210306,13.5547118058548
19.57925,51.573433,0.013616,"2020-04-08 13:34:39",415.770752,0.738975,0,51.566242,51.566818,51.580475,51.579922,19.573822,19.606567,19.584747,19.551941,1.09075200000001,0.92,0.00868317947257191,0.00788988406407978,0.00294848522804495,0.0327305918310014,0.119081987782669,0.0115683420369796,0.849613839378645,0.0745757151456628,5.47706486087418,0.0754676343008815,5.54257008672749,1.18244636853092,86.8424183703676
19.58013,51.394173,0.359712,"2020-04-08 13:34:04",414.974335,0.794892,0,51.386829,51.387615,51.401501,51.400707,19.565552,19.59848,19.594604,19.561646,0.29433499999999,0.92,0.0564307657565095,0.116231354538061,0.298898945826697,0.277810864091147,0.545623571453371,0.12902800589205,0.358698085946675,0.131459332875726,0.365457179287113,0.184200386819925,0.512077403088929,1.22970853220127,3.41859190741836
19.58045,51.104492,2.9e-05,"2020-04-08 13:33:03",414.151337,0.722711,0,51.096329,51.097179,51.11264,51.111774,19.552063,19.5849,19.608917,19.576263,-0.528662999999995,0.92,5.3298461802763e-05,3.55735736688901e-05,8.67561711301853e-05,7.88803725548809e-05,0.00020737478710749,2.55955498406998e-05,0.882605166920682,0.000126130021556413,4.34931108815217,0.000128700872217203,4.43796111093805,1.1699193160577,40342.0453813
19.581169,51.182251,0.008918,"2020-04-08 13:33:21",413.569946,0.692862,0,51.173828,51.174683,51.190624,51.189793,19.557709,19.590332,19.604889,19.572113,-1.11005399999999,0.92,0.00226382492112823,0.00236737020519831,0.01219597377928,0.00449219425694934,0.018853506471511,0.00436812398015949,0.48980982060546,0.00702546400052825,0.787784705150062,0.00827270521224846,0.927641311084151,1.15174918653999,129.148821096657
19.581623,51.527069,0.066908,"2020-04-08 13:34:23",416.277405,0.809199,0,51.519772,51.520512,51.534367,51.533615,19.57077,19.603668,19.592407,19.559418,1.59740499999998,0.92,0.000328660076003938,0.00287828127744908,0.0412345857977082,0.0587221311788959,0.240722180424218,0.031019263963022,0.463610688752048,0.122905185644347,1.83692810492537,0.126759139296064,1.89452889484163,1.23177550754838,18.4099884550186
19.582663,51.226982,0.02827,"2020-04-08 13:33:39",414.491974,0.674545,0,51.218975,51.219761,51.235012,51.234207,19.562836,19.595703,19.602356,19.569519,-0.188025999999979,0.92,0.00436361178875414,0.00447342514733732,0.030947875950619,0.0201050466294534,0.0648664469993319,0.0127062364002962,0.44946007783149,0.0258775958405617,0.915373039991569,0.0288287774618985,1.0197657397205,1.1411582078901,40.3664028259675
19.584223,51.37933,0.175067,"2020-04-08 13:34:04",414.345398,0.793059,0,51.371639,51.372421,51.38702,51.38623,19.569855,19.602783,19.598541,19.565613,-0.334602000000018,0.92,0.094215509169166,0.130934950502103,0.393402248166303,0.306994720098785,0.417225945388559,0.125906355235241,0.719189540205987,0.171232232409233,0.978095428660072,0.212539143934646,1.2140445882699,1.23309183161088,7.04354236727012
19.58444,51.482407,0.11163,"2020-04-08 13:34:22",417.200287,0.752945,0,51.474899,51.475651,51.48991,51.48914,19.573761,19.60672,19.595001,19.561951,2.520287,0.92,0.00359557119107328,0.0177330404337837,0.191735582585886,0.165141101472021,0.338026008678013,0.0849044159641204,0.760587798657354,0.160086152969791,1.43407823138754,0.181207991608747,1.62329115478588,1.20256497090505,10.7727758748101
19.58498,51.304337,0.07084,"2020-04-08 13:33:39",414.322632,0.633507,0,51.2966,51.297405,51.312084,51.311268,19.565155,19.598053,19.604675,19.571808,-0.357368000000008,0.92,0.0826711577519781,0.0579886107438204,0.143085708647086,0.22142909397422,0.228760896064658,0.0677519581810909,0.956408218253682,0.111666936498376,1.57632603752648,0.130613293903433,1.84377885239177,1.12462925072813,15.8756246573705
19.586779,51.633221,0.00372,"2020-04-08 13:34:41",413.772736,0.723394,0,51.625866,51.626751,51.64043,51.639561,19.581085,19.614136,19.592468,19.559265,-0.907263999999998,0.92,0.00548943334592816,0.00349323341819176,0.00130893432326666,0.00668890579855361,0.0564079082341399,0.00205715403840706,0.552998397421253,0.0372559771988949,10.0150476341115,0.0373127286563487,10.0303034022443,1.17093600122115,314.767742263751
19.587065,51.437347,0.178634,"2020-04-08 13:34:22",416.73587,0.725217,0,51.429867,51.430622,51.444828,51.444061,19.576355,19.609344,19.597717,19.564697,2.05586999999997,0.92,0.0226317332686098,0.122203277477759,0.246641693708668,0.342085500229227,0.485190656588837,0.121233425369753,0.678669376321152,0.216768290691842,1.21347722545452,0.248366735446489,1.3903665340668,1.19750813457168,6.70369657832037
19.588428,51.364296,0.173249,"2020-04-08 13:34:04",415.250305,0.787286,0,51.356709,51.357498,51.371868,51.37109,19.573975,19.606903,19.602783,19.569885,0.570305000000019,0.92,0.157596360879364,0.146458384752176,0.276990867235874,0.315187529738027,0.396771821908729,0.0768286993767489,0.443458255901904,0.158054503121615,0.912296770091691,0.17573808638125,1.0143671038866,1.22356165386177,7.06244569297236
19.58852,51.120529,0.000134,"2020-04-08 13:33:21",414.62384,0.713936,0,51.112366,51.113216,51.128647,51.127819,19.565369,19.597992,19.611847,19.579132,-0.056160000000034,0.92,4.39053782774028e-05,3.54972596517682e-05,0.000119040215080497,0.000179325455185899,0.000753103554710284,6.14218387746516e-05,0.458371931154116,0.000437772321792338,3.26695762531596,0.000442060231196965,3.29895694923108,1.16451913145008,8690.44127947821
19.58951,51.588287,0.002785,"2020-04-08 13:34:40",415.428558,0.722939,0,51.581036,51.581665,51.595642,51.594971,19.584137,19.617096,19.594818,19.56192,0.748558000000003,0.92,0.00321767863324876,0.000405982668472739,0.0121187643043735,0.0219155428760244,0.0921466516628462,0.00892052731906369,3.20306187399055,0.0631882298688287,22.6887719457195,0.0638147961025192,22.9137508447106,1.17179909793557,420.753715596253
19.589886,51.242821,0.048926,"2020-04-08 13:33:39",415.171753,0.665391,0,51.234951,51.235744,51.250721,51.249912,19.570068,19.602905,19.609558,19.576721,0.491753000000017,0.92,0.00580009945722747,0.0271151963768126,0.0590385941604448,0.0650265504140983,0.0538065305191794,0.0244803182328127,0.500353967886456,0.00345105622589966,0.0705362430180202,0.0247223738717402,0.505301350442306,1.13567441577719,23.2120838772266
19.591606,51.54372,0.036653,"2020-04-08 13:34:39",416.591187,0.746132,0,51.536331,51.537189,51.551022,51.550159,19.586029,19.618866,19.597015,19.564026,1.91118699999998,0.92,0.00231323922623693,0.00069929285804952,0.0407245481379014,0.0459565673972651,0.136648749159921,0.0219492729393247,0.59883973861143,0.0707076723208092,1.92911009523938,0.0740361094844394,2.01991950138977,1.18684215754733,32.3804915708762
19.591852,51.320045,0.088602,"2020-04-08 13:33:39",415.028473,0.780387,0,51.31216,51.312977,51.327927,51.327103,19.572113,19.60495,19.611511,19.578705,0.348473000000013,0.92,0.0379249773352259,0.067527445010728,0.247168412030345,0.175450208468203,0.310307971187293,0.0861197499741976,0.971984266429624,0.156769795656084,1.76937084553491,0.1788669342435,2.01876858585021,1.21958896761764,13.7648017834546
19.592642,51.349045,0.256074,"2020-04-08 13:34:04",414.170471,0.816628,0,51.341328,51.342136,51.356735,51.355953,19.578247,19.611206,19.606934,19.574036,-0.509528999999986,0.92,0.0480518005433345,0.141869900274467,0.211212902003203,0.246534057133586,0.440501372215352,0.0866742606405512,0.338473490633767,0.130409845529891,0.50926624932594,0.156585935730883,0.611487053472367,1.240080822226,4.84266587871475
19.593708,51.512383,0.002447,"2020-04-08 13:34:23",416.814117,0.760943,0,51.504627,51.505383,51.520126,51.51939,19.583282,19.616302,19.603943,19.571045,2.134117,0.92,0.00593105485089677,0.0114675340933936,0.038931182336332,0.0924700500904658,0.245517867729995,0.0376294315851765,15.377781604077,0.171877058880778,70.2399096366072,0.175947996552759,71.9035539651653,1.20681065074018,493.179669284911
19.595798,51.19812,0.002522,"2020-04-08 13:33:21",413.446564,0.758844,0,51.190228,51.191059,51.206024,51.205185,19.57251,19.605286,19.618927,19.586212,-1.23343599999998,0.92,0.00333354080406635,0.00244484657281479,0.0216569588297401,0.00980625333169848,0.0293062113880631,0.00825239288883401,3.27216212880016,0.0189392975012334,7.50963421936295,0.020659113684568,8.19155974804439,1.19275773538227,472.941211491779
19.596346,51.467724,0.098106,"2020-04-08 13:34:22",417.128601,0.772737,0,51.460361,51.46109,51.475098,51.474346,19.585693,19.6185,19.607025,19.574066,2.448601,0.92,0.00849644197822441,0.0101680045076692,0.15399554961951,0.142248574288194,0.372758406762534,0.0700596963241251,0.714122442298383,0.194208579290994,1.97957901954003,0.206459035450752,2.10444861120372,1.21907661961349,12.4261168492599
19.596516,51.648548,0.002153,"2020-04-08 13:34:41",415.151886,0.73859,0,51.641209,51.641937,51.655899,51.655167,19.591125,19.624207,19.601898,19.568817,0.471885999999984,0.92,0.000570524142050545,0.0021110107516912,0.000778262591440623,0.00490494271706234,0.0397477902582368,0.00172893443462543,0.803035036983478,0.0265835311288852,12.347204425864,0.0266396948473447,12.3732906861796,1.18009527642541,548.116709904973
19.596729,51.333927,0.195195,"2020-04-08 13:34:04",414.398407,0.83195,0,51.326202,51.326992,51.341629,51.340824,19.582336,19.615234,19.611053,19.578094,-0.281592999999987,0.92,0.0801036926558688,0.14193223587596,0.162029464492879,0.207886581522005,0.295161665624224,0.0505290891863309,0.258864669619257,0.0706871071554969,0.362135849563242,0.0868899071930273,0.445144123533017,1.24341893924454,6.37013724349772
19.596931,51.258469,0.06056,"2020-04-08 13:33:39",413.974121,0.756474,0,51.250458,51.251266,51.266468,51.265682,19.577118,19.609924,19.616699,19.583801,-0.705878999999982,0.92,0.00851544270783689,0.0416576094160727,0.0163208698923196,0.0464491253019702,0.113841963983768,0.0216714866610046,0.35785149704433,0.0376760380478597,0.622127444647618,0.0434642056994244,0.717704849726295,1.19186494614662,19.6807289654329
19.599625,51.167171,0.000894,"2020-04-08 13:33:21",414.243805,0.632154,0,51.159424,51.160263,51.174927,51.174122,19.576416,19.609131,19.622711,19.589813,-0.436194999999998,0.92,0.000451756528039373,0.000578010090622719,0.000704530752795625,0.00236652354148769,0.00243904167557026,0.000781755346809141,0.87444669665452,0.00109250944601156,1.2220463601919,0.00134339804670439,1.50268237886397,1.11625287656261,1248.60500734073
19.600151,51.603283,0.002814,"2020-04-08 13:34:40",415.745392,0.639807,0,51.596256,51.597004,51.610382,51.609577,19.594177,19.627106,19.605927,19.572784,1.06539199999997,0.92,0.00146000203100955,0.000685741134859125,0.00708475567349226,0.0207896040883433,0.0937858574275117,0.0083262563755315,2.95886864802115,0.0643268172841293,22.8595654883189,0.0648634409134825,23.0502632954806,1.12247951572229,398.891085899888
19.600197,51.439999,0.122479,"2020-04-08 13:34:05",416.003906,0.819051,0,51.432449,51.433212,51.44754,51.446789,19.585754,19.618683,19.614563,19.581635,1.32390599999997,0.92,0.0188278039536294,0.0283940791546542,0.155747324673669,0.177427735282387,0.371975136551264,0.073011647943375,0.596115643852211,0.176420410035244,1.44041354056813,0.190931563164425,1.55889224409429,1.24647479012349,10.1770490461507
19.602251,51.55888,0.002136,"2020-04-08 13:34:39",415.743774,0.747761,0,51.551586,51.552204,51.56604,51.56546,19.59671,19.629669,19.607483,19.574707,1.06377399999997,0.92,0.00704497957689971,0.00640052843927903,0.0222108290418145,0.0299730245992905,0.122526932953226,0.0119209403969113,5.58096460529555,0.0851292450846011,39.8545154890455,0.0859598580072163,40.2433792168616,1.18866968090787,556.493296305183
19.602488,51.542599,0.020399,"2020-04-08 13:34:23",416.672668,0.781197,0,51.535172,51.535908,51.550007,51.549267,19.591705,19.624634,19.612976,19.580078,1.99266799999998,0.92,0.015691818908491,0.00165280328753943,0.0214123942206879,0.0318845040371205,0.13686410499864,0.0109831813630923,0.538417636310225,0.0823532655161416,4.03712267837353,0.0830824326438911,4.0728679172455,1.20978156847549,59.3059252157211
19.603312,51.136539,0.000197,"2020-04-08 13:33:21",414.444183,0.718143,0,51.128536,51.129368,51.14452,51.143719,19.580048,19.612732,19.626617,19.593781,-0.235816999999997,0.92,0.000154744815304057,0.000223022759460656,0.000182230888425967,0.00026727639731275,0.000419369634499027,4.27524279604924e-05,0.217017400814682,0.000157239076484236,0.798167900935208,0.000162947529193089,0.82714481823903,1.16710299245649,5924.38067236798
19.603949,51.273899,0.027512,"2020-04-08 13:33:39",414.256073,0.763057,0,51.266277,51.267071,51.281528,51.280712,19.584198,19.617096,19.623596,19.59079,-0.423926999999992,0.92,0.0260140594898093,0.0266016977218848,0.105235208548999,0.0360207392679106,0.105688233195381,0.0343186740789385,1.24740746143277,0.0552789446200748,2.00926666981952,0.0650656061897966,2.36499004760819,1.19703363292676,43.5095097748896
19.605736,51.497673,0.007082,"2020-04-08 13:34:23",417.891449,0.728233,0,51.490513,51.491257,51.504837,51.504089,19.594727,19.627716,19.616669,19.583679,3.21144900000002,0.92,0.0101495948937986,0.0315652506058992,0.0988480411647308,0.0544675791734022,0.264391552971957,0.0378064038888484,5.33837953810342,0.18194532977055,25.6912354942883,0.185831717422836,26.2400052842186,1.18796326941927,167.744036913198
19.606583,51.105541,2e-05,"2020-04-08 13:33:22",414.369812,0.647547,0,51.097397,51.098263,51.113644,51.112804,19.583344,19.615875,19.629944,19.59729,-0.310187999999982,0.92,1.6671906737401e-05,3.03704783283969e-05,8.76979154173135e-05,7.50343623821395e-05,0.00414715587650048,3.30231706375417e-05,1.65115853187708,0.0029183399072874,145.91699536437,0.00291852674208498,145.926337104249,1.12504472578087,56252.2362890433
19.60828,51.452835,0.095726,"2020-04-08 13:34:22",417.621735,0.803636,0,51.445362,51.446095,51.460316,51.459591,19.597717,19.630554,19.618866,19.58609,2.94173499999999,0.92,0.00265501111076669,0.00452054493077391,0.122172641141091,0.122836503193027,0.2969581429043,0.0612322242764656,0.639661369705885,0.142292612840331,1.48645731400383,0.154908272725415,1.61824658635497,1.23135185607314,12.8632958242603
19.60829,51.212105,0.014803,"2020-04-08 13:33:39",414.202637,0.678747,0,51.20406,51.204868,51.220108,51.219315,19.588531,19.621307,19.628052,19.595245,-0.477363000000025,0.92,0.00220807391711335,0.00260224389835328,0.0166543866469565,0.0374589820522195,0.0514536916170122,0.014354399524354,0.969695299895564,0.0259159525775663,1.75072300057869,0.0296257554115914,2.00133455458971,1.14366742342025,77.2591652651657
19.608864,51.409962,0.132473,"2020-04-08 13:34:05",414.780182,0.788716,0,51.40205,51.402813,51.417877,51.41711,19.594604,19.627533,19.623077,19.590149,0.100182000000018,0.92,0.067362103129262,0.0639052275551286,0.216103150043134,0.274325374539378,0.368088824837484,0.0926977304194759,0.699748102779253,0.166605547497447,1.25765663567253,0.190657487872482,1.43921771132595,1.22671235680491,9.26009342888668
19.609943,51.618736,0.000771,"2020-04-08 13:34:41",413.673248,0.782123,0,51.610928,51.611832,51.626373,51.625484,19.605255,19.638123,19.614716,19.581665,-1.00675200000001,0.92,0.00613288228527062,0.00609381582871588,0.0111931589623992,0.00232840182111619,0.0578930735574528,0.00404336869401192,5.24431737225929,0.0403914055679117,52.3883340699243,0.0405932811453723,52.6501700977592,1.20820701934857,1567.06487593848
19.610277,51.21413,0.003513,"2020-04-08 13:33:21",415.136719,0.710323,0,51.206097,51.20694,51.222149,51.221325,19.586975,19.619629,19.633667,19.600861,0.456719000000021,0.92,0.00219398262640226,0.0133127493789044,0.00471365176331204,0.0196716446888219,0.0171572809885463,0.00752955582058561,2.14334068334347,0.00964796361141578,2.74636026513401,0.0122383582519273,3.48373420208577,1.16237194638451,330.877297576005
19.610987,51.289528,0.146086,"2020-04-08 13:33:39",414.534729,0.721099,0,51.281281,51.282089,51.297775,51.296982,19.591095,19.623901,19.630798,19.5979,-0.14527099999998,0.92,0.0164770376642415,0.0505877373653293,0.0443595904050138,0.0879261818621583,0.131124179706911,0.0500130893217748,0.342353745887866,0.0105796045881377,0.0724203865403784,0.0511198311494587,0.349929706812828,1.17004145436722,8.00926477805687
19.61228,51.573898,0.016957,"2020-04-08 13:34:40",415.962128,0.688491,0,51.566822,51.567417,51.581112,51.580475,19.606628,19.639679,19.617767,19.584808,1.282128,0.92,0.00170276230337367,0.00146780816274023,0.00149367144360279,0.00122639590658836,0.14017835137069,0.00692686617108556,0.408495970459725,0.0871306531411852,5.13832948877662,0.0874055615608163,5.15454157933693,1.15241467765417,67.9610000385781
19.613125,51.394947,0.139817,"2020-04-08 13:34:05",414.94754,0.815676,0,51.387615,51.388386,51.402264,51.401505,19.598572,19.6315,19.627594,19.594696,0.267539999999997,0.92,0.0586625486773969,0.044256843110357,0.211281006034217,0.188866618206152,0.336534360629345,0.0751648981223822,0.537594842704265,0.139100179678129,0.994873153322768,0.158109525001614,1.13083190886383,1.23964751396203,8.86621450869371
19.613256,51.105347,5.8e-05,"2020-04-08 13:33:03",414.906586,0.661205,0,51.097183,51.098057,51.113506,51.112644,19.584961,19.617432,19.641571,19.608978,0.226585999999998,0.92,4.15726936070588e-05,4.6526110116937e-05,0.00019921570042429,7.06020992806559e-05,0.000129216432344,6.58239988400171e-05,1.13489653172443,5.03576222423554e-05,0.868234866247506,8.28775539045062e-05,1.42892334318114,1.13295721847459,19533.7451461137
19.614126,51.183064,0.000975,"2020-04-08 13:33:21",414.5961,0.614335,0,51.174686,51.175491,51.191437,51.190628,19.590424,19.623322,19.637756,19.60495,-0.0839000000000283,0.92,0.000878230427193538,0.000811314950639762,0.00779173508675484,0.00842098116181987,0.0167962598481879,0.00396024000913772,4.06178462475663,0.0111873201255681,11.4741744877622,0.0118675874769018,12.1718845916942,1.1063219838083,1134.68921416235
19.614601,51.527809,0.031311,"2020-04-08 13:34:23",417.33725,0.810689,0,51.520512,51.521252,51.535107,51.534367,19.603729,19.636658,19.625397,19.592499,2.65724999999998,0.92,0.00132991972867003,0.00112749819882689,0.0387982322757597,0.0532239715796693,0.19024532506789,0.0232209847573444,0.741623862455508,0.112383539018812,3.58926699941912,0.114757457167252,3.66508438463326,1.23157863277035,39.3337367944286
19.615566,51.227779,0.003463,"2020-04-08 13:33:39",413.305023,0.713564,0,51.219761,51.220554,51.23579,51.235012,19.595764,19.628571,19.635315,19.602448,-1.374977,0.92,0.011477091191949,0.0165550130147355,0.0265043820722396,0.0105603253449767,0.0388824985433641,0.00853957893558628,2.4659482921127,0.0250453676062398,7.2322747924458,0.0264611951152777,7.64111900527799,1.1645916782044,336.29560444828
19.617237,51.380112,0.12688,"2020-04-08 13:34:04",414.519989,0.780824,0,51.372421,51.373188,51.387787,51.387024,19.602844,19.635742,19.631531,19.598602,-0.160010999999997,0.92,0.0233910707667927,0.0630679924220317,0.152610795489475,0.281422890840205,0.396411121604679,0.0991133836632586,0.781158446274106,0.190587283827484,1.50210658754323,0.214818471221444,1.69308378957633,1.22565618937527,9.65996366153274
19.617468,51.483154,0.013363,"2020-04-08 13:34:23",417.864136,0.750869,0,51.475651,51.476391,51.490662,51.48991,19.606781,19.639709,19.628082,19.595062,3.18413599999997,0.92,0.000359659134092782,0.000968336677901445,0.0799055758893734,0.0659974890207495,0.206376929433912,0.0379543012945406,2.84025303408969,0.136481458366181,10.2133845967358,0.141660571312262,10.6009557219383,1.19593978637117,89.4963545888774
19.617924,51.152367,0.003304,"2020-04-08 13:33:21",414.277313,0.674515,0,51.144257,51.145054,51.160473,51.159679,19.594421,19.627289,19.641388,19.60849,-0.402687000000014,0.92,0.000184557041608622,0.000206165150693115,0.000271795823938768,0.00307283556538445,0.00693126539264889,0.00162778015893905,0.492669539630463,0.00256486395630532,0.776290543675943,0.00303779448945938,0.919429324896908,1.14078030900799,345.272490619851
19.617928,51.305141,0.078237,"2020-04-08 13:33:39",415.10318,0.741158,0,51.297405,51.298191,51.312897,51.312092,19.598145,19.631042,19.637573,19.604706,0.423180000000002,0.92,0.0119956151940778,0.0428310154928553,0.117041089241611,0.0644902082036411,0.152927946656356,0.0392524795546293,0.501712483283221,0.052814474873952,0.675057515931746,0.0658036922018659,0.841081485765889,1.18323510211259,15.1237279306798
19.620018,51.438087,0.097409,"2020-04-08 13:34:22",416.609558,0.771637,0,51.430622,51.431355,51.445557,51.444828,19.609406,19.642242,19.630554,19.597778,1.92955799999999,0.92,0.0138539508907224,0.011102925757204,0.178847298216174,0.217548531147237,0.253989969229077,0.0939344161575502,0.964329950595429,0.110719465146642,1.1366451266992,0.145198052677088,1.49060202524498,1.20950656644361,12.4167845521832
19.620041,51.633953,0.000902,"2020-04-08 13:34:41",414.620789,0.717144,0,51.626751,51.627472,51.641159,51.64043,19.614227,19.647339,19.625671,19.592529,-0.0592110000000048,0.92,0.00161665821315813,0.000325424073719463,0.000579756042100644,0.00128567943759639,0.0280343446503316,0.0005211203728031,0.57773877250898,0.01918546489174,21.2699167314191,0.019192540987455,21.2777616268902,1.16664642045718,1293.39957922082
19.620655,51.089981,6e-06,"2020-04-08 13:33:03",412.85849,0.660861,0,51.08197,51.082836,51.09795,51.097126,19.592529,19.625183,19.649048,19.61618,-1.82150999999999,0.92,1.32952733002886e-05,3.49429536363136e-06,1.01466798862565e-05,3.02636366983252e-05,0.000135029045982332,1.05471810458445e-05,1.75786350764075,9.12373133841378e-05,15.2062188973563,9.18449257257536e-05,15.3074876209589,1.13275649181829,188792.748636382
19.621408,51.36507,0.134787,"2020-04-08 13:34:04",414.399841,0.78819,0,51.357502,51.358261,51.372635,51.371868,19.606964,19.639862,19.635773,19.602875,-0.280159000000026,0.92,0.0676566360233883,0.083729307398533,0.141278535899551,0.213363366274698,0.309925493870731,0.0572502624254733,0.424746173039486,0.123841616662792,0.918794962888057,0.13643437457415,1.01222205831535,1.21912173906687,9.04480208823458
19.622658,51.589016,0.001254,"2020-04-08 13:34:40",416.249847,0.71315,0,51.581669,51.582394,51.596394,51.595646,19.617188,19.650299,19.627838,19.594879,1.56984699999998,0.92,0.000630993102773959,0.000171764256167816,0.000526980618662043,0.0159565441045798,0.0705335916238798,0.00685822075417348,5.46907556154185,0.0489880690350801,39.0654458014993,0.0494658073794288,39.4464173679656,1.16508788878767,929.097199990164
19.622787,51.243622,0.029427,"2020-04-08 13:33:39",414.920044,0.699602,0,51.235748,51.23653,51.251495,51.250721,19.602966,19.635834,19.642548,19.609619,0.240044000000012,0.92,0.00597150330051348,0.00557788314814644,0.0565221369238616,0.0321566833681241,0.0602395791294339,0.0212098425369453,0.720761291906932,0.0217877836482698,0.740401116262949,0.0304066594144412,1.03329117526222,1.15618662997837,39.2899932027856
19.624401,51.544453,0.024927,"2020-04-08 13:34:39",417.751801,0.782375,0,51.537189,51.537842,51.55164,51.551022,19.618927,19.651855,19.630005,19.597076,3.07180099999999,0.92,0.00185846862341346,0.00294516586696217,0.00489216533464102,0.0472496057192475,0.151742861130286,0.0196807240782259,0.789534403587513,0.0896723553672368,3.59739861865595,0.0918066567159008,3.68302068904805,1.21117261480036,48.5887838408298
19.62479,51.32085,0.03592,"2020-04-08 13:33:39",414.236176,0.794414,0,51.312977,51.313782,51.328716,51.327927,19.605011,19.637878,19.644531,19.611572,-0.443824000000006,0.92,0.0162272603924198,0.0331044396656094,0.141649491801929,0.106077986484989,0.226491956642037,0.0542944873067616,1.51153917891875,0.134754722845573,3.75152346452041,0.145281542809441,4.04458638110915,1.22417332517789,34.0805491419234
19.625614,51.349819,0.15965,"2020-04-08 13:34:04",414.32608,0.797899,0,51.342136,51.342884,51.357502,51.356739,19.611267,19.644104,19.639923,19.606995,-0.353920000000016,0.92,0.00489703041806412,0.0162720011168658,0.152658591799669,0.20275508094227,0.214395717488267,0.0903908835256775,0.566181544163342,0.0387110680768766,0.242474588643135,0.0983313714752579,0.615918393205499,1.22176588298135,7.65277721879958
19.626717,51.513123,0.023156,"2020-04-08 13:34:23",417.720978,0.801234,0,51.505383,51.506104,51.520863,51.52013,19.616364,19.649231,19.636963,19.604034,3.040978,0.92,0.000404382551632006,0.00891704909719433,0.0968522506724521,0.0371465746365174,0.131036566850808,0.0381878097933754,1.6491539900404,0.076283080378455,3.29431164184034,0.0853077790640505,3.68404642701894,1.222969067444,52.8143490863706
19.628666,51.198944,0.001575,"2020-04-08 13:33:21",414.056549,0.680485,0,51.191059,51.191875,51.20686,51.206024,19.605347,19.638184,19.651703,19.619019,-0.623450999999989,0.92,0.000769825686714572,0.00104798905150506,0.00265044131513472,0.00607531147265998,0.0216495313988205,0.00216413091784515,1.37405137640962,0.0141948372812482,9.01259509920524,0.0143588602636382,9.11673667532585,1.14440640163059,726.607239130532
19.629301,51.46846,0.024859,"2020-04-08 13:34:23",416.683075,0.757662,0,51.46109,51.461826,51.47583,51.475098,19.61853,19.651489,19.639984,19.607086,2.00307499999997,0.92,0.00113059159047319,0.00106233352014346,0.0562610876092844,0.0438032405653448,0.194161915270669,0.0248631361859368,1.00016638585369,0.119715239462542,4.81577052425848,0.122269841336996,4.91853418629051,1.19808247643665,48.1951195316243
19.629646,51.334682,0.081507,"2020-04-08 13:34:04",413.338348,0.80021,0,51.326996,51.327747,51.342373,51.341629,19.615295,19.648163,19.643951,19.611115,-1.34165200000001,0.92,0.0879513566545786,0.0484571630082178,0.107465534108962,0.093563337528333,0.291774090468367,0.0219487322161799,0.269286468845374,0.148681285530548,1.82415357614128,0.150292619622235,1.84392284861711,1.22854544710927,15.0728826617256
19.629713,51.649277,0.001326,"2020-04-08 13:34:41",414.714386,0.702397,0,51.641937,51.642643,51.656616,51.655903,19.624268,19.657196,19.634979,19.60199,0.0343859999999836,0.92,0.000118450137148383,0.000337509548618068,0.00131506002079478,0.000635415094294851,0.0175810731583406,0.000555234279881256,0.418728717859168,0.0114940724589461,8.66822960704832,0.0115074752572864,8.67833729810434,1.15753789034994,872.954668438871
19.629847,51.259266,0.013771,"2020-04-08 13:33:39",415.011871,0.630244,0,51.25127,51.252041,51.267254,51.266476,19.609985,19.642914,19.649628,19.61676,0.331870999999978,0.92,0.0639650529319106,0.0224431301209914,0.0301375531518546,0.0217363272363993,0.0562534224306276,0.0196314526879096,1.42556478744533,0.0300396089819283,2.18136729227567,0.0358855408545668,2.60587763085954,1.11574874930623,81.0216214731126
19.632467,51.167995,0.000394,"2020-04-08 13:33:22",414.023132,0.627066,0,51.160267,51.16106,51.175739,51.174927,19.609161,19.64209,19.655548,19.622772,-0.656868000000031,0.92,0.000328081689923672,0.000404661746475413,0.000664439644113018,0.000510432424079741,0.00135681621413433,0.000131490720536797,0.333732793240603,0.000680813874050744,1.72795399505265,0.000693395515335417,1.75988709475994,1.11337875368328,2825.83440021138
19.632982,51.604256,0.00315,"2020-04-08 13:34:41",415.273438,0.709958,0,51.597012,51.59795,51.611294,51.610382,19.627167,19.660217,19.638855,19.606018,0.593437999999992,0.92,0.00392580495052364,5.41005998016973e-05,0.0002049315882098,0.00691119898085006,0.0375931571043103,0.00285281136207069,0.90565440065736,0.0243549899539314,7.73174284251791,0.0245215021628705,7.78460386122871,1.16234317902774,368.997834611982
19.633198,51.440758,0.062765,"2020-04-08 13:34:05",416.41687,0.872359,0,51.433212,51.43396,51.448292,51.44754,19.618774,19.651672,19.647552,19.614624,1.73687000000001,0.92,0.00111644006705786,0.01573823581319,0.0551042608199504,0.129704459272484,0.312861756941801,0.0501588345316116,0.799152944023127,0.176845112786311,2.81757528537101,0.183820843752749,2.92871574528399,1.28109341091076,20.4109521375092
19.635269,51.559338,0.005679,"2020-04-08 13:34:40",416.305634,0.724711,0,51.552204,51.552753,51.566635,51.56604,19.62973,19.662689,19.640564,19.607574,1.62563399999999,0.92,0.000550083561565141,0.00319593886249914,0.0155448775229731,0.0169377183318559,0.131924403477463,0.00741699878099579,1.30603958108748,0.0892689808925458,15.7191373292034,0.0895765751773923,15.7733007884121,1.17457651787421,206.828053860576
19.6362,51.137348,0.000211,"2020-04-08 13:33:22",414.964935,0.610036,0,51.129368,51.130188,51.145329,51.14452,19.612793,19.645538,19.659485,19.626709,0.284935000000019,0.92,6.21521014818925e-05,0.000121650221540711,0.000122266365391427,0.000301411422069111,0.000835128640839348,9.35396056865408e-05,0.443315666760857,0.000441325594270246,2.09159049417178,0.000451129624376386,2.13805509183122,1.10387686125489,5231.64389220325
19.63686,51.2747,0.042484,"2020-04-08 13:33:39",414.508362,0.688269,0,51.267071,51.267853,51.282307,51.281528,19.617157,19.650024,19.656555,19.623657,-0.17163800000003,0.92,0.00612175055467711,0.0496493878938772,0.0477553788848348,0.0457074620774772,0.0766999338974591,0.0182072745091862,0.428567802212272,0.024194318883524,0.569492488549195,0.0302798598294395,0.712735614100356,1.149361164418,27.0539771306373
19.637577,51.425709,0.087192,"2020-04-08 13:34:05",414.194122,0.826253,0,51.418274,51.419037,51.433132,51.432384,19.623077,19.656006,19.652008,19.61908,-0.485878000000014,0.92,0.00168037742715005,0.023698011400304,0.0846220273117806,0.0657335937069677,0.241194950095782,0.0381531119107144,0.437575831621186,0.108896530335461,1.24892800182885,0.115386802831058,1.3233645613251,1.24193725053908,14.2437064242027
19.638754,51.498413,0.04494,"2020-04-08 13:34:23",418.794891,0.777728,0,51.491261,51.491993,51.505558,51.504837,19.627777,19.660767,19.649597,19.61673,4.114891,0.92,0.000229620925806384,0.0340226015416993,0.0247387946164519,0.0704023803926294,0.177644262554478,0.0258228105088909,0.574606375364729,0.0938360839446314,2.08803035034783,0.0973243453234698,2.16565076376212,1.20860782314887,26.8938100389156
19.639399,51.106358,2.8e-05,"2020-04-08 13:33:22",414.355194,0.724363,0,51.098267,51.099072,51.114483,51.113647,19.615936,19.648712,19.662628,19.630005,-0.324806000000024,0.92,1.87767627354245e-05,4.55309002475926e-05,8.68441360796798e-05,2.59571427922022e-05,0.000211622501777898,2.74379815391552e-05,0.979927912112687,0.000129840716185591,4.63716843519966,0.000132708155026472,4.73957696523114,1.17094055074562,41819.3053837721
19.641132,51.212914,0.004972,"2020-04-08 13:33:39",414.898071,0.741392,0,51.204876,51.205688,51.220928,51.220112,19.621368,19.654114,19.660858,19.628143,0.218071000000009,0.92,0.00190011084670956,0.00128250879549649,0.00240044996893585,0.00280681226019884,0.0195300791212854,0.00140609492291087,0.282802679587867,0.0102941164677112,2.07041763228303,0.0103897034020726,2.08964267941927,1.18159639623722,237.65011991899
19.641245,51.453571,0.006563,"2020-04-08 13:34:23",416.215881,0.809805,0,51.446095,51.446823,51.461056,51.460316,19.630615,19.663513,19.651886,19.618927,1.53588100000002,0.92,0.00176981433335915,0.00572174804680724,0.0537048938498367,0.0580446563851296,0.210084773665738,0.0281380810495292,4.28738093090496,0.143911626278157,21.9277199875296,0.146636652250295,22.3429304053473,1.23437694640178,188.081204693246
19.641872,51.410728,0.101951,"2020-04-08 13:34:05",413.988525,0.805139,0,51.402813,51.403564,51.41864,51.417877,19.627594,19.660492,19.656097,19.623169,-0.691475000000025,0.92,0.00880204198700962,0.0450398581273827,0.0617077569805942,0.134364291071072,0.31671284939686,0.0489895213318702,0.48052026298781,0.151859560048684,1.48953477698781,0.159565971242322,1.56512414044317,1.2329274546783,12.0933336080892
19.643034,51.619457,0.000368,"2020-04-08 13:34:41",413.655792,0.748359,0,51.611835,51.612549,51.627102,51.626373,19.638184,19.671204,19.647919,19.614777,-1.02420799999999,0.92,0.000350775638711889,0.00187687418407889,0.00411939295898991,0.000168841082027866,0.0193886825829641,0.00168088209751984,4.56761439543434,0.0134496536372108,36.5479718402467,0.0135542815223345,36.8322867454743,1.18601218856662,3222.85920806147
19.643051,51.214966,0.004233,"2020-04-08 13:33:21",414.087799,0.708935,0,51.206944,51.207775,51.222977,51.222149,19.61969,19.652435,19.666443,19.633728,-0.592200999999989,0.92,0.00425902232022202,0.00146214406478255,0.00454773742432961,0.00958562681745745,0.00825214013118498,0.00294617362926945,0.696001329853401,0.00284196124129989,0.671382291826102,0.0040934927324784,0.967042932312403,1.16146699949148,274.383888375026
19.643879,51.290337,0.095885,"2020-04-08 13:33:39",414.256989,0.73874,0,51.282093,51.282871,51.298557,51.297775,19.623993,19.656891,19.663757,19.630859,-0.423011000000031,0.92,0.00787345979624789,0.0194045540974905,0.0933409236421546,0.0288119153871502,0.109029291421316,0.0422467225635918,0.440597826183363,0.00929441759790471,0.0969329675956063,0.0432570429623817,0.451134619204064,1.18068114212341,12.3135124589186
19.645338,51.574619,0.00384,"2020-04-08 13:34:40",415.734009,0.701054,0,51.567425,51.568134,51.581833,51.581112,19.63974,19.672821,19.65094,19.617828,1.05400900000001,0.92,0.00278533213725655,0.00120222290822638,0.00275557648291232,0.00630063914792199,0.104358143657507,0.00188599628918716,0.491144866975824,0.0710770610125067,18.5096513053403,0.0711020786206594,18.5161663074634,1.15884952280276,301.783729896551
19.646116,51.395706,0.05404,"2020-04-08 13:34:05",414.594788,0.783438,0,51.388386,51.389145,51.403015,51.402267,19.631561,19.66449,19.660583,19.627686,-0.0852120000000127,0.92,0.013750079833547,0.0360146260416203,0.0753273223714359,0.0996726850223828,0.210021168634392,0.0334248245745873,0.618520069848025,0.110295342078781,2.04099448702407,0.115248780393188,2.13265692807528,1.21386052791337,22.4622599539853
19.647068,51.183868,0.000679,"2020-04-08 13:33:22",414.024658,0.76598,0,51.175491,51.1763,51.192272,51.191441,19.623383,19.656189,19.670502,19.637848,-0.655342000000019,0.92,0.000348055025677816,0.000357669973322914,0.000633221026897524,0.00303323573155652,0.00547600170590078,0.00114113009265421,1.68060396561739,0.00339199243560588,4.9955705973577,0.00357879736385961,5.2706883120171,1.19713748925951,1763.08908580193
19.6476,51.528542,0.00205,"2020-04-08 13:34:24",418.837128,0.794872,0,51.521252,51.521984,51.535831,51.53511,19.636719,19.669739,19.658386,19.625458,4.157128,0.92,6.04835639724464e-05,0.000538630683822123,0.00173843283817837,0.0144666266825603,0.0716535052620677,0.00603543171367382,2.9441130310604,0.0492171105651616,24.008346617152,0.0495857883708,24.1881894491707,1.21683205365094,593.576611537042
19.650206,51.380871,0.030012,"2020-04-08 13:34:05",414.621216,0.807095,0,51.373188,51.373936,51.388546,51.387787,19.635803,19.668701,19.66452,19.631592,-0.0587840000000028,0.92,0.0125716948531718,0.0101015702705265,0.094039565927996,0.120110906557248,0.236170461326005,0.0504742930566636,1.68180371373663,0.145776046002603,4.8572586299681,0.154267008293163,5.14017753875661,1.23353177862296,41.1012854399227
19.650496,51.483894,0.008621,"2020-04-08 13:34:23",417.63327,0.788392,0,51.476395,51.477123,51.491383,51.490662,19.639801,19.67276,19.661072,19.628143,2.95326999999997,0.92,0.000142856437972854,0.000842480710590326,0.035204122821416,0.100615206714726,0.13920677797143,0.0424501972976681,4.92404562088714,0.092338089130119,10.7108327491148,0.101628450518606,11.7884758750268,1.21584961554413,141.033478197904
19.650818,51.30595,0.019385,"2020-04-08 13:33:39",414.09137,0.727916,0,51.298191,51.298981,51.313675,51.312897,19.631104,19.663971,19.670563,19.637634,-0.588630000000023,0.92,0.00851345917179709,0.0164917569171312,0.0732935557475933,0.0938638115851335,0.134950918451135,0.0385749908859036,1.98994020561793,0.0817174446108491,4.2154988192339,0.0903646539061305,4.66157616229716,1.1766169613479,60.6972897264846
19.650843,51.153168,0.000176,"2020-04-08 13:33:22",414.632263,0.665161,0,51.145061,51.14587,51.161289,51.160477,19.62735,19.660126,19.674194,19.641449,-0.0477369999999837,0.92,0.000132918864362814,0.000183149097928072,0.000276352033438088,0.000352176171534825,0.00243696203784525,8.86543353993419e-05,0.503717814768988,0.00159874158896573,9.08375902821438,0.00160119775776566,9.09771453275942,1.13527165020327,6450.40710342768
19.652994,51.438824,0.040953,"2020-04-08 13:34:23",414.654541,0.801462,0,51.431355,51.432087,51.446289,51.445557,19.642303,19.675232,19.663544,19.630646,-0.0254590000000121,0.92,0.00930166276241337,0.0103175671270895,0.0728428709224819,0.0966819774757341,0.16001328707442,0.0385184269412266,0.940552021615672,0.0841883363603394,2.05573062682439,0.0925815596819813,2.2606783308178,1.2236472868589,29.8793076663224
19.653028,51.634663,0.000359,"2020-04-08 13:34:41",414.53418,0.733821,0,51.627472,51.628189,51.641865,51.641159,19.647369,19.680603,19.658661,19.625702,-0.145820000000015,0.92,9.98285005999232e-05,0.000158804663386894,0.00201713099578627,0.00163237952818056,0.0547940639636742,0.000902197730281674,2.5130855996704,0.0384914028630375,107.218392376149,0.038501974691036,107.247840365003,1.17744454735504,3279.7898255015
19.654354,51.365822,0.02429,"2020-04-08 13:34:05",414.528564,0.777802,0,51.358265,51.359013,51.373386,51.372639,19.639954,19.672821,19.668732,19.635834,-0.15143599999999,0.92,0.00736380843963172,0.0218863779766362,0.0986109809663943,0.116793330179857,0.219227424558906,0.0500545260278635,2.06070506495939,0.137841574812643,5.67482811085399,0.146648407160472,6.03739840100751,1.21362337919418,49.9639102179572
19.65588,51.589977,0.001971,"2020-04-08 13:34:40",415.040863,0.694347,0,51.582394,51.583374,51.59734,51.596394,19.65036,19.683502,19.66095,19.62793,0.360862999999995,0.92,0.00162725311853579,0.000181361175411901,0.000393689964519645,0.00171623338941814,0.0463776996070848,0.000825954551061425,0.419053552035223,0.0314002784222837,15.9311407520465,0.0314111395195614,15.9366512022128,1.15304137657541,585.003235198077
19.657526,51.544914,0.001659,"2020-04-08 13:34:40",419.065521,0.761195,0,51.537842,51.538361,51.552189,51.55164,19.651917,19.685028,19.663025,19.630066,4.38552099999998,0.92,4.64338254916011e-05,6.98617249744656e-05,0.0122375599695881,0.00386477492648368,0.0844939954450247,0.00508752746739054,3.06662294598586,0.0585731869987337,35.306321277115,0.0587937171041267,35.4392508162307,1.19552270124658,720.628511902701
19.657774,51.321636,0.029837,"2020-04-08 13:33:39",414.645447,0.717006,0,51.313782,51.31456,51.329494,51.328716,19.637939,19.670868,19.677521,19.644592,-0.0345530000000167,0.92,0.0147283640094697,0.0238158487680382,0.0813261632160995,0.077430809797789,0.177172155965074,0.031486068222347,1.05526923693223,0.104181687890081,3.49169446962099,0.108835640227495,3.64767370136054,1.17147035840423,39.2623373128742
19.658545,51.350567,0.042467,"2020-04-08 13:34:05",413.464233,0.846999,0,51.342884,51.343632,51.35825,51.357502,19.644196,19.677063,19.672852,19.639984,-1.21576700000003,0.92,0.0353924511607285,0.023761969135501,0.0860989670651463,0.0909599765375978,0.177961519995312,0.0307201207769178,0.723388060774668,0.0958090939023014,2.25608340363815,0.100613658590315,2.36921983164139,1.25456383428502,29.5420876041401
19.659683,51.513851,0.000683,"2020-04-08 13:34:24",418.706848,0.783269,0,51.506104,51.506824,51.521603,51.520863,19.649292,19.682251,19.670013,19.637024,4.02684799999997,0.92,0.00173625384739665,0.00513490046767004,0.0035241016964583,0.0199463283526412,0.114670501389478,0.00786795096832687,11.5196939506982,0.0806013352030109,118.0107396823,0.0809844422648457,118.571657781619,1.21097844995274,1773.02847723681
19.661362,51.199783,0.007928,"2020-04-08 13:33:22",413.60434,0.683505,0,51.191875,51.192707,51.207661,51.20686,19.638245,19.670898,19.684601,19.651764,-1.07566000000003,0.92,0.000467664403355069,0.000581485078156862,0.00440813179525721,0.000847988606641081,0.0102452605487617,0.00328037860531512,0.413771267068002,0.00163855064780546,0.206678941448721,0.00366684224089786,0.462517941586511,1.1461206440672,144.56617609324
19.662277,51.469193,0.008351,"2020-04-08 13:34:23",417.043854,0.771598,0,51.461826,51.462543,51.476566,51.475834,19.65155,19.684448,19.673035,19.640076,2.363854,0.92,0.000184531412587688,0.0241557962284485,0.0240108717507447,0.081165469476499,0.126680000376979,0.0316864810211272,3.79433373501703,0.0836712385775874,10.0193076969929,0.0894701584027311,10.7137059517101,1.20406328025092,144.181927942872
19.662746,51.649986,0.000671,"2020-04-08 13:34:42",415.166351,0.644742,0,51.642643,51.64336,51.65733,51.65662,19.657257,19.69046,19.668121,19.635071,0.486351000000013,0.92,0.000810987154651283,0.000100882537702494,0.00790657637845421,7.18381633678476e-05,0.0234051746402916,0.00336725399844328,5.01826229276196,0.0160754890528294,23.9575097657667,0.0164243644558221,24.4774433022683,1.12354884464886,1674.43941080306
19.665297,51.168808,0.000281,"2020-04-08 13:33:22",414.259399,0.617298,0,51.16106,51.161877,51.176571,51.175739,19.642151,19.674896,19.688293,19.65564,-0.420601000000033,0.92,0.000271982052210348,0.000200769575948216,0.000238358954424884,0.00208542133506427,0.00110818513998857,0.000822313847387154,2.9263837985308,0.000584908221782661,2.08152392093474,0.00100911728332916,3.59116470935643,1.10790696320661,3942.72940642922
19.666143,51.604973,0.000373,"2020-04-08 13:34:41",413.961945,0.741379,0,51.597958,51.598652,51.612,51.611294,19.660278,19.693268,19.671906,19.638947,-0.718054999999993,0.92,0.000496803269848553,0.00792109467207812,0.0044191549930235,0.00297563663362978,0.0551017325072151,0.003127207946341,8.38393551297855,0.0386990578815964,103.75082541983,0.0388252045772177,104.089020314257,1.18218028157784,3169.38413291646
19.66621,51.441509,0.035953,"2020-04-08 13:34:05",414.465363,0.869938,0,51.43396,51.434711,51.449051,51.448299,19.651733,19.684692,19.680603,19.647644,-0.214636999999982,0.92,0.0340511966454166,0.0138950891884779,0.0354799425968013,0.0912411513070113,0.216984166444468,0.0289687799703001,0.805740271195731,0.128008365398994,3.560436275109,0.131245311630892,3.65046899092961,1.27295618764712,35.4061187563519
19.668318,51.560051,0.000698,"2020-04-08 13:34:40",417.751373,0.71498,0,51.552761,51.553467,51.567348,51.566635,19.662781,19.69577,19.673706,19.640625,3.07137299999999,0.92,0.00166792443138611,0.00180874021008571,0.00032529727871124,0.00467250686745726,0.0678514577080014,0.00170675269666702,2.4452044364857,0.0474846653254518,68.0296064834553,0.0475153285355131,68.0735365838297,1.16612782611763,1670.67023799088
19.668549,51.544067,0.003957,"2020-04-08 13:34:24",418.504395,0.831782,0,51.536636,51.537369,51.551472,51.550751,19.657684,19.690735,19.679108,19.646179,3.82439499999998,0.92,5.80301402340706e-05,0.000323581321033748,0.00016007065482675,0.0153686466194663,0.0684841390612979,0.00657732264450549,1.66219930364051,0.0456275776008111,11.5308510489793,0.0460992083542436,11.6500400187626,1.2411230529383,313.652527909603
19.669773,51.275494,0.008451,"2020-04-08 13:33:40",414.46582,0.756371,0,51.267853,51.26865,51.283112,51.282307,19.650116,19.682892,19.689423,19.656616,-0.214179999999999,0.92,0.00140954175912715,0.0206463204745613,0.0136311840055751,0.049132391620168,0.0641777482555497,0.0184363969237647,2.18156394790731,0.0394047615849748,4.66273359187964,0.0435044361772372,5.14784477307268,1.19180104279536,141.02485419422
19.670603,51.426468,0.015174,"2020-04-08 13:34:05",414.221313,0.879966,0,51.419037,51.419785,51.433884,51.433132,19.656097,19.689026,19.685028,19.652069,-0.458686999999998,0.92,0.00158135587796723,0.01066132008464,0.0350794141459302,0.0235095418830778,0.138580220599215,0.0127503413471795,0.84027555998283,0.0872613754263079,5.75071671453196,0.0881879744963033,5.81178163281293,1.27613372340118,84.1000213128496
19.671709,51.499138,0.024104,"2020-04-08 13:34:24",417.782562,0.796931,0,51.491993,51.492706,51.506287,51.505566,19.660828,19.693665,19.682587,19.649658,3.10256199999998,0.92,0.00013022172913547,0.00125689820414767,0.0133669017183632,0.0126581969563039,0.116091187323154,0.00988331197770853,0.410027878265372,0.0650447639384794,2.69850497587452,0.0657913457185763,2.72947833216795,1.21894524894782,50.5702476330824
19.672152,51.107178,3.5e-05,"2020-04-08 13:33:22",415.327484,0.79013,0,51.099072,51.09988,51.115265,51.114475,19.648773,19.681488,19.695526,19.66272,0.64748400000002,0.92,5.24902831722797e-05,5.89866428915768e-05,7.30399996629498e-05,6.85528672114614e-05,0.000127242587731233,1.49762303342764e-05,0.427892295265039,6.52253592989499e-05,1.86358169425571,6.69226043329338e-05,1.91207440951239,1.21272644127958,34649.3268937023
19.674006,51.213699,0.001236,"2020-04-08 13:33:40",414.591492,0.726012,0,51.205688,51.206463,51.221722,51.220928,19.654175,19.687012,19.693726,19.66095,-0.0885079999999903,0.92,0.000564979032625156,0.000652647492224214,0.00167972175324838,0.00180011277315831,0.00393441182508116,0.000568666249104339,0.460085962058527,0.00190806529994886,1.54374215206218,0.00199100338817876,1.61084416519317,1.1719630490073,948.190169099759
19.674252,51.4543,0.025805,"2020-04-08 13:34:23",415.233185,0.770467,0,51.446827,51.447552,51.461781,51.461056,19.663574,19.696533,19.684875,19.651947,0.553184999999985,0.92,0.00051693167549079,0.0231520863975104,0.0785491904788626,0.0194386030068552,0.111301366383128,0.0291591400165619,1.12998023703011,0.0604550604363194,2.34276537245958,0.0671198165884301,2.60103920125673,1.20188371645008,46.5756138907221
19.674862,51.41148,0.040358,"2020-04-08 13:34:05",412.945709,0.852045,0,51.403564,51.404316,51.419388,51.41864,19.660583,19.693512,19.689087,19.656158,-1.73429099999998,0.92,0.00348061647831074,0.000972790478816806,0.0588136128673803,0.10501710285131,0.154581351644264,0.0430788667888539,1.06741827614981,0.0807681065175147,2.00129110752551,0.0915383842671281,2.26815957845107,1.25728276764586,31.1532476249036
19.675863,51.215782,0.004155,"2020-04-08 13:33:22",413.046356,0.831219,0,51.207775,51.208572,51.22377,51.222977,19.652496,19.685333,19.699371,19.666504,-1.633644,0.92,0.000604987204276751,0.000475320393650689,0.00700887229593095,0.00266095580955195,0.0184897345982575,0.00272159542399307,0.655016949216141,0.0101361880409373,2.43951577399213,0.0104952079375847,2.52592248798668,1.23993353666664,298.419623746485
19.676252,51.620174,0.004737,"2020-04-08 13:34:41",414.592377,0.702337,0,51.612537,51.613251,51.627811,51.627102,19.671234,19.704437,19.681152,19.64798,-0.0876230000000078,0.92,0.000515510579261457,0.000240126603167674,0.000547833080899645,0.000783685983475914,0.0205107474236047,0.00189493034515409,0.400027516393095,0.0111537237679547,2.35459653112829,0.0113135456380758,2.38833557907448,1.15749957144005,244.352875541493
19.67684,51.291115,0.041962,"2020-04-08 13:33:40",414.625763,0.752116,0,51.282871,51.28368,51.299362,51.298565,19.656952,19.689728,19.696625,19.663818,-0.0542370000000005,0.92,0.00290659895702231,0.00845417106884528,0.00659033644102089,0.0443152680998566,0.0962625636061845,0.0204651867702272,0.487707610939117,0.0383962967481845,0.915025421766944,0.0435097629678091,1.03688487125993,1.18910536830405,28.3376714242422
19.678556,51.575535,0.001157,"2020-04-08 13:34:40",416.058655,0.671557,0,51.568134,51.569103,51.582813,51.581833,19.672882,19.705902,19.684174,19.651031,1.37865499999998,0.92,0.00293800972015205,0.00879442052429451,0.00309228215816553,0.0143871340713998,0.0732534326177777,0.0054637636061501,4.72235402433025,0.0509798764033896,44.0621230798527,0.0512718296030946,44.3144594668061,1.1401831452709,985.465121236735
19.678732,51.10704,3.2e-05,"2020-04-08 13:33:04",415.195679,0.720773,0,51.098896,51.099743,51.115173,51.114361,19.650391,19.683014,19.707184,19.674286,0.515678999999977,0.92,2.40074639692358e-05,6.98554490364001e-06,3.60043227419854e-05,5.21848705046395e-05,0.000126740447094191,1.65643931521023e-05,0.517637286003197,6.69916125929478e-05,2.09348789352962,6.90090956200776e-05,2.15653423812743,1.16872311617904,36522.5973805951
19.679111,51.396465,0.029117,"2020-04-08 13:34:05",413.730347,0.773836,0,51.389149,51.389889,51.403767,51.403015,19.664551,19.697449,19.693573,19.660645,-0.949653000000012,0.92,0.00422510804860472,0.0327043811016368,0.0411436930356427,0.0999857270456803,0.157953479496012,0.0354993147347342,1.2191954780621,0.0911011483158317,3.12879583459256,0.0977733121618516,3.35794594779172,1.20614334781033,41.424025408192
19.679806,51.184696,0.002845,"2020-04-08 13:33:22",414.831604,0.663673,0,51.176304,51.177135,51.19305,51.192272,19.65625,19.688873,19.703522,19.670593,0.15160400000002,0.92,0.000305113003520276,0.000408392419066823,0.00039494596844295,0.00553644103440935,0.0071659377113796,0.00229948109956719,0.808253462062283,0.0030553643568012,1.07394177743452,0.00382398544454316,1.34410736187809,1.13440578004243,398.736653793474
19.68062,51.529266,0.001733,"2020-04-08 13:34:24",418.905396,0.721705,0,51.521984,51.522705,51.536572,51.535831,19.6698,19.702759,19.691528,19.658447,4.22539599999999,0.92,0.000149876278759927,0.00137624418124604,0.0149681064529101,0.0394995577907012,0.0682946285775292,0.0167533783305665,9.66726966564716,0.0470661789339912,27.1587876133821,0.049958992032802,28.8280392572429,1.17036490374154,675.340394542144
19.683163,51.381615,0.010443,"2020-04-08 13:34:05",414.041473,0.830568,0,51.373943,51.37468,51.389282,51.38855,19.668762,19.701691,19.697479,19.664581,-0.638527000000011,0.92,0.00849474600609995,0.0090103980168101,0.0535936035683359,0.0721575496020929,0.129909765464793,0.0300694851452543,2.87939147230243,0.084475759986578,8.08922340195135,0.0896678758653878,8.58640963950855,1.24269204977992,118.997610818722
19.683443,51.484612,0.010768,"2020-04-08 13:34:23",415.020691,0.771907,0,51.477123,51.477856,51.492096,51.49139,19.672821,19.705872,19.69397,19.661133,0.340690999999993,0.92,0.000260318268947806,0.000517096878665649,0.00125839985506472,0.0196210984187962,0.112929801903477,0.00855250036627251,0.794251519899007,0.0722393029041853,6.70870197847189,0.0727438117409153,6.7555545821801,1.20313427297023,111.732380476433
19.683821,51.306717,0.008482,"2020-04-08 13:33:40",414.360504,0.743292,0,51.298981,51.299786,51.314442,51.313675,19.664062,19.696838,19.703552,19.670624,-0.319496000000015,0.92,0.00109749231514176,0.00200811930771216,0.0205870682944055,0.0250123624074584,0.0460656079515637,0.0108691702618754,1.28143954985562,0.0265756240440073,3.13317897241303,0.0287124129168911,3.38509937713878,1.18309230405726,139.482705029151
19.68597,51.439548,0.022287,"2020-04-08 13:34:23",414.956909,0.835823,0,51.432087,51.432812,51.447018,51.446289,19.675293,19.708252,19.696594,19.663605,0.276908999999989,0.92,0.000405430317831865,0.004179075346697,0.0552082911233223,0.0555056310905568,0.128428027782618,0.0267264845804567,1.19919614934521,0.0750530405071989,3.36757035523843,0.0796697173799721,3.57471698209594,1.24553095152084,55.8859851716623
19.686312,51.63538,0.000294,"2020-04-08 13:34:42",414.923523,0.73083,0,51.628193,51.62888,51.642578,51.641872,19.680664,19.713623,19.691833,19.658722,0.243522999999982,0.92,0.00159386605392223,3.04452977048507e-05,0.000258693273136271,0.000360418592510156,0.0206060588579839,0.000619857315976667,2.10835821760771,0.0143627945583407,48.8530427154445,0.0143761639743456,48.8985169195427,1.17504006867452,3996.73492746435
19.686939,51.122978,2.3e-05,"2020-04-08 13:33:22",414.827362,0.637361,0,51.114887,51.115677,51.131069,51.13028,19.663483,19.696289,19.710358,19.677521,0.147361999999987,0.92,5.83994854803415e-05,5.80086882398581e-05,6.7680211963047e-05,5.4644350521301e-05,0.000112529255909868,1.71049620776515e-05,0.743694003376154,6.33067439684534e-05,2.75246712906319,6.55768523151669e-05,2.85116749196378,1.11920911746703,48661.2659768273
19.687334,51.366577,0.011198,"2020-04-08 13:34:05",414.37381,0.73639,0,51.359013,51.359745,51.37413,51.373386,19.672882,19.70578,19.701721,19.668823,-0.306190000000015,0.92,0.00365420153515795,0.0231692948094095,0.0583048060267111,0.0259855553723147,0.139997385188497,0.0209656027799532,1.87226315234445,0.0910749186794444,8.13314151450655,0.0934569275783994,8.34585886572597,1.18211861901097,105.565156189584
19.688828,51.590706,0.002099,"2020-04-08 13:34:41",414.922119,0.66073,0,51.583374,51.584057,51.598042,51.597347,19.683563,19.716339,19.694,19.661011,0.242119000000002,0.92,0.000309084242429519,0.000556821209651677,0.00158189473438835,0.00315252494756515,0.0255154897459594,0.00116149331898926,0.553355559308842,0.0165579586909531,7.88849866172137,0.0165986464129268,7.90788299805945,1.13280168077327,539.686365304082
19.690603,51.54562,0.000267,"2020-04-08 13:34:40",418.344025,0.74343,0,51.538361,51.539051,51.552902,51.552189,19.685089,19.718048,19.696167,19.663086,3.66402499999998,0.92,8.7979209609425e-05,0.000648504746904733,0.00367210672485417,0.00510686307574396,0.0619853326523233,0.00228717761221061,8.56620828543299,0.0436414515419849,163.45112937073,0.0437013440768269,163.675445980625,1.18363760179124,4433.09963217693
19.690722,51.322426,0.032318,"2020-04-08 13:33:40",414.48938,0.684108,0,51.31456,51.315338,51.330265,51.329498,19.670929,19.703827,19.71048,19.677582,-0.190620000000024,0.92,0.000865042074018854,0.00734795424200545,0.0323656107702665,0.0629664549465479,0.0781314754772266,0.0245954606452729,0.761045257914255,0.0323950191796705,1.00238316664616,0.0406739960171654,1.25855548044945,1.1471957677816,35.4971151612598
19.691479,51.351307,0.040179,"2020-04-08 13:34:05",414.631256,0.823763,0,51.343632,51.344364,51.358982,51.35825,19.677124,19.709991,19.705811,19.672913,-0.0487439999999992,0.92,0.000732992020559452,0.0108502032627064,0.0563041306589412,0.139404696290786,0.157107724013967,0.0549728554318428,1.36819869662866,0.0826810936657664,2.05781860339397,0.0992883582505901,2.47115055751985,1.23888807333556,30.8342187046856
19.692673,51.514568,0.00043,"2020-04-08 13:34:24",416.771698,0.796151,0,51.506832,51.507549,51.52232,51.521603,19.682281,19.715332,19.703064,19.670105,2.09169800000001,0.92,4.77007629304738e-05,7.53763186401518e-05,0.011297666481466,0.0139529058491639,0.0730859481865973,0.00688018971244102,16.0004411917233,0.0513755136562814,119.477938735538,0.0518341626143023,120.544564219308,1.21776155104968,2832.00360709228
19.694405,51.200562,0.000366,"2020-04-08 13:33:22",414.806824,0.783103,0,51.192707,51.193485,51.208447,51.207661,19.67099,19.703949,19.71759,19.684662,0.126823999999999,0.92,0.0032384945430649,0.000352254714561381,0.0027019799325513,0.0091380650982251,0.0183253967365173,0.00359315577266973,9.81736549909762,0.0126992112184109,34.6972984109588,0.013197754883937,36.0594395735985,1.20823196835003,3301.18024139351
19.695377,51.469925,0.00628,"2020-04-08 13:34:23",415.851318,0.812926,0,51.462543,51.463284,51.477306,51.476566,19.684509,19.71756,19.706177,19.673096,1.17131799999999,0.92,4.14960624801802e-05,0.00890070908731067,0.0538734213297537,0.00743969376557933,0.076878357931911,0.0218221576859059,3.47486587355189,0.0499205776342894,7.94913656596964,0.0544818376838525,8.67545186048607,1.22890884613685,195.686121996314
19.695522,51.336182,0.021952,"2020-04-08 13:34:05",414.4599,0.808652,0,51.328487,51.329235,51.343861,51.343121,19.681152,19.71402,19.709839,19.676941,-0.220100000000002,0.92,0.00243147257938368,0.00856848660730579,0.0413121607124347,0.0321931516075488,0.0737552774471502,0.0161065578839136,0.733717104770115,0.036630448770568,1.66866111381961,0.0400151344368736,1.82284686756895,1.22552815883112,55.8276311420883
19.695633,51.260849,0.0051,"2020-04-08 13:33:40",415.211456,0.719233,0,51.25285,51.253643,51.268848,51.268055,19.675842,19.708618,19.715363,19.682556,0.531455999999991,0.92,0.00251610626021007,0.00392314923662062,0.00594715211661275,0.0569706875490033,0.0234182714517259,0.0235583740140519,4.61928902236312,0.0129529739631313,2.53979881630026,0.0268845033555674,5.27147124618969,1.16808342373722,229.035965438671
19.695862,51.650688,0.000178,"2020-04-08 13:34:42",414.49234,0.72229,0,51.64336,51.64407,51.658031,51.657333,19.690521,19.723816,19.701172,19.668182,-0.187659999999994,0.92,1.25733564949342e-05,6.02079791461756e-05,7.65928556705014e-05,6.35568367492006e-05,0.0109351080864842,6.08432686161854e-05,0.341816115821266,0.00760642407390962,42.7327195163462,0.00760666741060024,42.7340865764059,1.16968401950659,6571.25853655388
19.697992,51.169636,0.000272,"2020-04-08 13:33:22",414.058136,0.723547,0,51.161877,51.162689,51.177338,51.176575,19.674957,19.707672,19.721313,19.688354,-0.621864000000016,0.92,0.000254144982700039,0.000168685998059609,0.000303962637739434,0.000232505680064263,0.00655834319487683,5.06488451203783e-05,0.186208989413155,0.00444511590196331,16.3423378748651,0.00444540444587432,16.3433986980673,1.17044436981417,4303.10430078739
19.699232,51.605675,0.000414,"2020-04-08 13:34:41",414.039093,0.625089,0,51.598652,51.59935,51.612713,51.612003,19.693298,19.726288,19.7052,19.671997,-0.640907000000027,0.92,0.000289368855717557,0.000313499898106644,9.68691349892799e-05,0.00766187001027126,0.0123680418727029,0.00330396691133114,7.9805964041815,0.00845278407077616,20.4173528279617,0.00907555815905216,21.9216380653434,1.11230329662233,2686.72293870128
19.699236,51.442257,0.034678,"2020-04-08 13:34:06",414.805908,0.831421,0,51.434711,51.435452,51.449787,51.449051,19.684753,19.717712,19.713623,19.680664,0.125907999999981,0.92,0.000684877905683496,0.000757713955992018,0.0137413653762023,0.0476747239556339,0.121434610609315,0.0209918464122623,0.605336132771852,0.0613461876746074,1.76902323301827,0.0648383556084218,1.86972592445994,1.24171852349838,35.807097395997
19.701378,51.560917,0.005109,"2020-04-08 13:34:40",417.716217,0.691524,0,51.553467,51.554424,51.568314,51.567352,19.695862,19.728882,19.706787,19.673767,3.03621699999997,0.92,0.00104350168134234,0.000812025995212906,0.00549699153409487,0.00294587304556549,0.0371752200146329,0.00219474939770964,0.429584928109148,0.0226742416193667,4.43809779200758,0.0227802141766088,4.4588401206907,1.15114046959263,225.316200742342
19.701902,51.13895,5.8e-05,"2020-04-08 13:33:22",414.989807,0.659586,0,51.131001,51.131786,51.146927,51.146149,19.678406,19.711243,19.725159,19.692322,0.309806999999978,0.92,7.35302786749674e-05,6.8447456108001e-05,0.000143609758521138,9.95620970672515e-05,0.000209536595353948,3.43359074270035e-05,0.591998403913853,0.000107152554172699,1.84745783056377,0.000112519440118447,1.93999034686978,1.13201312009032,19517.4675877642
19.702671,51.276279,0.002353,"2020-04-08 13:33:40",413.755554,0.705075,0,51.268658,51.269451,51.283905,51.283112,19.682953,19.715759,19.72229,19.689484,-0.924445999999989,0.92,0.00617422375758378,0.021992305582631,0.00613928284494367,0.0518460582734007,0.0458588359526729,0.0205329082585148,8.72626785317248,0.0307632716233245,13.0740635883232,0.0369862028670561,15.7187432499176,1.15969769113658,492.859197253117
19.7036,51.427208,0.003891,"2020-04-08 13:34:06",415.013,0.796421,0,51.419785,51.420521,51.43462,51.433887,19.689087,19.722046,19.718048,19.685089,0.33299999999997,0.92,0.000217560370679633,0.00207248311675202,0.0644492372880285,0.0550597296634682,0.148447852845411,0.0318008045204022,8.17291300961249,0.102217130913976,26.2701441567659,0.107049675480264,27.5121242560431,1.22153429843841,313.938395897819
19.70471,51.499851,0.000789,"2020-04-08 13:34:24",416.052216,0.772741,0,51.492706,51.49342,51.507008,51.506287,19.693726,19.726685,19.715668,19.682648,1.37221599999998,0.92,0.000180677413283811,0.00195583629258494,0.00107443333326252,0.0188946708915843,0.0647802453979286,0.008028243113865,10.1752130720722,0.0452486435574478,57.3493581209731,0.045955330825534,58.2450327319823,1.20234793030648,1523.88837808173
19.704969,51.107971,1.3e-05,"2020-04-08 13:33:23",415.49704,0.688682,0,51.09988,51.100666,51.116058,51.115269,19.681549,19.714325,19.728333,19.695587,0.81704000000002,0.92,2.3607886466544e-05,4.85897485955621e-05,6.72638015194895e-05,3.40525982171555e-05,7.33299493700789e-05,2.12943500535207e-05,1.6380269271939,4.26597163082239e-05,3.28151663909414,4.76791436552715e-05,3.66762643502089,1.14920968469523,88400.7449765559
19.707239,51.455021,0.004848,"2020-04-08 13:34:23",415.78891,0.788388,0,51.447556,51.448261,51.462505,51.461781,19.696625,19.729492,19.717957,19.684937,1.10890999999998,0.92,9.52289442605579e-05,0.0028908649219956,0.000794131033384145,0.0123690798592908,0.0798258970331475,0.00493246114492706,1.01742185332654,0.0530173794312453,10.9359281005044,0.0532463303402483,10.983153948071,1.21276164609486,250.157105217586
19.707867,51.412224,0.008198,"2020-04-08 13:34:06",413.640625,0.848344,0,51.404316,51.405045,51.420124,51.419388,19.693573,19.726471,19.722107,19.689178,-1.03937500000001,0.92,0.000335438397578985,0.0147145417661155,0.0248461613163122,0.0584611681841843,0.0989273911898985,0.0226278068777925,2.76016185384148,0.0641553677633042,7.82573405261091,0.0680288825201729,8.29822914371468,1.25328188018217,152.876540641884
19.709385,51.620872,0.00011,"2020-04-08 13:34:42",414.679749,0.711964,0,51.613255,51.613949,51.62851,51.627811,19.704529,19.737579,19.714233,19.681213,-0.000250999999991564,0.92,0.000168202553657872,9.33368498601394e-05,0.000364001931501834,0.000123722319735259,0.0178244192154482,0.00011095233149867,1.00865755907882,0.0125259859520247,113.872599563861,0.0125264773376311,113.877066705737,1.16337854971221,10576.1686337474
19.70969,51.291916,0.002585,"2020-04-08 13:33:40",414.014404,0.631542,0,51.28368,51.284466,51.30014,51.299362,19.689819,19.722595,19.729553,19.696686,-0.665595999999994,0.92,0.0189906801950546,0.00145810092240163,0.0122880152681295,0.0116629833492658,0.0286131001008841,0.00733077097001536,2.83588818956107,0.0184046460827374,7.11978571866051,0.0198108859076428,7.66378565092566,1.11608143473693,431.752972818929
19.711527,51.57629,8.2e-05,"2020-04-08 13:34:41",416.566315,0.695769,0,51.569103,51.56979,51.583496,51.582813,19.705963,19.738922,19.71698,19.684235,1.88631499999997,0.92,9.77091334266966e-05,0.000405447489409579,0.0032563300221481,0.00116832093486614,0.029246126847295,0.00133507334667309,16.2813822765011,0.0206221518611069,251.489656842768,0.0206653228434388,252.016132237059,1.15365573588017,14068.9723887826
19.711609,51.107857,3.1e-05,"2020-04-08 13:33:04",415.503143,0.695448,0,51.099743,51.100555,51.115986,51.115173,19.683075,19.715912,19.73996,19.707245,0.823143000000016,0.92,6.41171268403639e-06,1.46445603553744e-05,1.72702820914706e-05,4.7354444745014e-05,0.000151638240112907,1.60809525663489e-05,0.518740405366093,8.53041176542475e-05,2.75174573078218,8.68066214306885e-05,2.80021359453834,1.15327703880698,37202.4851228057
19.712053,51.39719,0.00592,"2020-04-08 13:34:06",414.676575,0.793775,0,51.389893,51.390614,51.404495,51.403767,19.69751,19.730408,19.726562,19.693665,-0.00342499999999291,0.92,0.000367399575614995,0.00178407005013187,0.0329037946563001,0.0202928414652556,0.107389716090205,0.0139827326508212,2.36194808290899,0.0717499243324577,12.119919650753,0.0730997158277496,12.3479249709037,1.21730124417874,205.625210165327
19.712788,51.185474,0.000261,"2020-04-08 13:33:22",413.608887,0.621442,0,51.177135,51.177902,51.193863,51.193054,19.688934,19.721893,19.736237,19.703583,-1.07111300000003,0.92,0.000231620063963921,0.000142546785594249,0.00133174457431655,0.000406268270618448,0.00142061832746071,0.000488438733767051,1.87141277305383,0.000819973982935671,3.14166276986847,0.000954426387593798,3.65680608273486,1.11022118079855,4253.72099922817
19.716122,51.382347,0.018572,"2020-04-08 13:34:05",414.327393,0.74501,0,51.37468,51.375412,51.390015,51.389294,19.701752,19.73465,19.730469,19.697571,-0.352607000000035,0.92,0.00755399143388961,0.00327767119131195,0.0745592743494992,0.0388789325862425,0.0798698709740164,0.0291659988242217,1.57042853888766,0.043344140238025,2.33384343301879,0.0522433725977572,2.81301812393696,1.18497648503267,63.8044629029007
19.716484,51.154778,0.000114,"2020-04-08 13:33:22",414.14267,0.759118,0,51.146687,51.147461,51.162868,51.162106,19.692932,19.72583,19.73996,19.707031,-0.537329999999997,0.92,9.20048342856771e-05,7.91028320544174e-05,0.000127535402562968,0.000147871608739401,0.000941182323948966,2.74504024492999e-05,0.240793003941227,0.000584906230541961,5.13075640826282,0.000585550017608602,5.13640366323335,1.19275331933842,10462.7484152493
19.716513,51.485332,0.000366,"2020-04-08 13:34:24",415.398071,0.800407,0,51.477859,51.47855,51.492817,51.4921,19.705933,19.73877,19.727051,19.694061,0.718071000000009,0.92,4.10325889955246e-05,1.40820404825656e-05,0.00145181779276389,0.00395156377754455,0.0774886239476972,0.00166384479236693,4.54602402286047,0.0545339303763167,148.999809771357,0.0545593066468228,149.069143843778,1.22066706500617,3335.15591531741
19.716721,51.307507,0.017923,"2020-04-08 13:33:40",414.210846,0.696931,0,51.299786,51.300564,51.315243,51.314449,19.69693,19.729767,19.736389,19.703613,-0.469154000000003,0.92,0.000649260179434021,0.00109083618966259,0.0336142076878164,0.0396441282249128,0.0571330031591396,0.0180106825044546,1.00489217789737,0.0277256591241736,1.54693182637804,0.033062015337032,1.84466971695765,1.15464536357236,64.4225499956681
19.718967,51.440266,0.007432,"2020-04-08 13:34:23",414.965759,0.805355,0,51.432812,51.433506,51.447723,51.447018,19.708313,19.74115,19.729523,19.696655,0.285758999999985,0.92,0.00016834950933036,0.0014854322544,0.0244066269372337,0.0114345358624132,0.0703700498422027,0.00974955709021779,1.31183491526074,0.0445039218380784,5.98814879414403,0.0455593340867183,6.13015797722259,1.22354907091928,164.632544526275
19.719477,51.636078,0.000176,"2020-04-08 13:34:42",415.27951,0.718637,0,51.628887,51.629581,51.643291,51.642578,19.713684,19.746948,19.725311,19.691895,0.599510000000009,0.92,1.38219321351446e-05,1.52913486434091e-05,0.00145556272682645,0.00239678332417063,0.0162593342049545,0.00107261814968067,6.09442130500379,0.0113726346804129,64.6172425023459,0.0114231050625105,64.9040060369918,1.16746290095158,6633.31193722486
19.719822,51.12376,5.6e-05,"2020-04-08 13:33:23",415.449646,0.760762,0,51.115681,51.116467,51.131855,51.131069,19.69635,19.729095,19.743134,19.710419,0.769645999999966,0.92,3.32755642261043e-05,2.31218002417143e-05,7.17351749719457e-05,0.000104761989565547,0.000199503296965469,3.2430236004116e-05,0.579111357216357,0.00010147215440691,1.81200275726625,0.000106528485989722,1.90229439267361,1.19380016417838,21317.8600746139
19.720282,51.367306,0.00812,"2020-04-08 13:34:05",414.567871,0.78814,0,51.359753,51.360485,51.374851,51.37413,19.705841,19.738739,19.73465,19.701782,-0.112128999999982,0.92,0.00591019301823724,0.00376707070425898,0.0109626087022881,0.0304763833752298,0.0721227300613941,0.0107500876293665,1.32390241740966,0.0452567644408639,5.57349315774185,0.0465160091978546,5.72857256131215,1.21232355364057,149.300930251301
19.721788,51.591393,0.002407,"2020-04-08 13:34:41",415.448547,0.736593,0,51.584057,51.584736,51.59874,51.598049,19.7164,19.749359,19.727051,19.694061,0.768547000000012,0.92,1.77757970306437e-05,2.35468901186699e-05,0.00358209544107361,0.00143233258243155,0.0135446415329231,0.00154426148828291,0.641571037923933,0.00787550185435486,3.27191601759653,0.00802547649689042,3.33422372118422,1.17857271982767,489.643838731896
19.723732,51.323181,0.011096,"2020-04-08 13:33:40",414.100281,0.835188,0,51.315338,51.316128,51.331043,51.330273,19.703888,19.736694,19.743408,19.710541,-0.579719000000011,0.92,0.000323066330576479,0.0417236342388081,0.0117303425375105,0.028991529711706,0.0511236899329069,0.0164323261206087,1.48092340668788,0.028303850986791,2.55081569816069,0.0327281121120132,2.9495414664756,1.24298436219705,112.0209410776
19.723774,51.546452,0.000346,"2020-04-08 13:34:40",417.332367,0.771329,0,51.539059,51.540009,51.55386,51.552902,19.718109,19.75116,19.729218,19.696228,2.65236699999997,0.92,0.000174664243950199,6.4099078187407e-05,0.00782112618123094,0.000227777186642346,0.0476198113521893,0.00340837899068565,9.8508063314614,0.0334276325796666,96.6116548545279,0.0336009474155914,97.1125647849462,1.2010318271837,3471.19025197602
19.724449,51.352051,0.003845,"2020-04-08 13:34:05",415.169861,0.834328,0,51.344372,51.345104,51.359726,51.35899,19.710052,19.74295,19.73877,19.705872,0.489861000000019,0.92,0.00176521936670222,0.00069760119342382,0.0104669009049919,0.0204681370235766,0.0903055953278525,0.00820794154960135,2.13470521446069,0.0611368732617504,15.9003571552017,0.0616853919230883,16.0430148044443,1.24350645320429,323.408700443248
19.72846,51.336918,0.034405,"2020-04-08 13:34:05",413.650635,0.848302,0,51.329235,51.329987,51.344601,51.343861,19.714081,19.747009,19.742798,19.7099,-1.02936499999998,0.92,0.0322487840332504,0.000669978224731552,0.0228072554842662,0.0149137716645936,0.0508688907208775,0.0137826602940753,0.400600502661686,0.0116417287734468,0.338373165919104,0.0180413850248915,0.524382648594433,1.25153576647957,36.3765663851061
19.7293,51.651398,7e-06,"2020-04-08 13:34:42",413.854065,0.738771,0,51.64407,51.644756,51.658737,51.658035,19.723877,19.756989,19.734589,19.701263,-0.825935000000015,0.92,0.000162778410650879,2.00622381437028e-05,1.03789491234573e-05,0.000290795712586205,0.0149862664501376,0.000125895756865423,17.9851081236319,0.0105919408840924,1513.13441201321,0.0105926890558397,1513.24129369138,1.17995542098099,168565.060140142
19.731049,51.170395,0.001004,"2020-04-08 13:33:23",415.118134,0.652657,0,51.162689,51.163452,51.178143,51.177338,19.707733,19.740662,19.754059,19.721375,0.438133999999991,0.92,0.000115866560796753,0.000150865870373381,0.000191939307789097,0.000194505610135016,0.00142709452926289,0.000377368304091881,0.375864844713029,0.00029917301072472,0.297981086379203,0.000481571725996529,0.47965311354236,1.127989978484,1123.49599450597
19.732433,51.606373,4.1e-05,"2020-04-08 13:34:42",414.829407,0.719031,0,51.59935,51.60004,51.613403,51.612713,19.726379,19.759583,19.738281,19.705261,0.149406999999997,0.92,4.52407471468227e-05,0.000101185186605692,0.000437264568533718,5.50330145477219e-05,0.00652568531650788,0.000170139862252057,4.14975273785505,0.00458536496116355,111.838169784477,0.00458852039330693,111.915131544071,1.16765861170138,28479.4783341801
19.734371,51.561707,0.003217,"2020-04-08 13:34:41",417.204163,0.712412,0,51.554428,51.555096,51.569,51.568314,19.728973,19.761749,19.739807,19.706848,2.52416299999999,0.92,0.000133970313343183,0.000121528317340616,0.000635707928322824,0.00150110598114739,0.0080079077772784,0.00129868900038809,0.403695679324865,0.00338768337735293,1.05305669174788,0.00362808376211497,1.127784818811,1.16359100234394,361.700653510707
19.73473,51.13974,2.9e-05,"2020-04-08 13:33:23",415.641479,0.621263,0,51.13179,51.132572,51.147717,51.146927,19.711304,19.744049,19.757996,19.72525,0.961478999999997,0.92,4.28555081212737e-05,1.46773477394409e-05,6.90794716342273e-05,0.000209203134104508,0.00602873736823404,7.87605225176387e-05,2.71588008681513,0.00424245497841662,146.291550979883,0.00424318600391253,146.316758755605,1.11012869515046,38280.2998327745
19.742598,51.621571,0.000152,"2020-04-08 13:34:42",414.587494,0.708331,0,51.613949,51.614639,51.629208,51.62851,19.73764,19.770905,19.747528,19.714294,-0.0925060000000144,0.92,1.56164201759049e-05,0.000243369527375913,0.000196919957416095,3.78006148019683e-05,0.0137986573464232,9.92415910893496e-05,0.652905204535195,0.00964964395018506,63.4844996722701,0.00965015426087817,63.4878569794616,1.16113131515701,7639.02181024352
19.742601,51.29269,0.000727,"2020-04-08 13:33:40",413.981537,0.704753,0,51.28447,51.285233,51.300915,51.30014,19.722687,19.755524,19.762451,19.729614,-0.698463000000004,0.92,0.000468288702081579,0.000594339059357951,0.00367434327088963,0.00318224847473516,0.0457447607125028,0.00156342122446208,2.15051062511977,0.0318323638736441,43.785920046278,0.0318707338432798,43.8386985464646,1.15935004838259,1594.70433065005
19.744516,51.576977,0.000124,"2020-04-08 13:34:41",415.81665,0.675799,0,51.56979,51.570461,51.584179,51.583496,19.738983,19.77182,19.750031,19.717072,1.13664999999997,0.92,0.00122496227146533,1.65685738785703e-05,0.000570221044372557,0.000211861597466287,0.0256946175453631,0.000490859379561581,3.95854338356114,0.018081157065454,145.815782785919,0.0180878186566573,145.869505295623,1.14167922709698,9207.09054110467
19.745531,51.186283,0.000239,"2020-04-08 13:33:23",414.586212,0.65504,0,51.177902,51.178707,51.194641,51.193863,19.721985,19.754669,19.769104,19.736328,-0.0937880000000177,0.92,0.000148757978466033,9.73860301315591e-05,0.000312510516652514,0.000663717095282753,0.0232824683112236,0.000223492604995845,0.935115502074665,0.0162941927049235,68.1765385143244,0.0162957253551252,68.1829512766745,1.12948791594459,4725.89086169284
19.749323,51.155567,0.000137,"2020-04-08 13:33:23",414.125702,0.601163,0,51.147461,51.148251,51.163666,51.162868,19.725891,19.758636,19.772705,19.740021,-0.554298000000017,0.92,4.37162183994577e-05,8.09171788946228e-05,0.000183609260972778,0.000157107703473861,0.000266816975789791,5.71351405427927e-05,0.417044821480238,9.17944638940911e-05,0.670032583168548,0.000108123299461533,0.789221163952793,1.09899816390185,8021.88440804274
19.752703,51.636768,2.2e-05,"2020-04-08 13:34:42",414.726471,0.703036,0,51.629581,51.63026,51.64397,51.643291,19.747009,19.779999,19.758392,19.725372,0.0464709999999968,0.92,3.05149097114222e-06,3.14121372880736e-05,5.7671341207142e-06,2.30797763472355e-05,0.00727260078111894,1.21489945548245e-05,0.552227025219296,0.00512694898000568,233.043135454804,0.00512696337432305,233.043789741957,1.1578799173703,52630.9053350134
19.75486,51.592079,1.9e-05,"2020-04-08 13:34:41",414.60611,0.729629,0,51.584743,51.585438,51.599438,51.59874,19.74942,19.782745,19.760315,19.727112,-0.0738900000000058,0.92,2.80228112872559e-05,2.2029605833661e-05,2.92687860428332e-05,0.00167268939975034,0.00882079928990425,0.000737068918119665,38.7931009536666,0.00622381196453423,327.56905076496,0.00626730452107902,329.85813268837,1.17422219223917,61801.1680125878
19.756674,51.547264,0.000299,"2020-04-08 13:34:41",416.26062,0.711145,0,51.540012,51.540668,51.554531,51.553864,19.751221,19.783936,19.762085,19.729309,1.58062000000001,0.92,0.00183605267038671,0.00124001463823076,3.99401793509235e-05,7.60839767761421e-05,0.0280475330420143,0.000801243842077267,2.67974529122832,0.0196211758819873,65.6226618126665,0.0196375287316492,65.6773536175557,1.16297585682579,3889.55136062138
19.761356,51.471336,9.1e-05,"2020-04-08 13:34:24",415.935028,0.747859,0,51.463989,51.464687,51.47871,51.477997,19.750641,19.78363,19.772186,19.739136,1.25502799999998,0.92,7.74121103068189e-06,1.81624179335581e-05,7.41178934980423e-05,0.00156304868902252,0.0657183200683364,0.000678589162306869,7.45702376161394,0.0464055230514207,509.950802762864,0.0464104842996401,510.005321974066,1.18652729295787,13038.7614610755
19.762468,51.652027,6e-06,"2020-04-08 13:34:43",414.739532,0.784227,0,51.644756,51.645309,51.659286,51.658737,19.75708,19.790344,19.767792,19.73465,0.0595319999999901,0.92,0.000169604762138906,5.00151122332566e-06,0.00562339798140456,1.73497828723599e-05,0.000163153934962286,0.00249369705940686,415.616176567811,0.000111124613101982,18.5207688503303,0.00249617180973817,416.028634956361,1.20889131786224,201481.886310373
19.763712,51.171211,0.000188,"2020-04-08 13:33:23",414.003601,0.638875,0,51.163456,51.164257,51.178921,51.178143,19.740723,19.773376,19.786896,19.75412,-0.676399000000004,0.92,5.79763538559576e-05,0.000132779863156724,0.00183259150713517,0.000181596504983992,0.000682983549292184,0.000758694315183267,4.03560805948546,0.000350006224280289,1.86173523553345,0.000835536606574691,4.44434365199304,1.12007230291014,5957.83139845818
19.765675,51.607063,2.6e-05,"2020-04-08 13:34:42",414.486633,0.708584,0,51.600048,51.600723,51.614101,51.613403,19.759644,19.792725,19.771667,19.738373,-0.193367000000023,0.92,8.93093391347667e-06,0.000494932146714745,7.64425023101119e-05,1.64267850977465e-05,0.0168268270251952,0.000208726954668262,8.02795979493316,0.0118799787190577,456.922258425298,0.0118818122063459,456.992777167149,1.16130636031898,44665.6292430375
19.773418,51.456451,7e-05,"2020-04-08 13:34:24",414.551483,0.850418,0,51.44899,51.449696,51.463909,51.463215,19.762726,19.795776,19.783997,19.751007,-0.128516999999988,0.92,8.44324297913786e-05,5.07041936832886e-05,0.0010121043486646,0.000203759598009665,0.0345285168819497,0.000411285914161817,5.87551305945452,0.0243658509568578,348.083585097968,0.0243693218813121,348.133169733029,1.25307806563396,17901.1152233423
19.774572,51.218151,0.000215,"2020-04-08 13:33:23",413.799591,0.734891,0,51.210175,51.210938,51.226135,51.225361,19.751068,19.783966,19.797943,19.765106,-0.880408999999986,0.92,6.86942632125972e-05,0.000135500617856301,0.000876195556446547,0.00828590088386245,0.00131699365907426,0.00357536528737081,16.6296059877712,0.000779227189155986,3.62431250770226,0.00365929391419385,17.0199716939249,1.1774880773549,5476.68873188328
19.775892,51.622257,3.9e-05,"2020-04-08 13:34:42",414.494781,0.726674,0,51.614639,51.615307,51.629887,51.629211,19.770966,19.803955,19.78064,19.74762,-0.185219000000018,0.92,1.50764294875003e-05,2.89804718062538e-05,0.0002434679746248,0.000560147959105448,0.00126155602595162,0.000233662584700785,5.99134832566114,0.000864477656330867,22.1660937520735,0.000895499760906925,22.9615323309468,1.17237191376961,30060.8183017849
19.777245,51.10947,3.5e-05,"2020-04-08 13:33:05",416.028961,0.758952,0,51.10136,51.102169,51.117573,51.116791,19.748871,19.781494,19.805695,19.772858,1.34896099999997,0.92,9.05172741496501e-07,1.42366336348758e-05,9.25979087034097e-05,5.25881458944497e-05,6.02568548454904e-05,3.58391971354437e-05,1.02397706101268,1.78592933326906e-05,0.510265523791159,4.00425075345724e-05,1.14407164384492,1.19264753381181,34075.6438231947
19.777775,51.577667,0.000253,"2020-04-08 13:34:41",414.844238,0.673132,0,51.570461,51.571148,51.584873,51.584179,19.771912,19.805206,19.783417,19.750092,0.164238000000012,0.92,2.71630547020803e-05,1.91327165756308e-05,3.16041627093135e-05,0.000388607916478303,0.022776688354962,0.000168515221017442,0.666068067262615,0.0159266527731261,62.9511967317237,0.0159275442531308,62.9547203681059,1.14007033822038,4506.20687043629
19.778376,51.187061,0.000143,"2020-04-08 13:33:23",414.771912,0.645553,0,51.178707,51.179485,51.195419,51.194645,19.75473,19.787476,19.801971,19.769196,0.0919119999999793,0.92,5.50949279100583e-05,0.000166312936991748,9.65595826126519e-05,0.0109185661222094,0.00183532796532238,0.00483158352688978,33.7872973908377,0.00119665658027109,8.36822783406355,0.00497756831680077,34.8081700475578,1.12390544619881,7859.47864474693
19.78813,51.592766,4.7e-05,"2020-04-08 13:34:42",415.240723,0.676909,0,51.585438,51.586102,51.600113,51.599438,19.782806,19.815765,19.793488,19.760376,0.560722999999996,0.92,8.20023983012661e-06,4.19558289019373e-05,2.22634339837922e-05,2.58587846523461e-05,0.00401310304085022,1.5650212398237e-05,0.332983242515681,0.00280445835506978,59.6693267036123,0.00280450202254675,59.670255798867,1.14219685672505,24302.0607813841
19.78985,51.547947,9e-05,"2020-04-08 13:34:41",415.821014,0.740614,0,51.540668,51.541363,51.555222,51.554531,19.783997,19.817352,19.79541,19.762146,1.14101399999998,0.92,1.53698378894215e-05,1.81733387660393e-05,0.00130999894826972,0.00242090057117992,0.0167182459014718,0.00107403184573993,11.9336871748881,0.0117579454361681,130.643838179646,0.0118068973606774,131.187748451971,1.18112171253486,13123.5745837207
19.800636,51.563068,9.3e-05,"2020-04-08 13:34:41",416.398956,0.739005,0,51.555786,51.556458,51.570362,51.569672,19.795135,19.828186,19.806152,19.772766,1.71895599999999,0.92,1.9126233405344e-05,1.28162008880816e-05,4.52416185944225e-05,0.00296035032033137,0.00756656264698348,0.0013052634598585,14.0350909662205,0.0052846068273045,56.8237293258549,0.00544341639219665,58.5313590558779,1.18006695606945,12688.8920007468
19.807459,51.218918,0.000282,"2020-04-08 13:33:23",414.390778,0.747375,0,51.210938,51.211697,51.226902,51.226135,19.784027,19.816864,19.830811,19.798004,-0.289221999999995,0.92,2.05536186013493e-05,9.76006798341217e-05,0.0033491542271569,0.00118030149850403,0.0114001921735336,0.00139992919559001,4.96428792762414,0.00786174908044081,27.8785428384426,0.00798541798257782,28.3170850446022,1.18534094568835,4203.33668683813
