"lon","lat","ff.xco2","time","obs","uncert","qf","lat1","lat2","lat3","lat4","lon1","lon2","lon3","lon4","obs_enhance","uncert_bg","ver_0.8","ver_0.9","ver_1.1","ver_1.2","wind_ff.xco2","uncert_ver","uncert_ver_percent","uncert_wind","uncert_wind_percent","uncert_trans","uncert_trans_percent","uncert_total","uncert_total_percent"
18.73321,51.474388,0.000312,"2021-06-20 07:48:58",411.912262,0.721382,0,51.464172,51.467926,51.484497,51.480778,18.71051,18.743103,18.755798,18.723267,-1.19773800000002,0.71,0.000394806918384952,0.000352840236444962,0.00242605554177274,0.000276382989881013,0.000349248217071118,0.000936641345664376,3.00205559507813,2.63384668780961e-05,0.0844181630708207,0.000937011592908787,3.00324228496406,1.01217235089422,3244.14215030198
18.739286,51.443371,0.000133,"2021-06-20 07:48:58",412.427216,0.676183,0,51.432911,51.436554,51.453857,51.450184,18.716492,18.748962,18.762146,18.729492,-0.682784000000026,0.71,0.000190691357234189,0.000165704577441628,0.000140102137433124,0.000139325644865821,0.000144248748044436,2.4147791736278e-05,0.18156234388179,7.9540660220796e-06,0.0598050076848091,2.54240636410126e-05,0.191158373240696,0.980471034827334,7371.96266787469
18.752539,51.460632,0.000306,"2021-06-20 07:48:58",413.056824,0.726921,0,51.450653,51.45433,51.470577,51.466946,18.729858,18.762543,18.774994,18.742493,-0.0531760000000077,0.71,0.000446087775803204,0.00036352515904962,0.00657011616543736,0.000281470946384851,0.000349336922233539,0.0027827674107458,9.09401114622809,3.06438315870895e-05,0.100143240480685,0.00278293613055047,9.09456251813878,1.01613084047996,3320.68902117633
18.758583,51.429794,0.000146,"2021-06-20 07:48:59",412.494568,0.653442,0,51.420044,51.423603,51.439503,51.43594,18.736267,18.768799,18.781128,18.748474,-0.615431999999998,0.71,0.000183984840848098,0.000183623781866956,0.000146932316538787,0.000141444071120119,0.000167438276288688,2.1468898752654e-05,0.147047251730507,1.51591505406821e-05,0.10382979822385,2.62814280199301e-05,0.180009780958425,0.964928208756855,6609.09732025243
18.765722,51.47802,0.000603,"2021-06-20 07:48:58",413.417267,0.614733,0,51.46793,51.471546,51.488098,51.484509,18.743164,18.775574,18.788208,18.755859,0.307266999999968,0.71,0.000718205410803042,0.000740579340802609,0.000549059436406467,0.000523198578164674,0.000692228562624632,9.82903568335944e-05,0.163002250138631,6.30941217074058e-05,0.104633701007306,0.000116798383723852,0.193695495396107,0.939146780290952,1557.45734708284
18.771969,51.447021,0.000331,"2021-06-20 07:48:59",413.375763,0.603337,0,51.436558,51.440125,51.457386,51.453861,18.749054,18.781677,18.7948,18.762207,0.265762999999993,0.71,0.000437073260525727,0.000358052201505533,0.00027644304432413,0.00027954582429505,0.000323149503649218,6.60687415303658e-05,0.199603448732223,5.55113920531822e-06,0.0167708133091185,6.63015365876471e-05,0.200306757062378,0.931727181080864,2814.88574344672
18.778244,51.416382,0.000138,"2021-06-20 07:48:59",412.686859,0.604984,0,51.406307,51.409836,51.426464,51.422958,18.755463,18.788177,18.800751,18.768188,-0.423140999999987,0.71,0.000174882074750696,0.000171880610180383,0.000175453614107521,0.000117645490950395,0.000176285902324668,2.63691278034679e-05,0.191080636257014,2.70722211576186e-05,0.196175515634917,3.77920105250122e-05,0.273855148731973,0.932794533476819,6759.38067736825
18.785156,51.464249,0.000698,"2021-06-20 07:48:59",412.613831,0.64819,0,51.454334,51.457855,51.474079,51.470581,18.762604,18.795166,18.807617,18.775055,-0.496169000000009,0.71,0.000818451471238612,0.000709888746637889,0.000556814276767563,0.000587799739044513,0.000616657101004076,0.000104753312935863,0.150076379564273,5.75181154813903e-05,0.0824041769074359,0.00011950560731434,0.171211471797049,0.961379368606166,1377.33433897731
18.791382,51.433296,0.000321,"2021-06-20 07:48:59",412.978424,0.610661,0,51.423611,51.42712,51.443039,51.439514,18.76886,18.801422,18.813812,18.781189,-0.131575999999995,0.71,0.000376611186929378,0.000323168420807649,0.000336580016548404,0.00131398753323845,0.000375918290172911,0.000436447314166118,1.35964895378853,3.88330953924359e-05,0.120975375054318,0.000438171504482635,1.36502026318578,0.936486544972894,2917.40356689375
18.797651,51.402885,0.000146,"2021-06-20 07:48:59",411.643311,0.656336,0,51.392857,51.396519,51.412857,51.409241,18.774933,18.807556,18.820038,18.787598,-1.46668900000003,0.71,0.000193270618117618,0.000163665332738628,0.000159730328199749,0.000155820154909541,0.000177416096019964,1.77873752541015e-05,0.12183133735686,2.22145345341242e-05,0.152154346124139,2.84583250209499e-05,0.194920034390068,0.966890348336292,6622.53663244036
18.798294,51.481602,0.001329,"2021-06-20 07:48:59",412.938141,0.570079,0,51.471558,51.475052,51.49165,51.488102,18.775635,18.808197,18.821136,18.788269,-0.17185900000004,0.71,0.00135685333154069,0.00156442545405284,0.000963797684004185,0.00380000686620463,0.00118016105991283,0.00113720462610492,0.855684444021764,0.000105245023840256,0.0791911390822094,0.00114206430496605,0.859341087258123,0.910544546165577,685.135098694941
18.804611,51.450485,0.000635,"2021-06-20 07:48:59",413.243134,0.642344,0,51.440128,51.443653,51.460938,51.457397,18.781738,18.814331,18.827515,18.794861,0.133133999999984,0.71,0.00076504997193325,0.000657556137924645,0.000628637155428269,0.000597369545517553,0.000661939678006344,6.4263058827326e-05,0.101201667444608,1.90492290012679e-05,0.0299987858287684,6.70269636443954e-05,0.105554273455741,0.957447554087749,1507.79142376024
18.810913,51.419991,0.000586,"2021-06-20 07:48:59",412.156128,0.625131,0,51.40984,51.413452,51.430126,51.426472,18.788239,18.820648,18.833466,18.800812,-0.95387199999999,0.71,0.000387576383508326,0.000324045849827651,0.00033344831538407,0.000311154114181425,0.000341875427227613,0.000114208689918797,0.19489537528805,0.000172622140861624,0.294577032187071,0.000206983159625652,0.353213582978929,0.9459856288565,1614.3099468541
18.816422,51.374176,7.3e-05,"2021-06-20 07:49:16",413.366425,0.628147,0,51.364704,51.368317,51.383602,51.380024,18.797943,18.830444,18.834686,18.802307,0.256424999999979,0.71,9.02672641112589e-05,9.5745943248586e-05,8.62397254341815e-05,6.62590456889427e-05,8.1703895361658e-05,1.22840782140145e-05,0.168275044027596,6.15458343296651e-06,0.0843093620954316,1.37396315380498e-05,0.188214130658216,0.947981357304972,12986.0459904791
18.816622,51.389236,0.000139,"2021-06-20 07:48:59",412.371826,0.706171,0,51.37912,51.382767,51.399368,51.395733,18.793915,18.826294,18.83905,18.806793,-0.738174000000015,0.71,0.000181207468980269,0.000159130042164364,0.00012416211400273,0.00013594647882239,0.000135951310594348,2.24782375648733e-05,0.161713939315635,2.15574895246811e-06,0.0155089852695547,2.25813732436481e-05,0.162455922616173,1.00138777791169,7204.22861806973
18.817797,51.467705,0.001605,"2021-06-20 07:48:59",412.991364,0.584834,0,51.457867,51.461414,51.477688,51.474091,18.795227,18.827911,18.840546,18.807678,-0.118636000000038,0.71,0.00147178205523208,0.00267004488088054,0.00162887706292104,0.000988220782939774,0.00137778675637922,0.000614426629928677,0.38282033017363,0.000160664025339645,0.100102196473299,0.000635085043599555,0.395691615949879,0.919853907361931,573.117699290923
18.824095,51.436924,0.001035,"2021-06-20 07:48:59",412.683838,0.544338,0,51.427128,51.430775,51.446667,51.443043,18.801483,18.834106,18.846375,18.813873,-0.426162000000033,0.71,0.000739123450111427,0.00069161227134773,0.000632000476485349,0.000620105550969194,0.000693826023668225,0.000169810225701196,0.16406785091903,0.000241246432228577,0.233088340317465,0.000295017548318246,0.285041109486228,0.894652974778128,864.399009447467
18.830093,51.406494,0.000314,"2021-06-20 07:48:59",411.954834,0.603467,0,51.396526,51.400173,51.416534,51.412861,18.807617,18.839935,18.852509,18.820099,-1.15516600000001,0.71,0.000394188771406238,0.000339403802023538,0.000319113475365198,0.000320597266071122,0.00034021119273287,3.31407989912049e-05,0.105543945831863,1.85341121243999e-05,0.0590258347910826,3.79713822505222e-05,0.120927968950708,0.931811365851923,2967.55212054753
18.831245,51.485126,0.003662,"2021-06-20 07:48:59",412.538025,0.622906,0,51.475056,51.478668,51.495235,51.491653,18.808289,18.841187,18.853912,18.821198,-0.571975000000009,0.71,0.00227159182780729,0.00211192552441034,0.00228496896373782,0.00317109944501333,0.00434559114836544,0.000679888611477407,0.185660461899893,0.000483371936568302,0.13199670578053,0.000834204383276945,0.227800213893213,0.944517115108537,257.923843557765
18.83556,51.375923,0.000127,"2021-06-20 07:49:00",412.459351,0.630871,0,51.365784,51.369526,51.386082,51.382305,18.813141,18.845306,18.858063,18.825653,-0.650648999999987,0.71,0.000144194249495754,0.000140812336658487,0.000136203418045714,0.000128258631726966,0.000166063080737894,7.56274361772921e-06,0.0595491623443245,2.76217692838025e-05,0.217494246329153,2.86383873392884e-05,0.225499112907783,0.949788513018112,7478.64970880404
18.837381,51.454132,0.001146,"2021-06-20 07:48:59",412.748993,0.647089,0,51.443661,51.447281,51.464573,51.460949,18.814423,18.846924,18.860138,18.827576,-0.361007000000029,0.71,0.0012554609410506,0.00141749798479797,0.00104138861767092,0.000931596627572709,0.00126829784281136,0.000188306787397307,0.164316568409517,8.64776339763991e-05,0.0754604135919713,0.000207214447754134,0.180815399436417,0.960637401342893,838.252531712821
18.839981,51.345737,4e-05,"2021-06-20 07:49:17",412.979187,0.521098,0,51.335918,51.33952,51.355541,51.351955,18.821533,18.853973,18.858368,18.825928,-0.130812999999989,0.71,4.96305788105458e-05,3.70723980426396e-05,3.15814865699696e-05,4.18264584974295e-05,4.59759145949156e-05,6.62426901112145e-06,0.165606725278036,4.22560973385648e-06,0.105640243346412,7.85727163553396e-06,0.196431790888349,0.880706038168092,22017.6509542023
18.843321,51.423588,0.000649,"2021-06-20 07:48:59",411.871246,0.680137,0,51.413464,51.417126,51.433792,51.43013,18.820709,18.853058,18.865845,18.833527,-1.23875400000003,0.71,0.000775289222414246,0.000699873673092324,0.000593062532409786,0.000623131877965529,0.000759217564479702,7.16181806053564e-05,0.110351587989763,7.79355872494629e-05,0.120085650615505,0.000105844789919675,0.163089044560362,0.983202090097514,1514.94929136751
18.844446,51.361698,0.000103,"2021-06-20 07:49:17",413.596527,0.622527,0,51.352386,51.355972,51.371002,51.367428,18.826111,18.858521,18.862762,18.830353,0.486526999999967,0.71,9.74246722517014e-05,0.000103402539288395,0.000106036999196709,7.30712620411424e-05,0.000102166431275758,1.35145500860709e-05,0.131209224136611,5.89422097496538e-07,0.00572254463588872,1.35273974746785e-05,0.131333956064839,0.944266840417469,9167.63922735407
18.848883,51.377762,0.000195,"2021-06-20 07:49:17",412.305725,0.562377,0,51.36832,51.371902,51.387203,51.383606,18.830505,18.862915,18.867249,18.834747,-0.804275000000018,0.71,0.000241071031175443,0.000186792372096437,0.000195281811817906,0.000171580948523823,0.000226619866666045,2.59570052219125e-05,0.133112847291859,2.23586221397749e-05,0.114659600716794,3.42589273632381e-05,0.175686806990965,0.90574162502486,4644.82884628133
18.84894,51.392963,0.000306,"2021-06-20 07:49:00",413.609314,0.628078,0,51.382778,51.386566,51.403152,51.399372,18.826355,18.858826,18.871613,18.839111,0.49931399999997,0.71,0.000396531528360434,0.000326906629692491,0.000314517116698937,0.00031978378512319,0.000315352739781962,3.64635145532766e-05,0.11916181226561,6.61338572249852e-06,0.021612371642152,3.70583966772924e-05,0.12110587149442,0.947935638879204,3097.82888522616
18.850616,51.471371,0.002907,"2021-06-20 07:48:59",412.34906,0.688424,0,51.461426,51.465042,51.481289,51.477692,18.827972,18.860535,18.873077,18.840607,-0.760940000000005,0.71,0.00308176280628556,0.00569508624818915,0.00213857689708738,0.00160243760570258,0.00204526679930722,0.00157622592300387,0.542217379774292,0.000609337389783453,0.209610385202426,0.00168990538638632,0.581322802334476,0.988954225207727,340.197531891203
18.856527,51.440517,0.001215,"2021-06-20 07:49:00",412.169678,0.483396,0,51.430782,51.434444,51.450352,51.446671,18.834167,18.866486,18.878815,18.846436,-0.940322000000037,0.71,0.00140607712435933,0.00269175883602359,0.00105404428557085,0.00232807830771133,0.0014627179065542,0.000726178460116298,0.597677744951686,0.00017516301154581,0.144167087692025,0.000747005513065784,0.614819352317518,0.858936697803299,706.943784200246
18.862568,51.410259,0.000717,"2021-06-20 07:49:00",412.691559,0.679218,0,51.400177,51.40395,51.420258,51.416546,18.839996,18.872467,18.884857,18.85257,-0.41844100000003,0.71,0.000838577554664274,0.00072411193276494,0.000665011094542881,0.000599674957749998,0.000735581273561956,8.79909425179906e-05,0.122720979801939,1.31389445387414e-05,0.0183248877806714,8.89664983507638e-05,0.124081587657969,0.982566587788857,1370.38575702769
18.863916,51.488762,0.009758,"2021-06-20 07:48:59",413.093964,0.618761,0,51.47868,51.482269,51.498844,51.495239,18.841248,18.873718,18.886536,18.854004,-0.0160359999999855,0.71,0.0235410951456406,0.00872154450462771,0.00403523512635151,0.0109588345015287,0.0189545507795538,0.00727514303200946,0.745556777209414,0.00650294341974892,0.666421748283349,0.00975786755683083,0.999986427221851,0.94183883499262,96.5196592531892
18.867956,51.333366,6.5e-05,"2021-06-20 07:49:17",412.83255,0.64015,0,51.324177,51.327778,51.342529,51.338947,18.849518,18.882019,18.886261,18.85379,-0.277449999999988,0.71,5.86096205483828e-05,5.34250123877563e-05,4.83762795336583e-05,5.3941276509806e-05,6.28695018823896e-05,6.2593171541334e-06,0.0962971869866677,1.50648966626749e-06,0.0231767640964229,6.43805578964639e-06,0.099047012148406,0.955976998960461,14707.3384455455
18.868078,51.379631,0.00037,"2021-06-20 07:49:00",413.691101,0.620484,0,51.369526,51.373173,51.389706,51.386093,18.845337,18.87793,18.890656,18.858124,0.58110099999999,0.71,0.000403393994319515,0.000367547442277235,0.000341544934205253,0.000336625358999253,0.000382741348162565,2.67110196367215e-05,0.0721919449641122,9.00949368720847e-06,0.0243499829384013,2.81895290229044e-05,0.0761879162781201,0.942921202991347,2548.4356837604
18.872494,51.349331,0.000129,"2021-06-20 07:49:17",413.304047,0.553132,0,51.339527,51.343109,51.359131,51.355549,18.854034,18.886505,18.890869,18.858429,0.194047000000012,0.71,0.000143296503035342,0.00015517086139685,0.000114958827738323,0.000108106232828165,0.000142080989381514,1.94736133340246e-05,0.150958242899416,9.24965629629777e-06,0.0717027619868044,2.15587049212782e-05,0.1671217435758,0.900030560530462,6976.98108938343
18.875753,51.427349,0.001292,"2021-06-20 07:49:00",413.995331,0.620153,0,51.41713,51.420853,51.437527,51.433796,18.853149,18.885468,18.898346,18.865906,0.885331000000008,0.71,0.00133844190339394,0.00125795097847931,0.00280186524361115,0.001130397841654,0.00120761093298926,0.000696212533197038,0.538864189780989,5.96720815413001e-05,0.0461858216263933,0.000698765088349517,0.540839851663713,0.942703681801259,729.646812539674
18.876972,51.365292,0.000247,"2021-06-20 07:49:17",412.018097,0.641683,0,51.355976,51.359562,51.374607,51.371014,18.858582,18.891052,18.895355,18.862854,-1.091903,0.71,0.000272734224783112,0.000291666381115503,0.000251622446398191,0.000238277870837503,0.000306218492684359,2.1654191241433e-05,0.0876687904511458,4.18737977487562e-05,0.169529545541523,4.71414778748428e-05,0.190856185728109,0.957004218753146,3874.51100709776
18.881456,51.381363,0.000483,"2021-06-20 07:49:17",413.374756,0.63341,0,51.371906,51.375507,51.390808,51.387211,18.862976,18.895538,18.899841,18.86731,0.264755999999977,0.71,0.000583838902561308,0.000455596115656482,0.000456905992509206,0.000422841298287274,0.000510527685216269,6.1616891201056e-05,0.127571203314816,1.94650128867925e-05,0.0403002337200673,6.46183256357341e-05,0.133785353283093,0.951476869017596,1969.93140583353
18.881618,51.396679,0.000643,"2021-06-20 07:49:00",412.848022,0.607216,0,51.38657,51.390182,51.406738,51.403168,18.858856,18.891388,18.904053,18.871704,-0.261977999999999,0.71,0.000763747432076578,0.000744271734207296,0.000604396912908143,0.000660137548637033,0.00065817984900151,6.81458892407873e-05,0.10598116522673,1.07337741663555e-05,0.0166932724204596,6.89860574918727e-05,0.107287803253301,0.934243691664587,1452.94508812533
18.891291,51.305286,3.1e-05,"2021-06-20 07:49:17",413.961182,0.625482,0,51.295868,51.29945,51.314686,51.311108,18.872864,18.905304,18.909607,18.877167,0.851181999999994,0.71,2.87130990945925e-05,2.52716943656507e-05,2.56494909173068e-05,2.89129628427884e-05,2.88082258270034e-05,2.41192656590992e-06,0.0778040827712877,1.54981838055543e-06,0.0499941413082398,2.86693682735589e-06,0.0924818331405127,0.946217592487172,30523.1481447475
18.894928,51.413895,0.001268,"2021-06-20 07:49:00",413.217194,0.561917,0,51.403957,51.407532,51.423901,51.420258,18.872528,18.904907,18.917603,18.884888,0.107193999999993,0.71,0.00134309556520993,0.00123078922111916,0.00109766221040824,0.00116334111683889,0.00131661782414541,9.45357353464372e-05,0.0745549963299978,3.43779931397545e-05,0.0271119819714152,0.000100592503049723,0.0793316270108229,0.905456086736321,714.082087331483
18.895885,51.321213,7.9e-05,"2021-06-20 07:49:17",413.314636,0.626478,0,51.311676,51.31525,51.33075,51.327168,18.877472,18.909912,18.914246,18.881805,0.204635999999994,0.71,9.4049212549288e-05,7.81974991017338e-05,7.41722374912928e-05,6.03242621796365e-05,9.5225510347993e-05,1.20631220326123e-05,0.152697747248257,1.14731683952784e-05,0.145229979687068,1.66478979513965e-05,0.210732885460715,0.94687627743077,11985.7756636806
18.896503,51.492416,0.042221,"2021-06-20 07:49:00",411.861084,0.728601,0,51.482281,51.486012,51.502579,51.498852,18.873779,18.906311,18.919067,18.886597,-1.24891600000001,0.71,0.0609552517748294,0.0373580662876,0.0226790506513984,0.0274619917983397,0.0323955533031638,0.0149236589629799,0.353465312592783,0.00694763998751984,0.164554131534541,0.0164616310929238,0.38989202275938,1.01746272781819,24.0984990364556
18.90048,51.33696,0.000193,"2021-06-20 07:49:17",412.717072,0.61993,0,51.327785,51.331371,51.346127,51.342541,18.88208,18.914551,18.918823,18.886322,-0.39292800000004,0.71,0.000233754415009589,0.000192118797742583,0.000161238404321586,0.000183669347033558,0.00021276556043832,2.62548171547146e-05,0.136035322045153,1.39763618198886e-05,0.0724163824864695,2.97431355702107e-05,0.154109510726481,0.942556738761468,4883.71367233921
18.905041,51.352924,0.000342,"2021-06-20 07:49:17",413.337555,0.644944,0,51.343121,51.346706,51.36272,51.359135,18.886566,18.919067,18.923462,18.890961,0.227554999999995,0.71,0.000427774947575593,0.000394999649934307,0.000338600133191915,0.000297488423827598,0.000421305573911374,5.12540765749708e-05,0.149865720979447,5.60775090986235e-05,0.163969324849776,7.59714906544499e-05,0.222138861562719,0.959193811962769,2804.66026889698
18.906944,51.272427,4e-06,"2021-06-20 07:49:40",412.551117,0.716222,0,51.263508,51.267029,51.281326,51.277802,18.892944,18.925354,18.920898,18.888489,-0.558883000000037,0.71,2.91053466681921e-06,3.54038593136343e-06,6.39366784741166e-06,2.6779836338128e-06,4.73511800770415e-06,1.48576288120095e-06,0.371440720300238,5.19806928219949e-07,0.129951732054987,1.57406816300312e-06,0.39351704075078,1.00850084446493,252125.211116233
18.90836,51.431011,0.002264,"2021-06-20 07:49:00",413.321106,0.616107,0,51.420853,51.4245,51.44112,51.437531,18.885498,18.918243,18.930939,18.898407,0.211105999999972,0.71,0.00237959357623255,0.00206631194172009,0.00239907450005016,0.00458039508572913,0.00272293306977924,0.00103845872336959,0.458683181700351,0.00032451468575166,0.143336875332005,0.00108798267514281,0.480557718702655,0.940047349421986,415.2152603454
18.909555,51.368889,0.000639,"2021-06-20 07:49:17",412.419647,0.589128,0,51.359573,51.363159,51.378185,51.374619,18.891113,18.923615,18.927887,18.895447,-0.690353000000016,0.71,0.000712735703896026,0.000650309601090693,0.000604106683863805,0.000607670676764918,0.00062581301521057,4.38550811282102e-05,0.0686307998876528,9.32460636800982e-06,0.0145924982284974,4.48354371527726e-05,0.0701650033689712,0.922589725931422,1443.8023879991
18.914017,51.384953,0.000944,"2021-06-20 07:49:17",413.52536,0.543864,0,51.375519,51.379089,51.39439,51.390808,18.895599,18.92804,18.932404,18.899902,0.415359999999964,0.71,0.00102504107893089,0.00100277221405019,0.000836302263475378,0.00088709311236238,0.00103239372602243,7.86385781779924e-05,0.0833035785783818,6.25038030848061e-05,0.066211655810176,0.00010045273205802,0.106411792434344,0.89436461277644,947.420140653009
18.914108,51.400272,0.001185,"2021-06-20 07:49:00",412.025269,0.649472,0,51.390186,51.393719,51.410259,51.406742,18.891449,18.924072,18.936798,18.904114,-1.08473100000003,0.71,0.00146050221971763,0.00146392684368164,0.00117648290465635,0.0011341865905537,0.00133093649167517,0.000163807573192441,0.138234238980963,0.000103192682886087,0.0870824328152631,0.000193601784176762,0.163377033060559,0.962244208226608,812.020428883213
18.914314,51.27681,1e-05,"2021-06-20 07:49:17",413.085114,0.695719,0,51.267284,51.270863,51.286316,51.282745,18.895905,18.928314,18.932617,18.900238,-0.0248860000000377,0.71,9.75512155462443e-06,1.18580265998949e-05,8.32664145163257e-06,1.17498686602873e-05,1.19906454066613e-05,1.48352691643153e-06,0.148352691643153,1.40759886598806e-06,0.140759886598806,2.04503953001102e-06,0.204503953001102,0.99404473086737,99404.473086737
18.915756,51.478794,0.027608,"2021-06-20 07:49:00",411.994171,0.709689,0,51.468761,51.472469,51.488693,51.485035,18.893097,18.925659,18.938171,18.905762,-1.11582900000002,0.71,0.0431297511408538,0.0325275826491884,0.0326568022854383,0.0216419853408057,0.0308714636491789,0.00790525970377291,0.286339456091456,0.0023076172764902,0.0835850940484713,0.00823518235856692,0.298289711625866,1.00390552092788,36.3628484833338
18.919041,51.292747,4.1e-05,"2021-06-20 07:49:17",413.515381,0.597504,0,51.28323,51.286793,51.302265,51.298695,18.900665,18.933044,18.937408,18.904968,0.405380999999977,0.71,3.62439307992886e-05,3.55974157694482e-05,4.07054990815632e-05,3.1638404775858e-05,4.6029455786933e-05,3.90542719836725e-06,0.0952543219113963,3.55636229261825e-06,0.0867405437223963,5.28205209725383e-06,0.12883053895741,0.927960683458033,22633.1874014154
18.921579,51.447933,0.011649,"2021-06-20 07:49:00",412.429016,0.546541,0,51.43819,51.441772,51.457691,51.45409,18.899109,18.93158,18.944122,18.911499,-0.680984000000024,0.71,0.0102672993301652,0.00501010741754662,0.00401506800600928,0.00309258435604933,0.0161149538381505,0.00388069665347787,0.333135604213054,0.00315790624342231,0.27108818297041,0.00500321680107508,0.429497536361497,0.896008982577384,76.9172446199145
18.923784,51.308868,0.000103,"2021-06-20 07:49:17",412.378021,0.524289,0,51.299458,51.303036,51.318268,51.314693,18.905365,18.937805,18.942139,18.909668,-0.731979000000024,0.71,0.000141285598334074,0.000121298933656994,0.000116038652495787,0.000112156949135616,0.000115249652863953,1.42586140494474e-05,0.138433146111139,8.66181260728238e-06,0.0840952680318678,1.66833771237952e-05,0.161974535182478,0.88259784488709,8568.91111540864
18.927685,51.417534,0.00214,"2021-06-20 07:49:00",413.302155,0.640683,0,51.407543,51.411053,51.427364,51.423904,18.904968,18.937622,18.950287,18.917694,0.192155000000014,0.71,0.00247319563099724,0.00361904854318857,0.00828046052679302,0.0101901879615241,0.00232438390476512,0.00366028929543406,1.71041555861405,0.000130379109401071,0.060924817477136,0.00366261060425994,1.71150028236446,0.956341006757233,446.888320914595
18.928392,51.324795,0.000245,"2021-06-20 07:49:17",412.961914,0.630182,0,51.315258,51.318832,51.334332,51.330753,18.909973,18.942413,18.946777,18.914307,-0.148086000000035,0.71,0.000306878115377615,0.00028340630160561,0.000245403747644906,0.000246825332007741,0.000245174793370641,2.83091708475504e-05,0.11554763611245,1.23597577686721e-07,0.00050447990892539,2.83094406592042e-05,0.115548737384507,0.949331003352058,3874.82042184513
18.928963,51.496159,0.097493,"2021-06-20 07:49:00",414.283386,0.698061,0,51.486023,51.489674,51.506207,51.502583,18.906403,18.938812,18.951508,18.919128,1.17338599999999,0.71,0.0666059061291586,0.0883846795928237,0.100585322556974,0.0601116704298116,0.120471596374973,0.0183048168410852,0.187755191050488,0.016248321318892,0.166661414859447,0.0244759936523043,0.251053856710782,0.99598606114055,10.2159751073467
18.93302,51.340546,0.000431,"2021-06-20 07:49:18",412.387726,0.601309,0,51.331375,51.334949,51.349701,51.34613,18.914642,18.947083,18.951355,18.918884,-0.722274000000027,0.71,0.000569635096547037,0.000485499403429733,0.000436658365529901,0.000475323402527724,0.000535841467228197,5.55998024374038e-05,0.129001861803721,7.41341124266053e-05,0.172004901221822,9.26671714058376e-05,0.215005038064588,0.930415241743279,2158.73605972919
18.935036,51.465157,0.038886,"2021-06-20 07:49:00",414.726379,0.598098,0,51.454712,51.458313,51.475555,51.472004,18.912079,18.944672,18.957733,18.925354,1.61637899999999,0.71,0.0491088579925668,0.060632460057123,0.027271269300769,0.0258110691313629,0.0230445681379808,0.0147705150323953,0.379841460484373,0.0112015838933384,0.288062127586751,0.0185376264942876,0.476717237419319,0.928528330854822,23.878216603786
18.937582,51.356506,0.000739,"2021-06-20 07:49:18",413.9841,0.631562,0,51.34671,51.350281,51.366291,51.362732,18.919128,18.951569,18.955994,18.923523,0.874099999999999,0.71,0.00087101330074119,0.000773972966546166,0.000764537392849543,0.000711550837886836,0.000834066533973618,6.04282982474522e-05,0.0817703629870802,6.72221908366466e-05,0.090963722377059,9.03902769658417e-05,0.122314312538351,0.950247635100663,1285.85606914839
18.939432,51.275959,3.1e-05,"2021-06-20 07:49:40",412.382324,0.508283,0,51.267033,51.270596,51.284901,51.28133,18.925446,18.957794,18.953369,18.920959,-0.727676000000031,0.71,3.03337716180329e-05,3.90082791178527e-05,3.09376785441022e-05,3.24926532760711e-05,2.9408009484061e-05,3.58529473372957e-06,0.115654668829986,1.12570728940514e-06,0.0363131383679077,3.75786578114877e-06,0.121221476811251,0.87318475026945,28167.2500086919
18.941004,51.43462,0.010759,"2021-06-20 07:49:00",412.501587,0.628113,0,51.424511,51.427959,51.44458,51.441128,18.918304,18.950897,18.963715,18.931,-0.608413000000041,0.71,0.00481428679867886,0.0097412143142443,0.00849176211020082,0.00972285894690568,0.00535367203720523,0.00231904124343252,0.215544311128592,0.00382214405702945,0.355250865045957,0.00447065291444399,0.415526806807695,0.947969370552911,88.1094312252914
18.942085,51.372463,0.001215,"2021-06-20 07:49:18",412.420868,0.612806,0,51.363163,51.36673,51.381756,51.378193,18.923676,18.956146,18.960419,18.927948,-0.689132000000029,0.71,0.00128418707502541,0.00128894162801832,0.00118929639224578,0.00109994501206947,0.00121167963727913,7.77036323508591e-05,0.063953606873135,2.34785099592609e-06,0.00193238765096797,7.77390949575344e-05,0.063982794203732,0.937886560133669,771.923094760222
18.944122,51.260952,1.2e-05,"2021-06-20 07:49:40",413.673523,0.573597,0,51.252151,51.255707,51.269772,51.266209,18.930084,18.962463,18.95813,18.925781,0.563522999999975,0.71,1.15598723856269e-05,1.04615866634241e-05,1.20483222184374e-05,1.10216281087745e-05,9.2416963036922e-06,6.76016756842045e-07,0.0563347297368371,1.95041524823116e-06,0.162534604019264,2.06424763438495e-06,0.172020636198746,0.912750523644474,76062.5436370395
18.94656,51.388523,0.001735,"2021-06-20 07:49:18",412.188568,0.677158,0,51.379093,51.382648,51.397949,51.394398,18.928131,18.960571,18.964935,18.932465,-0.921432000000038,0.71,0.00178924424955867,0.00191431309993085,0.00160857151918145,0.00144378452533257,0.00194055122083891,0.000179658470551348,0.103549550750056,0.000145346662136367,0.0837732922976178,0.00023109049793324,0.133193370566709,0.981143725642079,565.500706421947
18.946779,51.28038,6e-05,"2021-06-20 07:49:18",413.588959,0.57061,0,51.27087,51.274433,51.289886,51.28632,18.928375,18.960785,18.965118,18.932678,0.478958999999975,0.71,5.80883246031662e-05,5.90206966458888e-05,5.78159639746654e-05,5.81612000390004e-05,6.02610179708203e-05,8.950655973839e-07,0.0149177599563983,1.84567577178584e-07,0.00307612628630974,9.13896938481452e-07,0.0152316156413575,0.910876375860542,15181.272931009
18.948215,51.482365,0.117571,"2021-06-20 07:49:00",413.208282,0.57567,0,51.472473,51.476025,51.49226,51.488697,18.92572,18.958099,18.970703,18.938232,0.0982819999999833,0.71,0.105094265615985,0.0669389487484212,0.0871230378294978,0.0928324490265218,0.118973475089824,0.0191023053370904,0.162474635216936,0.00099169964645977,0.0084349001578601,0.0191280301489783,0.162693437573707,0.91425479514049,7.77619306751232
18.948788,51.246029,3e-06,"2021-06-20 07:49:40",413.194977,0.528726,0,51.236767,51.240311,51.255306,51.251751,18.934967,18.967346,18.962555,18.930145,0.0849769999999808,0.71,3.146210175634e-06,3.79754809172435e-06,3.61280399595282e-06,5.18482835363334e-06,3.87173084820184e-06,8.67015469391393e-07,0.289005156463797,6.16406794133022e-07,0.205468931377674,1.06380127844317e-06,0.354600426147724,0.885240748653795,295080.249551265
18.951559,51.296326,0.000156,"2021-06-20 07:49:18",413.327271,0.581675,0,51.286804,51.290371,51.305843,51.302277,18.933136,18.965576,18.96994,18.937469,0.217270999999982,0.71,0.000161349718477293,0.000150539057155135,0.000161209119969315,0.000160963605444448,0.000182361813754942,4.74254503783417e-06,0.0304009297297062,1.86406172704963e-05,0.119491136349335,1.92344572489325e-05,0.123297802877772,0.917848465703879,5883.6440109223
18.95426,51.451542,0.031605,"2021-06-20 07:49:01",413.225128,0.613472,0,51.441784,51.445232,51.461079,51.457703,18.931641,18.964386,18.976746,18.944183,0.11512799999997,0.71,0.0530868443468461,0.0348262877157612,0.0336928732669741,0.0377633229142829,0.0506260639181472,0.00861682715158228,0.272641264090564,0.0134499232819046,0.425563147663491,0.0159734199985277,0.505408005015907,0.938457801358404,29.693333376314
18.956306,51.312447,0.00037,"2021-06-20 07:49:18",412.659149,0.55212,0,51.30304,51.30661,51.321838,51.318272,18.937897,18.970337,18.97467,18.9422,-0.450851,0.71,0.000411074064939075,0.000371965628838822,0.000354637308054991,0.00034057083514113,0.000344299095938422,2.64216603395076e-05,0.0714098928094799,1.81732835445667e-05,0.049116982552883,3.20682455068487e-05,0.0866709338022939,0.899408970062214,2430.8350542222
18.960316,51.42091,0.007625,"2021-06-20 07:49:01",411.728577,0.72742,0,51.411057,51.414532,51.430878,51.427368,18.937714,18.970245,18.98291,18.950348,-1.38142300000004,0.71,0.0148869521457246,0.00700250647093289,0.00420496558197198,0.00860961592179399,0.0113945496636519,0.00394508429655328,0.517388104466003,0.00266547412918773,0.34957037759839,0.00476113877557463,0.624411642698313,1.01649521634017,133.310848044612
18.960936,51.328373,0.000585,"2021-06-20 07:49:18",412.796326,0.558714,0,51.318844,51.322403,51.337891,51.334335,18.942474,18.974945,18.979309,18.946838,-0.313673999999992,0.71,0.000685551596172472,0.000665871747028146,0.000603119711343578,0.000584330479355229,0.000690715507724581,4.76169577465727e-05,0.0813965089685003,7.475215238863e-05,0.127781457074581,8.86298987462575e-05,0.151504100420953,0.90347182670588,1544.39628496732
18.961485,51.499725,0.185567,"2021-06-20 07:49:00",412.993378,0.598184,0,51.489685,51.493244,51.509815,51.506214,18.938904,18.971375,18.984253,18.951569,-0.116622000000007,0.71,0.306319417585014,0.265079620103278,0.1842816166797,0.155333113127422,0.224782602132069,0.0634903859345935,0.342142654322123,0.0277296181958996,0.149431839690783,0.0692817496272575,0.373351671510869,0.93098016020075,5.0169489198012
18.965508,51.344105,0.000974,"2021-06-20 07:49:18",413.651031,0.59978,0,51.334957,51.338512,51.353256,51.349712,18.947144,18.979614,18.983856,18.951416,0.541030999999975,0.71,0.0010123228333873,0.000977647853509867,0.000914184995880404,0.000920435568475052,0.00107920832555007,4.15604606475468e-05,0.042669877461547,7.43935204337364e-05,0.0763793844288875,8.52154198004155e-05,0.087490164066135,0.929427810893169,954.237998863623
18.96582,51.390224,0.002332,"2021-06-20 07:49:01",413.369324,0.659107,0,51.380184,51.383759,51.400288,51.396698,18.943237,18.975708,18.988495,18.955933,0.259323999999992,0.71,0.00268763787073969,0.00293418540308075,0.0020833079634769,0.00218769974677932,0.00226950439931141,0.000356359733549802,0.152812921762351,4.41910630412284e-05,0.0189498555065302,0.000359089278242055,0.153983395472579,0.968773537207798,415.426045114836
18.96751,51.468681,0.101451,"2021-06-20 07:49:01",412.743103,0.627553,0,51.458324,51.4617,51.478947,51.475567,18.944733,18.977295,18.99054,18.957825,-0.366896999999994,0.71,0.0747640947270224,0.121579432197663,0.0841488745617328,0.0862823579526194,0.0987296734569592,0.0183176118686006,0.180556247534284,0.0019242684524071,0.018967466583938,0.0184184069247486,0.181549781911944,0.947766851880063,9.34211443830089
18.970093,51.360069,0.001489,"2021-06-20 07:49:18",411.595398,0.539142,0,51.350292,51.353832,51.369854,51.366302,18.95166,18.98407,18.988525,18.956055,-1.51460200000002,0.71,0.00157858983073851,0.00148951188498763,0.00131784373153673,0.00131057716336617,0.00148892290936125,0.000117993721809441,0.0792436009465688,5.45113134261257e-08,3.66093441411186e-05,0.000117993734401141,0.0792436094030498,0.891501043233557,598.724676449669
18.971893,51.279518,0.000158,"2021-06-20 07:49:40",412.848816,0.610054,0,51.270603,51.27412,51.288418,51.284908,18.957855,18.990265,18.98587,18.953461,-0.261184000000014,0.71,0.00015510940379589,0.000146779462106856,0.000138081276991472,0.000140147872825534,0.000157197262550116,8.82272533573506e-06,0.0558400337704751,5.67621094325358e-07,0.00359253857167948,8.84096578754519e-06,0.0559554796680075,0.936090745063833,5924.62496875844
18.973734,51.438011,0.034732,"2021-06-20 07:49:01",413.409485,0.609389,0,51.427963,51.431469,51.448109,51.444584,18.950958,18.983521,18.996338,18.963776,0.299485000000004,0.71,0.0471042614176944,0.0256804643220252,0.0351393369948085,0.0198201928381276,0.0353788941926957,0.0103985075743397,0.299392709154085,0.000457423270365328,0.0131700814915734,0.0104085635811034,0.299682240616819,0.935715390231892,26.9410166483903
18.974607,51.376026,0.001987,"2021-06-20 07:49:18",411.748871,0.634693,0,51.366734,51.370285,51.385315,51.38176,18.956207,18.988678,18.992981,18.96048,-1.36112900000001,0.71,0.00213511240553043,0.0034631744837809,0.00191669471262947,0.00189468964995071,0.00221533310116275,0.000668430223672425,0.336401723035946,0.000161455884201534,0.0812561067949343,0.000687653231259817,0.346076110347165,0.952331705403095,479.281180373978
18.976606,51.264519,6.9e-05,"2021-06-20 07:49:40",412.537109,0.495112,0,51.255718,51.259235,51.273296,51.269775,18.962524,18.994934,18.990601,18.958221,-0.572891000000027,0.71,8.0366812187036e-05,8.16114012209117e-05,7.37911004671505e-05,5.84767772047811e-05,8.26319678592352e-05,9.42550733111032e-06,0.136601555523338,9.63925691418227e-06,0.139699375567859,1.34816713469223e-05,0.195386541259743,0.865584133822793,12544.6975916347
18.97925,51.283943,0.000232,"2021-06-20 07:49:18",412.959991,0.596022,0,51.274445,51.277988,51.293446,51.289898,18.960846,18.993256,18.99762,18.965179,-0.150009000000011,0.71,0.000268240166230685,0.000265968366177785,0.000206328092451319,0.000201983291593285,0.00025830430015081,3.15637591836615e-05,0.136050686136472,1.85999490110041e-05,0.0801721940129487,3.66364435639723e-05,0.157915705017122,0.927007133643657,3995.72040363645
18.979382,51.407253,0.006322,"2021-06-20 07:49:01",411.888519,0.685835,0,51.397175,51.400768,51.417316,51.413746,18.956665,18.989258,19.001984,18.969482,-1.22148100000004,0.71,0.00423463574922019,0.0156655278687455,0.00579597964762113,0.00928069805107721,0.00402239491017285,0.00452533051019821,0.7158067874404,0.00162606635306788,0.257207585110389,0.00480860769985557,0.760614947778482,0.987164003564256,156.147422265779
18.981249,51.249592,2.9e-05,"2021-06-20 07:49:40",413.003632,0.526774,0,51.240322,51.243847,51.258835,51.25531,18.967407,18.999786,18.995026,18.962616,-0.106368000000032,0.71,3.48738485278583e-05,3.12781141356304e-05,3.17019069391315e-05,3.1860347305174e-05,3.15872455189193e-05,2.09510377298594e-06,0.0722449576891702,1.82945885102235e-06,0.0630847879662878,2.78143479290166e-06,0.0959115445828159,0.884076267684941,30485.38854086
18.984055,51.299889,0.000496,"2021-06-20 07:49:18",412.021271,0.633722,0,51.290379,51.293934,51.309399,51.305847,18.965637,18.998077,19.002441,18.970001,-1.088729,0.71,0.000533646181825066,0.000544878313094487,0.000477342388962369,0.000464235661077203,0.000553265629227494,3.50097323015235e-05,0.0705841377046845,4.04929147556756e-05,0.0816389410396685,5.3529034189258e-05,0.107921439897697,0.95168459909224,1918.71894978274
18.985823,51.234638,9e-06,"2021-06-20 07:49:40",413.337738,0.640331,0,51.225948,51.229481,51.243298,51.239773,18.97168,19.004089,18.999878,18.967499,0.227737999999988,0.71,1.29656655608634e-05,9.60419151278007e-06,1.12641830906895e-05,9.97524878512402e-06,1.00912264612126e-05,1.57893850470509e-06,0.175437611633899,7.71613630533628e-07,0.0857348478370698,1.75739420633665e-06,0.195266022926295,0.956098211254518,106233.134583835
18.988811,51.316006,0.000843,"2021-06-20 07:49:18",413.170532,0.609967,0,51.306614,51.310165,51.32539,51.321842,18.970398,19.002838,19.007172,18.974731,0.0605319999999665,0.71,0.000871865324279677,0.000827232570626173,0.00078306713799541,0.000764098022573728,0.000777465615759151,4.39810553561687e-05,0.052172070410639,4.63398074975891e-05,0.0549701156555031,6.38882695739679e-05,0.0757867966476488,0.936034051288045,1110.36067768451
18.990227,51.219868,4e-06,"2021-06-20 07:49:40",412.786743,0.613923,0,51.210827,51.214367,51.228882,51.225346,18.976257,19.008667,19.00415,18.971741,-0.323257000000012,0.71,3.76541731755222e-06,1.90626633434928e-06,2.36072366032259e-06,4.35527671322107e-06,2.28279194284025e-06,1.07731527631911e-06,0.269328819079778,1.21424946192584e-06,0.303562365481459,1.62327137607293e-06,0.405817844018233,0.938616774797699,234654.193699425
18.992943,51.4245,0.030467,"2021-06-20 07:49:01",413.363922,0.712405,0,51.414547,51.41811,51.434448,51.430882,18.970337,19.002808,19.015503,18.982971,0.253921999999989,0.71,0.0243773867354902,0.0335301729011809,0.0204007410163542,0.0247724758097171,0.0287829879237519,0.00523525643988889,0.171833670525122,0.00119077635871507,0.039084135579974,0.00536897181291472,0.176222529717882,1.00580798857601,33.0130301170451
18.993443,51.331932,0.001133,"2021-06-20 07:49:18",412.349548,0.647347,0,51.322414,51.325958,51.341434,51.337902,18.975006,19.007446,19.01178,18.97937,-0.760451999999987,0.71,0.00133519683493503,0.00126425772274088,0.00115352429302508,0.0011860833974156,0.00128031886150509,8.39811120935549e-05,0.074122782077277,0.000104170165966931,0.091941894057309,0.000133806766144497,0.118099528812442,0.960811197017005,848.024004428072
18.994184,51.503223,0.525637,"2021-06-20 07:49:01",412.397827,0.6639,0,51.493256,51.496613,51.513149,51.509823,18.971436,19.004059,19.016815,18.984314,-0.712173000000007,0.71,0.627812224201579,0.596690714340375,0.403492640882912,0.439900845821333,0.486334714513137,0.09684806791193,0.184248954909814,0.0277909125838905,0.0528709215368981,0.10075655353633,0.191684667434617,0.97724873654588,1.85917037146525
18.994732,51.204914,0,"2021-06-20 07:49:40",412.703857,0.554696,0,51.195999,51.199535,51.213818,51.210278,18.980804,19.013123,19.008698,18.976318,-0.406142999999986,0.71,3.4204504152984e-07,1.33159174410191e-07,2.09211905426305e-07,9.82288101440679e-08,7.47137623780974e-08,1.280996476531e-07,Inf,5.2830608025513e-08,Inf,1.38566203935858e-07,Inf,0.900992592875224,Inf
18.998014,51.34766,0.002946,"2021-06-20 07:49:18",411.910339,0.5912,0,51.33852,51.342052,51.356815,51.353268,18.979675,19.012085,19.016418,18.983917,-1.19966099999999,0.71,0.00176574021683979,0.00189027804252776,0.00182167403880559,0.00165992401764087,0.00179633418983031,0.000526280827723466,0.178642507713328,0.000812936490469314,0.275945855556454,0.000968419974580172,0.328723684514654,0.923914702684857,313.616667578023
18.998489,51.393822,0.004261,"2021-06-20 07:49:01",414.05365,0.619284,0,51.38377,51.387386,51.403931,51.400299,18.9758,19.00827,19.021027,18.988586,0.943649999999991,0.71,0.0138652386885784,0.00535910442365111,0.00829869329179044,0.00729552281117511,0.00411824941121663,0.00373401723562053,0.876324157620401,0.000100939909347093,0.0236892535430869,0.00373538131670787,0.876644289300133,0.942139387633051,221.107577477834
19.00021,51.472088,0.213618,"2021-06-20 07:49:01",414.062347,0.689331,0,51.461704,51.465252,51.482483,51.478954,18.977356,19.009888,19.02298,18.990601,0.952346999999975,0.71,0.266104420929962,0.280024664545502,0.18929946172099,0.185238728277199,0.306893041245237,0.043832296730361,0.205190090396694,0.065955414179962,0.30875401033603,0.0791920885967074,0.370718238148037,0.992748011560491,4.64730505650503
19.002634,51.363628,0.002349,"2021-06-20 07:49:18",413.553467,0.636016,0,51.35384,51.357391,51.373413,51.369862,18.984131,19.016632,19.021088,18.988586,0.443466999999998,0.71,0.00282203663713143,0.00258918052578672,0.00229290390619528,0.00228946105053185,0.00246280621813516,0.000232766581222352,0.0990917757438706,8.0473148584567e-05,0.0342584710875125,0.000246284812721076,0.104846663567934,0.953213728873126,405.795542304438
19.004377,51.283031,0.000501,"2021-06-20 07:49:41",412.712372,0.583584,0,51.274128,51.277645,51.29195,51.288422,18.990326,19.022766,19.018341,18.985931,-0.397627999999997,0.71,0.000528739549266501,0.0004631645380177,0.000429314632135088,0.000442702392673115,0.000484868863121856,4.1273444232958e-05,0.082382124217481,1.1406436274784e-05,0.0227673378738204,4.28206023701419e-05,0.08547026421186,0.919059457755375,1834.45001547979
19.007172,51.379585,0.010016,"2021-06-20 07:49:18",413.282288,0.522505,0,51.370289,51.373844,51.388866,51.385326,18.988739,19.02124,19.025543,18.993042,0.17228799999998,0.71,0.00374518385972517,0.00361259206711338,0.0038479032226852,0.00387111391702588,0.00350187154438524,0.00279551913694589,0.279105345142361,0.00460618440448545,0.459882628243355,0.00538812230866706,0.537951508453181,0.88155573101592,88.0147495023882
19.009075,51.268024,0.000284,"2021-06-20 07:49:41",412.153381,0.505782,0,51.259243,51.262756,51.276821,51.2733,18.995026,19.027405,19.023102,18.990692,-0.956618999999989,0.71,0.000331076200855911,0.000322250995895704,0.000303119714838046,0.000280151993710782,0.000310711758515232,2.25590894785217e-05,0.0794334136567666,1.8888065583538e-05,0.0665072731814719,2.9422296640269e-05,0.103599636057285,0.87173128450783,3069.47635390081
19.011669,51.395641,0.004933,"2021-06-20 07:49:18",412.890167,0.655104,0,51.386227,51.389767,51.405048,51.401524,18.993225,19.025696,19.03006,18.997589,-0.219832999999994,0.71,0.00732080454602345,0.0106014529727851,0.0144175780147159,0.00995337293148955,0.0157278906467584,0.00357745400609106,0.725208596410107,0.0076331403784901,1.54736273636532,0.00842988785236393,1.7088765157843,0.966091255433566,195.842541137962
19.011747,51.287498,0.000621,"2021-06-20 07:49:18",412.662567,0.655646,0,51.277996,51.281544,51.296993,51.293453,18.993317,19.025757,19.03009,18.997681,-0.44743299999999,0.71,0.000676073696006488,0.000662697512336568,0.000585957518775034,0.000603130235032123,0.000674903547919975,3.85174532033979e-05,0.0620248843855039,3.81155642642284e-05,0.0613777202322518,5.41884714718589e-05,0.0872600184732028,0.966422102526836,1556.23526976946
19.01198,51.410831,0.016485,"2021-06-20 07:49:01",414.53833,0.685553,0,51.400776,51.404415,51.420979,51.417328,18.989319,19.02179,19.034454,19.002045,1.42832999999996,0.71,0.03563667576638,0.0261505417503447,0.0265284750207026,0.0247757435256527,0.0311648561424187,0.00680377865832084,0.412725426649732,0.0103802258251473,0.629677029126312,0.0124113050164951,0.752884744707012,0.987034425084157,59.8746997321296
19.016542,51.30344,0.000978,"2021-06-20 07:49:18",411.709717,0.659905,0,51.293941,51.297474,51.312939,51.309402,18.998138,19.030518,19.034912,19.002502,-1.400283,0.71,0.00107391249542435,0.0010287508649863,0.000956030967035384,0.000956624268004193,0.00100987697206856,5.14282776543679e-05,0.0525851509758363,2.2540423113373e-05,0.0230474673960869,5.61510321955406e-05,0.0574141433492235,0.969316569639629,991.121236850337
19.01827,51.238136,8.9e-05,"2021-06-20 07:49:41",413.05835,0.52485,0,51.229492,51.232986,51.246811,51.243305,19.00415,19.03653,19.032349,18.999939,-0.0516499999999951,0.71,8.78408383791892e-05,7.11201987517719e-05,7.86832275770265e-05,6.76685369558648e-05,7.63075792932233e-05,9.60025575357812e-06,0.107868042175035,8.97489675143436e-06,0.10084153653297,1.3142057762505e-05,0.147663570365224,0.882931210611967,9920.57540013446
19.021267,51.319546,0.00145,"2021-06-20 07:49:18",411.415222,0.659867,0,51.310169,51.313702,51.328922,51.325397,19.002899,19.035309,19.039642,19.007233,-1.69477799999999,0.71,0.00147233878875738,0.00150181012806289,0.00143296240805026,0.00140041652644533,0.00143080955240365,3.84732944168604e-05,0.0265333064943865,1.3569695629384e-05,0.00935841077888555,4.07962133385017e-05,0.0281353195437943,0.969290699095648,668.476344203896
19.022678,51.22337,2.9e-05,"2021-06-20 07:49:40",412.865692,0.638824,0,51.214375,51.217869,51.232391,51.228886,19.008728,19.041138,19.036591,19.004211,-0.24430799999999,0.71,3.47007138332581e-05,2.56663107391965e-05,2.91227514281707e-05,2.50971766896126e-05,3.58398276414503e-05,3.82293668079897e-06,0.131825402786171,4.8364885074167e-06,0.16677546577299,6.16493843827917e-06,0.212584084078592,0.955089578528635,32934.1233975392
19.025917,51.335472,0.00204,"2021-06-20 07:49:18",413.62265,0.604653,0,51.325962,51.329494,51.344986,51.341446,19.007507,19.039917,19.044342,19.011841,0.512650000000008,0.71,0.00221794000251237,0.00204398283271124,0.00198720066574627,0.00204981339706018,0.00204896201380688,8.76097705498119e-05,0.0429459659557901,6.33710073593236e-06,0.00310642192937861,8.78386631360475e-05,0.0430581682039449,0.932579893695243,457.147006713354
19.026821,51.506664,0.900838,"2021-06-20 07:49:01",413.403687,0.617455,0,51.496616,51.500141,51.516697,51.513153,19.00412,19.03653,19.049438,19.016876,0.293686999999977,0.71,1.00613375667729,0.944437085128779,0.787635651814083,0.741719397142711,0.949338504909295,0.109629805618827,0.121697581162015,0.0342950359123339,0.0380701479204184,0.114868811120557,0.127513283321259,0.947916410235233,1.05226068420208
19.027218,51.208424,7e-06,"2021-06-20 07:49:40",412.330658,0.566437,0,51.199543,51.203033,51.217316,51.213825,19.013184,19.045563,19.041168,19.008759,-0.779341999999986,0.71,6.22020645079202e-06,7.88726152649886e-06,7.41238282404054e-06,9.64812495797653e-06,6.92757051273194e-06,1.28167100888847e-06,0.183095858412639,5.12153816051099e-08,0.00731648308644427,1.28269388021388e-06,0.183241982887698,0.908268063388032,129752.580484005
19.030582,51.351215,0.002903,"2021-06-20 07:49:19",412.969666,0.645701,0,51.34206,51.3456,51.360352,51.356823,19.012146,19.044647,19.04892,19.016479,-0.140333999999996,0.71,0.0032375794703042,0.00383492342537967,0.00282304610995063,0.00366853357073046,0.00333522393518344,0.000450203756142771,0.155082244623759,0.000305628475559345,0.105280218931914,0.000544143535400164,0.187441796555344,0.959703119455797,330.59012037747
19.030819,51.397568,0.025274,"2021-06-20 07:49:02",413.414764,0.688064,0,51.387394,51.391098,51.407604,51.403942,19.008331,19.04071,19.053467,19.021088,0.304763999999977,0.71,0.0129334303955967,0.0260489483023492,0.023200883317689,0.019167038399585,0.0128268005452619,0.00539686171263863,0.213534134392602,0.00880149914122681,0.348243219958329,0.0103243645556693,0.408497450172878,0.988756117856915,39.1214733661832
19.031687,51.193272,1e-06,"2021-06-20 07:49:40",413.828217,0.598465,0,51.184277,51.187763,51.202282,51.198788,19.017792,19.05011,19.045593,19.013214,0.718216999999981,0.71,1.11384481003914e-06,1.04607244890636e-06,1.68525197055043e-06,1.75886398132822e-06,1.24115350820664e-06,3.69439984414341e-07,0.369439984414341,1.70521280959841e-07,0.170521280959841,4.06894838188264e-07,0.406894838188264,0.928579752215805,928579.752215805
19.032713,51.475632,0.604548,"2021-06-20 07:49:01",413.312134,0.615154,0,51.465256,51.468784,51.486027,51.482487,19.009949,19.042358,19.055542,19.023041,0.202134000000001,0.71,0.726610408724191,0.696906906343158,0.60913699189673,0.51490365577014,0.560805724984181,0.0838740961809058,0.138738522302457,0.0309304592882125,0.0511629503169516,0.089395510636405,0.147871650615675,0.943666255112444,1.56094512778546
19.035183,51.367176,0.004193,"2021-06-20 07:49:19",413.148041,0.638509,0,51.357403,51.360931,51.376938,51.373425,19.016693,19.049164,19.053589,19.021179,0.0380409999999642,0.71,0.00524937333006827,0.00470838137828411,0.00393290888263119,0.00396024765330058,0.00419990505984744,0.000563594208447275,0.134413119114542,4.88261464262386e-06,0.00116446807598947,0.000563615357953507,0.134418163117936,0.954879081739291,227.731715177508
19.036089,51.178265,0,"2021-06-20 07:49:40",412.89743,0.492187,0,51.16927,51.172749,51.187256,51.183773,19.022156,19.054474,19.049957,19.017639,-0.212570000000028,0.71,4.62597027480981e-09,2.17346084769862e-08,1.33610693045752e-07,6.1474560116484e-08,5.56435720496026e-08,5.54911712569962e-08,Inf,3.93459471257162e-08,Inf,6.80248016733084e-08,Inf,0.863914372475076,Inf
19.036858,51.286575,0.000986,"2021-06-20 07:49:41",412.440857,0.582467,0,51.277653,51.281178,51.295483,51.291958,19.022827,19.055267,19.050842,19.018402,-0.66914300000002,0.71,0.00100856815738906,0.00102233814181249,0.000958165850700731,0.00095407291671903,0.00103305642519964,3.00986486829127e-05,0.0305260128629946,3.3273917357063e-05,0.0337463664878935,4.48673849117826e-05,0.0455044471721933,0.918350591060997,931.390051786001
19.037313,51.181797,1e-06,"2021-06-20 07:50:02",413.045654,0.520608,0,51.173309,51.176773,51.190289,51.186817,19.027985,19.060211,19.0466,19.014374,-0.0643460000000005,0.71,3.51370892921667e-07,1.43780008652945e-07,1.17276982918654e-07,1.07822144096275e-07,1.50602147238158e-07,3.80020285178425e-07,0.380020285178426,6.00614981613191e-07,0.600614981613191,7.10741706448486e-07,0.710741706448486,0.880416202522707,880416.202522708
19.038727,51.445114,0.287152,"2021-06-20 07:49:01",414.180298,0.644219,0,51.435047,51.438709,51.455349,51.451664,19.016174,19.048492,19.061249,19.0289,1.07029799999998,0.71,0.375785659495245,0.348866568195824,0.225647491568534,0.234277416000248,0.350808387135008,0.0670529342672468,0.233510246375602,0.0450118630090003,0.156752740740097,0.0807599145949816,0.281244478864788,0.962102013180717,3.35049734350002
19.039719,51.383125,0.007396,"2021-06-20 07:49:19",413.196045,0.622059,0,51.373856,51.377369,51.392399,51.388874,19.021332,19.053741,19.058105,19.025604,0.0860450000000128,0.71,0.011915449917629,0.00710396993591374,0.0153749882681904,0.016300726415696,0.0222771956114331,0.00431083272544628,0.582860022369697,0.0105225943290078,1.42274125595022,0.0113713794325775,1.53750397952643,0.944026857537009,127.640191662657
19.041565,51.271564,0.000753,"2021-06-20 07:49:41",411.372437,0.564407,0,51.26276,51.266285,51.28035,51.276829,19.027466,19.059906,19.055603,19.023163,-1.73756300000002,0.71,0.000822527889563688,0.000743820596647703,0.00073477589531749,0.000736913729752778,0.000759758182874949,3.66526885344278e-05,0.048675549182507,4.77875693937528e-06,0.00634629075614247,3.69629015999475e-05,0.0490875187250298,0.907003452592798,1204.51985736095
19.044218,51.399181,0.020531,"2021-06-20 07:49:19",414.033905,0.711347,0,51.389771,51.393299,51.408585,51.405056,19.025757,19.058258,19.062622,19.030121,0.923904999999991,0.71,0.0351351931304758,0.0470349765892786,0.0382365945797552,0.0381422196748236,0.0482265556651606,0.00963367446511711,0.469225778827973,0.0195837152195646,0.953860757857122,0.0218249761855736,1.06302548271266,1.00528149490304,48.9640784619865
19.051655,51.167641,0,"2021-06-20 07:50:02",413.782837,0.592038,0,51.159283,51.162735,51.17601,51.172543,19.042236,19.074432,19.061127,19.02887,0.672836999999959,0.71,1.64247196118371e-08,4.89016034946385e-09,6.45091786796242e-10,1.36848911367369e-09,1.45594359303762e-07,6.83978382704335e-09,Inf,1.02950758766201e-07,Inf,1.03177717426473e-07,Inf,0.924450644136295,Inf
19.055149,51.226906,0.000221,"2021-06-20 07:49:41",412.48407,0.460727,0,51.217876,51.221401,51.23592,51.232395,19.041199,19.073547,19.069031,19.036652,-0.625930000000039,0.71,0.000256940350676329,0.000227097900339753,0.000206680142288914,0.000205168378196111,0.000225384107316436,2.09543116192962e-05,0.0948158896800731,3.10003201290145e-06,0.0140272941760247,2.11823835750272e-05,0.0958478894797613,0.84638606378986,3829.80119361928
19.057892,51.431805,0.282285,"2021-06-20 07:49:02",414.195129,0.628965,0,51.421787,51.425415,51.441723,51.438122,19.0354,19.06778,19.080353,19.047943,1.08512899999999,0.71,0.345309975761062,0.344169505361943,0.254940402898735,0.288583631698145,0.317576027637714,0.0400989817387401,0.142051408111448,0.0249545249576694,0.0884018809276774,0.0472298279940416,0.167312567065347,0.949698703735741,3.36432578328902
19.05937,51.510201,1.166095,"2021-06-20 07:49:01",411.691589,0.66715,0,51.500149,51.503681,51.520245,51.516708,19.036591,19.069122,19.082062,19.0495,-1.41841099999999,0.71,0.909743907196959,1.09804439025455,1.10776657672375,1.11176466042589,1.02665323889255,0.0981024833340629,0.0841290661001572,0.0986002148596725,0.0845559022718325,0.139090257051613,0.119278666876723,0.984141870924453,0.84396371729958
19.05965,51.211952,0.000104,"2021-06-20 07:49:41",412.133636,0.626897,0,51.203045,51.20657,51.220844,51.217327,19.045624,19.078003,19.073578,19.041229,-0.97636399999999,0.71,0.000110729292890209,0.000104334110259882,8.63713937286231e-05,0.000103346647601647,0.000103059905211055,9.10245081428889e-06,0.0875235655220086,6.6474740022114e-07,0.00639180192520326,9.1266916203326e-06,0.0877566501955058,0.947153550746813,9107.24568025782
19.064146,51.196796,3.6e-05,"2021-06-20 07:49:41",413.545166,0.564749,0,51.187775,51.191296,51.205811,51.202286,19.050171,19.08252,19.078064,19.045654,0.435165999999981,0.71,2.98399820830199e-05,3.54333775986626e-05,3.41104515730039e-05,3.2203946458941e-05,3.0511918201393e-05,2.52163368238926e-06,0.0700453800663682,3.88065985550147e-06,0.107796107097263,4.62797551227972e-06,0.128554875341103,0.907216309940699,25200.4530539083
19.068481,51.181774,5e-06,"2021-06-20 07:49:41",412.493408,0.582251,0,51.172756,51.176273,51.190784,51.187267,19.054535,19.086853,19.082397,19.050018,-0.616592000000026,0.71,4.19578436722356e-06,6.91948259146264e-06,6.55333144661973e-06,5.48506527410366e-06,8.04657047884504e-06,1.11693600818978e-06,0.223387201637956,2.15425064495407e-06,0.430850128990815,2.42659058921689e-06,0.485318117843378,0.91821360641568,183642.721283136
19.069359,51.290081,0.001719,"2021-06-20 07:49:41",412.63446,0.604892,0,51.281185,51.284668,51.298969,51.29549,19.055298,19.087738,19.083344,19.050903,-0.475540000000024,0.71,0.00178756987881167,0.00163117024010996,0.0016937850483211,0.00164389849952407,0.00154522417440083,6.29130834377777e-05,0.0365986523779975,0.000122878064687464,0.0714822947571053,0.000138047364513001,0.080306785638744,0.932734876972591,542.603186138796
19.069693,51.185242,1.4e-05,"2021-06-20 07:50:03",412.859894,0.535315,0,51.176777,51.180149,51.193668,51.190292,19.060303,19.092621,19.079102,19.046661,-0.250106000000017,0.71,1.27725073597954e-05,1.43169360960067e-05,1.30198805574029e-05,1.17803441721056e-05,1.50959985462846e-05,1.01436276319191e-06,0.0724544830851362,7.74988004248438e-07,0.0553562860177456,1.27653367447917e-06,0.0911809767485123,0.889191851754518,63513.7036967513
19.071159,51.448856,0.694159,"2021-06-20 07:49:02",413.26709,0.647777,0,51.438721,51.442318,51.458942,51.455357,19.048584,19.080963,19.093842,19.06131,0.157089999999982,0.71,0.849091917162946,0.705274396051673,0.732516540650634,0.614424605444948,0.823848793106233,0.0849235551783552,0.122340206175178,0.0917045321560978,0.132108828317572,0.124986925084586,0.180055182003815,0.969193878009503,1.39621308375963
19.076704,51.294575,0.002065,"2021-06-20 07:49:19",412.269623,0.62248,0,51.285084,51.288609,51.304058,51.300533,19.058289,19.090698,19.095062,19.062653,-0.840376999999989,0.71,0.00204369710489266,0.00195689218600946,0.00189837980967884,0.00186635480653962,0.00193182124434829,8.72101285976135e-05,0.0422325077954545,9.41716012313103e-05,0.0456036809836854,0.000128350679813086,0.0621552928876928,0.944235864005333,457.257077000161
19.083986,51.171085,6e-06,"2021-06-20 07:50:03",412.616852,0.552064,0,51.162739,51.166122,51.179382,51.176022,19.074493,19.106842,19.093475,19.061218,-0.493148000000019,0.71,3.96541739089767e-06,4.28185275567843e-06,6.33276807348878e-06,4.37771103712273e-06,5.4827683816788e-06,1.08963914962246e-06,0.181606524937077,3.65737984759013e-07,0.0609563307931688,1.14938146404297e-06,0.191563577340494,0.899374593869163,149895.76564486
19.090452,51.435349,0.853753,"2021-06-20 07:49:02",412.06842,0.614197,0,51.425415,51.42897,51.445263,51.44173,19.06781,19.100403,19.112946,19.080444,-1.04158000000001,0.71,0.958090353876481,0.94707738486745,0.860099423751642,0.624192995394075,0.864323167783681,0.13435328215836,0.157367859507796,0.00747423731812044,0.0087545663887804,0.134561022031684,0.157611185005129,0.948390543741982,1.11084885645143
19.090984,51.342545,0.006454,"2021-06-20 07:49:19",413.397949,0.638845,0,51.333038,51.336552,51.352036,51.348526,19.07251,19.10495,19.109344,19.076935,0.287948999999969,0.71,0.00643554273935596,0.0063571946060249,0.00576114793280591,0.0057655702867725,0.00724112568049373,0.000359082985754164,0.0556372769994057,0.000556581906323193,0.0862382873137888,0.0006623624454213,0.102628206603858,0.955103854431029,147.986342490088
19.095615,51.358273,0.029203,"2021-06-20 07:49:19",413.880035,0.586869,0,51.349148,51.352657,51.367401,51.36388,19.07724,19.10965,19.113983,19.081451,0.770035000000007,0.71,0.00799828161654415,0.0151665739973688,0.0256660869808194,0.0379633959537049,0.0126123755128892,0.0117866834586306,0.403612076109666,0.0117313430789556,0.401717052321872,0.0166298020851156,0.569455264360361,0.921298959881313,31.5480930000792
19.096569,51.200314,0.000314,"2021-06-20 07:49:41",412.989014,0.536972,0,51.191303,51.194794,51.209301,51.205814,19.082611,19.11496,19.110474,19.078125,-0.120986000000016,0.71,0.000337798651657594,0.000310085573304781,0.000293103345881733,0.00029349544235433,0.000336057075446606,1.83453635181421e-05,0.0584247245800704,1.55967076214384e-05,0.0496710433803771,2.40792369322911e-05,0.0766854679372329,0.890190389390837,2835.00124009821
19.100887,51.185291,0.000167,"2021-06-20 07:49:41",413.936584,0.561498,0,51.176281,51.179768,51.194286,51.190796,19.086945,19.119293,19.114807,19.082458,0.826583999999968,0.71,0.000165990840837195,0.000164004209821707,0.000149690649777872,0.000140460056789805,0.00015375709889195,1.17895042456986e-05,0.0705958338065787,9.364145176085e-06,0.0560727256052994,1.50558834094231e-05,0.0901549904755875,0.905196113685139,5420.33601009065
19.103796,51.452412,1.496049,"2021-06-20 07:49:02",412.458832,0.624059,0,51.442322,51.445858,51.462479,51.458954,19.081024,19.113556,19.126404,19.093903,-0.651168000000041,0.71,1.58305937936417,1.59136802353491,1.39912203037443,1.38643131065244,1.43559862074836,0.0974039551277225,0.0651074631430671,0.0427448730941332,0.0285718402900795,0.106370365470637,0.0711008566368061,0.951243549324439,0.635837161299155
19.106525,51.278561,0.002127,"2021-06-20 07:49:42",412.920776,0.580619,0,51.269787,51.27327,51.287338,51.283855,19.092407,19.124847,19.120575,19.088135,-0.189224000000024,0.71,0.00221082791259553,0.00222781437190095,0.00212385382113684,0.00211261104915228,0.0021121591199552,5.43659742479988e-05,0.0255599314753168,1.04940869184542e-05,0.00493375031427088,5.53695314788389e-05,0.0260317496374419,0.917179604127122,431.208088447166
19.109196,51.2981,0.003216,"2021-06-20 07:49:19",412.963226,0.625333,0,51.288616,51.292126,51.307575,51.304066,19.090759,19.123169,19.127563,19.095154,-0.146773999999994,0.71,0.0035103714901951,0.00338032247291127,0.00314133527931963,0.00319040692277658,0.00335208508225985,0.000153452743991737,0.0477154054700675,9.62266844842689e-05,0.0299212327376458,0.00018112790907375,0.0563208672493003,0.946119122360562,294.191269390722
19.109301,51.406223,0.545243,"2021-06-20 07:49:19",412.634552,0.689967,0,51.396832,51.40033,51.41563,51.412121,19.090851,19.123291,19.127747,19.095245,-0.475448000000029,0.71,0.603794080547866,0.526740875769779,0.500749228659708,0.449522667748441,0.68438695557039,0.0568023414638243,0.104178029729541,0.0983896345449424,0.180450981571414,0.11360909374544,0.208364149095798,0.996524704796956,1.82767079044932
19.109465,51.421669,0.854569,"2021-06-20 07:49:02",412.401306,0.711194,0,51.411633,51.415081,51.431599,51.428181,19.086792,19.119293,19.132141,19.099609,-0.708694000000037,0.71,1.06518989803349,1.01967433749789,0.866141605482854,0.806778318297252,0.982328720348266,0.112900012805786,0.132113396116388,0.0903397646207558,0.105713833079313,0.144594902964386,0.169202139282359,1.01528547295787,1.18806728650099
19.111118,51.263626,0.00176,"2021-06-20 07:49:42",412.024292,0.516372,0,51.254391,51.257874,51.272869,51.26939,19.09726,19.129669,19.124939,19.092499,-1.08570800000001,0.71,0.0017664078002622,0.00169098439209708,0.00173063523313946,0.00171217429167552,0.00175836757236726,3.18005108910094e-05,0.0180684720971644,1.15430064890682e-06,0.00065585264142433,3.18214535010152e-05,0.018080371307395,0.877918016329888,498.817054732891
19.111237,51.500153,0.355891,"2021-06-20 07:49:02",412.398773,0.630028,0,51.490234,51.49379,51.510021,51.506474,19.088409,19.121094,19.133789,19.101135,-0.711227000000008,0.71,0.209216093191437,0.24012220488929,0.304345681276033,0.312458335794962,0.207042781971114,0.0589686489819649,0.165693004268062,0.105251584335759,0.295741067730735,0.120644923506734,0.338994027684694,0.956864921685368,2.688646022758
19.114029,51.314034,0.005156,"2021-06-20 07:49:19",411.791779,0.690654,0,51.304546,51.308056,51.323517,51.319996,19.095581,19.128021,19.132416,19.099945,-1.31822099999999,0.71,0.00535931495836558,0.0110713387641227,0.00506310707243197,0.00502167734520043,0.0051817898157926,0.00265129367792587,0.514215220699354,1.82361536324995e-05,0.00353688006836685,0.00265135639322762,0.514227384256715,0.990509958257222,192.108215333053
19.118811,51.330139,0.007242,"2021-06-20 07:49:19",412.260712,0.641231,0,51.32077,51.32428,51.339504,51.335999,19.100372,19.132812,19.137177,19.104736,-0.849288000000001,0.71,0.00758630861342664,0.00708128400188881,0.00709649448574036,0.00949654754125233,0.00708188978801475,0.00102436563334989,0.14144789192901,0.000113215016631986,0.0156331146964908,0.00103060302288481,0.142309171897929,0.956701759956357,132.104634072957
19.122955,51.438873,1.482496,"2021-06-20 07:49:02",413.473267,0.635242,0,51.428974,51.432388,51.448658,51.445267,19.100464,19.132965,19.145599,19.113007,0.363267000000008,0.71,1.76629624027938,1.54458572286684,1.63171031784895,1.61011134199047,1.65910479785076,0.10652740546511,0.0718567911583637,0.124881278577477,0.084237177420699,0.164144515151354,0.110721725489549,0.966734617368321,0.652099309116733
19.123487,51.346062,0.034587,"2021-06-20 07:49:19",413.842773,0.551916,0,51.336559,51.340069,51.355556,51.352039,19.105042,19.137482,19.141907,19.109436,0.732773000000009,0.71,0.035872458068412,0.0207272893847415,0.0303502264275405,0.0273714865516981,0.0240831330517229,0.00608898482286879,0.176048365653823,0.00742735554780798,0.214744139353167,0.00960423586792205,0.27768340324174,0.899335039016387,26.002111747662
19.12466,51.517513,0.063542,"2021-06-20 07:49:02",413.259399,0.626806,0,51.507458,51.510998,51.527527,51.524029,19.101776,19.13443,19.147278,19.114807,0.14939899999996,0.71,0.0294954610478132,0.0305991242785331,0.0492855471487662,0.0836530160699319,0.0315980982520482,0.0229379885681123,0.360989401783266,0.0225877495435335,0.355477472278706,0.0321925107593715,0.506633577151671,0.9476402900811,14.9136050184303
19.12899,51.203789,0.000772,"2021-06-20 07:49:41",414.275421,0.511193,0,51.194794,51.198261,51.21278,51.209309,19.115021,19.147369,19.142883,19.110535,1.16542099999998,0.71,0.000792752207407202,0.000766508660871844,0.00076209425097678,0.000741377146713903,0.000765947542732663,1.85000016768911e-05,0.0239637327420869,4.27973357657583e-06,0.0055436963427148,1.8988580292677e-05,0.0245966065967319,0.874881868373992,1133.26666887823
19.134369,51.29707,0.004882,"2021-06-20 07:49:42",412.990845,0.708086,0,51.288174,51.291668,51.305981,51.302479,19.1203,19.15271,19.148346,19.115936,-0.119155000000035,0.71,0.00531987908737114,0.00494593548967029,0.00488501050863286,0.00461826083956867,0.00499951487667286,0.000251877333851998,0.0515930630585821,8.30955661856803e-05,0.017020804216649,0.000265230210247833,0.0543281872691177,1.00273917533079,205.395160862512
19.134501,51.192055,0.000652,"2021-06-20 07:50:03",412.578125,0.49475,0,51.183567,51.187023,51.200546,51.197094,19.125153,19.157501,19.14386,19.111542,-0.531875000000014,0.71,0.000665321223881752,0.000642988964394926,0.000634768500393929,0.00063265197032752,0.000635684934587119,1.34318886006942e-05,0.020601056136034,1.15364933889502e-05,0.0176940082652611,1.77061094285207e-05,0.0271566095529459,0.865377121729888,1327.2655241256
19.136292,51.455925,0.949778,"2021-06-20 07:49:02",412.127258,0.576917,0,51.445862,51.449249,51.465851,51.462482,19.113617,19.14621,19.159119,19.126465,-0.98274200000003,0.71,0.698252720514237,0.813324424253727,0.960153503688685,1.06930162573143,0.890011066760343,0.144011339626507,0.151626316493441,0.0422616037844851,0.0444962968025003,0.150084339940775,0.158020442609509,0.927069864672808,0.976091112526093
19.141659,51.301609,0.006203,"2021-06-20 07:49:20",412.320526,0.618737,0,51.292133,51.295639,51.311085,51.307583,19.12323,19.15567,19.160095,19.127625,-0.789474000000041,0.71,0.00620038085819954,0.00610879260596514,0.00587780744399679,0.00592735432198358,0.00637777412631233,0.000152696926184101,0.0246166252110432,0.000123583969891402,0.0199232580834116,0.000196441718787512,0.0316688245667438,0.941772538226906,151.825332617589
19.141821,51.409721,1.426712,"2021-06-20 07:49:20",413.642426,0.721456,0,51.400333,51.403835,51.419132,51.415634,19.123383,19.155853,19.160309,19.127808,0.532425999999987,0.71,1.74242303521467,1.62499400028585,1.31069985317102,1.31749360753545,1.83711554521922,0.192158742329712,0.134686427484813,0.29019912984751,0.203404141724125,0.348052463312629,0.243954255177379,1.07039211373869,0.750251006326921
19.142088,51.425018,1.729032,"2021-06-20 07:49:03",411.726654,0.569682,0,51.415085,51.418579,51.435101,51.431599,19.119354,19.151855,19.164673,19.132202,-1.38334600000002,0.71,1.55982607359977,1.7831070919038,1.71947423035322,1.74676360839843,1.64223108863066,0.0861286279390175,0.049813206429388,0.0613775130424328,0.0354981938115852,0.105760766156131,0.0611676164212869,0.916418529265931,0.530018258346827
19.143829,51.503674,0.033528,"2021-06-20 07:49:02",412.586243,0.590297,0,51.493793,51.49733,51.513538,51.510029,19.121155,19.153748,19.166412,19.13385,-0.523756999999989,0.71,0.0244236422720046,0.0245660637767616,0.0255391103509232,0.0425628165688133,0.0165184814135071,0.00791702785122921,0.236131825674935,0.0120275459372277,0.358731386817816,0.0143993469042614,0.429472288960314,0.923448910010873,27.5426184088187
19.146536,51.317547,0.008237,"2021-06-20 07:49:20",411.855225,0.675071,0,51.308064,51.311565,51.327015,51.323528,19.128082,19.160522,19.164917,19.132477,-1.254775,0.71,0.00847513399301066,0.00812488199905604,0.00805405766528643,0.00802037786085972,0.00814283202912121,0.000183511266262744,0.022278895989164,6.65868107789695e-05,0.00808386679361048,0.000195218309118458,0.0237001710718051,0.979704492768706,118.939479515443
19.148129,51.252159,0.002251,"2021-06-20 07:49:42",414.329224,0.459561,0,51.243504,51.24699,51.260822,51.257328,19.133942,19.166351,19.162231,19.129822,1.219224,0.71,0.00235934842144827,0.00234084865908103,0.00217566434187059,0.00225361132136203,0.00219995353442386,7.47424920453711e-05,0.0332041279632923,3.60953019644943e-05,0.0160352296599264,8.3001873117782e-05,0.0368733332375753,0.845751925572925,375.722756807164
19.148933,51.177898,0.000606,"2021-06-20 07:50:03",411.493134,0.546046,0,51.169525,51.172985,51.18626,51.182804,19.139343,19.171783,19.158386,19.126038,-1.61686600000002,0.71,0.00064299417164314,0.000614071511005863,0.000608450530449398,0.000607400429738804,0.000632647905459202,1.55170610871074e-05,0.0256057113648637,1.88429146546198e-05,0.0310939185719799,2.44097238301114e-05,0.0402800723269165,0.895693158794815,1478.04151616306
19.149605,51.472813,0.116868,"2021-06-20 07:49:03",412.601471,0.586988,0,51.463131,51.466503,51.482315,51.478977,19.127106,19.15979,19.17215,19.139496,-0.50852900000001,0.71,0.0620754008492874,0.119201059702652,0.154561698597403,0.179601749325102,0.0768136911690309,0.0444517329778066,0.380358464060364,0.0283226733901185,0.242347549287388,0.052707972762131,0.451004319079055,0.92273129487229,7.89550000746389
19.151331,51.333652,0.022504,"2021-06-20 07:49:20",414.548462,0.594966,0,51.324291,51.327789,51.342991,51.339508,19.132874,19.165344,19.169647,19.137268,1.43846199999996,0.71,0.0157840688500654,0.0102857327058702,0.0143251244497919,0.0161935413647352,0.0169241009542675,0.00440679691624447,0.195822827774816,0.0039455844535738,0.175328139600684,0.00591502288594939,0.262843178366041,0.926347412503398,41.1636781240401
19.155626,51.442238,0.640994,"2021-06-20 07:49:03",412.07605,0.644763,0,51.432392,51.435886,51.452179,51.448669,19.133026,19.165527,19.178192,19.14566,-1.03395,0.71,0.492069656408818,0.583583103651749,0.674388053035103,0.648506425819001,0.6156554848647,0.0727542704150862,0.113502264319301,0.0179170358773686,0.0279519556772272,0.0749279923544091,0.116893437932975,0.961994558304392,1.50078558973156
19.157225,51.521023,0.012324,"2021-06-20 07:49:02",411.656036,0.620365,0,51.511005,51.514523,51.531048,51.527538,19.134491,19.167084,19.179962,19.147369,-1.45396400000004,0.71,0.00750757472072656,0.00963354038077625,0.00666122002804949,0.0266561234753433,0.0126751659728429,0.00817990072915144,0.663737482079799,0.000248311840719186,0.0201486401102877,0.00818366878050509,0.664043231134785,0.942878415099057,76.5074987909004
19.160681,51.365295,0.523844,"2021-06-20 07:49:20",414.938049,0.581007,0,51.356182,51.359665,51.374409,51.370922,19.142273,19.174713,19.179047,19.146576,1.82804899999996,0.71,0.563174643669257,0.428938180725556,0.461168693970488,0.544702055195115,0.541079712353551,0.0570530664610785,0.108912322105586,0.0121874890837767,0.0232654933220132,0.0583402715350162,0.11136955187998,0.919278369881387,1.75487047648038
19.161068,51.41153,1.894023,"2021-06-20 07:49:03",412.873596,0.679739,0,51.401585,51.405014,51.421505,51.418102,19.138275,19.170837,19.183655,19.151154,-0.236403999999993,0.71,1.69922345966115,1.79605810092512,1.95123906063838,1.9172924239332,1.83954420740277,0.102891514614133,0.0543243216234085,0.0385223236763569,0.0203388890611977,0.10986643345907,0.05800691620908,0.989047896374092,0.522194237543098
19.163084,51.48996,0.015308,"2021-06-20 07:49:03",412.921021,0.613027,0,51.479603,51.482929,51.500172,51.496868,19.140076,19.172699,19.186096,19.153442,-0.188979000000018,0.71,0.006983412588016,0.0118959444590676,0.0139796481528257,0.0321336164351242,0.0103497217917311,0.0095259948381994,0.62228866201982,0.00350603214407642,0.229032672071886,0.0101507063326992,0.66309814036446,0.938085891359663,61.2807611287995
19.163097,51.163811,0.000599,"2021-06-20 07:50:03",413.350159,0.563443,0,51.15501,51.158447,51.172611,51.169155,19.153961,19.186279,19.172119,19.139679,0.240159000000006,0.71,0.000601794753082806,0.000601977887029695,0.000584932307428341,0.000582252295827129,0.000615390606691054,9.61296121600915e-06,0.0160483492754744,1.15899091390059e-05,0.0193487631702936,1.50577228421467e-05,0.025138101572866,0.906403891472083,1513.19514436074
19.165791,51.192257,0.001088,"2021-06-20 07:49:42",412.094849,0.543077,0,51.183254,51.186733,51.201244,51.197765,19.151794,19.184174,19.179657,19.147278,-1.015151,0.71,0.00111197060962407,0.00111018348476015,0.00110366284910601,0.00107411947307303,0.00109541196790148,1.61640881675712e-05,0.0148566986834294,5.24105276507355e-06,0.00481714408554554,1.69925389620063e-05,0.0156181424283146,0.893886250155883,821.58662698151
19.166847,51.300568,0.008212,"2021-06-20 07:49:42",412.06012,0.650555,0,51.291676,51.295139,51.309448,51.305984,19.152802,19.185242,19.180847,19.148407,-1.04988000000003,0.71,0.00910967102110558,0.00818218473695943,0.0079529602019896,0.00800016419732572,0.00788897832468531,0.000470945747199212,0.0573484835849016,0.000228410817085257,0.027814273877893,0.00052341321932731,0.0637376058606077,0.962975639352522,117.264447071666
19.168991,51.459305,0.090751,"2021-06-20 07:49:03",412.733063,0.572999,0,51.449261,51.45277,51.469372,51.465855,19.146271,19.178772,19.191681,19.15918,-0.376936999999998,0.71,0.0397349984609393,0.0415440673990717,0.107231365773915,0.15800587680605,0.0633221538511708,0.0494075063747125,0.544429332731458,0.0193951231119596,0.213718009850686,0.0530779849532302,0.584874931992267,0.913917461529046,10.0706048586687
19.171501,51.285557,0.007066,"2021-06-20 07:49:42",412.934662,0.574651,0,51.276779,51.280247,51.294315,51.290852,19.15741,19.189789,19.185577,19.153137,-0.175338000000011,0.71,0.00736658614399409,0.00696362560239388,0.00684961887687005,0.00662392378164101,0.00685797532022002,0.000274189496047007,0.0388040611444957,0.000147095661726584,0.0208173877337367,0.000311154324156508,0.0440354265718239,0.913413306569383,129.268795155588
19.174185,51.305115,0.009134,"2021-06-20 07:49:20",412.194336,0.647536,0,51.295643,51.299137,51.314575,51.311092,19.155731,19.188171,19.192566,19.160126,-0.915663999999992,0.71,0.00941350910819449,0.00976050903537115,0.00897045926849208,0.00907338944663312,0.0102507075879804,0.000319401643863479,0.0349684304645805,0.000789631508063414,0.0864496943358238,0.000851783616084035,0.0932541729892747,0.960938914203878,105.204610707672
19.174438,51.413239,1.518359,"2021-06-20 07:49:20",412.523682,0.677662,0,51.403851,51.407349,51.422623,51.41914,19.155945,19.188477,19.192871,19.16037,-0.586318000000006,0.71,1.24730398064686,1.16247895955967,1.32333188334396,1.25686971345213,1.28781068114452,0.133940504867452,0.0882139894896084,0.163022279653868,0.107367414197741,0.210988915603858,0.138958517454606,1.00391339703766,0.661183156972533
19.174635,51.428509,0.401645,"2021-06-20 07:49:03",411.958344,0.634193,0,51.418583,51.421993,51.438526,51.435104,19.151917,19.184448,19.197296,19.164764,-1.151656,0.71,0.254131483737981,0.382034968313826,0.399414814390179,0.438195986918368,0.428859042307585,0.070637145490655,0.175869599996651,0.019243233859191,0.0479110504529895,0.0732113950995846,0.182278865912895,0.954809232057078,2.37724665328108
19.176085,51.270622,0.005682,"2021-06-20 07:49:42",412.048523,0.570008,0,51.261379,51.264847,51.279846,51.276379,19.162201,19.194611,19.18988,19.157471,-1.06147700000002,0.71,0.00585432096970594,0.00571098426916146,0.00560270199498869,0.00560261225011487,0.00571378192053437,0.00010339476389913,0.0181968961455702,2.24732115289849e-05,0.0039551586640241,0.000105808895836708,0.0186217697706279,0.91049938564478,160.24276410503
19.176392,51.507114,0.006653,"2021-06-20 07:49:03",411.855988,0.679428,0,51.497334,51.500652,51.516846,51.51355,19.153809,19.186493,19.199036,19.166473,-1.25401199999999,0.71,0.0066260485241475,0.00669903993623827,0.0113688130246897,0.00783097200916242,0.00650667255684015,0.00203942038360231,0.306541467548822,0.000103469127332019,0.0155522512147932,0.00204204342788381,0.306935732434061,0.982713883653508,147.709887818053
19.179028,51.321045,0.026078,"2021-06-20 07:49:20",413.924133,0.681274,0,51.311573,51.315052,51.330505,51.327026,19.160583,19.192993,19.197388,19.164978,0.81413299999997,0.71,0.0324750517308836,0.0114843729814742,0.0135577221421393,0.0108888710164345,0.0213912592346899,0.0097917734194358,0.375480229290429,0.0033140261768142,0.127081301358011,0.0103373882677483,0.396402648506337,0.984043253455964,37.7346135998145
19.182293,51.4762,0.007681,"2021-06-20 07:49:03",411.853058,0.625328,0,51.466503,51.470016,51.485851,51.482319,19.159851,19.192322,19.204773,19.172211,-1.25694200000004,0.71,0.00702015150287066,0.0112997124886277,0.0286196191419742,0.0115094415602755,0.00665884109225996,0.00884421063902541,1.15143999987312,0.000722775495113217,0.0940991401006662,0.00887369518542227,1.15527863369643,0.94615741293415,123.181540546042
19.188257,51.445717,0.048852,"2021-06-20 07:49:03",412.754059,0.610942,0,51.435894,51.43932,51.455612,51.45219,19.165588,19.198151,19.210785,19.178284,-0.35594100000003,0.71,0.0161861230247591,0.0338696102396445,0.0448583458595503,0.0864564878713562,0.029680588188871,0.0258948276586322,0.53006688894277,0.0135562352965692,0.277496014422525,0.029228643740109,0.598310074103598,0.937125627106039,19.1829531463612
19.188511,51.353058,0.998188,"2021-06-20 07:49:20",413.162659,0.649213,0,51.343571,51.347057,51.362534,51.359055,19.170044,19.202454,19.206909,19.174469,0.0526590000000056,0.71,1.05015911728794,0.82199028883588,0.908377596144159,0.725776550438483,1.06822888237721,0.131047814336723,0.13128570403243,0.0495263828892145,0.04961628760235,0.140094226306873,0.140348537857471,0.972215979920882,0.973980833190624
19.189404,51.225929,0.002364,"2021-06-20 07:49:42",412.590912,0.561936,0,51.21703,51.220509,51.234798,51.231319,19.175323,19.207733,19.2034,19.17099,-0.519088000000011,0.71,0.0024464708872997,0.00236169321883322,0.00236774673959162,0.00231974274747236,0.00234472436387492,4.60027973593152e-05,0.0194597281553787,1.36299330157286e-05,0.00576562310310007,4.79795001943066e-05,0.020295896867304,0.905467873752588,383.023635259132
19.19323,51.368793,2.192603,"2021-06-20 07:49:20",412.969757,0.645136,0,51.359676,51.363148,51.377899,51.37442,19.174774,19.207214,19.211609,19.179108,-0.140242999999998,0.71,1.91460073818136,1.94101967642967,1.88627011486334,1.81964474970475,2.30692898161333,0.142513625687063,0.0649974599537913,0.080840676864594,0.0368697282930809,0.163845502051164,0.0747264790074463,0.973214162986954,0.443862460731356
19.193844,51.210766,0.001758,"2021-06-20 07:49:42",412.264893,0.634165,0,51.201752,51.205235,51.219753,51.216274,19.179871,19.212219,19.207794,19.175385,-0.845107000000041,0.71,0.00182325392922791,0.00174537587215911,0.00177091903154174,0.00176701838486991,0.00175188919604685,2.98061341464121e-05,0.0169545700491536,4.32099091377398e-06,0.00245790154367121,3.01177123173529e-05,0.0171318045036137,0.951979646910624,541.51288220172
19.19544,51.167278,0.000888,"2021-06-20 07:50:04",413.031342,0.574838,0,51.158451,51.162022,51.176193,51.172619,19.18634,19.218628,19.204407,19.17218,-0.0786580000000185,0.71,0.00091419188821373,0.00087566661860442,0.000877051738021794,0.000881123014852644,0.000883065624162898,1.58282789981765e-05,0.01782463851146,3.48913061533791e-06,0.00392920114339855,1.62082833296745e-05,0.018252571317201,0.913530911631735,1028.75102661231
19.195723,51.493382,0.006729,"2021-06-20 07:49:03",413.169556,0.613723,0,51.482941,51.486465,51.503696,51.500183,19.172791,19.205292,19.218689,19.186157,0.0595559999999864,0.71,0.00666972104363666,0.00666762623192609,0.00651080840210418,0.00669295563470792,0.00659126233813478,8.37842439168839e-05,0.0124512177020187,9.73952347296764e-05,0.0144739537419641,0.000128474243631837,0.0190926205427013,0.938485981373527,139.468863333857
19.198196,51.195747,0.001367,"2021-06-20 07:49:42",414.319214,0.614221,0,51.186737,51.190216,51.204727,51.201248,19.184235,19.216553,19.212067,19.179718,1.20921399999997,0.71,0.00137850819856799,0.00136835815887135,0.00135916792291328,0.00136190145649646,0.0013595187259963,7.44343639052918e-06,0.00544508880067972,5.29005957993081e-06,0.00386983144106131,9.13178381583094e-06,0.00668016372774758,0.938811715374488,686.767897128375
19.199369,51.304024,0.010894,"2021-06-20 07:49:43",413.450653,0.665913,0,51.295147,51.298573,51.312885,51.30946,19.185303,19.217712,19.213379,19.180939,0.340652999999975,0.71,0.0155634261341839,0.010543271121724,0.010900663653402,0.0137490898019946,0.0209427738473625,0.00222296867200664,0.204054403525486,0.00710555613008006,0.652244917393066,0.00744516740137126,0.683419074845902,0.973445198296563,89.3560857624897
19.199421,51.199116,0.001453,"2021-06-20 07:50:04",412.33902,0.559546,0,51.190632,51.19405,51.207581,51.204151,19.190002,19.22229,19.208649,19.1763,-0.770980000000009,0.71,0.00146703154237908,0.00143937558013043,0.00144679140344533,0.00142298715666061,0.00147986704491313,1.63194161113949e-05,0.0112315320794184,1.89978696485177e-05,0.0130749274938181,2.5044807713355e-05,0.0172366192108431,0.903986574426436,622.151806212275
19.201664,51.462769,0.006893,"2021-06-20 07:49:03",411.95285,0.652752,0,51.452774,51.456207,51.472828,51.469376,19.178833,19.211426,19.224365,19.191742,-1.15715,0.71,0.00669982589998589,0.00667153194307733,0.00685545993707421,0.0144504979355369,0.00675835663900751,0.00343170680388202,0.497853881311769,9.52072335995377e-05,0.0138121621354327,0.0034330272362945,0.498045442665675,0.964467189270846,139.919801141861
19.20401,51.289013,0.009561,"2021-06-20 07:49:43",413.132233,0.604124,0,51.280254,51.28368,51.297749,51.294323,19.18988,19.22229,19.218048,19.185638,0.0222329999999715,0.71,0.00994777865880082,0.00965774019464287,0.00968914341527855,0.00953565665207206,0.0100399591692043,0.00016375701584243,0.0171276033722863,0.000338675276455835,0.0354225788574244,0.000376187856157072,0.0393460784601059,0.932237066895166,97.5041383636823
19.208561,51.274082,0.0085,"2021-06-20 07:49:43",412.313232,0.5689,0,51.264858,51.26828,51.283279,51.279858,19.194672,19.227081,19.222382,19.189941,-0.796767999999986,0.71,0.00885254993702753,0.00860160815742299,0.00842072865935696,0.00843005958596958,0.00877222646199325,0.000178320518089209,0.0209788844810835,0.000192493177293849,0.0226462561522175,0.000262396323290333,0.0308701556812157,0.909806176529831,107.036020768215
19.209087,51.510586,0.005515,"2021-06-20 07:49:03",412.996521,0.700243,0,51.500656,51.504169,51.520367,51.516857,19.186554,19.219055,19.23175,19.199097,-0.113479000000041,0.71,0.00584939323384262,0.00544498888358642,0.00521651188648035,0.00544537828336906,0.00543704013167849,0.000228314936503873,0.0413989005446733,5.512595155055e-05,0.00999563944706256,0.000234875670866783,0.042588516929607,0.997216282566415,180.818908896902
19.213661,51.184933,0.001122,"2021-06-20 07:50:04",412.408508,0.567012,0,51.176575,51.180004,51.193287,51.189869,19.204132,19.236511,19.223175,19.190887,-0.70149200000003,0.71,0.00114273371904041,0.00111788677219615,0.00113778207986272,0.00114076579779969,0.00116274364731129,1.14498314933991e-05,0.0102048409032077,2.88101093040862e-05,0.0256774592728041,3.10019521859613e-05,0.027630973427773,0.908626771070015,809.827781702331
19.21492,51.479637,0.006573,"2021-06-20 07:49:03",412.407959,0.643705,0,51.47002,51.47348,51.489315,51.485859,19.192413,19.225037,19.237396,19.204834,-0.702041000000008,0.71,0.00654289071771957,0.00652005606971632,0.00640970158408779,0.00668670698033086,0.00651402067796168,9.97325901002261e-05,0.0151730701506506,4.17046785630809e-05,0.00634484688317068,0.000108101201390871,0.0164462500214317,0.958361173415779,145.802704003618
19.225784,51.37228,0.565013,"2021-06-20 07:49:21",413.358032,0.664535,0,51.363155,51.366627,51.381382,51.377903,19.207275,19.239777,19.244171,19.21167,0.248031999999967,0.71,0.353074390567348,0.475057018181115,0.52867270051972,0.694808010773034,0.36463303166091,0.124987977731548,0.221212569855115,0.141690034426516,0.250773051994408,0.188939303569187,0.334398152908317,0.990658784172537,1.75333803677533
19.22616,51.418743,0.006543,"2021-06-20 07:49:04",412.705109,0.680265,0,51.408588,51.412251,51.42873,51.425106,19.203491,19.235992,19.248779,19.216309,-0.404891000000021,0.71,0.00637583078695139,0.0109038688893717,0.0143433900887338,0.00864833430905843,0.00645859639390374,0.00333784695803477,0.510140143364629,5.96823622272638e-05,0.00912155925833163,0.00333838049054073,0.510221685853696,0.983296300719829,150.282179538412
19.226299,51.21423,0.002552,"2021-06-20 07:49:42",412.664429,0.556947,0,51.205242,51.208679,51.223194,51.219757,19.21228,19.24469,19.240204,19.207855,-0.445571000000029,0.71,0.00260279041415731,0.00258197679542824,0.00255014106875753,0.0025351513158669,0.00256889813006971,2.73648020735457e-05,0.0107228848250571,1.19487823616641e-05,0.00468212474986837,2.98597687943284e-05,0.0117005363614139,0.902380164731365,353.597243233294
19.227842,51.170841,0.000888,"2021-06-20 07:50:04",412.959808,0.57434,0,51.162033,51.165466,51.17963,51.176205,19.218689,19.251099,19.236877,19.204468,-0.150192000000004,0.71,0.000919082757185192,0.000889283984731215,0.000878355162688266,0.000863223088424292,0.000884776705923849,2.04564172956414e-05,0.0230365059635602,2.27921309900482e-06,0.00256668141779822,2.05829983463074e-05,0.0231790521917876,0.913217627963707,1028.39822968886
19.228371,51.496796,0.005312,"2021-06-20 07:49:03",411.863586,0.646815,0,51.486469,51.489929,51.507187,51.503708,19.205353,19.237976,19.251404,19.21875,-1.24641400000002,0.71,0.00552315889143329,0.00504973156991355,0.00522750577397196,0.00516378704917601,0.00539168232363269,0.00017774192968694,0.0334604536308245,5.63439113813764e-05,0.0106069110281206,0.000186458654716239,0.0351014033727859,0.960452850998856,180.808142130809
19.230448,51.388229,0.048455,"2021-06-20 07:49:21",414.078003,0.621264,0,51.378479,51.381962,51.397961,51.394489,19.211884,19.244415,19.248901,19.216431,0.96800300000001,0.71,0.0288188520379087,0.0342589767874789,0.046003066855646,0.0511436327621746,0.0333005079266026,0.00967748627342296,0.199721107696274,0.0107158441105371,0.221150430513612,0.0144389423287726,0.297986633552216,0.943545145052198,19.4726064400412
19.230598,51.199207,0.001708,"2021-06-20 07:49:42",413.265076,0.583662,0,51.19022,51.193661,51.208172,51.204739,19.216614,19.248962,19.244537,19.212128,0.155076000000008,0.71,0.00172884928076525,0.00168446285864888,0.0016782067577605,0.00162909386938647,0.00168015102563163,3.74869347517152e-05,0.0219478540700909,1.96921986249648e-05,0.0115293902956469,4.2344456116054e-05,0.0247918361335211,0.919108988116781,538.120016461816
19.231836,51.202427,0.001837,"2021-06-20 07:50:04",412.514313,0.580165,0,51.194061,51.197323,51.210873,51.207592,19.222351,19.25473,19.241241,19.20871,-0.595686999999998,0.71,0.00187074183822876,0.00187507080331016,0.00184207692540131,0.00180972302091533,0.00184398655677729,2.6764830919079e-05,0.0145698589652036,4.94024167436653e-06,0.00268929867956806,2.7216946227085e-05,0.0148159750827899,0.91689226628092,499.124804725596
19.231884,51.307468,0.160348,"2021-06-20 07:49:43",415.705841,0.68348,0,51.298584,51.302052,51.316364,51.312893,19.217773,19.250244,19.245941,19.21344,2.59584100000001,0.71,0.106600147074637,0.131742745168449,0.0886162527771579,0.135902552037416,0.12997050734133,0.0277286042294811,0.172927658776418,0.0214801310543901,0.133959457270375,0.0350752266226317,0.218744397327262,0.986141562820789,6.1500084991443
19.239601,51.420208,0.01532,"2021-06-20 07:49:21",413.596863,0.697598,0,51.410847,51.414303,51.429577,51.426128,19.221161,19.253601,19.258057,19.225586,0.486862999999971,0.71,0.0067962412867946,0.00686649758571478,0.00670145126755621,0.00678487463964136,0.00663653455142017,0.0038164042316508,0.249112547757885,0.00614013730288988,0.400792252146859,0.00722953853006553,0.47190199282412,0.995386977929367,64.9730403348151
19.239702,51.435719,0.006634,"2021-06-20 07:49:04",412.783813,0.664051,0,51.425583,51.429199,51.445709,51.442127,19.217041,19.249512,19.262268,19.229828,-0.326187000000004,0.71,0.00714330847391095,0.00682663499740584,0.00688762145937108,0.00712614769504197,0.00685284373243722,0.000214395774720592,0.0323177230510389,0.000154745887226533,0.0233261813727062,0.000264408467775844,0.0398565673463739,0.972143919650191,146.539632145039
19.24107,51.277515,0.010278,"2021-06-20 07:49:43",411.392944,0.561163,0,51.268291,51.271748,51.286755,51.283291,19.227142,19.259613,19.254883,19.222443,-1.71705600000001,0.71,0.0106366804032153,0.0103569996615965,0.0103942014489078,0.0104171005006344,0.0104118266745473,0.000133883801993033,0.0130262504371505,9.4629749076041e-05,0.00920701975832273,0.000163950180988934,0.0159515646029319,0.904988364261476,88.0510181223463
19.241755,51.156708,0.000661,"2021-06-20 07:50:04",411.987549,0.538621,0,51.148449,51.151901,51.164944,51.161503,19.231995,19.264374,19.251526,19.219116,-1.12245100000001,0.71,0.000664639796413734,0.000658139268799478,0.000655961368527115,0.000647770175790805,0.000665673579453028,6.3378269317313e-06,0.00958824044134841,3.30471972365018e-06,0.00499957598131645,7.1476725350607e-06,0.0108134228972174,0.891186053353669,1348.23911248664
19.241821,51.514,0.003645,"2021-06-20 07:49:03",412.321655,0.620145,0,51.504177,51.50766,51.523853,51.52037,19.219147,19.251801,19.264496,19.231842,-0.788344999999993,0.71,0.00366983739705655,0.00339053851532555,0.00381332045783837,0.00390712898659979,0.00353532577609761,0.0001964336789031,0.0538912699322633,7.75513874427516e-05,0.0212761008073393,0.00021118808655249,0.0579391183957448,0.942698183739317,258.627759599264
19.245554,51.26255,0.009364,"2021-06-20 07:49:43",412.912109,0.677055,0,51.253918,51.257366,51.271198,51.267742,19.231384,19.263794,19.259705,19.227234,-0.197891000000027,0.71,0.00984595387444649,0.00965041671778557,0.00945848746653077,0.00935487461384744,0.00970888589401606,0.0002106853887129,0.0224995075515699,0.00024387115439434,0.0260434808195579,0.000322275461310249,0.034416431152312,0.981072666465881,104.770682023268
19.246115,51.188263,0.001401,"2021-06-20 07:50:04",412.809631,0.522677,0,51.180008,51.183262,51.19656,51.193298,19.236572,19.26889,19.255615,19.223236,-0.300368999999989,0.71,0.00141418117228718,0.00141166687038981,0.00139338766687086,0.0014272892828933,0.00139128659327841,1.29896539702402e-05,0.0092717016204427,6.86841576125925e-06,0.00490250946556692,1.46937485120745e-05,0.0104880431920589,0.881641223256323,629.29423501522
19.248846,51.344105,1.13565,"2021-06-20 07:49:21",411.92218,0.682291,0,51.334778,51.338238,51.353451,51.349972,19.230438,19.262878,19.267273,19.234772,-1.18781999999999,0.71,1.07679471404766,1.03210202017297,1.38143698133327,1.24110120408389,1.02065057382764,0.140165616389623,0.123423252225266,0.0813168740790376,0.0716038163862436,0.162045777568776,0.142689893513649,0.997937795009724,0.878737106511446
19.25329,51.452915,0.006364,"2021-06-20 07:49:04",412.084656,0.633521,0,51.442932,51.446503,51.462803,51.459244,19.230713,19.263123,19.275879,19.243347,-1.02534400000002,0.71,0.00615313437659639,0.00656037352170164,0.00651543595039427,0.00639611620606262,0.00658536708341313,0.000159118594529224,0.0250029218304878,0.000156530165812912,0.0245961919882012,0.000223204883312112,0.0350730489176794,0.951550790689294,149.52086591598
19.253586,51.360023,0.060724,"2021-06-20 07:49:21",413.488586,0.671524,0,51.35054,51.354015,51.369495,51.366016,19.235046,19.267578,19.272034,19.239532,0.378585999999984,0.71,0.0531393893720205,0.0343684938132202,0.0696609376220306,0.114490256273054,0.0119548091734578,0.0298217842851224,0.491103752801567,0.0344850255464288,0.567897792412041,0.0455911812183696,0.750793446057071,0.978326652187748,16.1110376817691
19.258327,51.375755,0.005637,"2021-06-20 07:49:21",412.731567,0.619136,0,51.366638,51.370117,51.384838,51.381393,19.239838,19.272369,19.276672,19.244232,-0.37843300000003,0.71,0.00589825935793222,0.0105932482586329,0.0139554698013119,0.00620431126829396,0.00589957666649925,0.00368683078031405,0.654041295070792,0.000185669741462978,0.0329376869723219,0.00369150300766044,0.65487014505241,0.942041938392583,167.117604823946
19.25864,51.422218,0.007011,"2021-06-20 07:49:04",413.033539,0.682385,0,51.412258,51.41571,51.432178,51.428738,19.236053,19.268402,19.281189,19.248871,-0.0764609999999948,0.71,0.00693347514547868,0.00704748418825329,0.00695176591823622,0.00672888905059038,0.0069860203878067,0.000123685790370898,0.0176416759907143,1.76632531732926e-05,0.00251936288308267,0.000124940646918197,0.0178206599512476,0.984758500260427,140.459064364631
19.260227,51.174187,0.001064,"2021-06-20 07:50:04",413.25946,0.498395,0,51.165478,51.168728,51.182892,51.179638,19.25116,19.283478,19.269257,19.236938,0.149459999999976,0.71,0.0010574816642757,0.00108526470309735,0.00105643640342124,0.00107599903436675,0.0010799547079329,1.24726980594275e-05,0.0117224605821687,1.12816821712043e-05,0.0106030847473725,1.68179829198901e-05,0.0158063749247087,0.867466181650815,815.287764709412
19.262968,51.391693,0.006435,"2021-06-20 07:49:21",411.544678,0.582294,0,51.381973,51.385418,51.401413,51.397964,19.244476,19.276886,19.281433,19.248962,-1.56532200000004,0.71,0.00609971981965501,0.00634135519514754,0.00621804653807899,0.00620499676898318,0.00643110212205594,0.000130114081585255,0.0202197484980971,2.756215926482e-06,0.000428316383291686,0.00013014327087102,0.0202242845176411,0.918240883087478,142.69477592657
19.263006,51.202625,0.002487,"2021-06-20 07:49:43",413.774811,0.547112,0,51.193668,51.197083,51.211605,51.208179,19.249023,19.281372,19.276978,19.244598,0.664810999999986,0.71,0.0026082871539474,0.0025963963322945,0.00250937482789316,0.00248886228599678,0.00250746068902052,5.9551091069383e-05,0.0239449501686301,1.44678919541587e-05,0.00581740729962151,6.12833773967391e-05,0.024641486689481,0.896343429885919,360.41151181581
19.264162,51.205864,0.002851,"2021-06-20 07:50:05",413.197418,0.626086,0,51.197327,51.200878,51.214443,51.210876,19.254791,19.287079,19.273682,19.241302,0.0874180000000138,0.71,0.00288221869463992,0.00289302779178868,0.00283978198261024,0.00282611080307627,0.00282314262400945,2.8330165498415e-05,0.00993692230740617,1.96981394689812e-05,0.00690920360188747,3.45052890975719e-05,0.0121028723597236,0.94661696614133,332.029802224247
19.264427,51.310944,3.841876,"2021-06-20 07:49:43",414.019714,0.781759,0,51.302063,51.305485,51.319794,51.316376,19.250305,19.282745,19.278473,19.246002,0.909714000000008,0.71,4.20114595346787,3.7270584667635,3.55433572416681,3.37506062644174,4.14719309315912,0.312591469812561,0.0813642787566703,0.215891786984979,0.056194366237999,0.379898263601118,0.0988835307545372,1.12230558439676,0.292124364346157
19.266747,51.469963,0.004867,"2021-06-20 07:49:04",412.252686,0.630879,0,51.459839,51.463398,51.480015,51.476471,19.243988,19.27652,19.28952,19.256866,-0.857314000000031,0.71,0.00480360524701833,0.00513892103260906,0.00501761622890585,0.00526365263325066,0.00513134799533356,0.000189560836729569,0.0389481891780499,0.00018692226009343,0.0384060530292645,0.000266220288746088,0.0546990525469669,0.949793863695824,195.149756255563
19.26757,51.407631,0.007006,"2021-06-20 07:49:21",413.505432,0.688107,0,51.398396,51.401844,51.416859,51.41341,19.249115,19.281586,19.28598,19.25351,0.395431999999971,0.71,0.00685890697992348,0.00701851765291304,0.00674013017506658,0.00676602412120405,0.0071827320522078,0.000130422778680518,0.0186158690665884,0.000124968432569151,0.0178373440721026,0.000180630037196303,0.0257821920063236,0.988732155882578,141.126485281556
19.269012,51.295925,1.312779,"2021-06-20 07:49:43",414.482361,0.722898,0,51.287159,51.290592,51.304661,51.301235,19.254883,19.287292,19.283081,19.250641,1.37236100000001,0.71,1.44896926826108,1.35396258252525,1.20653607092579,1.26982641380592,1.35510665472908,0.0911284225134412,0.0694164231096333,0.0299301716906554,0.022799093899777,0.0959176968406788,0.073064618523513,1.01778274841501,0.775288718371496
19.271652,51.315552,3.62607,"2021-06-20 07:49:21",413.100861,0.719574,0,51.306107,51.309566,51.324997,51.321533,19.253204,19.285645,19.290039,19.257568,-0.00913900000000467,0.71,3.1542552809269,3.13592329195055,3.8159092029162,3.60153885401922,3.03843858826355,0.30518941093468,0.0841653390405259,0.415518156077068,0.114591873868146,0.515553988032624,0.14217982224078,1.13476105680991,0.312945160134777
19.272116,51.439175,0.006588,"2021-06-20 07:49:04",412.19342,0.711801,0,51.429211,51.432652,51.449177,51.445713,19.249573,19.281921,19.29483,19.26236,-0.91658000000001,0.71,0.00629510265389016,0.00629527707724982,0.00636660995957786,0.00648340064251665,0.00649571609724545,0.000127694658793523,0.0193829172424898,6.52545734321024e-05,0.00990506579115094,0.000143401831362782,0.0217671268006652,1.00536594539754,152.605638342067
19.272181,51.423679,0.006982,"2021-06-20 07:49:21",411.913788,0.677315,0,51.414307,51.417755,51.433033,51.429585,19.253662,19.286163,19.290588,19.258118,-1.196212,0.71,0.00708720414296903,0.00705835317231327,0.00681133052370299,0.0071042619910988,0.0069779636331622,0.000119820707493323,0.0171613731729194,2.85414236236515e-06,0.000408785786646398,0.00011985469566448,0.0171662411435807,0.981252069343116,140.540256279449
19.273563,51.280987,0.028683,"2021-06-20 07:49:43",413.93512,0.544816,0,51.271755,51.275192,51.290192,51.286758,19.259674,19.292084,19.287384,19.254944,0.82511999999997,0.71,0.0523667759925275,0.0357854689135576,0.0164578626392412,0.0329856572191925,0.0219709017352767,0.0129882909261199,0.452821912844538,0.0047461701989763,0.165469797405303,0.0138282982589753,0.482107808073608,0.895050666548402,31.2049181239202
19.274221,51.16008,0.000853,"2021-06-20 07:50:04",412.728394,0.55036,0,51.151905,51.155163,51.168201,51.164948,19.264435,19.296783,19.283905,19.251587,-0.381606000000033,0.71,0.000855154802249884,0.000859178215856461,0.000826901186423415,0.000836317320715696,0.000837748439136946,1.38287192061532e-05,0.0162118630787259,1.07844821099448e-05,0.0126430036458908,1.75367764786563e-05,0.0205589407721644,0.898329633212407,1053.14142228887
19.278479,51.191662,0.00195,"2021-06-20 07:50:05",413.377655,0.59065,0,51.183273,51.186817,51.200115,51.196564,19.268951,19.301239,19.287964,19.255676,0.267654999999991,0.71,0.00206739700613521,0.00197605011851798,0.00193217691989005,0.00190675655865864,0.00198557706127276,6.18284125042434e-05,0.0317068782073043,2.51567812806579e-05,0.0129009134772605,6.67504025246121e-05,0.0342309756536472,0.923562356831208,473.621721451902
19.280136,51.486843,0.003106,"2021-06-20 07:49:04",413.314972,0.64066,0,51.477123,51.480667,51.496506,51.493011,19.257538,19.290192,19.302643,19.270081,0.204971999999998,0.71,0.00304715050187834,0.00309372017257567,0.00306302699306418,0.00315787997758789,0.00317619380989005,4.29474815928118e-05,0.013827263874054,4.96345189705737e-05,0.0159802057213695,6.56359021314186e-05,0.021131971066136,0.956318587034714,307.893943024699
19.281355,51.347572,0.005526,"2021-06-20 07:49:21",412.746277,0.683384,0,51.338242,51.341686,51.356892,51.353455,19.262939,19.295319,19.299744,19.267334,-0.363722999999993,0.71,0.00569107939994519,0.00567637861797244,0.00554853643463752,0.00570137865701853,0.00562173814261906,8.42913271438549e-05,0.0152535879739151,6.76970898641424e-05,0.0122506496315857,0.00010811070163377,0.0195640068103095,0.985451015091021,178.329897772534
19.282108,51.251232,0.008387,"2021-06-20 07:49:43",412.344482,0.591703,0,51.242233,51.245678,51.260212,51.256771,19.268188,19.300446,19.296326,19.263916,-0.765517999999986,0.71,0.00850016762726125,0.00822199731981126,0.0084061458325357,0.00835092058138427,0.00829351932541406,0.000100939658383553,0.0120352519832542,6.61008189096117e-05,0.00788134242394322,0.000120657088043387,0.0143862034152125,0.924236146646047,110.19865823847
19.285883,51.456402,0.004931,"2021-06-20 07:49:04",412.308594,0.679421,0,51.446507,51.449978,51.46629,51.462811,19.263214,19.295715,19.308533,19.27597,-0.801405999999986,0.71,0.00490118013636684,0.00453282063260749,0.00464144119513853,0.00474064620359197,0.0046729559922131,0.000169303073746195,0.0343344298816051,0.000182464667750671,0.0370035829954717,0.000248911401420811,0.0504788889516956,0.982706953876834,199.29161506324
19.291172,51.425694,0.00615,"2021-06-20 07:49:04",413.10968,0.681701,0,51.415714,51.419132,51.435589,51.43219,19.268463,19.300964,19.313873,19.28125,-0.000319999999987886,0.71,0.00630570088811129,0.00621918636615698,0.00642092184833892,0.00623095537851582,0.00619038386468176,0.000103017580661809,0.0167508261238715,2.85557045669924e-05,0.00464320399463291,0.000106902058861042,0.0173824485952914,0.984284646242666,160.046283941897
19.292629,51.17754,0.001641,"2021-06-20 07:50:05",413.042419,0.535031,0,51.168732,51.172272,51.186451,51.182896,19.283539,19.315857,19.301605,19.269318,-0.0675810000000183,0.71,0.00163733096338302,0.00162884586119859,0.00160892845566167,0.00160427559260616,0.00160974575486062,1.66310826348614e-05,0.0101347243356864,2.21000886789223e-05,0.0134674519676553,2.76587568271573e-05,0.0168548182980849,0.889020906236747,541.75557966895
19.295467,51.206089,0.003129,"2021-06-20 07:49:43",413.671661,0.509938,0,51.197086,51.200546,51.215069,51.211609,19.281433,19.313843,19.309418,19.277039,0.561660999999958,0.71,0.0032789584242479,0.00317137481496999,0.00321123391358279,0.00312616189973673,0.00325496186710454,6.38088741953745e-05,0.0203927370391098,8.9068490400539e-05,0.0284654811123487,0.000109566274045949,0.0350163867197025,0.874149172537942,279.37014143111
19.2955,51.395149,0.006916,"2021-06-20 07:49:21",411.109009,0.662458,0,51.385422,51.388874,51.404877,51.401417,19.276978,19.309448,19.313995,19.281494,-2.000991,0.71,0.00721804298649465,0.00714223441563626,0.00696026842551347,0.00687333342336093,0.0071787347639656,0.000150031415576236,0.0216933799271596,0.000185781533253523,0.0268625698747141,0.000238797411539235,0.0345282549941057,0.971056465293447,140.407239053419
19.296684,51.209358,0.003426,"2021-06-20 07:50:05",413.167725,0.540527,0,51.200886,51.204174,51.217701,51.214447,19.28714,19.319672,19.306122,19.273743,0.0577250000000049,0.71,0.00344691290678325,0.00339931869491392,0.00341043167322171,0.00337572237089928,0.00339977144345701,2.68967068286722e-05,0.00785076089570117,1.85463901922828e-05,0.00541342387398799,3.26711099810206e-05,0.00953622591389978,0.892339306988324,260.460976937631
19.296974,51.31435,0.022566,"2021-06-20 07:49:44",412.463287,0.65274,0,51.305492,51.30891,51.323223,51.319798,19.282806,19.315308,19.311035,19.278534,-0.646713000000034,0.71,0.0063473848554052,0.0149202073296324,0.0122767395007602,0.0189317943859801,0.00595754322721399,0.0062248146886047,0.275849272737955,0.0117439524090806,0.520426854962361,0.0132916792052103,0.589013525002672,0.964544543469141,42.7432661290943
19.299374,51.473446,0.002879,"2021-06-20 07:49:04",412.644379,0.632279,0,51.463409,51.466885,51.483486,51.480022,19.276611,19.309143,19.322113,19.289581,-0.465620999999999,0.71,0.00286357563806387,0.00296224497517466,0.00292949977420579,0.0028507441416808,0.002929733641678,4.71538271931639e-05,0.0163785436586189,3.58741020648023e-05,0.0124606120405704,5.92489208164893e-05,0.0205796876750571,0.950724322478096,330.227274219554
19.301521,51.299339,0.218506,"2021-06-20 07:49:44",413.327423,0.702505,0,51.2906,51.29401,51.308086,51.304668,19.287384,19.319824,19.315643,19.283173,0.217422999999997,0.71,0.0578295012269284,0.143939194176749,0.251655366812566,0.335849875307077,0.081687193467241,0.105840796438391,0.484383936543579,0.0967455058931642,0.442759035876197,0.143394445852122,0.656249466157096,1.00904669967561,4.617935890436
19.304735,51.427132,0.005705,"2021-06-20 07:49:21",412.389374,0.637652,0,51.417767,51.421207,51.436497,51.433041,19.286224,19.318726,19.323212,19.290649,-0.720626000000038,0.71,0.00558069921858384,0.00555082548796176,0.005508953639576,0.00564482995520819,0.00576385155912818,7.76144825777956e-05,0.0136046419943551,4.16143365429371e-05,0.00729436223364366,8.80667980099638e-05,0.0154367744101602,0.954306072945028,167.275385266438
19.306038,51.284397,5.848083,"2021-06-20 07:49:44",414.05365,0.757051,0,51.275204,51.278606,51.29361,51.290203,19.292145,19.324585,19.319916,19.287445,0.943649999999991,0.71,5.60674282595027,5.62454464936718,6.0863020409679,6.57419176007736,5.9955143097173,0.400720226848763,0.0685216380904243,0.104249678860317,0.0178262994660501,0.414058807113438,0.070802484696855,1.11743944460056,0.191077904434762
19.306616,51.163391,0.001341,"2021-06-20 07:50:05",413.659302,0.53296,0,51.155167,51.15868,51.171741,51.168209,19.296844,19.329132,19.316284,19.283997,0.549302000000012,0.71,0.00143982086021011,0.00134568305878951,0.00135263884556743,0.00129264108690874,0.00136151127010333,5.33139852435892e-05,0.0397568868333998,1.45036581808136e-05,0.0108155541989661,5.52515802776674e-05,0.0412017750019891,0.887776077990806,662.025412371966
19.307095,51.521187,0.000784,"2021-06-20 07:49:04",411.790588,0.604075,0,51.511364,51.514835,51.53101,51.527557,19.284454,19.317047,19.329712,19.29715,-1.319412,0.71,0.000756267364809112,0.000756716440883424,0.000804501844903806,0.000781597560062465,0.000734354798390594,2.04145729061335e-05,0.0260389960537416,3.51044587113843e-05,0.044776095295133,4.0608839042247e-05,0.0517969885742946,0.932205238814971,1189.03729440685
19.31053,51.269432,2.335904,"2021-06-20 07:49:44",414.349243,0.65603,0,51.260822,51.264225,51.278057,51.274647,19.296326,19.328766,19.324677,19.292236,1.23924299999999,0.71,2.42878853736247,2.68877117069678,2.23761295482668,2.04114948953849,2.53653820083029,0.239336865492229,0.102460060641289,0.141869803945042,0.0607344325558934,0.278225046419351,0.119108082532223,1.00592471753857,0.430636155226657
19.310896,51.195175,0.002549,"2021-06-20 07:50:05",412.439636,0.57213,0,51.186829,51.190125,51.203411,51.200123,19.301331,19.333801,19.320557,19.288025,-0.670364000000006,0.71,0.00260882631203637,0.0024939569229767,0.00253487191981106,0.00247699587721932,0.00257965247171634,5.16468618838243e-05,0.02026161705917,2.16745706107528e-05,0.00850316618703525,5.60105825144439e-05,0.0219735513983695,0.91182933712246,357.720414720463
19.312777,51.490322,0.001408,"2021-06-20 07:49:04",411.954681,0.62829,0,51.480667,51.484131,51.499996,51.49651,19.290253,19.322784,19.335388,19.302704,-1.15531900000002,0.71,0.00140029494377405,0.00145800375775572,0.0014647684092286,0.00148490005522568,0.00143915100360954,3.70915278746528e-05,0.0263434146837022,2.20270858930724e-05,0.0156442371399662,4.31390073253538e-05,0.0306384995208479,0.948076118231534,673.349515789442
19.314842,51.254658,0.005105,"2021-06-20 07:49:43",412.511444,0.566751,0,51.245682,51.249096,51.263626,51.260223,19.300507,19.333191,19.328796,19.296387,-0.598556000000031,0.71,0.00519942533519584,0.00521366491970245,0.0050984380169174,0.00504239429198208,0.00513944571812017,7.26286657944962e-05,0.0142269668549454,2.43568008656127e-05,0.00477116569355783,7.66040262877594e-05,0.0150056858546052,0.908463924363085,177.955714860546
19.318546,51.459881,0.002696,"2021-06-20 07:49:04",413.108093,0.693528,0,51.449982,51.453365,51.469604,51.466293,19.295776,19.328461,19.341125,19.308594,-0.00190700000001698,0.71,0.00259094926715103,0.00264962461323375,0.00271251883486695,0.00273646232340072,0.00250962446072574,5.76897615382984e-05,0.0213982795023362,0.000131787407668129,0.0488825696098402,0.000143861146270393,0.0533609592991072,0.992512522580964,368.142627070091
19.320562,51.538517,0.000318,"2021-06-20 07:49:04",412.507721,0.754149,0,51.528538,51.531998,51.548477,51.54504,19.297821,19.330383,19.343201,19.310669,-0.60227900000001,0.71,0.000293010214328879,0.000308546637197283,0.000298277353235866,0.00030421548687977,0.000290370023155293,9.60991899442977e-06,0.0302198710516659,1.95373439909196e-05,0.0614381886506906,2.17728811437307e-05,0.0684681796972664,1.03578024439311,3257.17057985256
19.323849,51.428959,0.004449,"2021-06-20 07:49:05",412.623627,0.735913,0,51.419144,51.422455,51.438934,51.435596,19.301056,19.333649,19.346527,19.313934,-0.486373000000015,0.71,0.00445536093557298,0.00453627274117099,0.00449726141385376,0.00459286832581775,0.00446349718664339,5.99001378573936e-05,0.0134637306939523,1.02510589836684e-05,0.00230412654162024,6.07709694313116e-05,0.0136594671681977,1.02257906650885,229.844699147865
19.325031,51.181072,0.002025,"2021-06-20 07:50:05",414.17865,0.535218,0,51.172276,51.175583,51.189747,51.186459,19.315918,19.348206,19.334137,19.301666,1.06864999999999,0.71,0.0020533987486511,0.00201125374337444,0.00195935029921395,0.00199649167198766,0.00211008574321593,3.48347183138222e-05,0.0172023300315172,6.01647060102815e-05,0.0297109659310032,6.95215754230796e-05,0.0343316421842368,0.889133461499031,439.078252592114
19.326378,51.507492,0.00069,"2021-06-20 07:49:04",412.051147,0.585557,0,51.497131,51.500614,51.517811,51.514374,19.303284,19.335968,19.349213,19.316742,-1.058853,0.71,0.000692940025001442,0.000661518899339816,0.000681253047081212,0.000698031731234521,0.000695564297732911,1.43436057511597e-05,0.0207878344219706,3.93455265948232e-06,0.0057022502311338,1.48734572502476e-05,0.0215557351452863,0.920313533786296,1333.78773012507
19.327913,51.209515,0.002699,"2021-06-20 07:49:43",412.341156,0.506436,0,51.20055,51.203945,51.218464,51.215073,19.313904,19.346283,19.341858,19.309479,-0.768844000000001,0.71,0.00275971726142796,0.00279400545331776,0.00273387800142968,0.00272866237996131,0.002750325909355,3.57273965612396e-05,0.013237271790011,3.62928985554864e-05,0.0134467945740965,5.09276089228908e-05,0.0188690659217824,0.872110901600032,323.12371307893
19.328091,51.398609,0.006247,"2021-06-20 07:49:22",413.554047,0.602193,0,51.388885,51.39233,51.408329,51.404881,19.30954,19.342041,19.346588,19.314087,0.444047000000012,0.71,0.00627753057889471,0.00616399347304681,0.00613944177864439,0.0061375823990702,0.0062101883263541,6.488900297932e-05,0.010387226345337,2.60297840618419e-05,0.00416676549733342,6.99151797963526e-05,0.0111918008318157,0.93098679589838,149.029421466045
19.329138,51.212624,0.002895,"2021-06-20 07:50:05",412.774475,0.491096,0,51.204174,51.207539,51.221088,51.217709,19.319702,19.35202,19.338501,19.306183,-0.335525000000018,0.71,0.00290856923837966,0.00287615739936852,0.00287027288465004,0.00285764106029271,0.00288886744071769,2.02412340180951e-05,0.00699179067982561,4.33637425454989e-06,0.00149788402575126,2.07005240573956e-05,0.0071504400889104,0.863293276728431,298.201477280978
19.329496,51.317791,0.00441,"2021-06-20 07:49:44",413.326782,0.631096,0,51.308918,51.312359,51.326675,51.323227,19.315369,19.347809,19.343536,19.311096,0.216781999999967,0.71,0.00437456521511258,0.00438211641471883,0.00443653928951879,0.00445957842676942,0.00437607989373566,3.59259931839919e-05,0.0081464837151909,2.39851371580831e-05,0.00543880661181023,4.31968030153655e-05,0.00979519342752052,0.949937978544896,215.405437311768
19.331987,51.476913,0.001318,"2021-06-20 07:49:04",412.279724,0.616033,0,51.466888,51.470196,51.486805,51.48349,19.309235,19.341736,19.354919,19.322174,-0.830276000000026,0.71,0.00123130003737184,0.00129623478391784,0.00123357107512074,0.00136430884808249,0.00132359606514415,5.69339825837929e-05,0.0431972553746532,3.95701561139023e-06,0.00300228802078166,5.70713268235496e-05,0.0433014619298556,0.939998223586692,713.200473131026
19.332733,51.414547,0.005494,"2021-06-20 07:49:22",412.71106,0.663702,0,51.405315,51.408764,51.423767,51.420319,19.31424,19.346771,19.351166,19.318604,-0.398940000000039,0.71,0.00557908549245614,0.00542788185029422,0.00547796929010976,0.00537344792952745,0.00547139468900532,7.68671871946523e-05,0.0139911152520299,1.59843686951689e-05,0.00290942276941553,7.85115565366069e-05,0.0142904180081192,0.971905525742119,176.903080768496
19.334061,51.302769,0.00437,"2021-06-20 07:49:44",412.396271,0.740425,0,51.294018,51.297455,51.311535,51.30809,19.319916,19.352356,19.348145,19.315704,-0.713729000000001,0.71,0.00432156503801043,0.00422873008760852,0.00424677902246126,0.00425386214178815,0.0043992733530519,5.94882585794883e-05,0.0136128738168166,2.06993864510664e-05,0.00473670170504952,6.29866454756138e-05,0.0144134200173029,1.02583097272032,234.743929684284
19.336687,51.322472,0.004296,"2021-06-20 07:49:22",412.76889,0.633803,0,51.313023,51.316483,51.331909,51.328461,19.318176,19.350708,19.355133,19.322632,-0.341110000000015,0.71,0.00428336881570305,0.00427464428188315,0.00434393649890011,0.00433818871552756,0.00425216783449858,3.18712532799628e-05,0.0074188205958945,3.09940214601455e-05,0.00721462324491281,4.44567897166169e-05,0.0103484147385049,0.951738538037315,221.540628034757
19.33733,51.430584,0.003468,"2021-06-20 07:49:22",412.162079,0.679597,0,51.421215,51.424664,51.439945,51.436504,19.318787,19.351318,19.355835,19.323273,-0.947921000000008,0.71,0.00359052245803669,0.00359267891063664,0.00356762912162235,0.00361553398835071,0.00360694746898492,5.78134403174053e-05,0.0166705421907166,9.82506975479443e-05,0.0283306509653819,0.000113998216871984,0.0328714581522444,0.982828619549,283.399255925317
19.337517,51.445938,0.002495,"2021-06-20 07:49:05",414.213745,0.656336,0,51.436077,51.439404,51.455917,51.452572,19.314697,19.34726,19.360168,19.327637,1.103745,0.71,0.00246564944402418,0.00247460610291621,0.00244696230995057,0.00245272207434223,0.00244403792713716,1.9033157022485e-05,0.00762851984869138,3.60356273046369e-05,0.0144431371962473,4.07532514222027e-05,0.0163339685058929,0.966890348776338,387.531201914364
19.338963,51.166931,0.001778,"2021-06-20 07:50:05",412.705231,0.530729,0,51.15868,51.162018,51.17506,51.171753,19.329193,19.36145,19.348633,19.316345,-0.404768999999987,0.71,0.00180246695700911,0.00178756440851447,0.00175661780692314,0.00177758544084132,0.00180526312613981,1.67148346022918e-05,0.00940091934887053,1.92779413698039e-05,0.010842486709676,2.55151860514394e-05,0.0143504983416419,0.886438532607887,498.559354672603
19.339828,51.524673,0.000245,"2021-06-20 07:49:04",412.413574,0.652916,0,51.514843,51.51828,51.534473,51.531021,19.317108,19.349609,19.362366,19.329773,-0.696426000000031,0.71,0.00021841378985086,0.000251961837556898,0.000261332012491685,0.000251512714679592,0.000236571868727804,1.62970066274934e-05,0.0665183943979323,5.95958877530019e-06,0.0243248521440824,1.73524961716535e-05,0.0708265149863407,0.96457208302807,3937.02891031865
19.34305,51.272861,0.004061,"2021-06-20 07:49:44",412.887482,0.670054,0,51.264233,51.267658,51.281494,51.278065,19.328827,19.361267,19.357178,19.324738,-0.222518000000036,0.71,0.00407019440994012,0.00418981844734363,0.00413217382831609,0.00403011628706151,0.00406857055449111,6.39137252478505e-05,0.0157384204008497,5.35319041800575e-06,0.00131819512878743,6.41375157198122e-05,0.0157935276335415,0.976254253270951,240.397501421066
19.343365,51.198425,0.002333,"2021-06-20 07:50:05",413.563568,0.555814,0,51.190128,51.193462,51.206776,51.203411,19.333862,19.366089,19.352905,19.320587,0.453567999999962,0.71,0.00225135322562795,0.00232578120875425,0.00225064781468075,0.00229750674318096,0.0022323491282126,3.9414693558941e-05,0.0168944250145482,7.11709139732083e-05,0.0305061782997035,8.13561126414422e-05,0.0348718871159204,0.901681323536657,386.490065810826
19.345512,51.493801,0.000618,"2021-06-20 07:49:05",413.064056,0.569202,0,51.484142,51.487453,51.503262,51.500004,19.322845,19.355591,19.368073,19.33548,-0.04594400000002,0.71,0.000616064764566298,0.000601102595376929,0.000589027231299707,0.000628711207220901,0.000604289164461496,1.55581389307034e-05,0.0251749820885168,9.69502478500965e-06,0.0156877423705658,1.83316445680419e-05,0.0296628552880936,0.909995009403925,1472.48383398693
19.346451,51.354485,0.00454,"2021-06-20 07:49:22",412.687714,0.577391,0,51.345154,51.348598,51.363815,51.360355,19.327942,19.360443,19.364929,19.332336,-0.422285999999986,0.71,0.00460086419545261,0.00462024489778103,0.00470489707361046,0.00458405930422889,0.00456252417734832,6.0759349640401e-05,0.0133831166608813,1.59269985436458e-05,0.00350814945895281,6.28121632435454e-05,0.013835278247477,0.915139536260109,201.572585079319
19.34734,51.25808,0.003618,"2021-06-20 07:49:44",413.03653,0.60296,0,51.249104,51.252529,51.267059,51.26363,19.333282,19.365723,19.361298,19.328857,-0.0734699999999862,0.71,0.00369205735568636,0.00360207191498722,0.00359036621603819,0.00357957335212664,0.00369354710522606,4.46258009530007e-05,0.0123343839007741,5.34198704043604e-05,0.0147650277513434,6.96070733813418e-05,0.0192391026482426,0.93148310046138,257.458015605688
19.351143,51.46312,0.001173,"2021-06-20 07:49:05",412.014221,0.583246,0,51.453369,51.456711,51.473022,51.469616,19.328522,19.361023,19.373932,19.341187,-1.09577899999999,0.71,0.00117659243371234,0.00116002431440973,0.00124704929362411,0.00117563825542062,0.00117245605589265,3.45165126822865e-05,0.0294258420138845,3.84626566893654e-07,0.000327899886524854,3.45186556131957e-05,0.029427668894455,0.918844871405145,783.328961129706
19.351212,51.370392,0.005176,"2021-06-20 07:49:22",414.100647,0.577884,0,51.36092,51.36438,51.379841,51.376408,19.332642,19.365234,19.36969,19.337158,0.990646999999967,0.71,0.00516066781138773,0.00501157789885711,0.00511097799289824,0.00517611309523744,0.00510185207791019,6.98669469502929e-05,0.0134982509563935,5.24304985205964e-05,0.0101295398996516,8.73518600332775e-05,0.0168763253541881,0.915450667751325,176.864503043146
19.353159,51.541965,2.8e-05,"2021-06-20 07:49:04",412.991455,0.736319,0,51.532001,51.53545,51.551907,51.548481,19.330444,19.363007,19.375732,19.343262,-0.11854500000004,0.71,2.13396561596541e-05,3.0277219211917e-05,2.76269835012825e-05,3.1457267511759e-05,2.07594705853362e-05,3.9147264538275e-06,0.139811659065268,5.11982744848944e-06,0.182850980303194,6.44497605198054e-06,0.230177716142162,1.02287128701638,36531.117393442
19.356003,51.386124,0.005472,"2021-06-20 07:49:22",413.642731,0.637879,0,51.377026,51.380463,51.395191,51.391758,19.337463,19.369995,19.37439,19.341858,0.532731000000013,0.71,0.00537198869436931,0.00543520867356523,0.0054995655660451,0.00545591932641586,0.00543601610178839,4.80453022604066e-05,0.00878020874641934,2.54444584389559e-05,0.00464993758021855,5.43670077762754e-05,0.00993549118718483,0.954457763128768,174.425760805696
19.356415,51.432423,0.002358,"2021-06-20 07:49:05",412.670349,0.658368,0,51.422466,51.425919,51.442379,51.438938,19.33374,19.366241,19.379059,19.346588,-0.439651000000026,0.71,0.00236538277081987,0.00232302213563096,0.0023089399075895,0.00226862324707161,0.00231555070775098,3.92419800276477e-05,0.0166420610804274,3.00161824058513e-05,0.0127295090779692,4.94055078175667e-05,0.0209522933916737,0.968270843238039,410.632249040729
19.357368,51.184307,0.00202,"2021-06-20 07:50:05",412.213501,0.501488,0,51.175587,51.178913,51.193085,51.189758,19.348267,19.380707,19.366394,19.334198,-0.896499000000006,0.71,0.00201761769755203,0.00198963470697165,0.00199704541752921,0.00201593969840645,0.00203853632439135,1.37551308510723e-05,0.00680947071835262,1.3107160675397e-05,0.00648869340366187,1.90000338342013e-05,0.009405957343664,0.869246923782306,430.320259298171
19.358992,51.510914,0.000191,"2021-06-20 07:49:05",411.52417,0.658375,0,51.500622,51.503876,51.521076,51.517822,19.336029,19.368652,19.38205,19.349304,-1.58582999999999,0.71,0.00020450287087754,0.000204870718438547,0.000204482619751301,0.000196376636065044,0.000197633745782619,6.28327957485541e-06,0.0328967517008137,4.69076662755755e-06,0.0245589875788353,7.84110284143772e-06,0.0410528944577891,0.968275601616855,5069.50576762751
19.360365,51.212921,0.002008,"2021-06-20 07:49:44",413.221344,0.526247,0,51.203953,51.207367,51.221882,51.218472,19.346344,19.378754,19.374329,19.341919,0.111343999999974,0.71,0.00190160983622636,0.0019273060634057,0.00197817292338405,0.00195382676382854,0.00186544011303451,4.17055768346791e-05,0.0207697095790234,0.000100805062798486,0.0502017245012378,0.000109091777072885,0.0543285742394843,0.883762364501915,440.120699453145
19.360685,51.402058,0.004636,"2021-06-20 07:49:22",412.525482,0.567603,0,51.392334,51.395771,51.411758,51.408337,19.342102,19.374634,19.37915,19.34668,-0.584518000000003,0.71,0.00457936864760483,0.00471097161899407,0.00468379591610314,0.00459638309281397,0.00456274744315081,5.59936341583665e-05,0.0120780056424432,5.17973796873155e-05,0.0111728601568843,7.62774908392569e-05,0.0164532982828423,0.908995693844176,196.07327304663
19.361609,51.216022,0.001955,"2021-06-20 07:50:06",413.340302,0.569166,0,51.207546,51.210953,51.224529,51.2211,19.352081,19.384521,19.371155,19.338562,0.230301999999995,0.71,0.00191710140445241,0.00192400058454876,0.00193224405651957,0.00199745589429771,0.00192639903381124,3.2532727375582e-05,0.0166407812662823,2.02239371405595e-05,0.0103447248800816,3.8306474439176e-05,0.0195941045724685,0.909972492454242,465.459075424165
19.36203,51.321224,0.002743,"2021-06-20 07:49:44",412.780243,0.634437,0,51.312366,51.315769,51.33009,51.326679,19.3479,19.380341,19.376068,19.343597,-0.329757000000029,0.71,0.00272479818186527,0.00268170213596247,0.00268929058722968,0.00274847576515131,0.00265486306748862,3.05788269689388e-05,0.0111479500433608,6.2322222651778e-05,0.0227204603178192,6.94199113731362e-05,0.0253080245618433,0.952160864448925,347.123902460417
19.364765,51.480183,0.00055,"2021-06-20 07:49:05",411.978851,0.660826,0,51.470203,51.473618,51.490215,51.486813,19.341827,19.374542,19.387573,19.35498,-1.13114899999999,0.71,0.000544899786489885,0.000559245261277457,0.000565421088880477,0.000567184274507485,0.000511197935563266,9.67571395981449e-06,0.0175922071996627,2.7437202887252e-05,0.0498858234313673,2.90932903417331e-05,0.0528968915304238,0.969943814415258,1763.53420802774
19.365311,51.417988,0.003083,"2021-06-20 07:49:22",412.752533,0.657269,0,51.408768,51.412189,51.427204,51.423779,19.346832,19.379303,19.383759,19.351227,-0.357466999999986,0.71,0.00310381907326632,0.00308251545777655,0.00316033478346784,0.00316249608159795,0.00308058503176544,4.01760152348783e-05,0.0130314678024256,1.70764041500739e-06,0.000553889203700093,4.0212289613253e-05,0.0130432337376753,0.967523922173518,313.82546940432
19.366592,51.306206,0.002375,"2021-06-20 07:49:44",414.016083,0.685395,0,51.297466,51.300869,51.314945,51.311539,19.352448,19.384918,19.380676,19.348206,0.906082999999967,0.71,0.00235601718402092,0.0024005281424873,0.0023709075584306,0.00241530098128569,0.00239913391785827,2.39132385746228e-05,0.0100687320314201,1.7065256974182e-05,0.00718537135755032,2.93779845244989e-05,0.0123696776945258,0.986846648111076,415.514378152032
19.369255,51.325924,0.002304,"2021-06-20 07:49:22",412.240387,0.636304,0,51.316486,51.319916,51.335339,51.331913,19.350769,19.383179,19.387634,19.355194,-0.869613000000015,0.71,0.00224863696753322,0.00226331762426629,0.00229693991480303,0.00229598742707268,0.00227549348859845,2.43142049757388e-05,0.0105530403540533,2.01571475200078e-05,0.00874876194444782,3.15830834426532e-05,0.0137079355219849,0.953405884927029,413.804637555134
19.369934,51.434025,0.001574,"2021-06-20 07:49:22",411.596375,0.583253,0,51.424667,51.428101,51.443386,51.439953,19.351379,19.383911,19.388458,19.355896,-1.51362499999999,0.71,0.00162506842852745,0.00161247878192091,0.00163111542718082,0.00166161359357945,0.00161860642263908,3.18191936984146e-05,0.0202154979024235,3.15415039325666e-05,0.0200390749253917,4.48032092371221e-05,0.0284645547885147,0.918849315185209,583.767036331137
19.371378,51.17017,0.001919,"2021-06-20 07:50:05",413.545868,0.527419,0,51.162029,51.165325,51.178394,51.175064,19.361542,19.39386,19.381134,19.348724,0.435867999999971,0.71,0.0019238325741725,0.00193120526602862,0.00198144906588908,0.00185513651520785,0.00191370421764246,4.50053734390868e-05,0.0234525135169812,3.74468361670452e-06,0.00195137239015347,4.51608934121202e-05,0.0235335557124128,0.884460741695473,460.89668665736
19.374161,51.341843,0.002302,"2021-06-20 07:49:22",412.713196,0.715597,0,51.332397,51.335819,51.351273,51.347839,19.355652,19.388092,19.392609,19.360107,-0.396804000000031,0.71,0.00230592479455435,0.00232557837856112,0.00232069698205657,0.0023081112619983,0.00231851446128096,1.01362189181548e-05,0.00440322281414198,1.16774875594095e-05,0.00507275741069051,1.54630737454403e-05,0.0067172344680453,1.00805707509451,437.904897955914
19.37587,51.201824,0.001566,"2021-06-20 07:50:06",412.846558,0.563119,0,51.193466,51.196842,51.210178,51.206783,19.36615,19.398468,19.385406,19.352966,-0.263441999999998,0.71,0.00156483290528063,0.00157511843499842,0.00157531180806896,0.00156590849760564,0.00152518148725444,5.29747638395434e-06,0.00338280739716114,2.8863047160335e-05,0.0184310645979151,2.93451656566848e-05,0.0187389308152521,0.906202520975383,578.673385041751
19.378214,51.497051,0.000155,"2021-06-20 07:49:05",412.354492,0.572311,0,51.487457,51.49086,51.506687,51.503265,19.355652,19.388214,19.400726,19.368164,-0.75550800000002,0.71,0.000134759648630267,0.000155339451622214,0.000150248900039932,0.000156037212018214,0.000167833746855804,8.9708440385023e-06,0.0578764131516277,9.07482942977054e-06,0.0585472866436809,1.27604299278105e-05,0.0823253543729709,0.911942915364678,5883.50267977212
19.379042,51.357933,0.003317,"2021-06-20 07:49:22",412.296448,0.680186,0,51.348606,51.352036,51.367237,51.363819,19.360535,19.392975,19.39743,19.36499,-0.813552000000016,0.71,0.00327570832315672,0.00332453365770771,0.00328194475867033,0.00333397384105112,0.00331775249792995,2.6178592010736e-05,0.00789224962639011,5.3209638909649e-07,0.000160414949983868,2.61839990496459e-05,0.00789387972554897,0.983235981482371,296.423268460166
19.379808,51.26152,0.00293,"2021-06-20 07:49:44",412.266388,0.590366,0,51.252533,51.255939,51.270473,51.267071,19.365784,19.398224,19.393799,19.361389,-0.843612000000007,0.71,0.00293272992455821,0.00296973138046995,0.00292430690022003,0.00293071726865907,0.00291996680481473,1.82888544663482e-05,0.00624192985199596,7.09454035247254e-06,0.00242134483019541,1.96166944336737e-05,0.00669511755415484,0.923380752637185,315.14701455194
19.383774,51.373833,0.00337,"2021-06-20 07:49:22",413.3862,0.639588,0,51.364391,51.367809,51.383282,51.379852,19.365295,19.397736,19.402252,19.369751,0.27619999999996,0.71,0.00321340502771532,0.00329317939056951,0.00327694842245303,0.00331146588503969,0.00331737821256154,5.67076578728485e-05,0.0168271981818542,3.72092227358922e-05,0.0110413123845377,6.78253987679635e-05,0.0201262310884165,0.955600760958406,283.561056664215
19.383924,51.466606,0.000512,"2021-06-20 07:49:05",411.872589,0.651719,0,51.456715,51.46019,51.476482,51.473034,19.361084,19.393768,19.406586,19.373993,-1.23741100000001,0.71,0.000479947699282741,0.000488447033710958,0.000490157655667878,0.000498497183491507,0.000507815651951413,1.21151784629855e-05,0.0236624579355185,2.95878088000055e-06,0.00577886890625108,1.2471244263739e-05,0.0243578989526153,0.963762239930851,1882.34812486494
19.388535,51.389553,0.003046,"2021-06-20 07:49:22",412.058746,0.570506,0,51.380466,51.383892,51.398621,51.395203,19.370056,19.402527,19.406921,19.374451,-1.05125400000003,0.71,0.00298081964497838,0.00304775102872239,0.00301667870750846,0.00302663889960562,0.00305091567208192,2.72595289231892e-05,0.008949287236766,3.47590506321498e-06,0.00114113757820584,2.74802444152645e-05,0.00902174800238492,0.910811230053277,299.018788592671
19.388563,51.231388,0.002143,"2021-06-20 07:49:44",413.076263,0.720706,0,51.222397,51.22583,51.240337,51.236927,19.374542,19.407074,19.402557,19.370209,-0.0337370000000305,0.71,0.00225240085623798,0.00212866709838017,0.00217160712247369,0.00217102096072214,0.00213472609906317,4.78935891659083e-05,0.0223488516873114,5.85053145929819e-06,0.0027300660099385,4.824960726834e-05,0.0225149823930658,1.01169023953186,472.090639072261
19.389025,51.435883,0.00101,"2021-06-20 07:49:05",413.508362,0.687906,0,51.42593,51.429417,51.445927,51.442383,19.366302,19.398773,19.411743,19.37912,0.398361999999963,0.71,0.000965803228563759,0.0010127691986819,0.000979020150768667,0.000984519856482994,0.000949247589449029,2.03323433398749e-05,0.0201310330097772,4.29584414740208e-05,0.0425331103703176,4.75271699090891e-05,0.0470566038703852,0.988592265342407,978.804223111294
19.389776,51.187691,0.001441,"2021-06-20 07:50:06",412.019012,0.571643,0,51.178925,51.182285,51.196468,51.193089,19.380768,19.413055,19.398804,19.366455,-1.09098800000004,0.71,0.00145566002831895,0.00143289430683813,0.00145650271034077,0.0014620041065359,0.00144236028137896,1.21580492712987e-05,0.00843723058382976,9.6186418738441e-07,0.000667497701168917,1.21960380779292e-05,0.0084635933920397,0.911523844777383,632.563389852452
19.393215,51.405483,0.002062,"2021-06-20 07:49:22",413.164337,0.623265,0,51.395782,51.399197,51.41518,51.411762,19.374695,19.407166,19.411713,19.379211,0.0543369999999754,0.71,0.0020658689830239,0.00207556744692773,0.00205925297991831,0.00209277064224218,0.00210240897912461,1.36023887745324e-05,0.00659669678687315,2.85734631598374e-05,0.0138571596313469,3.1645975689179e-05,0.0153472239035786,0.94475354523096,458.173397299205
19.394581,51.324635,0.00138,"2021-06-20 07:49:45",412.478058,0.594117,0,51.315777,51.319157,51.333477,51.330097,19.380432,19.412964,19.40863,19.376129,-0.631942000000038,0.71,0.00135775852052628,0.00135050984152314,0.00135433187909546,0.00137039502114971,0.00136061817119867,1.22627079902584e-05,0.00888602028279594,1.37050225772172e-05,0.00993117578059218,1.83902596799605e-05,0.0133262751304062,0.925783457417123,670.857577838495
19.397476,51.48365,9.7e-05,"2021-06-20 07:49:05",412.341522,0.678484,0,51.473621,51.477077,51.493668,51.490219,19.374634,19.407227,19.420227,19.387634,-0.768478000000016,0.71,9.06747622511147e-05,9.65061112291617e-05,9.6644367258524e-05,0.000101326094902519,9.42352448132483e-05,3.79048653620518e-06,0.0390771807856204,1.95497714087281e-06,0.0201544035141527,4.26494124255985e-06,0.0439684664181428,0.982059335414205,10124.3230455073
19.39916,51.309616,0.001156,"2021-06-20 07:49:45",413.628235,0.694039,0,51.300873,51.304256,51.318333,51.314953,19.384979,19.41745,19.413269,19.380768,0.518235000000004,0.71,0.00119382783400107,0.00122118789342454,0.00119843899844901,0.00120608983467404,0.00117838290638635,2.42019191869969e-05,0.0209359162517274,1.58271048884519e-05,0.0136912672045431,2.89176441205709e-05,0.0250152630800786,0.992869646206001,858.883776994811
19.401722,51.329342,0.001246,"2021-06-20 07:49:22",412.932739,0.601561,0,51.31992,51.323322,51.338772,51.335346,19.38327,19.415649,19.420166,19.387695,-0.177260999999987,0.71,0.00117910727919436,0.00121809662959531,0.0012043319361509,0.00121302846348564,0.00118437619819413,2.41603664394571e-05,0.0193903422467553,4.35746081394265e-05,0.0349715956175172,4.98243894191732e-05,0.0399874714439592,0.93057812095679,746.852424523909
19.40258,51.437469,0.000688,"2021-06-20 07:49:22",412.957397,0.5449,0,51.428104,51.431538,51.446812,51.443394,19.384003,19.416565,19.421082,19.388519,-0.152602999999999,0.71,0.000712074922163321,0.000719467016951655,0.000681209371779885,0.000706366553195241,0.000732152798317901,1.62192509452477e-05,0.0235744926529762,3.12207430989497e-05,0.0453789870624269,3.51823663342239e-05,0.0511371603695115,0.894994978331051,1300.86479408583
19.402782,51.452866,0.000472,"2021-06-20 07:49:05",414.412292,0.654445,0,51.44286,51.446411,51.46294,51.4594,19.379883,19.412506,19.425446,19.392944,1.30229199999997,0.71,0.00045733999386856,0.000451662317771512,0.000468818777086821,0.000446101321395078,0.000470326055371911,1.10477523278473e-05,0.0234062549318798,1.1836575978525e-06,0.00250774914799258,1.11109800110705e-05,0.0235402118878613,0.965607714420537,2045.77905597571
19.403645,51.294678,0.001318,"2021-06-20 07:49:45",414.057251,0.691133,0,51.285461,51.288849,51.303852,51.300472,19.389679,19.422119,19.417542,19.385071,0.947250999999994,0.71,0.00128634403665289,0.00129937999956846,0.00129483240095986,0.00133305727393167,0.00131209741016023,1.89107894404234e-05,0.0143480951748281,4.17376130226421e-06,0.00316673846909272,1.93659040756766e-05,0.0146934021818487,0.990840463477364,751.775768950959
19.403755,51.17355,0.001411,"2021-06-20 07:50:06",413.093628,0.591081,0,51.165333,51.168701,51.181763,51.178402,19.393921,19.4263,19.413483,19.381226,-0.0163719999999898,0.71,0.00144926674101654,0.0014552875211156,0.00142966029256065,0.00141278540495483,0.00145241578796797,2.03428356332837e-05,0.0144173179541344,2.92853845203359e-05,0.0207550563574315,3.56576037908708e-05,0.025271157895727,0.92383805389931,654.739938978958
19.406681,51.345268,0.001312,"2021-06-20 07:49:22",413.134857,0.591391,0,51.335831,51.339252,51.354687,51.351276,19.388153,19.420624,19.425079,19.39267,0.0248569999999972,0.71,0.0013180133460439,0.0013150368088789,0.00129490939933888,0.00129515915358857,0.00130595320542967,1.11497706009323e-05,0.00849830076290575,4.27572944512242e-06,0.0032589401258555,1.19414926513105e-05,0.00910174744764518,0.92403642516061,704.29605576266
19.408075,51.279713,0.001485,"2021-06-20 07:49:45",414.160187,0.726626,0,51.271076,51.274464,51.2883,51.284916,19.393799,19.42627,19.422211,19.389771,1.05018699999999,0.71,0.00147341380246051,0.00151316326667448,0.00150097914651423,0.00149822276171523,0.00146727758059171,1.53169935055478e-05,0.0103144737411096,1.25316429426339e-05,0.00843881679638647,1.97902088137205e-05,0.0133267399418993,1.01591601240834,684.1185268743
19.408382,51.205288,0.001244,"2021-06-20 07:50:06",412.108002,0.767605,0,51.19685,51.200409,51.213726,51.21019,19.398529,19.432007,19.418823,19.385468,-1.00199800000001,0.71,0.00127232468801881,0.00124358323746282,0.00123295441120268,0.0012574164993856,0.00124754537408071,1.51748768303807e-05,0.0121984540437144,2.50695805431304e-06,0.00201523959349923,1.53805632375186e-05,0.0123637968147256,1.04561820769417,840.529105863478
19.411568,51.361359,0.001584,"2021-06-20 07:49:22",411.289398,0.661295,0,51.352039,51.355453,51.370667,51.367249,19.393066,19.425507,19.429993,19.397522,-1.82060200000001,0.71,0.00151229954218799,0.00159762080003932,0.0016183427847475,0.00154608105117703,0.00158376387500207,4.23776689857427e-05,0.0267535789051406,1.66965587243966e-07,0.000105407567704524,4.23779979018889e-05,0.0267537865542228,0.970263406926642,612.540029625405
19.412317,51.264927,0.001814,"2021-06-20 07:49:44",413.326904,0.608988,0,51.255947,51.259338,51.273865,51.270477,19.398285,19.430725,19.426331,19.39386,0.216904,0.71,0.00178363946353168,0.0017512561881294,0.00179938850631457,0.00177493017585945,0.0017412472332878,2.3923255686129e-05,0.0131881233109862,5.14439746922797e-05,0.0283594127300329,5.67345106153549e-05,0.0312759154439663,0.935396379810615,515.654013126028
19.41634,51.377262,0.001461,"2021-06-20 07:49:22",413.357483,0.573397,0,51.367817,51.371231,51.386692,51.383286,19.397797,19.430298,19.434784,19.402313,0.247482999999988,0.71,0.0014374858671789,0.00145757392691612,0.00144467651762514,0.00143228313637323,0.00142372863353382,1.24451474674796e-05,0.00851823919745352,2.63548359723248e-05,0.0180389021028917,2.9145481204047e-05,0.019948994663961,0.912624851983803,624.657667340043
19.416565,51.470062,4.4e-05,"2021-06-20 07:49:05",412.115448,0.677465,0,51.460201,51.463734,51.480045,51.476486,19.393829,19.4263,19.439117,19.406677,-0.994551999999999,0.71,3.87709137639608e-05,4.49594827948444e-05,5.36718740239943e-05,5.62452478969479e-05,4.81171880348986e-05,7.23650833608057e-06,0.164466098547286,2.91129157889692e-06,0.0661657177022026,7.80017125167901e-06,0.177276619356341,0.98135560643726,22303.5365099377
19.416719,51.249962,0.002175,"2021-06-20 07:49:44",414.187073,0.691268,0,51.241104,51.244495,51.258789,51.255398,19.402588,19.435059,19.430756,19.398315,1.07707299999998,0.71,0.0021745793073326,0.00217101783542103,0.00216158184647021,0.00211930324648862,0.0021378599974836,2.35437756091879e-05,0.0108247244180174,2.62619476326319e-05,0.0120744586816698,3.52703737348343e-05,0.0162162637861307,0.990934634104591,455.6021306228
19.421057,51.392967,0.001196,"2021-06-20 07:49:23",411.922363,0.642498,0,51.383896,51.38731,51.402027,51.398624,19.402618,19.435089,19.439453,19.406982,-1.187637,0.71,0.00120628634866461,0.00121302482962,0.00120310928779428,0.00120002600599045,0.00119184309159357,6.45713262023635e-06,0.00539894031792337,2.93937812295809e-06,0.00245767401585125,7.09468148862548e-06,0.00593200793363334,0.957550875961343,800.627822710153
19.421114,51.234795,0.00192,"2021-06-20 07:49:44",411.929718,0.610848,0,51.225834,51.229218,51.243744,51.240345,19.407135,19.439453,19.435089,19.402618,-1.18028200000003,0.71,0.00192597527250016,0.00192767265459698,0.0019461766654575,0.00194847285127609,0.0019357272116377,1.28217239238489e-05,0.00667798121033796,1.11208179981736e-05,0.00579209270738207,1.69726013718552e-05,0.00883989654784124,0.936608391694239,487.816870674083
19.422586,51.191174,0.000961,"2021-06-20 07:50:06",413.383209,0.555147,0,51.182297,51.185741,51.200031,51.196472,19.413116,19.445526,19.432281,19.398865,0.273209000000008,0.71,0.00100635201034438,0.000953348020893619,0.00099313762961571,0.00098350867265186,0.000997338301377493,2.20751905201407e-05,0.0229710619356303,2.56950593208257e-05,0.0267378348811922,3.38755089998846e-05,0.035250269510806,0.901270321688532,937.846328500033
19.425793,51.408905,0.000934,"2021-06-20 07:49:23",412.726654,0.641972,0,51.399204,51.402607,51.41861,51.415188,19.407227,19.439697,19.444336,19.411774,-0.383346000000017,0.71,0.00093585267863759,0.000908981237222067,0.000933588563907105,0.000927237888288295,0.000917866432507355,1.10811516800135e-05,0.0118641880942328,1.14081549787802e-05,0.0122142986924841,1.59040222137462e-05,0.0170278610425548,0.957198019762336,1024.83728025946
19.427139,51.328033,0.000871,"2021-06-20 07:49:45",413.266083,0.673452,0,51.319164,51.322575,51.336899,51.333485,19.413025,19.445526,19.441223,19.408722,0.156082999999967,0.71,0.00087046416882103,0.000858407868093794,0.000868947601510507,0.000869667584203689,0.000863102677562383,5.25124292689052e-06,0.00602898154637259,5.5842502488557e-06,0.00641130912612595,7.66546822568998e-06,0.00880076719367391,0.978589595470317,1123.52421982815
19.430441,51.424828,0.000565,"2021-06-20 07:49:23",413.534241,0.524809,0,51.415619,51.419048,51.434063,51.430645,19.411926,19.444519,19.449005,19.416443,0.424240999999995,0.71,0.000570318638933664,0.000569506369939993,0.000565231551592539,0.000556222801594769,0.00057287308017236,5.59823107487869e-06,0.00990837358385609,5.56710837870111e-06,0.00985328916584267,7.89511791349195e-06,0.0139736600238796,0.882906839107804,1562.66697187222
19.431732,51.313011,0.000752,"2021-06-20 07:49:45",413.279755,0.700542,0,51.30426,51.307674,51.321751,51.31834,19.417511,19.450012,19.445862,19.413361,0.169755000000009,0.71,0.000769404542285128,0.000758713315398943,0.000746881268590704,0.000760335602471841,0.000764077889582965,8.57660912714571e-06,0.0114050653286512,8.54035762653692e-06,0.0113568585459268,1.21035504092389e-05,0.0160951468207964,0.997426234821651,1326.36467396496
19.434231,51.33276,0.000791,"2021-06-20 07:49:23",412.751648,0.6524,0,51.323334,51.326748,51.342167,51.338776,19.41571,19.448181,19.452637,19.420258,-0.358352000000025,0.71,0.000795676710576007,0.000777039652346847,0.000785811850737296,0.000791341133204806,0.000783876836063649,7.13899715365475e-06,0.0090252808516495,5.03683752289731e-06,0.00636768334121026,8.73699104909448e-06,0.0110455006941776,0.964222878838879,1218.99226149036
19.435194,51.440891,0.000202,"2021-06-20 07:49:23",412.659058,0.562048,0,51.431549,51.434956,51.450237,51.446819,19.416626,19.449188,19.453735,19.421143,-0.450941999999998,0.71,0.000209566263574865,0.000202563916274979,0.000196754511900687,0.000204514717202287,0.000189995110531908,4.62532622225377e-06,0.0228976545656127,8.48873875028283e-06,0.042023459159816,9.66707444022345e-06,0.047856804159522,0.905537384317982,4482.85833820783
19.435354,51.45652,1.5e-05,"2021-06-20 07:49:06",412.878906,0.672976,0,51.446415,51.449993,51.466476,51.462952,19.412567,19.44516,19.458008,19.425507,-0.231094000000041,0.71,1.4248993933645e-05,1.14494053527978e-05,1.49782666686842e-05,1.88952602899163e-05,1.35208536604128e-05,2.66024473011391e-06,0.177349648674261,1.04591440708937e-06,0.0697276271392913,2.85846794123284e-06,0.190564529415523,0.978262079702659,65217.4719801772
19.43634,51.176994,0.000833,"2021-06-20 07:50:06",413.598602,0.55526,0,51.168705,51.172153,51.185215,51.181767,19.426361,19.458832,19.445984,19.413544,0.488602000000014,0.71,0.000842115270895381,0.000848242574731854,0.000825418182721726,0.00083555473471402,0.000824154046292461,8.72781746104185e-06,0.010477571982043,6.25503385266311e-06,0.00750904424089208,1.07377952174191e-05,0.012890510465089,0.901339929058566,1082.04073116274
19.439125,51.348671,0.000775,"2021-06-20 07:49:23",414.758942,0.65198,0,51.339252,51.342651,51.358093,51.354691,19.420685,19.453094,19.457611,19.42514,1.64894199999998,0.71,0.000752609085523436,0.000769751108266938,0.000769162129315051,0.000778985926267701,0.000785497071644998,1.00613069089011e-05,0.0129823314953562,7.42255054277914e-06,0.00957748457132792,1.25029657791746e-05,0.0161328590699027,0.963938753529665,1243.79194003828
19.440582,51.283092,7e-04,"2021-06-20 07:49:45",413.237213,0.668602,0,51.274475,51.277878,51.291714,51.288303,19.426331,19.458832,19.454803,19.422272,0.127212999999983,0.71,0.000676438971701536,0.000706173558620003,0.000703207728633514,0.000709096105856244,0.000710105476687223,1.30488972321757e-05,0.018641281760251,7.14565109265799e-06,0.0102080729895114,1.48772997722667e-05,0.0212532853889525,0.975258239967925,1393.22605709704
19.444847,51.268307,0.000753,"2021-06-20 07:49:45",413.80957,0.681901,0,51.25935,51.262737,51.277279,51.273876,19.430786,19.463226,19.458893,19.426392,0.699569999999994,0.71,0.000733701127417069,0.000746546707235036,0.000736500825756729,0.000751449838885009,0.000725287964215457,8.73216651027246e-06,0.0115965026696845,1.95953684237346e-05,0.0260230656357698,2.14529530746939e-05,0.0284899775228339,0.984423168287515,1307.33488484398
19.449085,51.473705,0,"2021-06-20 07:49:06",411.230133,0.600019,0,51.463741,51.467258,51.483551,51.480053,19.426361,19.458801,19.471741,19.439178,-1.87986699999999,0.71,9.79356807208896e-09,0,0,0,7.99269917571624e-08,4.37981679029250e-09,Inf,5.65169178713308e-08,Inf,5.66863722669857e-08,Inf,0.929582056819624,Inf
19.45356,51.238167,0.000873,"2021-06-20 07:49:45",414.278046,0.560893,0,51.229221,51.232605,51.247131,51.243748,19.439514,19.471924,19.46756,19.43515,1.168046,0.71,0.00085758488476284,0.000875153067939068,0.000881190924480668,0.000884666576170106,0.000872877045218363,1.04494224926617e-05,0.0119695561198874,8.69421598748116e-08,9.95901029493833e-05,1.0449784178121e-05,0.0119699704216735,0.904820953315184,1036.450118345
19.453648,51.396385,0.000505,"2021-06-20 07:49:23",412.401245,0.595546,0,51.387314,51.390728,51.405453,51.402035,19.43515,19.467682,19.472107,19.439545,-0.708754999999996,0.71,0.00050487760355634,0.000507630030662247,0.000510963963492417,0.000518910483868268,0.000506236396079051,5.82689773802854e-06,0.0115384113624328,8.7426405172943e-07,0.00173121594401867,5.8921197273637e-06,0.0116675638165618,0.926701159031711,1835.05180006279
19.454729,51.194519,0.000724,"2021-06-20 07:50:06",413.213837,0.528167,0,51.185749,51.189129,51.20332,51.200039,19.445618,19.478058,19.463806,19.432343,0.103836999999999,0.71,0.000712656735948268,0.000705695280885563,0.000725661399195237,0.000736940868169685,0.000727223987963443,1.21314053666761e-05,0.0167560847606024,2.27970375141431e-06,0.00314876208758883,1.23437451919922e-05,0.0170493718121439,0.884906989486109,1222.24722304711
19.457766,51.223133,0.000856,"2021-06-20 07:49:45",414.049194,0.538769,0,51.214222,51.217564,51.232098,51.228718,19.44397,19.476105,19.471771,19.439362,0.939193999999986,0.71,0.000842458048213949,0.000831143135139074,0.000852865519452304,0.000861986686843911,0.000860861248275494,1.21881220361796e-05,0.0142384603226397,3.43742162063323e-06,0.00401567946335657,1.26635771473468e-05,0.0147938985366201,0.89127551044633,1041.20970846534
19.459017,51.226269,0.00081,"2021-06-20 07:50:07",413.18811,0.530642,0,51.217834,51.221111,51.234692,51.23138,19.449829,19.481873,19.468506,19.436035,0.078109999999981,0.71,0.0008025217787182,0.000798129385391719,0.000802056733455793,0.000806557991994338,0.000803477549756927,4.55140303407231e-06,0.0056190160914473,4.61206879682875e-06,0.00569391209485031,6.47969506730402e-06,0.00799962353988151,0.886386446312209,1094.30425470643
19.459732,51.331429,0.000402,"2021-06-20 07:49:45",412.152863,0.591179,0,51.322582,51.325947,51.34026,51.336903,19.445587,19.478088,19.473785,19.441284,-0.957136999999989,0.71,0.000388542356624041,0.000389862903688674,0.00040355374016557,0.000412110273080835,0.000402738522051199,9.92768823218594e-06,0.0246957418711093,5.22213950458612e-07,0.00129903967775774,9.94141343298511e-06,0.0247298841616545,0.923900757733119,2298.26059137592
19.463154,51.428272,6e-06,"2021-06-20 07:49:23",412.854889,0.542826,0,51.419056,51.422466,51.437473,51.434067,19.44458,19.477142,19.481628,19.449066,-0.255110999999999,0.71,6.42153635209414e-06,6.6258849071636e-06,6.95750426831141e-06,8.35662535293498e-06,6.21662661617847e-06,8.99346578694393e-07,0.149891096449066,1.53178149285291e-07,0.0255296915475486,9.1229809493815e-07,0.152049682489692,0.893733778189474,148955.629698246
19.464287,51.316414,0.000325,"2021-06-20 07:49:45",413.79422,0.669415,0,51.307678,51.311047,51.325119,51.321758,19.450073,19.482574,19.478455,19.445923,0.684219999999982,0.71,0.000316870093763649,0.000322130437197597,0.000335049375266068,0.000330913664788309,0.000329564921435932,7.16525877254466e-06,0.0220469500693682,3.22788690293138e-06,0.00993195970132731,7.85876498793826e-06,0.0241808153475023,0.975815782966621,3002.51010143576
19.466747,51.336178,0.000271,"2021-06-20 07:49:23",411.895447,0.623132,0,51.326752,51.330158,51.345596,51.342175,19.448242,19.480713,19.48526,19.452698,-1.21455300000002,0.71,0.000266691470040699,0.000271203762852031,0.000278340524023972,0.000279591715873553,0.000269310386881158,5.43893376011307e-06,0.02006986627348,1.19473689391491e-06,0.00440862322477826,5.56860814679747e-06,0.0205483695453781,0.944665808344416,3485.85169130781
19.467857,51.444317,0,"2021-06-20 07:49:23",412.752686,0.567713,0,51.434963,51.43837,51.453625,51.450245,19.449249,19.481812,19.486267,19.453796,-0.357314000000031,0.71,0,0,0,0,0,0,NA,0,NA,0,NA,0.909064381861373,Inf
19.468752,51.180374,0.000289,"2021-06-20 07:50:06",413.287292,0.490948,0,51.172161,51.175518,51.188599,51.185223,19.458893,19.491272,19.478485,19.446045,0.177291999999966,0.71,0.000278403772158807,0.000289009982487835,0.000293403406323564,0.000293046415672608,0.000276402383538198,6.06487325107134e-06,0.0209857205919423,8.90786002692748e-06,0.0308230450758736,1.07764863388255e-05,0.0372888800651402,0.863209093337259,2986.88267590747
19.47172,51.352093,0.000124,"2021-06-20 07:49:23",414.497406,0.642998,0,51.342663,51.346073,51.361523,51.358105,19.453156,19.485718,19.490265,19.457672,1.387406,0.71,0.000120733452075525,0.000119169185895968,0.000124850537209742,0.000124867580418189,0.000122445527235983,2.61458685805861e-06,0.0210853778875694,1.09917823260622e-06,0.008864340585534,2.83623998021467e-06,0.0228729030662473,0.95788643795183,7724.89062864379
19.473116,51.212055,3.9e-05,"2021-06-20 07:50:07",413.813416,0.534318,0,51.203701,51.207016,51.220341,51.217068,19.463531,19.495941,19.482758,19.450684,0.703416000000004,0.71,5.05079114578167e-05,4.86656217844437e-05,5.72251654448057e-05,4.60940218505814e-05,4.93493589605864e-05,6.63369164774731e-06,0.170094657634546,7.3181019019644e-06,0.187643638511908,9.87727089458052e-06,0.253263356271295,0.888591990297887,22784.4100076381
19.47665,51.368183,0,"2021-06-20 07:49:23",411.75943,0.568147,0,51.358871,51.362293,51.377487,51.374073,19.458099,19.490692,19.495148,19.462585,-1.35057,0.71,0,0,0,0,0,0,NA,0,NA,0,NA,0.909335479132427,Inf
19.477402,51.271713,0,"2021-06-20 07:49:45",413.327454,0.612379,0,51.262745,51.266125,51.280655,51.277283,19.463287,19.495789,19.491425,19.458954,0.217453999999975,0.71,0,0,0,0,0,0,NA,0,NA,0,NA,0.937607614965344,Inf
19.481466,51.384087,0,"2021-06-20 07:49:23",413.460083,0.521185,0,51.374634,51.378052,51.39352,51.390118,19.46286,19.495453,19.499969,19.467438,0.350082999999984,0.71,0,0,0,0,0,0,NA,0,NA,0,NA,0.880757517268516,Inf
19.486242,51.399796,0,"2021-06-20 07:49:23",412.998932,0.525561,0,51.390732,51.394135,51.408871,51.405457,19.467743,19.500305,19.50473,19.472168,-0.111067999999989,0.71,0,0,0,0,0,0,NA,0,NA,0,NA,0.883354042681076,Inf
19.487341,51.197956,0,"2021-06-20 07:50:07",413.175476,0.520752,0,51.189133,51.192455,51.206646,51.203323,19.478119,19.510406,19.496277,19.463867,0.0654759999999897,0.71,0,0,0,0,0,0,NA,0,NA,0,NA,0.880501360307865,Inf
19.49025,51.22654,0,"2021-06-20 07:49:45",414.674622,0.534337,0,51.217575,51.220951,51.235477,51.232105,19.476196,19.508606,19.504242,19.471863,1.56462199999999,0.71,0,0,0,0,0,0,NA,0,NA,0,NA,0.888603415235953,Inf
19.491043,51.415741,0,"2021-06-20 07:49:23",414.107147,0.560246,0,51.406036,51.409443,51.425434,51.422039,19.472412,19.505005,19.509613,19.477051,0.997146999999984,0.71,0,0,0,0,0,0,NA,0,NA,0,NA,0.904420024389111,Inf
19.49151,51.22958,0,"2021-06-20 07:50:07",412.864014,0.577423,0,51.221115,51.224472,51.238041,51.234695,19.481934,19.514465,19.501007,19.468567,-0.245986000000016,0.71,0,0,0,0,0,0,NA,0,NA,0,NA,0.91515972427167,Inf
19.49227,51.334808,0,"2021-06-20 07:49:46",413.639862,0.582199,0,51.325958,51.329346,51.343662,51.340271,19.47818,19.51062,19.506348,19.473846,0.52986199999998,0.71,0,0,0,0,0,0,NA,0,NA,0,NA,0.918180633427323,Inf
19.496815,51.319782,0,"2021-06-20 07:49:46",413.365631,0.538028,0,51.311054,51.314442,51.328522,51.32513,19.482635,19.515106,19.510956,19.478516,0.255630999999994,0.71,0,0,0,0,0,0,NA,0,NA,0,NA,0.890827777285823,Inf
